protocol_id,experiment,trace_id,implementation,width,regime,output_obligation,phase,operation_class,evidence_class,support_status,operations,cycles,nand_evaluations,nand_output_transitions,state_bit_transitions,input_bit_transitions,initial_nand_transitions,rejections,encodes,reconstructs,refreshes,final_value,feature,notes
PAH-BUILD002-CONF0001,A,A-W4-BIN-MULTIPLY-ALL,BIN-FU,4,COLD_MAG,MAGNITUDE_FINAL,EXECUTE,BINARY_MAGNITUDE_LOCAL,STRUCTURAL_DECLARED_OPERATION_ONLY,FULL_2W_PRODUCT,256,256,131072,14512,0,502,336,0,0,0,0,,all ordered W-bit magnitude pairs,Operation-only result; registered integrated cost is reported separately in static_costs.csv.
PAH-BUILD002-CONF0001,A,A-W4-BINEXP-COMPOSE-SMOOTH,VFU-BINEXP-S4,4,WARM_RESIDENT,STRUCTURAL_FINAL,EXECUTE,REPRESENTATION_LOCAL,STRUCTURAL_DECLARED,S4_SMOOTH_ONLY,196,196,146608,20082,0,566,458,0,0,0,0,,all ordered common-domain S4-smooth states,No magnitude requested; this row is not directly compared with MAGNITUDE_FINAL.
PAH-BUILD002-CONF0001,A,A-W4-THERM-COMPOSE-SMOOTH,VFU-THERM-S4,4,WARM_RESIDENT,STRUCTURAL_FINAL,EXECUTE,REPRESENTATION_LOCAL,STRUCTURAL_DECLARED,S4_SMOOTH_ONLY,196,196,59584,7256,0,626,190,0,0,0,0,,all ordered common-domain S4-smooth states,Direct threshold convolution; no binary acquisition/reconstruction or DFF boundary.
PAH-BUILD002-CONF0001,A,A-W4-FIT_W_EXACT,VFU-BINEXP-S4-COLD-INTEGRATED,4,COLD_MAG,MAGNITUDE_FINAL,INGRESS,REQUIRES_FACTOR_DISCOVERY,STRUCTURAL_DECLARED_ADAPTER,TWO_EXACT_CATALOG_ENCODERS_SUPPORT_TAGGED,136,136,23800,-1,0,-1,-1,0,136,0,0,,FIT_W_EXACT,Both W-bit operands pay the implemented cold valuation acquisition path.
PAH-BUILD002-CONF0001,A,A-W4-FIT_W_EXACT,VFU-BINEXP-S4-COLD-INTEGRATED,4,COLD_MAG,MAGNITUDE_FINAL,EXECUTE,REPRESENTATION_LOCAL,STRUCTURAL_DECLARED_OPERATION_ONLY,FIT_W_EXACT,68,68,50864,-1,0,-1,-1,0,0,0,0,,FIT_W_EXACT,Native compose is charged after both cold encodes; persistent boundaries remain visible in static_costs.csv.
PAH-BUILD002-CONF0001,A,A-W4-FIT_W_EXACT,VFU-BINEXP-S4-COLD-INTEGRATED,4,COLD_MAG,MAGNITUDE_FINAL,EGRESS,CROSS_REPRESENTATION,STRUCTURAL_DECLARED_ADAPTER,EXACT_W_BIT_RECONSTRUCTION,68,68,69428,-1,0,-1,-1,0,0,68,0,,FIT_W_EXACT,Every exact W-bit structural product pays the implemented reconstruction path.
PAH-BUILD002-CONF0001,A,A-W4-FIT_W_EXACT,BIN-FU,4,COLD_MAG,MAGNITUDE_FINAL,EXECUTE,BINARY_MAGNITUDE_LOCAL,STRUCTURAL_DECLARED_EXHAUSTIVE_CASE_COUNT,FULL_2W_PRODUCT,68,68,34816,-1,0,-1,-1,0,0,0,0,,FIT_W_EXACT,The conventional multiplier satisfies the full 2W product contract for the identical smooth-input cohort.
PAH-BUILD002-CONF0001,A,A-W4-FIT_2W_STRUCTURAL_UNSATURATED_OUTSIDE_W,VFU-BINEXP-S4-COLD-INTEGRATED,4,COLD_MAG,STRUCTURAL_FINAL,INGRESS,REQUIRES_FACTOR_DISCOVERY,STRUCTURAL_DECLARED_ADAPTER,TWO_EXACT_CATALOG_ENCODERS_SUPPORT_TAGGED,178,178,31150,-1,0,-1,-1,0,178,0,0,,FIT_2W_STRUCTURAL_UNSATURATED_OUTSIDE_W,Both W-bit operands pay the implemented cold valuation acquisition path.
PAH-BUILD002-CONF0001,A,A-W4-FIT_2W_STRUCTURAL_UNSATURATED_OUTSIDE_W,VFU-BINEXP-S4-COLD-INTEGRATED,4,COLD_MAG,STRUCTURAL_FINAL,EXECUTE,REPRESENTATION_LOCAL,STRUCTURAL_DECLARED_OPERATION_ONLY,FIT_2W_STRUCTURAL_UNSATURATED_OUTSIDE_W,89,89,66572,-1,0,-1,-1,0,0,0,0,,FIT_2W_STRUCTURAL_UNSATURATED_OUTSIDE_W,Native compose is charged after both cold encodes; persistent boundaries remain visible in static_costs.csv.
PAH-BUILD002-CONF0001,A,A-W4-FIT_2W_STRUCTURAL_UNSATURATED_OUTSIDE_W,VFU-BINEXP-S4-COLD-INTEGRATED,4,COLD_MAG,STRUCTURAL_FINAL,EGRESS,CROSS_REPRESENTATION,CONTRACT_LIMIT,NO_W_BIT_MAGNITUDE_FOR_2W_PRODUCT,0,0,-1,-1,0,-1,-1,0,0,0,0,,FIT_2W_STRUCTURAL_UNSATURATED_OUTSIDE_W,The frozen decoder has a W-bit magnitude port; a full 2W magnitude contract is unsupported and is not assigned zero cost.
PAH-BUILD002-CONF0001,A,A-W4-FIT_2W_STRUCTURAL_UNSATURATED_OUTSIDE_W,BIN-FU,4,COLD_MAG,MAGNITUDE_FINAL,EXECUTE,BINARY_MAGNITUDE_LOCAL,STRUCTURAL_DECLARED_EXHAUSTIVE_CASE_COUNT,FULL_2W_PRODUCT,89,89,45568,-1,0,-1,-1,0,0,0,0,,FIT_2W_STRUCTURAL_UNSATURATED_OUTSIDE_W,The conventional multiplier satisfies the full 2W product contract for the identical smooth-input cohort.
PAH-BUILD002-CONF0001,A,A-W4-FIT_2W_WITH_SATURATED_LANE,VFU-BINEXP-S4-COLD-INTEGRATED,4,COLD_MAG,STRUCTURAL_FINAL,INGRESS,REQUIRES_FACTOR_DISCOVERY,STRUCTURAL_DECLARED_ADAPTER,TWO_EXACT_CATALOG_ENCODERS_SUPPORT_TAGGED,78,78,13650,-1,0,-1,-1,0,78,0,0,,FIT_2W_WITH_SATURATED_LANE,Both W-bit operands pay the implemented cold valuation acquisition path.
PAH-BUILD002-CONF0001,A,A-W4-FIT_2W_WITH_SATURATED_LANE,VFU-BINEXP-S4-COLD-INTEGRATED,4,COLD_MAG,STRUCTURAL_FINAL,EXECUTE,REPRESENTATION_LOCAL,STRUCTURAL_DECLARED_OPERATION_ONLY,FIT_2W_WITH_SATURATED_LANE,39,39,29172,-1,0,-1,-1,0,0,0,0,,FIT_2W_WITH_SATURATED_LANE,Native compose is charged after both cold encodes; persistent boundaries remain visible in static_costs.csv.
PAH-BUILD002-CONF0001,A,A-W4-FIT_2W_WITH_SATURATED_LANE,VFU-BINEXP-S4-COLD-INTEGRATED,4,COLD_MAG,STRUCTURAL_FINAL,EGRESS,CROSS_REPRESENTATION,CONTRACT_LIMIT,NO_W_BIT_MAGNITUDE_FOR_2W_PRODUCT,0,0,-1,-1,0,-1,-1,0,0,0,0,,FIT_2W_WITH_SATURATED_LANE,The frozen decoder has a W-bit magnitude port; a full 2W magnitude contract is unsupported and is not assigned zero cost.
PAH-BUILD002-CONF0001,A,A-W4-FIT_2W_WITH_SATURATED_LANE,BIN-FU,4,COLD_MAG,MAGNITUDE_FINAL,EXECUTE,BINARY_MAGNITUDE_LOCAL,STRUCTURAL_DECLARED_EXHAUSTIVE_CASE_COUNT,FULL_2W_PRODUCT,39,39,19968,-1,0,-1,-1,0,0,0,0,,FIT_2W_WITH_SATURATED_LANE,The conventional multiplier satisfies the full 2W product contract for the identical smooth-input cohort.
PAH-BUILD002-CONF0001,B,B-W4-LEGAL-0,VFU-BINEXP-S4,4,WARM_GENERATED,STRUCTURAL_FINAL,EXECUTE,REPRESENTATION_LOCAL,STRUCTURAL_DECLARED_OPERATION_ONLY,S4_GENERATED_STATE_PERSISTENT_DFF_NOT_CHARGED,32,32,60384,5859,32,63,1187,0,0,0,0,"[0,0,0,0];sat=[false,false,false,false]",warm legal catalog scaling/cancellation,Shared VFU graph measured as an operation-only control; the integrated comparison uses VFU-BINEXP-S4-WARM.
PAH-BUILD002-CONF0001,B,B-W4-LEGAL-0,VFU-BINEXP-S4-WARM,4,WARM_GENERATED,STRUCTURAL_FINAL,EXECUTE,REPRESENTATION_LOCAL,STRUCTURAL_DECLARED_INTEGRATED_EXHAUSTIVE,FULL_EXACT_S4_GENERATED,32,32,18048,2666,32,31,359,0,0,0,0,"[0,0,0,0];sat=[false,false,false,false]",warm legal catalog scaling/cancellation,"Persistent DFFs and atomic hold are charged; required output conversion, if any, is a separate phase row."
PAH-BUILD002-CONF0001,B,B-W4-LEGAL-0,BIN-SCALE-CANCEL-WARM,4,WARM_GENERATED,STRUCTURAL_FINAL,EXECUTE,BINARY_MAGNITUDE_LOCAL,STRUCTURAL_DECLARED_INTEGRATED_EXHAUSTIVE,FULL_BINARY,32,32,35424,3441,64,31,744,0,0,0,0,1,warm legal catalog scaling/cancellation,"Persistent DFFs and atomic hold are charged; required output conversion, if any, is a separate phase row."
PAH-BUILD002-CONF0001,B,B-W4-LEGAL-0,BIN-SCALE-CANCEL-WARM,4,WARM_GENERATED,STRUCTURAL_FINAL,EGRESS,REQUIRES_FACTOR_DISCOVERY,STRUCTURAL_DECLARED_ADAPTER,IMPLEMENTED_EXACT_ADAPTER,1,1,175,-1,0,-1,-1,0,1,0,0,,warm legal catalog scaling/cancellation,The binary result is converted to the exact requested S4 structural contract; support is known exact for this generated trace. Settled transitions are not aggregated; -1 denotes NOT_MEASURED.
PAH-BUILD002-CONF0001,B,B-W4-LEGAL-0,VFU-BINEXP-S4-WARM,4,WARM_GENERATED,MAGNITUDE_FINAL,EXECUTE,REPRESENTATION_LOCAL,STRUCTURAL_DECLARED_INTEGRATED_EXHAUSTIVE,FULL_EXACT_S4_GENERATED,32,32,18048,2666,32,31,359,0,0,0,0,"[0,0,0,0];sat=[false,false,false,false]",warm legal catalog scaling/cancellation,"Persistent DFFs and atomic hold are charged; required output conversion, if any, is a separate phase row."
PAH-BUILD002-CONF0001,B,B-W4-LEGAL-0,BIN-SCALE-CANCEL-WARM,4,WARM_GENERATED,MAGNITUDE_FINAL,EXECUTE,BINARY_MAGNITUDE_LOCAL,STRUCTURAL_DECLARED_INTEGRATED_EXHAUSTIVE,FULL_BINARY,32,32,35424,3441,64,31,744,0,0,0,0,1,warm legal catalog scaling/cancellation,"Persistent DFFs and atomic hold are charged; required output conversion, if any, is a separate phase row."
PAH-BUILD002-CONF0001,B,B-W4-LEGAL-0,VFU-BINEXP-S4-WARM,4,WARM_GENERATED,MAGNITUDE_FINAL,EGRESS,CROSS_REPRESENTATION,STRUCTURAL_DECLARED_ADAPTER,IMPLEMENTED_EXACT_ADAPTER,1,1,1021,-1,0,-1,-1,0,0,1,0,,warm legal catalog scaling/cancellation,Exact structural state is reconstructed through the implemented NAND adapter. Settled transitions are not aggregated; -1 denotes NOT_MEASURED.
PAH-BUILD002-CONF0001,B,B-W4-LEGAL-0,VFU-BINEXP-S4-WARM,4,WARM_GENERATED,MAGNITUDE_EVERY_OP,EXECUTE,REPRESENTATION_LOCAL,STRUCTURAL_DECLARED_INTEGRATED_EXHAUSTIVE,FULL_EXACT_S4_GENERATED,32,32,18048,2666,32,31,359,0,0,0,0,"[0,0,0,0];sat=[false,false,false,false]",warm legal catalog scaling/cancellation,"Persistent DFFs and atomic hold are charged; required output conversion, if any, is a separate phase row."
PAH-BUILD002-CONF0001,B,B-W4-LEGAL-0,BIN-SCALE-CANCEL-WARM,4,WARM_GENERATED,MAGNITUDE_EVERY_OP,EXECUTE,BINARY_MAGNITUDE_LOCAL,STRUCTURAL_DECLARED_INTEGRATED_EXHAUSTIVE,FULL_BINARY,32,32,35424,3441,64,31,744,0,0,0,0,1,warm legal catalog scaling/cancellation,"Persistent DFFs and atomic hold are charged; required output conversion, if any, is a separate phase row."
PAH-BUILD002-CONF0001,B,B-W4-LEGAL-0,VFU-BINEXP-S4-WARM,4,WARM_GENERATED,MAGNITUDE_EVERY_OP,EGRESS,CROSS_REPRESENTATION,STRUCTURAL_DECLARED_ADAPTER,IMPLEMENTED_EXACT_ADAPTER,32,32,32672,-1,0,-1,-1,0,0,32,0,,warm legal catalog scaling/cancellation,Exact structural state is reconstructed through the implemented NAND adapter. Settled transitions are not aggregated; -1 denotes NOT_MEASURED.
PAH-BUILD002-CONF0001,B,B-W4-LEGAL-1,VFU-BINEXP-S4,4,WARM_GENERATED,STRUCTURAL_FINAL,EXECUTE,REPRESENTATION_LOCAL,STRUCTURAL_DECLARED_OPERATION_ONLY,S4_GENERATED_STATE_PERSISTENT_DFF_NOT_CHARGED,32,32,60384,5673,32,63,1185,0,0,0,0,"[0,0,0,0];sat=[false,false,false,false]",warm legal catalog scaling/cancellation,Shared VFU graph measured as an operation-only control; the integrated comparison uses VFU-BINEXP-S4-WARM.
PAH-BUILD002-CONF0001,B,B-W4-LEGAL-1,VFU-BINEXP-S4-WARM,4,WARM_GENERATED,STRUCTURAL_FINAL,EXECUTE,REPRESENTATION_LOCAL,STRUCTURAL_DECLARED_INTEGRATED_EXHAUSTIVE,FULL_EXACT_S4_GENERATED,32,32,18048,2449,32,32,358,0,0,0,0,"[0,0,0,0];sat=[false,false,false,false]",warm legal catalog scaling/cancellation,"Persistent DFFs and atomic hold are charged; required output conversion, if any, is a separate phase row."
PAH-BUILD002-CONF0001,B,B-W4-LEGAL-1,BIN-SCALE-CANCEL-WARM,4,WARM_GENERATED,STRUCTURAL_FINAL,EXECUTE,BINARY_MAGNITUDE_LOCAL,STRUCTURAL_DECLARED_INTEGRATED_EXHAUSTIVE,FULL_BINARY,32,32,35424,3937,32,32,726,0,0,0,0,1,warm legal catalog scaling/cancellation,"Persistent DFFs and atomic hold are charged; required output conversion, if any, is a separate phase row."
PAH-BUILD002-CONF0001,B,B-W4-LEGAL-1,BIN-SCALE-CANCEL-WARM,4,WARM_GENERATED,STRUCTURAL_FINAL,EGRESS,REQUIRES_FACTOR_DISCOVERY,STRUCTURAL_DECLARED_ADAPTER,IMPLEMENTED_EXACT_ADAPTER,1,1,175,-1,0,-1,-1,0,1,0,0,,warm legal catalog scaling/cancellation,The binary result is converted to the exact requested S4 structural contract; support is known exact for this generated trace. Settled transitions are not aggregated; -1 denotes NOT_MEASURED.
PAH-BUILD002-CONF0001,B,B-W4-LEGAL-1,VFU-BINEXP-S4-WARM,4,WARM_GENERATED,MAGNITUDE_FINAL,EXECUTE,REPRESENTATION_LOCAL,STRUCTURAL_DECLARED_INTEGRATED_EXHAUSTIVE,FULL_EXACT_S4_GENERATED,32,32,18048,2449,32,32,358,0,0,0,0,"[0,0,0,0];sat=[false,false,false,false]",warm legal catalog scaling/cancellation,"Persistent DFFs and atomic hold are charged; required output conversion, if any, is a separate phase row."
PAH-BUILD002-CONF0001,B,B-W4-LEGAL-1,BIN-SCALE-CANCEL-WARM,4,WARM_GENERATED,MAGNITUDE_FINAL,EXECUTE,BINARY_MAGNITUDE_LOCAL,STRUCTURAL_DECLARED_INTEGRATED_EXHAUSTIVE,FULL_BINARY,32,32,35424,3937,32,32,726,0,0,0,0,1,warm legal catalog scaling/cancellation,"Persistent DFFs and atomic hold are charged; required output conversion, if any, is a separate phase row."
PAH-BUILD002-CONF0001,B,B-W4-LEGAL-1,VFU-BINEXP-S4-WARM,4,WARM_GENERATED,MAGNITUDE_FINAL,EGRESS,CROSS_REPRESENTATION,STRUCTURAL_DECLARED_ADAPTER,IMPLEMENTED_EXACT_ADAPTER,1,1,1021,-1,0,-1,-1,0,0,1,0,,warm legal catalog scaling/cancellation,Exact structural state is reconstructed through the implemented NAND adapter. Settled transitions are not aggregated; -1 denotes NOT_MEASURED.
PAH-BUILD002-CONF0001,B,B-W4-LEGAL-1,VFU-BINEXP-S4-WARM,4,WARM_GENERATED,MAGNITUDE_EVERY_OP,EXECUTE,REPRESENTATION_LOCAL,STRUCTURAL_DECLARED_INTEGRATED_EXHAUSTIVE,FULL_EXACT_S4_GENERATED,32,32,18048,2449,32,32,358,0,0,0,0,"[0,0,0,0];sat=[false,false,false,false]",warm legal catalog scaling/cancellation,"Persistent DFFs and atomic hold are charged; required output conversion, if any, is a separate phase row."
PAH-BUILD002-CONF0001,B,B-W4-LEGAL-1,BIN-SCALE-CANCEL-WARM,4,WARM_GENERATED,MAGNITUDE_EVERY_OP,EXECUTE,BINARY_MAGNITUDE_LOCAL,STRUCTURAL_DECLARED_INTEGRATED_EXHAUSTIVE,FULL_BINARY,32,32,35424,3937,32,32,726,0,0,0,0,1,warm legal catalog scaling/cancellation,"Persistent DFFs and atomic hold are charged; required output conversion, if any, is a separate phase row."
PAH-BUILD002-CONF0001,B,B-W4-LEGAL-1,VFU-BINEXP-S4-WARM,4,WARM_GENERATED,MAGNITUDE_EVERY_OP,EGRESS,CROSS_REPRESENTATION,STRUCTURAL_DECLARED_ADAPTER,IMPLEMENTED_EXACT_ADAPTER,32,32,32672,-1,0,-1,-1,0,0,32,0,,warm legal catalog scaling/cancellation,Exact structural state is reconstructed through the implemented NAND adapter. Settled transitions are not aggregated; -1 denotes NOT_MEASURED.
PAH-BUILD002-CONF0001,B,B-W4-LEGAL-2,VFU-BINEXP-S4,4,WARM_GENERATED,STRUCTURAL_FINAL,EXECUTE,REPRESENTATION_LOCAL,STRUCTURAL_DECLARED_OPERATION_ONLY,S4_GENERATED_STATE_PERSISTENT_DFF_NOT_CHARGED,32,32,60384,7085,32,109,1187,0,0,0,0,"[0,0,0,0];sat=[false,false,false,false]",warm legal catalog scaling/cancellation,Shared VFU graph measured as an operation-only control; the integrated comparison uses VFU-BINEXP-S4-WARM.
PAH-BUILD002-CONF0001,B,B-W4-LEGAL-2,VFU-BINEXP-S4-WARM,4,WARM_GENERATED,STRUCTURAL_FINAL,EXECUTE,REPRESENTATION_LOCAL,STRUCTURAL_DECLARED_INTEGRATED_EXHAUSTIVE,FULL_EXACT_S4_GENERATED,32,32,18048,2422,32,46,359,0,0,0,0,"[0,0,0,0];sat=[false,false,false,false]",warm legal catalog scaling/cancellation,"Persistent DFFs and atomic hold are charged; required output conversion, if any, is a separate phase row."
PAH-BUILD002-CONF0001,B,B-W4-LEGAL-2,BIN-SCALE-CANCEL-WARM,4,WARM_GENERATED,STRUCTURAL_FINAL,EXECUTE,BINARY_MAGNITUDE_LOCAL,STRUCTURAL_DECLARED_INTEGRATED_EXHAUSTIVE,FULL_BINARY,32,32,35424,5373,48,46,744,0,0,0,0,1,warm legal catalog scaling/cancellation,"Persistent DFFs and atomic hold are charged; required output conversion, if any, is a separate phase row."
PAH-BUILD002-CONF0001,B,B-W4-LEGAL-2,BIN-SCALE-CANCEL-WARM,4,WARM_GENERATED,STRUCTURAL_FINAL,EGRESS,REQUIRES_FACTOR_DISCOVERY,STRUCTURAL_DECLARED_ADAPTER,IMPLEMENTED_EXACT_ADAPTER,1,1,175,-1,0,-1,-1,0,1,0,0,,warm legal catalog scaling/cancellation,The binary result is converted to the exact requested S4 structural contract; support is known exact for this generated trace. Settled transitions are not aggregated; -1 denotes NOT_MEASURED.
PAH-BUILD002-CONF0001,B,B-W4-LEGAL-2,VFU-BINEXP-S4-WARM,4,WARM_GENERATED,MAGNITUDE_FINAL,EXECUTE,REPRESENTATION_LOCAL,STRUCTURAL_DECLARED_INTEGRATED_EXHAUSTIVE,FULL_EXACT_S4_GENERATED,32,32,18048,2422,32,46,359,0,0,0,0,"[0,0,0,0];sat=[false,false,false,false]",warm legal catalog scaling/cancellation,"Persistent DFFs and atomic hold are charged; required output conversion, if any, is a separate phase row."
PAH-BUILD002-CONF0001,B,B-W4-LEGAL-2,BIN-SCALE-CANCEL-WARM,4,WARM_GENERATED,MAGNITUDE_FINAL,EXECUTE,BINARY_MAGNITUDE_LOCAL,STRUCTURAL_DECLARED_INTEGRATED_EXHAUSTIVE,FULL_BINARY,32,32,35424,5373,48,46,744,0,0,0,0,1,warm legal catalog scaling/cancellation,"Persistent DFFs and atomic hold are charged; required output conversion, if any, is a separate phase row."
PAH-BUILD002-CONF0001,B,B-W4-LEGAL-2,VFU-BINEXP-S4-WARM,4,WARM_GENERATED,MAGNITUDE_FINAL,EGRESS,CROSS_REPRESENTATION,STRUCTURAL_DECLARED_ADAPTER,IMPLEMENTED_EXACT_ADAPTER,1,1,1021,-1,0,-1,-1,0,0,1,0,,warm legal catalog scaling/cancellation,Exact structural state is reconstructed through the implemented NAND adapter. Settled transitions are not aggregated; -1 denotes NOT_MEASURED.
PAH-BUILD002-CONF0001,B,B-W4-LEGAL-2,VFU-BINEXP-S4-WARM,4,WARM_GENERATED,MAGNITUDE_EVERY_OP,EXECUTE,REPRESENTATION_LOCAL,STRUCTURAL_DECLARED_INTEGRATED_EXHAUSTIVE,FULL_EXACT_S4_GENERATED,32,32,18048,2422,32,46,359,0,0,0,0,"[0,0,0,0];sat=[false,false,false,false]",warm legal catalog scaling/cancellation,"Persistent DFFs and atomic hold are charged; required output conversion, if any, is a separate phase row."
PAH-BUILD002-CONF0001,B,B-W4-LEGAL-2,BIN-SCALE-CANCEL-WARM,4,WARM_GENERATED,MAGNITUDE_EVERY_OP,EXECUTE,BINARY_MAGNITUDE_LOCAL,STRUCTURAL_DECLARED_INTEGRATED_EXHAUSTIVE,FULL_BINARY,32,32,35424,5373,48,46,744,0,0,0,0,1,warm legal catalog scaling/cancellation,"Persistent DFFs and atomic hold are charged; required output conversion, if any, is a separate phase row."
PAH-BUILD002-CONF0001,B,B-W4-LEGAL-2,VFU-BINEXP-S4-WARM,4,WARM_GENERATED,MAGNITUDE_EVERY_OP,EGRESS,CROSS_REPRESENTATION,STRUCTURAL_DECLARED_ADAPTER,IMPLEMENTED_EXACT_ADAPTER,32,32,32672,-1,0,-1,-1,0,0,32,0,,warm legal catalog scaling/cancellation,Exact structural state is reconstructed through the implemented NAND adapter. Settled transitions are not aggregated; -1 denotes NOT_MEASURED.
PAH-BUILD002-CONF0001,B,B-W4-LEGAL-3,VFU-BINEXP-S4,4,WARM_GENERATED,STRUCTURAL_FINAL,EXECUTE,REPRESENTATION_LOCAL,STRUCTURAL_DECLARED_OPERATION_ONLY,S4_GENERATED_STATE_PERSISTENT_DFF_NOT_CHARGED,32,32,60384,5890,32,93,1188,0,0,0,0,"[0,0,0,0];sat=[false,false,false,false]",warm legal catalog scaling/cancellation,Shared VFU graph measured as an operation-only control; the integrated comparison uses VFU-BINEXP-S4-WARM.
PAH-BUILD002-CONF0001,B,B-W4-LEGAL-3,VFU-BINEXP-S4-WARM,4,WARM_GENERATED,STRUCTURAL_FINAL,EXECUTE,REPRESENTATION_LOCAL,STRUCTURAL_DECLARED_INTEGRATED_EXHAUSTIVE,FULL_EXACT_S4_GENERATED,32,32,18048,2369,32,47,359,0,0,0,0,"[0,0,0,0];sat=[false,false,false,false]",warm legal catalog scaling/cancellation,"Persistent DFFs and atomic hold are charged; required output conversion, if any, is a separate phase row."
PAH-BUILD002-CONF0001,B,B-W4-LEGAL-3,BIN-SCALE-CANCEL-WARM,4,WARM_GENERATED,STRUCTURAL_FINAL,EXECUTE,BINARY_MAGNITUDE_LOCAL,STRUCTURAL_DECLARED_INTEGRATED_EXHAUSTIVE,FULL_BINARY,32,32,35424,6378,48,47,730,0,0,0,0,1,warm legal catalog scaling/cancellation,"Persistent DFFs and atomic hold are charged; required output conversion, if any, is a separate phase row."
PAH-BUILD002-CONF0001,B,B-W4-LEGAL-3,BIN-SCALE-CANCEL-WARM,4,WARM_GENERATED,STRUCTURAL_FINAL,EGRESS,REQUIRES_FACTOR_DISCOVERY,STRUCTURAL_DECLARED_ADAPTER,IMPLEMENTED_EXACT_ADAPTER,1,1,175,-1,0,-1,-1,0,1,0,0,,warm legal catalog scaling/cancellation,The binary result is converted to the exact requested S4 structural contract; support is known exact for this generated trace. Settled transitions are not aggregated; -1 denotes NOT_MEASURED.
PAH-BUILD002-CONF0001,B,B-W4-LEGAL-3,VFU-BINEXP-S4-WARM,4,WARM_GENERATED,MAGNITUDE_FINAL,EXECUTE,REPRESENTATION_LOCAL,STRUCTURAL_DECLARED_INTEGRATED_EXHAUSTIVE,FULL_EXACT_S4_GENERATED,32,32,18048,2369,32,47,359,0,0,0,0,"[0,0,0,0];sat=[false,false,false,false]",warm legal catalog scaling/cancellation,"Persistent DFFs and atomic hold are charged; required output conversion, if any, is a separate phase row."
PAH-BUILD002-CONF0001,B,B-W4-LEGAL-3,BIN-SCALE-CANCEL-WARM,4,WARM_GENERATED,MAGNITUDE_FINAL,EXECUTE,BINARY_MAGNITUDE_LOCAL,STRUCTURAL_DECLARED_INTEGRATED_EXHAUSTIVE,FULL_BINARY,32,32,35424,6378,48,47,730,0,0,0,0,1,warm legal catalog scaling/cancellation,"Persistent DFFs and atomic hold are charged; required output conversion, if any, is a separate phase row."
PAH-BUILD002-CONF0001,B,B-W4-LEGAL-3,VFU-BINEXP-S4-WARM,4,WARM_GENERATED,MAGNITUDE_FINAL,EGRESS,CROSS_REPRESENTATION,STRUCTURAL_DECLARED_ADAPTER,IMPLEMENTED_EXACT_ADAPTER,1,1,1021,-1,0,-1,-1,0,0,1,0,,warm legal catalog scaling/cancellation,Exact structural state is reconstructed through the implemented NAND adapter. Settled transitions are not aggregated; -1 denotes NOT_MEASURED.
PAH-BUILD002-CONF0001,B,B-W4-LEGAL-3,VFU-BINEXP-S4-WARM,4,WARM_GENERATED,MAGNITUDE_EVERY_OP,EXECUTE,REPRESENTATION_LOCAL,STRUCTURAL_DECLARED_INTEGRATED_EXHAUSTIVE,FULL_EXACT_S4_GENERATED,32,32,18048,2369,32,47,359,0,0,0,0,"[0,0,0,0];sat=[false,false,false,false]",warm legal catalog scaling/cancellation,"Persistent DFFs and atomic hold are charged; required output conversion, if any, is a separate phase row."
PAH-BUILD002-CONF0001,B,B-W4-LEGAL-3,BIN-SCALE-CANCEL-WARM,4,WARM_GENERATED,MAGNITUDE_EVERY_OP,EXECUTE,BINARY_MAGNITUDE_LOCAL,STRUCTURAL_DECLARED_INTEGRATED_EXHAUSTIVE,FULL_BINARY,32,32,35424,6378,48,47,730,0,0,0,0,1,warm legal catalog scaling/cancellation,"Persistent DFFs and atomic hold are charged; required output conversion, if any, is a separate phase row."
PAH-BUILD002-CONF0001,B,B-W4-LEGAL-3,VFU-BINEXP-S4-WARM,4,WARM_GENERATED,MAGNITUDE_EVERY_OP,EGRESS,CROSS_REPRESENTATION,STRUCTURAL_DECLARED_ADAPTER,IMPLEMENTED_EXACT_ADAPTER,32,32,32672,-1,0,-1,-1,0,0,32,0,,warm legal catalog scaling/cancellation,Exact structural state is reconstructed through the implemented NAND adapter. Settled transitions are not aggregated; -1 denotes NOT_MEASURED.
PAH-BUILD002-CONF0001,B,B-W4-REJECT-0,VFU-BINEXP-S4,4,WARM_GENERATED,STRUCTURAL_FINAL,EXECUTE,REPRESENTATION_LOCAL,STRUCTURAL_DECLARED_OPERATION_ONLY,S4_GENERATED_STATE_PERSISTENT_DFF_NOT_CHARGED,32,32,60384,5720,31,63,1183,1,0,0,0,"[1,0,0,0];sat=[false,false,false,false]",atomic illegal cancellation,Shared VFU graph measured as an operation-only control; the integrated comparison uses VFU-BINEXP-S4-WARM.
PAH-BUILD002-CONF0001,B,B-W4-REJECT-0,VFU-BINEXP-S4-WARM,4,WARM_GENERATED,STRUCTURAL_FINAL,EXECUTE,REPRESENTATION_LOCAL,STRUCTURAL_DECLARED_INTEGRATED_EXHAUSTIVE,FULL_EXACT_S4_GENERATED,32,32,18048,2620,31,32,357,1,0,0,0,"[1,0,0,0];sat=[false,false,false,false]",atomic illegal cancellation,"Persistent DFFs and atomic hold are charged; required output conversion, if any, is a separate phase row."
PAH-BUILD002-CONF0001,B,B-W4-REJECT-0,BIN-SCALE-CANCEL-WARM,4,WARM_GENERATED,STRUCTURAL_FINAL,EXECUTE,BINARY_MAGNITUDE_LOCAL,STRUCTURAL_DECLARED_INTEGRATED_EXHAUSTIVE,FULL_BINARY,32,32,35424,3350,62,32,742,1,0,0,0,2,atomic illegal cancellation,"Persistent DFFs and atomic hold are charged; required output conversion, if any, is a separate phase row."
PAH-BUILD002-CONF0001,B,B-W4-REJECT-0,BIN-SCALE-CANCEL-WARM,4,WARM_GENERATED,STRUCTURAL_FINAL,EGRESS,REQUIRES_FACTOR_DISCOVERY,STRUCTURAL_DECLARED_ADAPTER,IMPLEMENTED_EXACT_ADAPTER,1,1,175,-1,0,-1,-1,0,1,0,0,,atomic illegal cancellation,The binary result is converted to the exact requested S4 structural contract; support is known exact for this generated trace. Settled transitions are not aggregated; -1 denotes NOT_MEASURED.
PAH-BUILD002-CONF0001,B,B-W4-REJECT-0,VFU-BINEXP-S4-WARM,4,WARM_GENERATED,MAGNITUDE_FINAL,EXECUTE,REPRESENTATION_LOCAL,STRUCTURAL_DECLARED_INTEGRATED_EXHAUSTIVE,FULL_EXACT_S4_GENERATED,32,32,18048,2620,31,32,357,1,0,0,0,"[1,0,0,0];sat=[false,false,false,false]",atomic illegal cancellation,"Persistent DFFs and atomic hold are charged; required output conversion, if any, is a separate phase row."
PAH-BUILD002-CONF0001,B,B-W4-REJECT-0,BIN-SCALE-CANCEL-WARM,4,WARM_GENERATED,MAGNITUDE_FINAL,EXECUTE,BINARY_MAGNITUDE_LOCAL,STRUCTURAL_DECLARED_INTEGRATED_EXHAUSTIVE,FULL_BINARY,32,32,35424,3350,62,32,742,1,0,0,0,2,atomic illegal cancellation,"Persistent DFFs and atomic hold are charged; required output conversion, if any, is a separate phase row."
PAH-BUILD002-CONF0001,B,B-W4-REJECT-0,VFU-BINEXP-S4-WARM,4,WARM_GENERATED,MAGNITUDE_FINAL,EGRESS,CROSS_REPRESENTATION,STRUCTURAL_DECLARED_ADAPTER,IMPLEMENTED_EXACT_ADAPTER,1,1,1021,-1,0,-1,-1,0,0,1,0,,atomic illegal cancellation,Exact structural state is reconstructed through the implemented NAND adapter. Settled transitions are not aggregated; -1 denotes NOT_MEASURED.
PAH-BUILD002-CONF0001,B,B-W4-REJECT-0,VFU-BINEXP-S4-WARM,4,WARM_GENERATED,MAGNITUDE_EVERY_OP,EXECUTE,REPRESENTATION_LOCAL,STRUCTURAL_DECLARED_INTEGRATED_EXHAUSTIVE,FULL_EXACT_S4_GENERATED,32,32,18048,2620,31,32,357,1,0,0,0,"[1,0,0,0];sat=[false,false,false,false]",atomic illegal cancellation,"Persistent DFFs and atomic hold are charged; required output conversion, if any, is a separate phase row."
PAH-BUILD002-CONF0001,B,B-W4-REJECT-0,BIN-SCALE-CANCEL-WARM,4,WARM_GENERATED,MAGNITUDE_EVERY_OP,EXECUTE,BINARY_MAGNITUDE_LOCAL,STRUCTURAL_DECLARED_INTEGRATED_EXHAUSTIVE,FULL_BINARY,32,32,35424,3350,62,32,742,1,0,0,0,2,atomic illegal cancellation,"Persistent DFFs and atomic hold are charged; required output conversion, if any, is a separate phase row."
PAH-BUILD002-CONF0001,B,B-W4-REJECT-0,VFU-BINEXP-S4-WARM,4,WARM_GENERATED,MAGNITUDE_EVERY_OP,EGRESS,CROSS_REPRESENTATION,STRUCTURAL_DECLARED_ADAPTER,IMPLEMENTED_EXACT_ADAPTER,32,32,32672,-1,0,-1,-1,0,0,32,0,,atomic illegal cancellation,Exact structural state is reconstructed through the implemented NAND adapter. Settled transitions are not aggregated; -1 denotes NOT_MEASURED.
PAH-BUILD002-CONF0001,B,B-W4-REJECT-1,VFU-BINEXP-S4,4,WARM_GENERATED,STRUCTURAL_FINAL,EXECUTE,REPRESENTATION_LOCAL,STRUCTURAL_DECLARED_OPERATION_ONLY,S4_GENERATED_STATE_PERSISTENT_DFF_NOT_CHARGED,32,32,60384,5712,45,61,1185,1,0,0,0,"[0,1,0,0];sat=[false,false,false,false]",atomic illegal cancellation,Shared VFU graph measured as an operation-only control; the integrated comparison uses VFU-BINEXP-S4-WARM.
PAH-BUILD002-CONF0001,B,B-W4-REJECT-1,VFU-BINEXP-S4-WARM,4,WARM_GENERATED,STRUCTURAL_FINAL,EXECUTE,REPRESENTATION_LOCAL,STRUCTURAL_DECLARED_INTEGRATED_EXHAUSTIVE,FULL_EXACT_S4_GENERATED,32,32,18048,2428,45,17,358,1,0,0,0,"[0,1,0,0];sat=[false,false,false,false]",atomic illegal cancellation,"Persistent DFFs and atomic hold are charged; required output conversion, if any, is a separate phase row."
PAH-BUILD002-CONF0001,B,B-W4-REJECT-1,BIN-SCALE-CANCEL-WARM,4,WARM_GENERATED,STRUCTURAL_FINAL,EXECUTE,BINARY_MAGNITUDE_LOCAL,STRUCTURAL_DECLARED_INTEGRATED_EXHAUSTIVE,FULL_BINARY,32,32,35424,4240,45,17,726,1,0,0,0,3,atomic illegal cancellation,"Persistent DFFs and atomic hold are charged; required output conversion, if any, is a separate phase row."
PAH-BUILD002-CONF0001,B,B-W4-REJECT-1,BIN-SCALE-CANCEL-WARM,4,WARM_GENERATED,STRUCTURAL_FINAL,EGRESS,REQUIRES_FACTOR_DISCOVERY,STRUCTURAL_DECLARED_ADAPTER,IMPLEMENTED_EXACT_ADAPTER,1,1,175,-1,0,-1,-1,0,1,0,0,,atomic illegal cancellation,The binary result is converted to the exact requested S4 structural contract; support is known exact for this generated trace. Settled transitions are not aggregated; -1 denotes NOT_MEASURED.
PAH-BUILD002-CONF0001,B,B-W4-REJECT-1,VFU-BINEXP-S4-WARM,4,WARM_GENERATED,MAGNITUDE_FINAL,EXECUTE,REPRESENTATION_LOCAL,STRUCTURAL_DECLARED_INTEGRATED_EXHAUSTIVE,FULL_EXACT_S4_GENERATED,32,32,18048,2428,45,17,358,1,0,0,0,"[0,1,0,0];sat=[false,false,false,false]",atomic illegal cancellation,"Persistent DFFs and atomic hold are charged; required output conversion, if any, is a separate phase row."
PAH-BUILD002-CONF0001,B,B-W4-REJECT-1,BIN-SCALE-CANCEL-WARM,4,WARM_GENERATED,MAGNITUDE_FINAL,EXECUTE,BINARY_MAGNITUDE_LOCAL,STRUCTURAL_DECLARED_INTEGRATED_EXHAUSTIVE,FULL_BINARY,32,32,35424,4240,45,17,726,1,0,0,0,3,atomic illegal cancellation,"Persistent DFFs and atomic hold are charged; required output conversion, if any, is a separate phase row."
PAH-BUILD002-CONF0001,B,B-W4-REJECT-1,VFU-BINEXP-S4-WARM,4,WARM_GENERATED,MAGNITUDE_FINAL,EGRESS,CROSS_REPRESENTATION,STRUCTURAL_DECLARED_ADAPTER,IMPLEMENTED_EXACT_ADAPTER,1,1,1021,-1,0,-1,-1,0,0,1,0,,atomic illegal cancellation,Exact structural state is reconstructed through the implemented NAND adapter. Settled transitions are not aggregated; -1 denotes NOT_MEASURED.
PAH-BUILD002-CONF0001,B,B-W4-REJECT-1,VFU-BINEXP-S4-WARM,4,WARM_GENERATED,MAGNITUDE_EVERY_OP,EXECUTE,REPRESENTATION_LOCAL,STRUCTURAL_DECLARED_INTEGRATED_EXHAUSTIVE,FULL_EXACT_S4_GENERATED,32,32,18048,2428,45,17,358,1,0,0,0,"[0,1,0,0];sat=[false,false,false,false]",atomic illegal cancellation,"Persistent DFFs and atomic hold are charged; required output conversion, if any, is a separate phase row."
PAH-BUILD002-CONF0001,B,B-W4-REJECT-1,BIN-SCALE-CANCEL-WARM,4,WARM_GENERATED,MAGNITUDE_EVERY_OP,EXECUTE,BINARY_MAGNITUDE_LOCAL,STRUCTURAL_DECLARED_INTEGRATED_EXHAUSTIVE,FULL_BINARY,32,32,35424,4240,45,17,726,1,0,0,0,3,atomic illegal cancellation,"Persistent DFFs and atomic hold are charged; required output conversion, if any, is a separate phase row."
PAH-BUILD002-CONF0001,B,B-W4-REJECT-1,VFU-BINEXP-S4-WARM,4,WARM_GENERATED,MAGNITUDE_EVERY_OP,EGRESS,CROSS_REPRESENTATION,STRUCTURAL_DECLARED_ADAPTER,IMPLEMENTED_EXACT_ADAPTER,32,32,32672,-1,0,-1,-1,0,0,32,0,,atomic illegal cancellation,Exact structural state is reconstructed through the implemented NAND adapter. Settled transitions are not aggregated; -1 denotes NOT_MEASURED.
PAH-BUILD002-CONF0001,B,B-W4-REJECT-2,VFU-BINEXP-S4,4,WARM_GENERATED,STRUCTURAL_FINAL,EXECUTE,REPRESENTATION_LOCAL,STRUCTURAL_DECLARED_OPERATION_ONLY,S4_GENERATED_STATE_PERSISTENT_DFF_NOT_CHARGED,32,32,60384,5854,16,64,1187,16,0,0,0,"[0,0,0,0];sat=[false,false,false,false]",atomic illegal cancellation,Shared VFU graph measured as an operation-only control; the integrated comparison uses VFU-BINEXP-S4-WARM.
PAH-BUILD002-CONF0001,B,B-W4-REJECT-2,VFU-BINEXP-S4-WARM,4,WARM_GENERATED,STRUCTURAL_FINAL,EXECUTE,REPRESENTATION_LOCAL,STRUCTURAL_DECLARED_INTEGRATED_EXHAUSTIVE,FULL_EXACT_S4_GENERATED,32,32,18048,2200,16,31,359,16,0,0,0,"[0,0,0,0];sat=[false,false,false,false]",atomic illegal cancellation,"Persistent DFFs and atomic hold are charged; required output conversion, if any, is a separate phase row."
PAH-BUILD002-CONF0001,B,B-W4-REJECT-2,BIN-SCALE-CANCEL-WARM,4,WARM_GENERATED,STRUCTURAL_FINAL,EXECUTE,BINARY_MAGNITUDE_LOCAL,STRUCTURAL_DECLARED_INTEGRATED_EXHAUSTIVE,FULL_BINARY,32,32,35424,3900,32,31,744,16,0,0,0,1,atomic illegal cancellation,"Persistent DFFs and atomic hold are charged; required output conversion, if any, is a separate phase row."
PAH-BUILD002-CONF0001,B,B-W4-REJECT-2,BIN-SCALE-CANCEL-WARM,4,WARM_GENERATED,STRUCTURAL_FINAL,EGRESS,REQUIRES_FACTOR_DISCOVERY,STRUCTURAL_DECLARED_ADAPTER,IMPLEMENTED_EXACT_ADAPTER,1,1,175,-1,0,-1,-1,0,1,0,0,,atomic illegal cancellation,The binary result is converted to the exact requested S4 structural contract; support is known exact for this generated trace. Settled transitions are not aggregated; -1 denotes NOT_MEASURED.
PAH-BUILD002-CONF0001,B,B-W4-REJECT-2,VFU-BINEXP-S4-WARM,4,WARM_GENERATED,MAGNITUDE_FINAL,EXECUTE,REPRESENTATION_LOCAL,STRUCTURAL_DECLARED_INTEGRATED_EXHAUSTIVE,FULL_EXACT_S4_GENERATED,32,32,18048,2200,16,31,359,16,0,0,0,"[0,0,0,0];sat=[false,false,false,false]",atomic illegal cancellation,"Persistent DFFs and atomic hold are charged; required output conversion, if any, is a separate phase row."
PAH-BUILD002-CONF0001,B,B-W4-REJECT-2,BIN-SCALE-CANCEL-WARM,4,WARM_GENERATED,MAGNITUDE_FINAL,EXECUTE,BINARY_MAGNITUDE_LOCAL,STRUCTURAL_DECLARED_INTEGRATED_EXHAUSTIVE,FULL_BINARY,32,32,35424,3900,32,31,744,16,0,0,0,1,atomic illegal cancellation,"Persistent DFFs and atomic hold are charged; required output conversion, if any, is a separate phase row."
PAH-BUILD002-CONF0001,B,B-W4-REJECT-2,VFU-BINEXP-S4-WARM,4,WARM_GENERATED,MAGNITUDE_FINAL,EGRESS,CROSS_REPRESENTATION,STRUCTURAL_DECLARED_ADAPTER,IMPLEMENTED_EXACT_ADAPTER,1,1,1021,-1,0,-1,-1,0,0,1,0,,atomic illegal cancellation,Exact structural state is reconstructed through the implemented NAND adapter. Settled transitions are not aggregated; -1 denotes NOT_MEASURED.
PAH-BUILD002-CONF0001,B,B-W4-REJECT-2,VFU-BINEXP-S4-WARM,4,WARM_GENERATED,MAGNITUDE_EVERY_OP,EXECUTE,REPRESENTATION_LOCAL,STRUCTURAL_DECLARED_INTEGRATED_EXHAUSTIVE,FULL_EXACT_S4_GENERATED,32,32,18048,2200,16,31,359,16,0,0,0,"[0,0,0,0];sat=[false,false,false,false]",atomic illegal cancellation,"Persistent DFFs and atomic hold are charged; required output conversion, if any, is a separate phase row."
PAH-BUILD002-CONF0001,B,B-W4-REJECT-2,BIN-SCALE-CANCEL-WARM,4,WARM_GENERATED,MAGNITUDE_EVERY_OP,EXECUTE,BINARY_MAGNITUDE_LOCAL,STRUCTURAL_DECLARED_INTEGRATED_EXHAUSTIVE,FULL_BINARY,32,32,35424,3900,32,31,744,16,0,0,0,1,atomic illegal cancellation,"Persistent DFFs and atomic hold are charged; required output conversion, if any, is a separate phase row."
PAH-BUILD002-CONF0001,B,B-W4-REJECT-2,VFU-BINEXP-S4-WARM,4,WARM_GENERATED,MAGNITUDE_EVERY_OP,EGRESS,CROSS_REPRESENTATION,STRUCTURAL_DECLARED_ADAPTER,IMPLEMENTED_EXACT_ADAPTER,32,32,32672,-1,0,-1,-1,0,0,32,0,,atomic illegal cancellation,Exact structural state is reconstructed through the implemented NAND adapter. Settled transitions are not aggregated; -1 denotes NOT_MEASURED.
PAH-BUILD002-CONF0001,B,B-W4-REJECT-3,VFU-BINEXP-S4,4,WARM_GENERATED,STRUCTURAL_FINAL,EXECUTE,REPRESENTATION_LOCAL,STRUCTURAL_DECLARED_OPERATION_ONLY,S4_GENERATED_STATE_PERSISTENT_DFF_NOT_CHARGED,32,32,60384,4854,24,69,1188,8,0,0,0,"[0,0,0,0];sat=[false,false,false,false]",atomic illegal cancellation,Shared VFU graph measured as an operation-only control; the integrated comparison uses VFU-BINEXP-S4-WARM.
PAH-BUILD002-CONF0001,B,B-W4-REJECT-3,VFU-BINEXP-S4-WARM,4,WARM_GENERATED,STRUCTURAL_FINAL,EXECUTE,REPRESENTATION_LOCAL,STRUCTURAL_DECLARED_INTEGRATED_EXHAUSTIVE,FULL_EXACT_S4_GENERATED,32,32,18048,2231,24,39,358,8,0,0,0,"[0,0,0,0];sat=[false,false,false,false]",atomic illegal cancellation,"Persistent DFFs and atomic hold are charged; required output conversion, if any, is a separate phase row."
PAH-BUILD002-CONF0001,B,B-W4-REJECT-3,BIN-SCALE-CANCEL-WARM,4,WARM_GENERATED,STRUCTURAL_FINAL,EXECUTE,BINARY_MAGNITUDE_LOCAL,STRUCTURAL_DECLARED_INTEGRATED_EXHAUSTIVE,FULL_BINARY,32,32,35424,4481,40,39,710,8,0,0,0,1,atomic illegal cancellation,"Persistent DFFs and atomic hold are charged; required output conversion, if any, is a separate phase row."
PAH-BUILD002-CONF0001,B,B-W4-REJECT-3,BIN-SCALE-CANCEL-WARM,4,WARM_GENERATED,STRUCTURAL_FINAL,EGRESS,REQUIRES_FACTOR_DISCOVERY,STRUCTURAL_DECLARED_ADAPTER,IMPLEMENTED_EXACT_ADAPTER,1,1,175,-1,0,-1,-1,0,1,0,0,,atomic illegal cancellation,The binary result is converted to the exact requested S4 structural contract; support is known exact for this generated trace. Settled transitions are not aggregated; -1 denotes NOT_MEASURED.
PAH-BUILD002-CONF0001,B,B-W4-REJECT-3,VFU-BINEXP-S4-WARM,4,WARM_GENERATED,MAGNITUDE_FINAL,EXECUTE,REPRESENTATION_LOCAL,STRUCTURAL_DECLARED_INTEGRATED_EXHAUSTIVE,FULL_EXACT_S4_GENERATED,32,32,18048,2231,24,39,358,8,0,0,0,"[0,0,0,0];sat=[false,false,false,false]",atomic illegal cancellation,"Persistent DFFs and atomic hold are charged; required output conversion, if any, is a separate phase row."
PAH-BUILD002-CONF0001,B,B-W4-REJECT-3,BIN-SCALE-CANCEL-WARM,4,WARM_GENERATED,MAGNITUDE_FINAL,EXECUTE,BINARY_MAGNITUDE_LOCAL,STRUCTURAL_DECLARED_INTEGRATED_EXHAUSTIVE,FULL_BINARY,32,32,35424,4481,40,39,710,8,0,0,0,1,atomic illegal cancellation,"Persistent DFFs and atomic hold are charged; required output conversion, if any, is a separate phase row."
PAH-BUILD002-CONF0001,B,B-W4-REJECT-3,VFU-BINEXP-S4-WARM,4,WARM_GENERATED,MAGNITUDE_FINAL,EGRESS,CROSS_REPRESENTATION,STRUCTURAL_DECLARED_ADAPTER,IMPLEMENTED_EXACT_ADAPTER,1,1,1021,-1,0,-1,-1,0,0,1,0,,atomic illegal cancellation,Exact structural state is reconstructed through the implemented NAND adapter. Settled transitions are not aggregated; -1 denotes NOT_MEASURED.
PAH-BUILD002-CONF0001,B,B-W4-REJECT-3,VFU-BINEXP-S4-WARM,4,WARM_GENERATED,MAGNITUDE_EVERY_OP,EXECUTE,REPRESENTATION_LOCAL,STRUCTURAL_DECLARED_INTEGRATED_EXHAUSTIVE,FULL_EXACT_S4_GENERATED,32,32,18048,2231,24,39,358,8,0,0,0,"[0,0,0,0];sat=[false,false,false,false]",atomic illegal cancellation,"Persistent DFFs and atomic hold are charged; required output conversion, if any, is a separate phase row."
PAH-BUILD002-CONF0001,B,B-W4-REJECT-3,BIN-SCALE-CANCEL-WARM,4,WARM_GENERATED,MAGNITUDE_EVERY_OP,EXECUTE,BINARY_MAGNITUDE_LOCAL,STRUCTURAL_DECLARED_INTEGRATED_EXHAUSTIVE,FULL_BINARY,32,32,35424,4481,40,39,710,8,0,0,0,1,atomic illegal cancellation,"Persistent DFFs and atomic hold are charged; required output conversion, if any, is a separate phase row."
PAH-BUILD002-CONF0001,B,B-W4-REJECT-3,VFU-BINEXP-S4-WARM,4,WARM_GENERATED,MAGNITUDE_EVERY_OP,EGRESS,CROSS_REPRESENTATION,STRUCTURAL_DECLARED_ADAPTER,IMPLEMENTED_EXACT_ADAPTER,32,32,32672,-1,0,-1,-1,0,0,32,0,,atomic illegal cancellation,Exact structural state is reconstructed through the implemented NAND adapter. Settled transitions are not aggregated; -1 denotes NOT_MEASURED.
PAH-BUILD002-CONF0001,C,C-W4-BIN-GCD-ALL,BIN-GCD,4,COLD_MAG,MAGNITUDE_FINAL,EXECUTE,BINARY_MAGNITUDE_LOCAL,SEMANTIC_STEP_PLUS_STRUCTURAL_DECLARED,FULL_BINARY_TRANSITIONS_NOT_MEASURED,256,1618,695740,-1,-1,-1,-1,0,0,0,0,,all ordered W-bit magnitude pairs,Cycle/NAND-evaluation totals are exact for the checked transition; settled transition replay is NOT_MEASURED.
PAH-BUILD002-CONF0001,C,C-W4-BIN-DIVIDES-ALL,BIN-DIV,4,COLD_MAG,PREDICATE_ONLY,EXECUTE,BINARY_MAGNITUDE_LOCAL,STRUCTURAL_DECLARED,FULL_BINARY,256,256,127232,27637,0,502,345,0,0,0,0,,all ordered W-bit magnitude pairs,The full restoring divider is charged for the conventional exact-divisibility predicate.
PAH-BUILD002-CONF0001,C,C-W4-BIN-LCM-ALL,BIN-GCD+DIV+MUL,4,COLD_MAG,MAGNITUDE_FINAL,EXECUTE,BINARY_MAGNITUDE_LOCAL,COMPOSITE_STRUCTURAL_DECLARED,FULL_BINARY_2W_RESULT_TRANSITIONS_NOT_MEASURED,256,2068,922765,-1,-1,-1,-1,0,0,0,0,,all ordered W-bit magnitude pairs,"Exact 2W LCM semantics; GCD/divider/multiplier costs are charged, while composite settled transitions remain explicit NOT_MEASURED."
PAH-BUILD002-CONF0001,C,C-W4-BINEXP-MEET-SMOOTH,VFU-BINEXP-S4,4,WARM_RESIDENT,STRUCTURAL_FINAL,EXECUTE,REPRESENTATION_LOCAL,STRUCTURAL_DECLARED,S4_SMOOTH_ONLY,196,196,130732,16699,0,566,408,0,0,0,0,,S4-smooth GCD as componentwise meet,This is not a full binary GCD for unsupported cofactors.
PAH-BUILD002-CONF0001,C,C-W4-BINEXP-JOIN-SMOOTH,VFU-BINEXP-S4,4,WARM_RESIDENT,STRUCTURAL_FINAL,EXECUTE,REPRESENTATION_LOCAL,STRUCTURAL_DECLARED,S4_SMOOTH_ONLY,196,196,130928,18276,0,566,408,0,0,0,0,,S4-smooth LCM as componentwise join,This is not a full binary LCM for unsupported cofactors.
PAH-BUILD002-CONF0001,C,C-W4-BINEXP-DIVIDES-SMOOTH,VFU-BINEXP-S4,4,WARM_RESIDENT,PREDICATE_ONLY,EXECUTE,REPRESENTATION_LOCAL,STRUCTURAL_DECLARED,S4_SMOOTH_ONLY,196,196,117404,15458,0,566,370,0,0,0,0,,S4-smooth divisibility predicate,Same predicate-only obligation as the charged binary divider row.
PAH-BUILD002-CONF0001,C,C-W4-SIDECAR-LOAD-ALL,BIN+VSC-S4,4,COLD_MAG,PREDICATE_ONLY,INGRESS,REQUIRES_FACTOR_DISCOVERY,STRUCTURAL_DECLARED_INTEGRATED,FULL_BINARY_TO_EXACT_S4,16,16,36912,2135,0,27,1467,0,0,0,0,,one exact sidecar acquisition per W-bit magnitude,Cold predicate use pays integrated factor-discovery/load cost before queries.
PAH-BUILD002-CONF0001,C,C-W4-SIDECAR-QUERY-ALL,BIN+VSC-S4,4,WARM_RESIDENT,PREDICATE_ONLY,EXECUTE,REPRESENTATION_LOCAL,STRUCTURAL_DECLARED_INTEGRATED,FULL_BINARY_MAGNITUDE_EXACT_S4_SIDECAR,112,112,258384,18544,83,224,1460,0,0,0,0,,every S4 threshold query from every exact state,Warm query retains authoritative magnitude; the whole integrated sidecar graph is charged each cycle.
PAH-BUILD002-CONF0001,D,D-W4-0,BIN-GCD+DIV,4,COLD_MAG,MAGNITUDE_FINAL,EXECUTE,BINARY_MAGNITUDE_LOCAL,SEMANTIC_STEP_PLUS_STRUCTURAL_DECLARED,FULLY_REDUCED_BINARY_TRANSITIONS_NOT_MEASURED,3,6,2714,-1,-1,-1,-1,0,0,0,0,3/2,catalog-smooth common factor,GCD cycles and NAND evaluations are exact; end-to-end settled transitions are NOT_MEASURED.
PAH-BUILD002-CONF0001,D,D-W4-0-STRUCTURAL,VFU-BINEXP-S4-RATIONAL,4,WARM_RESIDENT,STRUCTURAL_FINAL,EXECUTE,REPRESENTATION_LOCAL,COMPOSITE_STRUCTURAL_DECLARED,FULLY_REDUCED_S4_STRUCTURAL,3,3,1839,1118,0,-1,-1,0,0,0,0,"[0,1,0,0];sat=[false,false,false,false]/[1,0,0,0];sat=[false,false,false,false]",catalog-smooth common factor,MEET plus two checked CANCEL operations fully reduce this S4-supported rational; integrated rational DFF/control is not included.
PAH-BUILD002-CONF0001,D,D-W4-1,BIN-GCD+DIV,4,COLD_MAG,MAGNITUDE_FINAL,EXECUTE,BINARY_MAGNITUDE_LOCAL,SEMANTIC_STEP_PLUS_STRUCTURAL_DECLARED,FULLY_REDUCED_BINARY_TRANSITIONS_NOT_MEASURED,3,6,2714,-1,-1,-1,-1,0,0,0,0,3/2,catalog-smooth common factor,GCD cycles and NAND evaluations are exact; end-to-end settled transitions are NOT_MEASURED.
PAH-BUILD002-CONF0001,D,D-W4-1-STRUCTURAL,VFU-BINEXP-S4-RATIONAL,4,WARM_RESIDENT,STRUCTURAL_FINAL,EXECUTE,REPRESENTATION_LOCAL,COMPOSITE_STRUCTURAL_DECLARED,FULLY_REDUCED_S4_STRUCTURAL,3,3,1839,1114,0,-1,-1,0,0,0,0,"[0,1,0,0];sat=[false,false,false,false]/[1,0,0,0];sat=[false,false,false,false]",catalog-smooth common factor,MEET plus two checked CANCEL operations fully reduce this S4-supported rational; integrated rational DFF/control is not included.
PAH-BUILD002-CONF0001,D,D-W4-2,BIN-GCD+DIV,4,COLD_MAG,MAGNITUDE_FINAL,EXECUTE,BINARY_MAGNITUDE_LOCAL,SEMANTIC_STEP_PLUS_STRUCTURAL_DECLARED,FULLY_REDUCED_BINARY_TRANSITIONS_NOT_MEASURED,3,5,2284,-1,-1,-1,-1,0,0,0,0,2/1,exact denominator cancellation,GCD cycles and NAND evaluations are exact; end-to-end settled transitions are NOT_MEASURED.
PAH-BUILD002-CONF0001,D,D-W4-2-STRUCTURAL,VFU-BINEXP-S4-RATIONAL,4,WARM_RESIDENT,STRUCTURAL_FINAL,EXECUTE,REPRESENTATION_LOCAL,COMPOSITE_STRUCTURAL_DECLARED,FULLY_REDUCED_S4_STRUCTURAL,3,3,1839,1125,0,-1,-1,0,0,0,0,"[1,0,0,0];sat=[false,false,false,false]/[0,0,0,0];sat=[false,false,false,false]",exact denominator cancellation,MEET plus two checked CANCEL operations fully reduce this S4-supported rational; integrated rational DFF/control is not included.
PAH-BUILD002-CONF0001,D,D-W4-3,BIN-GCD+DIV,4,COLD_MAG,MAGNITUDE_FINAL,EXECUTE,BINARY_MAGNITUDE_LOCAL,SEMANTIC_STEP_PLUS_STRUCTURAL_DECLARED,FULLY_REDUCED_BINARY_TRANSITIONS_NOT_MEASURED,3,6,2714,-1,-1,-1,-1,0,0,0,0,3/2,catalog-smooth common factor,GCD cycles and NAND evaluations are exact; end-to-end settled transitions are NOT_MEASURED.
PAH-BUILD002-CONF0001,D,D-W4-3-STRUCTURAL,VFU-BINEXP-S4-RATIONAL,4,WARM_RESIDENT,STRUCTURAL_FINAL,EXECUTE,REPRESENTATION_LOCAL,COMPOSITE_STRUCTURAL_DECLARED,FULLY_REDUCED_S4_STRUCTURAL,3,3,1839,1122,0,-1,-1,0,0,0,0,"[0,1,0,0];sat=[false,false,false,false]/[1,0,0,0];sat=[false,false,false,false]",catalog-smooth common factor,MEET plus two checked CANCEL operations fully reduce this S4-supported rational; integrated rational DFF/control is not included.
PAH-BUILD002-CONF0001,D,D-W4-4,BIN-GCD+DIV,4,COLD_MAG,MAGNITUDE_FINAL,EXECUTE,BINARY_MAGNITUDE_LOCAL,SEMANTIC_STEP_PLUS_STRUCTURAL_DECLARED,FULLY_REDUCED_BINARY_TRANSITIONS_NOT_MEASURED,3,4,1854,-1,-1,-1,-1,0,0,0,0,1/1,shared unsupported prime,GCD cycles and NAND evaluations are exact; end-to-end settled transitions are NOT_MEASURED.
PAH-BUILD002-CONF0001,D,D-W4-4-STRUCTURAL,VFU-BINEXP-S4-RATIONAL,4,WARM_RESIDENT,STRUCTURAL_FINAL,EXECUTE,REPRESENTATION_LOCAL,COMPOSITE_STRUCTURAL_DECLARED,CATALOG_PROJECTION_ONLY,3,3,1839,1151,0,-1,-1,0,0,0,0,"[0,0,0,0];sat=[false,false,false,false]/[0,0,0,0];sat=[false,false,false,false]",shared unsupported prime,"MEET plus two checked CANCEL operations remove only catalog factors; an unsupported shared cofactor can remain, so this is not a fully reduced rational."
PAH-BUILD002-CONF0001,D,D-W4-5,BIN-GCD+DIV,4,COLD_MAG,MAGNITUDE_FINAL,EXECUTE,BINARY_MAGNITUDE_LOCAL,SEMANTIC_STEP_PLUS_STRUCTURAL_DECLARED,FULLY_REDUCED_BINARY_TRANSITIONS_NOT_MEASURED,3,4,1854,-1,-1,-1,-1,0,0,0,0,1/1,shared unsupported prime,GCD cycles and NAND evaluations are exact; end-to-end settled transitions are NOT_MEASURED.
PAH-BUILD002-CONF0001,D,D-W4-5-STRUCTURAL,VFU-BINEXP-S4-RATIONAL,4,WARM_RESIDENT,STRUCTURAL_FINAL,EXECUTE,REPRESENTATION_LOCAL,COMPOSITE_STRUCTURAL_DECLARED,CATALOG_PROJECTION_ONLY,3,3,1839,1151,0,-1,-1,0,0,0,0,"[0,0,0,0];sat=[false,false,false,false]/[0,0,0,0];sat=[false,false,false,false]",shared unsupported prime,"MEET plus two checked CANCEL operations remove only catalog factors; an unsupported shared cofactor can remain, so this is not a fully reduced rational."
PAH-BUILD002-CONF0001,D,D-W4-6,BIN-GCD+DIV,4,COLD_MAG,MAGNITUDE_FINAL,EXECUTE,BINARY_MAGNITUDE_LOCAL,SEMANTIC_STEP_PLUS_STRUCTURAL_DECLARED,FULLY_REDUCED_BINARY_TRANSITIONS_NOT_MEASURED,3,6,2714,-1,-1,-1,-1,0,0,0,0,2/3,non-integral reduced result,GCD cycles and NAND evaluations are exact; end-to-end settled transitions are NOT_MEASURED.
PAH-BUILD002-CONF0001,D,D-W4-6-STRUCTURAL,VFU-BINEXP-S4-RATIONAL,4,WARM_RESIDENT,STRUCTURAL_FINAL,EXECUTE,REPRESENTATION_LOCAL,COMPOSITE_STRUCTURAL_DECLARED,FULLY_REDUCED_S4_STRUCTURAL,3,3,1839,1114,0,-1,-1,0,0,0,0,"[1,0,0,0];sat=[false,false,false,false]/[0,1,0,0];sat=[false,false,false,false]",non-integral reduced result,MEET plus two checked CANCEL operations fully reduce this S4-supported rational; integrated rational DFF/control is not included.
PAH-BUILD002-CONF0001,D,D-W4-7,BIN-GCD+DIV,4,COLD_MAG,MAGNITUDE_FINAL,EXECUTE,BINARY_MAGNITUDE_LOCAL,SEMANTIC_STEP_PLUS_STRUCTURAL_DECLARED,FULLY_REDUCED_BINARY_TRANSITIONS_NOT_MEASURED,3,5,2284,-1,-1,-1,-1,0,0,0,0,1/2,proper fraction,GCD cycles and NAND evaluations are exact; end-to-end settled transitions are NOT_MEASURED.
PAH-BUILD002-CONF0001,D,D-W4-7-STRUCTURAL,VFU-BINEXP-S4-RATIONAL,4,WARM_RESIDENT,STRUCTURAL_FINAL,EXECUTE,REPRESENTATION_LOCAL,COMPOSITE_STRUCTURAL_DECLARED,FULLY_REDUCED_S4_STRUCTURAL,3,3,1839,1123,0,-1,-1,0,0,0,0,"[0,0,0,0];sat=[false,false,false,false]/[1,0,0,0];sat=[false,false,false,false]",proper fraction,MEET plus two checked CANCEL operations fully reduce this S4-supported rational; integrated rational DFF/control is not included.
PAH-BUILD002-CONF0001,D,D-W4-8,BIN-GCD+DIV,4,COLD_MAG,MAGNITUDE_FINAL,EXECUTE,BINARY_MAGNITUDE_LOCAL,STRUCTURAL_DECLARED,REJECTED_DENOMINATOR_ZERO,1,1,0,-1,-1,-1,-1,1,0,0,0,,denominator-zero atomic rejection boundary,Denominator-zero rejection is atomic; no divide circuit is executed.
PAH-BUILD002-CONF0001,D,D-W4-8-STRUCTURAL,VFU-BINEXP-S4-RATIONAL,4,WARM_RESIDENT,STRUCTURAL_FINAL,EXECUTE,REPRESENTATION_LOCAL,SEMANTIC_REJECTION,REJECTED_DENOMINATOR_ZERO,1,1,0,0,0,-1,-1,1,0,0,0,,denominator-zero atomic rejection boundary,Denominator-zero rejection occurs before a structural datapath operation; controller static cost is reported as NOT_MEASURED.
PAH-BUILD002-CONF0001,E,E-W4-0-BASELINE,BIN-MIXED-WARM,4,WARM_GENERATED,MAGNITUDE_EVERY_OP,INGRESS,BINARY_MAGNITUDE_LOCAL,STRUCTURAL_DECLARED_INTEGRATED,DIRECT_BINARY_LOAD,1,1,1262,0,1,0,844,0,1,0,0,1,unequal 2-adic valuations,Matched integrated binary LOAD; no valuation acquisition is performed.
PAH-BUILD002-CONF0001,E,E-W4-0-BASELINE,BIN-MIXED-WARM,4,WARM_GENERATED,MAGNITUDE_EVERY_OP,EXECUTE,BINARY_MAGNITUDE_LOCAL,STRUCTURAL_DECLARED_INTEGRATED,FULL_BINARY_MAGNITUDE,5,5,6310,836,11,13,0,0,0,0,0,10,unequal 2-adic valuations,"Matched integrated binary SCALE/CANCEL/ADD baseline with the same overlapping arithmetic, control, status, and atomic-hold contract."
PAH-BUILD002-CONF0001,E,E-W4-0-DELAYED-REFRESH,BIN+VSC-S4,4,WARM_GENERATED,MAGNITUDE_EVERY_OP,INGRESS,REQUIRES_FACTOR_DISCOVERY,STRUCTURAL_DECLARED_INTEGRATED,FULL_BINARY_TO_EXACT_S4_LOAD,1,1,2307,0,2,0,1477,0,1,0,0,1,unequal 2-adic valuations,One integrated LOAD acquires exact S4 thresholds from the authoritative binary magnitude.
PAH-BUILD002-CONF0001,E,E-W4-0-DELAYED-REFRESH,BIN+VSC-S4,4,WARM_GENERATED,MAGNITUDE_EVERY_OP,EXECUTE,REPRESENTATION_LOCAL,STRUCTURAL_DECLARED_INTEGRATED,AUTHORITATIVE_MAGNITUDE_SOUND_LOWER_BOUNDS_VALID_FALSE,5,5,11535,1752,17,13,0,0,0,0,0,10,unequal 2-adic valuations,Integrated SCALE/CANCEL/ADD hardware preserves authoritative magnitude; addition retains only proven lower bounds unless the unequal-valuation theorem makes them exact.
PAH-BUILD002-CONF0001,E,E-W4-0-EAGER-REFRESH,BIN+VSC-S4,4,WARM_GENERATED,MAGNITUDE_EVERY_OP,INGRESS,REQUIRES_FACTOR_DISCOVERY,STRUCTURAL_DECLARED_INTEGRATED,FULL_BINARY_TO_EXACT_S4_LOAD,1,1,2307,0,2,0,1477,0,1,0,0,1,unequal 2-adic valuations,One integrated LOAD acquires exact S4 thresholds from the authoritative binary magnitude.
PAH-BUILD002-CONF0001,E,E-W4-0-EAGER-REFRESH,BIN+VSC-S4,4,WARM_GENERATED,MAGNITUDE_EVERY_OP,EXECUTE,REPRESENTATION_LOCAL,STRUCTURAL_DECLARED_INTEGRATED,AUTHORITATIVE_MAGNITUDE_EXACT_S4_SIDECAR,5,5,11535,1492,17,11,0,0,0,0,0,10,unequal 2-adic valuations,Integrated SCALE/CANCEL/ADD hardware preserves authoritative magnitude; addition retains only proven lower bounds unless the unequal-valuation theorem makes them exact.
PAH-BUILD002-CONF0001,E,E-W4-0-EAGER-REFRESH,BIN+VSC-S4,4,WARM_GENERATED,MAGNITUDE_EVERY_OP,ADDITION_RECOVERY,CROSS_REPRESENTATION,STRUCTURAL_DECLARED_INTEGRATED,EXACT_S4_REFRESH_FROM_AUTHORITATIVE_MAGNITUDE,1,1,2307,383,2,2,0,0,0,0,1,10,unequal 2-adic valuations,Each refresh re-discovers exact S4 thresholds after an addition invalidated exact metadata.
PAH-BUILD002-CONF0001,E,E-W4-1-BASELINE,BIN-MIXED-WARM,4,WARM_GENERATED,MAGNITUDE_EVERY_OP,INGRESS,BINARY_MAGNITUDE_LOCAL,STRUCTURAL_DECLARED_INTEGRATED,DIRECT_BINARY_LOAD,1,1,1262,0,1,0,844,0,1,0,0,1,equal valuation with extra cancellation,Matched integrated binary LOAD; no valuation acquisition is performed.
PAH-BUILD002-CONF0001,E,E-W4-1-BASELINE,BIN-MIXED-WARM,4,WARM_GENERATED,MAGNITUDE_EVERY_OP,EXECUTE,BINARY_MAGNITUDE_LOCAL,STRUCTURAL_DECLARED_INTEGRATED,FULL_BINARY_MAGNITUDE,5,5,6310,777,9,12,0,0,0,0,0,12,equal valuation with extra cancellation,"Matched integrated binary SCALE/CANCEL/ADD baseline with the same overlapping arithmetic, control, status, and atomic-hold contract."
PAH-BUILD002-CONF0001,E,E-W4-1-DELAYED-REFRESH,BIN+VSC-S4,4,WARM_GENERATED,MAGNITUDE_EVERY_OP,INGRESS,REQUIRES_FACTOR_DISCOVERY,STRUCTURAL_DECLARED_INTEGRATED,FULL_BINARY_TO_EXACT_S4_LOAD,1,1,2307,0,2,0,1477,0,1,0,0,1,equal valuation with extra cancellation,One integrated LOAD acquires exact S4 thresholds from the authoritative binary magnitude.
PAH-BUILD002-CONF0001,E,E-W4-1-DELAYED-REFRESH,BIN+VSC-S4,4,WARM_GENERATED,MAGNITUDE_EVERY_OP,EXECUTE,REPRESENTATION_LOCAL,STRUCTURAL_DECLARED_INTEGRATED,AUTHORITATIVE_MAGNITUDE_SOUND_LOWER_BOUNDS_VALID_FALSE,5,5,11535,1679,14,12,0,0,0,0,0,12,equal valuation with extra cancellation,Integrated SCALE/CANCEL/ADD hardware preserves authoritative magnitude; addition retains only proven lower bounds unless the unequal-valuation theorem makes them exact.
PAH-BUILD002-CONF0001,E,E-W4-1-EAGER-REFRESH,BIN+VSC-S4,4,WARM_GENERATED,MAGNITUDE_EVERY_OP,INGRESS,REQUIRES_FACTOR_DISCOVERY,STRUCTURAL_DECLARED_INTEGRATED,FULL_BINARY_TO_EXACT_S4_LOAD,1,1,2307,0,2,0,1477,0,1,0,0,1,equal valuation with extra cancellation,One integrated LOAD acquires exact S4 thresholds from the authoritative binary magnitude.
PAH-BUILD002-CONF0001,E,E-W4-1-EAGER-REFRESH,BIN+VSC-S4,4,WARM_GENERATED,MAGNITUDE_EVERY_OP,EXECUTE,REPRESENTATION_LOCAL,STRUCTURAL_DECLARED_INTEGRATED,AUTHORITATIVE_MAGNITUDE_EXACT_S4_SIDECAR,5,5,11535,1577,14,10,0,0,0,0,0,12,equal valuation with extra cancellation,Integrated SCALE/CANCEL/ADD hardware preserves authoritative magnitude; addition retains only proven lower bounds unless the unequal-valuation theorem makes them exact.
PAH-BUILD002-CONF0001,E,E-W4-1-EAGER-REFRESH,BIN+VSC-S4,4,WARM_GENERATED,MAGNITUDE_EVERY_OP,ADDITION_RECOVERY,CROSS_REPRESENTATION,STRUCTURAL_DECLARED_INTEGRATED,EXACT_S4_REFRESH_FROM_AUTHORITATIVE_MAGNITUDE,1,1,2307,372,2,2,0,0,0,0,1,12,equal valuation with extra cancellation,Each refresh re-discovers exact S4 thresholds after an addition invalidated exact metadata.
PAH-BUILD002-CONF0001,E,E-W4-2-BASELINE,BIN-MIXED-WARM,4,WARM_GENERATED,MAGNITUDE_EVERY_OP,INGRESS,BINARY_MAGNITUDE_LOCAL,STRUCTURAL_DECLARED_INTEGRATED,DIRECT_BINARY_LOAD,1,1,1262,0,1,0,844,0,1,0,0,1,coprime sum,Matched integrated binary LOAD; no valuation acquisition is performed.
PAH-BUILD002-CONF0001,E,E-W4-2-BASELINE,BIN-MIXED-WARM,4,WARM_GENERATED,MAGNITUDE_EVERY_OP,EXECUTE,BINARY_MAGNITUDE_LOCAL,STRUCTURAL_DECLARED_INTEGRATED,FULL_BINARY_MAGNITUDE,5,5,6310,1140,8,17,0,0,0,0,0,14,coprime sum,"Matched integrated binary SCALE/CANCEL/ADD baseline with the same overlapping arithmetic, control, status, and atomic-hold contract."
PAH-BUILD002-CONF0001,E,E-W4-2-DELAYED-REFRESH,BIN+VSC-S4,4,WARM_GENERATED,MAGNITUDE_EVERY_OP,INGRESS,REQUIRES_FACTOR_DISCOVERY,STRUCTURAL_DECLARED_INTEGRATED,FULL_BINARY_TO_EXACT_S4_LOAD,1,1,2307,0,2,0,1477,0,1,0,0,1,coprime sum,One integrated LOAD acquires exact S4 thresholds from the authoritative binary magnitude.
PAH-BUILD002-CONF0001,E,E-W4-2-DELAYED-REFRESH,BIN+VSC-S4,4,WARM_GENERATED,MAGNITUDE_EVERY_OP,EXECUTE,REPRESENTATION_LOCAL,STRUCTURAL_DECLARED_INTEGRATED,AUTHORITATIVE_MAGNITUDE_SOUND_LOWER_BOUNDS_VALID_FALSE,5,5,11535,2100,14,17,0,0,0,0,0,14,coprime sum,Integrated SCALE/CANCEL/ADD hardware preserves authoritative magnitude; addition retains only proven lower bounds unless the unequal-valuation theorem makes them exact.
PAH-BUILD002-CONF0001,E,E-W4-2-EAGER-REFRESH,BIN+VSC-S4,4,WARM_GENERATED,MAGNITUDE_EVERY_OP,INGRESS,REQUIRES_FACTOR_DISCOVERY,STRUCTURAL_DECLARED_INTEGRATED,FULL_BINARY_TO_EXACT_S4_LOAD,1,1,2307,0,2,0,1477,0,1,0,0,1,coprime sum,One integrated LOAD acquires exact S4 thresholds from the authoritative binary magnitude.
PAH-BUILD002-CONF0001,E,E-W4-2-EAGER-REFRESH,BIN+VSC-S4,4,WARM_GENERATED,MAGNITUDE_EVERY_OP,EXECUTE,REPRESENTATION_LOCAL,STRUCTURAL_DECLARED_INTEGRATED,AUTHORITATIVE_MAGNITUDE_EXACT_S4_SIDECAR,5,5,11535,1922,14,15,0,0,0,0,0,14,coprime sum,Integrated SCALE/CANCEL/ADD hardware preserves authoritative magnitude; addition retains only proven lower bounds unless the unequal-valuation theorem makes them exact.
PAH-BUILD002-CONF0001,E,E-W4-2-EAGER-REFRESH,BIN+VSC-S4,4,WARM_GENERATED,MAGNITUDE_EVERY_OP,ADDITION_RECOVERY,CROSS_REPRESENTATION,STRUCTURAL_DECLARED_INTEGRATED,EXACT_S4_REFRESH_FROM_AUTHORITATIVE_MAGNITUDE,1,1,2307,289,2,2,0,0,0,0,1,14,coprime sum,Each refresh re-discovers exact S4 thresholds after an addition invalidated exact metadata.
PAH-BUILD002-CONF0001,E,E-W4-3-BASELINE,BIN-MIXED-WARM,4,WARM_GENERATED,MAGNITUDE_EVERY_OP,INGRESS,BINARY_MAGNITUDE_LOCAL,STRUCTURAL_DECLARED_INTEGRATED,DIRECT_BINARY_LOAD,1,1,1262,0,0,0,844,0,1,0,0,0,explicit zero crosses into nonzero state,Matched integrated binary LOAD; no valuation acquisition is performed.
PAH-BUILD002-CONF0001,E,E-W4-3-BASELINE,BIN-MIXED-WARM,4,WARM_GENERATED,MAGNITUDE_EVERY_OP,EXECUTE,BINARY_MAGNITUDE_LOCAL,STRUCTURAL_DECLARED_INTEGRATED,FULL_BINARY_MAGNITUDE,5,5,6310,346,3,12,0,0,0,0,0,2,explicit zero crosses into nonzero state,"Matched integrated binary SCALE/CANCEL/ADD baseline with the same overlapping arithmetic, control, status, and atomic-hold contract."
PAH-BUILD002-CONF0001,E,E-W4-3-DELAYED-REFRESH,BIN+VSC-S4,4,WARM_GENERATED,MAGNITUDE_EVERY_OP,INGRESS,REQUIRES_FACTOR_DISCOVERY,STRUCTURAL_DECLARED_INTEGRATED,FULL_BINARY_TO_EXACT_S4_LOAD,1,1,2307,0,8,0,1467,0,1,0,0,0,explicit zero crosses into nonzero state,One integrated LOAD acquires exact S4 thresholds from the authoritative binary magnitude.
PAH-BUILD002-CONF0001,E,E-W4-3-DELAYED-REFRESH,BIN+VSC-S4,4,WARM_GENERATED,MAGNITUDE_EVERY_OP,EXECUTE,REPRESENTATION_LOCAL,STRUCTURAL_DECLARED_INTEGRATED,AUTHORITATIVE_MAGNITUDE_EXACT_S4_SIDECAR,5,5,11535,1276,11,12,0,0,0,0,0,2,explicit zero crosses into nonzero state,Integrated SCALE/CANCEL/ADD hardware preserves authoritative magnitude; addition retains only proven lower bounds unless the unequal-valuation theorem makes them exact.
PAH-BUILD002-CONF0001,E,E-W4-3-EAGER-REFRESH,BIN+VSC-S4,4,WARM_GENERATED,MAGNITUDE_EVERY_OP,INGRESS,REQUIRES_FACTOR_DISCOVERY,STRUCTURAL_DECLARED_INTEGRATED,FULL_BINARY_TO_EXACT_S4_LOAD,1,1,2307,0,8,0,1467,0,1,0,0,0,explicit zero crosses into nonzero state,One integrated LOAD acquires exact S4 thresholds from the authoritative binary magnitude.
PAH-BUILD002-CONF0001,E,E-W4-3-EAGER-REFRESH,BIN+VSC-S4,4,WARM_GENERATED,MAGNITUDE_EVERY_OP,EXECUTE,REPRESENTATION_LOCAL,STRUCTURAL_DECLARED_INTEGRATED,AUTHORITATIVE_MAGNITUDE_EXACT_S4_SIDECAR,5,5,11535,1276,11,12,0,0,0,0,0,2,explicit zero crosses into nonzero state,Integrated SCALE/CANCEL/ADD hardware preserves authoritative magnitude; addition retains only proven lower bounds unless the unequal-valuation theorem makes them exact.
PAH-BUILD002-CONF0001,E,E-W4-4-BASELINE,BIN-MIXED-WARM,4,WARM_GENERATED,MAGNITUDE_EVERY_OP,INGRESS,BINARY_MAGNITUDE_LOCAL,STRUCTURAL_DECLARED_INTEGRATED,DIRECT_BINARY_LOAD,1,1,1262,0,1,0,844,0,1,0,0,1,final W-bit overflow,Matched integrated binary LOAD; no valuation acquisition is performed.
PAH-BUILD002-CONF0001,E,E-W4-4-BASELINE,BIN-MIXED-WARM,4,WARM_GENERATED,MAGNITUDE_EVERY_OP,EXECUTE,BINARY_MAGNITUDE_LOCAL,STRUCTURAL_DECLARED_INTEGRATED,FULL_BINARY_MAGNITUDE,5,5,6310,1164,10,15,0,1,0,0,0,8,final W-bit overflow,"Matched integrated binary SCALE/CANCEL/ADD baseline with the same overlapping arithmetic, control, status, and atomic-hold contract."
PAH-BUILD002-CONF0001,E,E-W4-4-DELAYED-REFRESH,BIN+VSC-S4,4,WARM_GENERATED,MAGNITUDE_EVERY_OP,INGRESS,REQUIRES_FACTOR_DISCOVERY,STRUCTURAL_DECLARED_INTEGRATED,FULL_BINARY_TO_EXACT_S4_LOAD,1,1,2307,0,2,0,1477,0,1,0,0,1,final W-bit overflow,One integrated LOAD acquires exact S4 thresholds from the authoritative binary magnitude.
PAH-BUILD002-CONF0001,E,E-W4-4-DELAYED-REFRESH,BIN+VSC-S4,4,WARM_GENERATED,MAGNITUDE_EVERY_OP,EXECUTE,REPRESENTATION_LOCAL,STRUCTURAL_DECLARED_INTEGRATED,AUTHORITATIVE_MAGNITUDE_SOUND_LOWER_BOUNDS_VALID_FALSE,5,5,11535,2172,15,15,0,1,0,0,0,8,final W-bit overflow,Integrated SCALE/CANCEL/ADD hardware preserves authoritative magnitude; addition retains only proven lower bounds unless the unequal-valuation theorem makes them exact.
PAH-BUILD002-CONF0001,E,E-W4-4-EAGER-REFRESH,BIN+VSC-S4,4,WARM_GENERATED,MAGNITUDE_EVERY_OP,INGRESS,REQUIRES_FACTOR_DISCOVERY,STRUCTURAL_DECLARED_INTEGRATED,FULL_BINARY_TO_EXACT_S4_LOAD,1,1,2307,0,2,0,1477,0,1,0,0,1,final W-bit overflow,One integrated LOAD acquires exact S4 thresholds from the authoritative binary magnitude.
PAH-BUILD002-CONF0001,E,E-W4-4-EAGER-REFRESH,BIN+VSC-S4,4,WARM_GENERATED,MAGNITUDE_EVERY_OP,EXECUTE,REPRESENTATION_LOCAL,STRUCTURAL_DECLARED_INTEGRATED,AUTHORITATIVE_MAGNITUDE_EXACT_S4_SIDECAR,5,5,11535,1813,15,13,0,1,0,0,0,8,final W-bit overflow,Integrated SCALE/CANCEL/ADD hardware preserves authoritative magnitude; addition retains only proven lower bounds unless the unequal-valuation theorem makes them exact.
PAH-BUILD002-CONF0001,E,E-W4-4-EAGER-REFRESH,BIN+VSC-S4,4,WARM_GENERATED,MAGNITUDE_EVERY_OP,ADDITION_RECOVERY,CROSS_REPRESENTATION,STRUCTURAL_DECLARED_INTEGRATED,EXACT_S4_REFRESH_FROM_AUTHORITATIVE_MAGNITUDE,1,1,2307,571,4,2,0,0,0,0,1,8,final W-bit overflow,Each refresh re-discovers exact S4 thresholds after an addition invalidated exact metadata.
PAH-BUILD002-CONF0001,E,E-W4-5-BASELINE,BIN-MIXED-WARM,4,WARM_GENERATED,MAGNITUDE_EVERY_OP,INGRESS,BINARY_MAGNITUDE_LOCAL,STRUCTURAL_DECLARED_INTEGRATED,DIRECT_BINARY_LOAD,1,1,1262,0,1,0,844,0,1,0,0,1,unsupported prime introduced by addition,Matched integrated binary LOAD; no valuation acquisition is performed.
PAH-BUILD002-CONF0001,E,E-W4-5-BASELINE,BIN-MIXED-WARM,4,WARM_GENERATED,MAGNITUDE_EVERY_OP,EXECUTE,BINARY_MAGNITUDE_LOCAL,STRUCTURAL_DECLARED_INTEGRATED,FULL_BINARY_MAGNITUDE,5,5,6310,902,8,17,0,1,0,0,0,14,unsupported prime introduced by addition,"Matched integrated binary SCALE/CANCEL/ADD baseline with the same overlapping arithmetic, control, status, and atomic-hold contract."
PAH-BUILD002-CONF0001,E,E-W4-5-DELAYED-REFRESH,BIN+VSC-S4,4,WARM_GENERATED,MAGNITUDE_EVERY_OP,INGRESS,REQUIRES_FACTOR_DISCOVERY,STRUCTURAL_DECLARED_INTEGRATED,FULL_BINARY_TO_EXACT_S4_LOAD,1,1,2307,0,2,0,1477,0,1,0,0,1,unsupported prime introduced by addition,One integrated LOAD acquires exact S4 thresholds from the authoritative binary magnitude.
PAH-BUILD002-CONF0001,E,E-W4-5-DELAYED-REFRESH,BIN+VSC-S4,4,WARM_GENERATED,MAGNITUDE_EVERY_OP,EXECUTE,REPRESENTATION_LOCAL,STRUCTURAL_DECLARED_INTEGRATED,AUTHORITATIVE_MAGNITUDE_SOUND_LOWER_BOUNDS_VALID_FALSE,5,5,11535,1898,13,17,0,1,0,0,0,14,unsupported prime introduced by addition,Integrated SCALE/CANCEL/ADD hardware preserves authoritative magnitude; addition retains only proven lower bounds unless the unequal-valuation theorem makes them exact.
PAH-BUILD002-CONF0001,E,E-W4-5-EAGER-REFRESH,BIN+VSC-S4,4,WARM_GENERATED,MAGNITUDE_EVERY_OP,INGRESS,REQUIRES_FACTOR_DISCOVERY,STRUCTURAL_DECLARED_INTEGRATED,FULL_BINARY_TO_EXACT_S4_LOAD,1,1,2307,0,2,0,1477,0,1,0,0,1,unsupported prime introduced by addition,One integrated LOAD acquires exact S4 thresholds from the authoritative binary magnitude.
PAH-BUILD002-CONF0001,E,E-W4-5-EAGER-REFRESH,BIN+VSC-S4,4,WARM_GENERATED,MAGNITUDE_EVERY_OP,EXECUTE,REPRESENTATION_LOCAL,STRUCTURAL_DECLARED_INTEGRATED,AUTHORITATIVE_MAGNITUDE_EXACT_S4_SIDECAR,5,5,11535,1568,13,13,0,1,0,0,0,14,unsupported prime introduced by addition,Integrated SCALE/CANCEL/ADD hardware preserves authoritative magnitude; addition retains only proven lower bounds unless the unequal-valuation theorem makes them exact.
PAH-BUILD002-CONF0001,E,E-W4-5-EAGER-REFRESH,BIN+VSC-S4,4,WARM_GENERATED,MAGNITUDE_EVERY_OP,ADDITION_RECOVERY,CROSS_REPRESENTATION,STRUCTURAL_DECLARED_INTEGRATED,EXACT_S4_REFRESH_FROM_AUTHORITATIVE_MAGNITUDE,1,1,2307,501,3,4,0,0,0,0,1,14,unsupported prime introduced by addition,Each refresh re-discovers exact S4 thresholds after an addition invalidated exact metadata.
PAH-BUILD002-CONF0001,E,E-W4-6-BASELINE,BIN-MIXED-WARM,4,WARM_GENERATED,MAGNITUDE_EVERY_OP,INGRESS,BINARY_MAGNITUDE_LOCAL,STRUCTURAL_DECLARED_INTEGRATED,DIRECT_BINARY_LOAD,1,1,1262,0,1,0,844,0,1,0,0,1,equal valuation can gain additional powers,Matched integrated binary LOAD; no valuation acquisition is performed.
PAH-BUILD002-CONF0001,E,E-W4-6-BASELINE,BIN-MIXED-WARM,4,WARM_GENERATED,MAGNITUDE_EVERY_OP,EXECUTE,BINARY_MAGNITUDE_LOCAL,STRUCTURAL_DECLARED_INTEGRATED,FULL_BINARY_MAGNITUDE,5,5,6310,963,6,16,0,1,0,0,0,8,equal valuation can gain additional powers,"Matched integrated binary SCALE/CANCEL/ADD baseline with the same overlapping arithmetic, control, status, and atomic-hold contract."
PAH-BUILD002-CONF0001,E,E-W4-6-DELAYED-REFRESH,BIN+VSC-S4,4,WARM_GENERATED,MAGNITUDE_EVERY_OP,INGRESS,REQUIRES_FACTOR_DISCOVERY,STRUCTURAL_DECLARED_INTEGRATED,FULL_BINARY_TO_EXACT_S4_LOAD,1,1,2307,0,2,0,1477,0,1,0,0,1,equal valuation can gain additional powers,One integrated LOAD acquires exact S4 thresholds from the authoritative binary magnitude.
PAH-BUILD002-CONF0001,E,E-W4-6-DELAYED-REFRESH,BIN+VSC-S4,4,WARM_GENERATED,MAGNITUDE_EVERY_OP,EXECUTE,REPRESENTATION_LOCAL,STRUCTURAL_DECLARED_INTEGRATED,AUTHORITATIVE_MAGNITUDE_SOUND_LOWER_BOUNDS_VALID_FALSE,5,5,11535,1955,10,16,0,1,0,0,0,8,equal valuation can gain additional powers,Integrated SCALE/CANCEL/ADD hardware preserves authoritative magnitude; addition retains only proven lower bounds unless the unequal-valuation theorem makes them exact.
PAH-BUILD002-CONF0001,E,E-W4-6-EAGER-REFRESH,BIN+VSC-S4,4,WARM_GENERATED,MAGNITUDE_EVERY_OP,INGRESS,REQUIRES_FACTOR_DISCOVERY,STRUCTURAL_DECLARED_INTEGRATED,FULL_BINARY_TO_EXACT_S4_LOAD,1,1,2307,0,2,0,1477,0,1,0,0,1,equal valuation can gain additional powers,One integrated LOAD acquires exact S4 thresholds from the authoritative binary magnitude.
PAH-BUILD002-CONF0001,E,E-W4-6-EAGER-REFRESH,BIN+VSC-S4,4,WARM_GENERATED,MAGNITUDE_EVERY_OP,EXECUTE,REPRESENTATION_LOCAL,STRUCTURAL_DECLARED_INTEGRATED,AUTHORITATIVE_MAGNITUDE_EXACT_S4_SIDECAR,5,5,11535,1790,10,13,0,1,0,0,0,8,equal valuation can gain additional powers,Integrated SCALE/CANCEL/ADD hardware preserves authoritative magnitude; addition retains only proven lower bounds unless the unequal-valuation theorem makes them exact.
PAH-BUILD002-CONF0001,E,E-W4-6-EAGER-REFRESH,BIN+VSC-S4,4,WARM_GENERATED,MAGNITUDE_EVERY_OP,ADDITION_RECOVERY,CROSS_REPRESENTATION,STRUCTURAL_DECLARED_INTEGRATED,EXACT_S4_REFRESH_FROM_AUTHORITATIVE_MAGNITUDE,1,1,2307,425,3,3,0,0,0,0,1,8,equal valuation can gain additional powers,Each refresh re-discovers exact S4 thresholds after an addition invalidated exact metadata.
PAH-BUILD002-CONF0001,E,E-W4-7-BASELINE,BIN-MIXED-WARM,4,WARM_GENERATED,MAGNITUDE_EVERY_OP,INGRESS,BINARY_MAGNITUDE_LOCAL,STRUCTURAL_DECLARED_INTEGRATED,DIRECT_BINARY_LOAD,1,1,1262,0,1,0,844,0,1,0,0,1,addition produces outside-basis structure,Matched integrated binary LOAD; no valuation acquisition is performed.
PAH-BUILD002-CONF0001,E,E-W4-7-BASELINE,BIN-MIXED-WARM,4,WARM_GENERATED,MAGNITUDE_EVERY_OP,EXECUTE,BINARY_MAGNITUDE_LOCAL,STRUCTURAL_DECLARED_INTEGRATED,FULL_BINARY_MAGNITUDE,5,5,6310,1088,6,17,0,1,0,0,0,14,addition produces outside-basis structure,"Matched integrated binary SCALE/CANCEL/ADD baseline with the same overlapping arithmetic, control, status, and atomic-hold contract."
PAH-BUILD002-CONF0001,E,E-W4-7-DELAYED-REFRESH,BIN+VSC-S4,4,WARM_GENERATED,MAGNITUDE_EVERY_OP,INGRESS,REQUIRES_FACTOR_DISCOVERY,STRUCTURAL_DECLARED_INTEGRATED,FULL_BINARY_TO_EXACT_S4_LOAD,1,1,2307,0,2,0,1477,0,1,0,0,1,addition produces outside-basis structure,One integrated LOAD acquires exact S4 thresholds from the authoritative binary magnitude.
PAH-BUILD002-CONF0001,E,E-W4-7-DELAYED-REFRESH,BIN+VSC-S4,4,WARM_GENERATED,MAGNITUDE_EVERY_OP,EXECUTE,REPRESENTATION_LOCAL,STRUCTURAL_DECLARED_INTEGRATED,AUTHORITATIVE_MAGNITUDE_SOUND_LOWER_BOUNDS_VALID_FALSE,5,5,11535,1968,10,17,0,1,0,0,0,14,addition produces outside-basis structure,Integrated SCALE/CANCEL/ADD hardware preserves authoritative magnitude; addition retains only proven lower bounds unless the unequal-valuation theorem makes them exact.
PAH-BUILD002-CONF0001,E,E-W4-7-EAGER-REFRESH,BIN+VSC-S4,4,WARM_GENERATED,MAGNITUDE_EVERY_OP,INGRESS,REQUIRES_FACTOR_DISCOVERY,STRUCTURAL_DECLARED_INTEGRATED,FULL_BINARY_TO_EXACT_S4_LOAD,1,1,2307,0,2,0,1477,0,1,0,0,1,addition produces outside-basis structure,One integrated LOAD acquires exact S4 thresholds from the authoritative binary magnitude.
PAH-BUILD002-CONF0001,E,E-W4-7-EAGER-REFRESH,BIN+VSC-S4,4,WARM_GENERATED,MAGNITUDE_EVERY_OP,EXECUTE,REPRESENTATION_LOCAL,STRUCTURAL_DECLARED_INTEGRATED,AUTHORITATIVE_MAGNITUDE_EXACT_S4_SIDECAR,5,5,11535,1707,10,14,0,1,0,0,0,14,addition produces outside-basis structure,Integrated SCALE/CANCEL/ADD hardware preserves authoritative magnitude; addition retains only proven lower bounds unless the unequal-valuation theorem makes them exact.
PAH-BUILD002-CONF0001,E,E-W4-7-EAGER-REFRESH,BIN+VSC-S4,4,WARM_GENERATED,MAGNITUDE_EVERY_OP,ADDITION_RECOVERY,CROSS_REPRESENTATION,STRUCTURAL_DECLARED_INTEGRATED,EXACT_S4_REFRESH_FROM_AUTHORITATIVE_MAGNITUDE,1,1,2307,372,2,3,0,0,0,0,1,14,addition produces outside-basis structure,Each refresh re-discovers exact S4 thresholds after an addition invalidated exact metadata.
PAH-BUILD002-CONF0001,F,F-W4-FREQUENT-ADDITION-BASELINE,BIN-MIXED-WARM,4,WARM_GENERATED,MAGNITUDE_EVERY_OP,INGRESS,BINARY_MAGNITUDE_LOCAL,STRUCTURAL_DECLARED_INTEGRATED,DIRECT_BINARY_LOAD,1,1,1262,0,0,0,844,0,1,0,0,0,frequent arbitrary additions of unsupported-support values,Matched integrated binary LOAD; no valuation acquisition is performed.
PAH-BUILD002-CONF0001,F,F-W4-FREQUENT-ADDITION-BASELINE,BIN-MIXED-WARM,4,WARM_GENERATED,MAGNITUDE_EVERY_OP,EXECUTE,BINARY_MAGNITUDE_LOCAL,STRUCTURAL_DECLARED_INTEGRATED,FULL_BINARY_MAGNITUDE,32,32,40384,1481,8,65,0,27,0,0,0,15,frequent arbitrary additions of unsupported-support values,"Matched integrated binary SCALE/CANCEL/ADD baseline with the same overlapping arithmetic, control, status, and atomic-hold contract."
PAH-BUILD002-CONF0001,F,F-W4-FREQUENT-ADDITION-DELAYED-REFRESH,BIN+VSC-S4,4,WARM_GENERATED,MAGNITUDE_EVERY_OP,INGRESS,REQUIRES_FACTOR_DISCOVERY,STRUCTURAL_DECLARED_INTEGRATED,FULL_BINARY_TO_EXACT_S4_LOAD,1,1,2307,0,8,0,1467,0,1,0,0,0,frequent arbitrary additions of unsupported-support values,One integrated LOAD acquires exact S4 thresholds from the authoritative binary magnitude.
PAH-BUILD002-CONF0001,F,F-W4-FREQUENT-ADDITION-DELAYED-REFRESH,BIN+VSC-S4,4,WARM_GENERATED,MAGNITUDE_EVERY_OP,EXECUTE,REPRESENTATION_LOCAL,STRUCTURAL_DECLARED_INTEGRATED,AUTHORITATIVE_MAGNITUDE_SOUND_LOWER_BOUNDS_VALID_FALSE,32,32,73824,3381,16,65,0,27,0,0,0,15,frequent arbitrary additions of unsupported-support values,Integrated SCALE/CANCEL/ADD hardware preserves authoritative magnitude; addition retains only proven lower bounds unless the unequal-valuation theorem makes them exact.
PAH-BUILD002-CONF0001,F,F-W4-FREQUENT-ADDITION-EAGER-REFRESH,BIN+VSC-S4,4,WARM_GENERATED,MAGNITUDE_EVERY_OP,INGRESS,REQUIRES_FACTOR_DISCOVERY,STRUCTURAL_DECLARED_INTEGRATED,FULL_BINARY_TO_EXACT_S4_LOAD,1,1,2307,0,8,0,1467,0,1,0,0,0,frequent arbitrary additions of unsupported-support values,One integrated LOAD acquires exact S4 thresholds from the authoritative binary magnitude.
PAH-BUILD002-CONF0001,F,F-W4-FREQUENT-ADDITION-EAGER-REFRESH,BIN+VSC-S4,4,WARM_GENERATED,MAGNITUDE_EVERY_OP,EXECUTE,REPRESENTATION_LOCAL,STRUCTURAL_DECLARED_INTEGRATED,AUTHORITATIVE_MAGNITUDE_EXACT_S4_SIDECAR,32,32,73824,3389,24,73,0,27,0,0,0,15,frequent arbitrary additions of unsupported-support values,Integrated SCALE/CANCEL/ADD hardware preserves authoritative magnitude; addition retains only proven lower bounds unless the unequal-valuation theorem makes them exact.
PAH-BUILD002-CONF0001,F,F-W4-FREQUENT-ADDITION-EAGER-REFRESH,BIN+VSC-S4,4,WARM_GENERATED,MAGNITUDE_EVERY_OP,ADDITION_RECOVERY,CROSS_REPRESENTATION,STRUCTURAL_DECLARED_INTEGRATED,EXACT_S4_REFRESH_FROM_AUTHORITATIVE_MAGNITUDE,4,4,9228,1463,11,10,0,0,0,0,4,15,frequent arbitrary additions of unsupported-support values,Each refresh re-discovers exact S4 thresholds after an addition invalidated exact metadata.
PAH-BUILD002-CONF0001,F,F-W4-MAGNITUDE-EVERY-OP-BASELINE,BIN-MIXED-WARM,4,WARM_GENERATED,MAGNITUDE_EVERY_OP,INGRESS,BINARY_MAGNITUDE_LOCAL,STRUCTURAL_DECLARED_INTEGRATED,DIRECT_BINARY_LOAD,1,1,1262,0,1,0,844,0,1,0,0,1,constant exact magnitude obligation across support-changing steps,Matched integrated binary LOAD; no valuation acquisition is performed.
PAH-BUILD002-CONF0001,F,F-W4-MAGNITUDE-EVERY-OP-BASELINE,BIN-MIXED-WARM,4,WARM_GENERATED,MAGNITUDE_EVERY_OP,EXECUTE,BINARY_MAGNITUDE_LOCAL,STRUCTURAL_DECLARED_INTEGRATED,FULL_BINARY_MAGNITUDE,32,32,40384,5029,13,82,0,26,0,0,0,15,constant exact magnitude obligation across support-changing steps,"Matched integrated binary SCALE/CANCEL/ADD baseline with the same overlapping arithmetic, control, status, and atomic-hold contract."
PAH-BUILD002-CONF0001,F,F-W4-MAGNITUDE-EVERY-OP-DELAYED-REFRESH,BIN+VSC-S4,4,WARM_GENERATED,MAGNITUDE_EVERY_OP,INGRESS,REQUIRES_FACTOR_DISCOVERY,STRUCTURAL_DECLARED_INTEGRATED,FULL_BINARY_TO_EXACT_S4_LOAD,1,1,2307,0,2,0,1477,0,1,0,0,1,constant exact magnitude obligation across support-changing steps,One integrated LOAD acquires exact S4 thresholds from the authoritative binary magnitude.
PAH-BUILD002-CONF0001,F,F-W4-MAGNITUDE-EVERY-OP-DELAYED-REFRESH,BIN+VSC-S4,4,WARM_GENERATED,MAGNITUDE_EVERY_OP,EXECUTE,REPRESENTATION_LOCAL,STRUCTURAL_DECLARED_INTEGRATED,AUTHORITATIVE_MAGNITUDE_SOUND_LOWER_BOUNDS_VALID_FALSE,32,32,73824,8713,19,82,0,26,0,0,0,15,constant exact magnitude obligation across support-changing steps,Integrated SCALE/CANCEL/ADD hardware preserves authoritative magnitude; addition retains only proven lower bounds unless the unequal-valuation theorem makes them exact.
PAH-BUILD002-CONF0001,F,F-W4-MAGNITUDE-EVERY-OP-EAGER-REFRESH,BIN+VSC-S4,4,WARM_GENERATED,MAGNITUDE_EVERY_OP,INGRESS,REQUIRES_FACTOR_DISCOVERY,STRUCTURAL_DECLARED_INTEGRATED,FULL_BINARY_TO_EXACT_S4_LOAD,1,1,2307,0,2,0,1477,0,1,0,0,1,constant exact magnitude obligation across support-changing steps,One integrated LOAD acquires exact S4 thresholds from the authoritative binary magnitude.
PAH-BUILD002-CONF0001,F,F-W4-MAGNITUDE-EVERY-OP-EAGER-REFRESH,BIN+VSC-S4,4,WARM_GENERATED,MAGNITUDE_EVERY_OP,EXECUTE,REPRESENTATION_LOCAL,STRUCTURAL_DECLARED_INTEGRATED,AUTHORITATIVE_MAGNITUDE_EXACT_S4_SIDECAR,32,32,73824,8671,22,82,0,26,0,0,0,15,constant exact magnitude obligation across support-changing steps,Integrated SCALE/CANCEL/ADD hardware preserves authoritative magnitude; addition retains only proven lower bounds unless the unequal-valuation theorem makes them exact.
PAH-BUILD002-CONF0001,F,F-W4-MAGNITUDE-EVERY-OP-EAGER-REFRESH,BIN+VSC-S4,4,WARM_GENERATED,MAGNITUDE_EVERY_OP,ADDITION_RECOVERY,CROSS_REPRESENTATION,STRUCTURAL_DECLARED_INTEGRATED,EXACT_S4_REFRESH_FROM_AUTHORITATIVE_MAGNITUDE,2,2,4614,672,5,4,0,0,0,0,2,15,constant exact magnitude obligation across support-changing steps,Each refresh re-discovers exact S4 thresholds after an addition invalidated exact metadata.
PAH-BUILD002-CONF0001,F,F-W4-SUPPORT-THRASH-BASELINE,BIN-MIXED-WARM,4,WARM_GENERATED,MAGNITUDE_EVERY_OP,INGRESS,BINARY_MAGNITUDE_LOCAL,STRUCTURAL_DECLARED_INTEGRATED,DIRECT_BINARY_LOAD,1,1,1262,0,1,0,844,0,1,0,0,1,rapidly changing catalog and unsupported factor support,Matched integrated binary LOAD; no valuation acquisition is performed.
PAH-BUILD002-CONF0001,F,F-W4-SUPPORT-THRASH-BASELINE,BIN-MIXED-WARM,4,WARM_GENERATED,MAGNITUDE_EVERY_OP,EXECUTE,BINARY_MAGNITUDE_LOCAL,STRUCTURAL_DECLARED_INTEGRATED,FULL_BINARY_MAGNITUDE,32,32,40384,6881,21,116,0,22,0,0,0,5,rapidly changing catalog and unsupported factor support,"Matched integrated binary SCALE/CANCEL/ADD baseline with the same overlapping arithmetic, control, status, and atomic-hold contract."
PAH-BUILD002-CONF0001,F,F-W4-SUPPORT-THRASH-DELAYED-REFRESH,BIN+VSC-S4,4,WARM_GENERATED,MAGNITUDE_EVERY_OP,INGRESS,REQUIRES_FACTOR_DISCOVERY,STRUCTURAL_DECLARED_INTEGRATED,FULL_BINARY_TO_EXACT_S4_LOAD,1,1,2307,0,2,0,1477,0,1,0,0,1,rapidly changing catalog and unsupported factor support,One integrated LOAD acquires exact S4 thresholds from the authoritative binary magnitude.
PAH-BUILD002-CONF0001,F,F-W4-SUPPORT-THRASH-DELAYED-REFRESH,BIN+VSC-S4,4,WARM_GENERATED,MAGNITUDE_EVERY_OP,EXECUTE,REPRESENTATION_LOCAL,STRUCTURAL_DECLARED_INTEGRATED,AUTHORITATIVE_MAGNITUDE_SOUND_LOWER_BOUNDS_VALID_FALSE,32,32,73824,10863,28,116,0,22,0,0,0,5,rapidly changing catalog and unsupported factor support,Integrated SCALE/CANCEL/ADD hardware preserves authoritative magnitude; addition retains only proven lower bounds unless the unequal-valuation theorem makes them exact.
PAH-BUILD002-CONF0001,F,F-W4-SUPPORT-THRASH-EAGER-REFRESH,BIN+VSC-S4,4,WARM_GENERATED,MAGNITUDE_EVERY_OP,INGRESS,REQUIRES_FACTOR_DISCOVERY,STRUCTURAL_DECLARED_INTEGRATED,FULL_BINARY_TO_EXACT_S4_LOAD,1,1,2307,0,2,0,1477,0,1,0,0,1,rapidly changing catalog and unsupported factor support,One integrated LOAD acquires exact S4 thresholds from the authoritative binary magnitude.
PAH-BUILD002-CONF0001,F,F-W4-SUPPORT-THRASH-EAGER-REFRESH,BIN+VSC-S4,4,WARM_GENERATED,MAGNITUDE_EVERY_OP,EXECUTE,REPRESENTATION_LOCAL,STRUCTURAL_DECLARED_INTEGRATED,AUTHORITATIVE_MAGNITUDE_EXACT_S4_SIDECAR,32,32,73824,10788,36,118,0,22,0,0,0,5,rapidly changing catalog and unsupported factor support,Integrated SCALE/CANCEL/ADD hardware preserves authoritative magnitude; addition retains only proven lower bounds unless the unequal-valuation theorem makes them exact.
PAH-BUILD002-CONF0001,F,F-W4-SUPPORT-THRASH-EAGER-REFRESH,BIN+VSC-S4,4,WARM_GENERATED,MAGNITUDE_EVERY_OP,ADDITION_RECOVERY,CROSS_REPRESENTATION,STRUCTURAL_DECLARED_INTEGRATED,EXACT_S4_REFRESH_FROM_AUTHORITATIVE_MAGNITUDE,4,4,9228,1609,10,10,0,0,0,0,4,5,rapidly changing catalog and unsupported factor support,Each refresh re-discovers exact S4 thresholds after an addition invalidated exact metadata.
PAH-BUILD002-CONF0001,R,R-W4-MAG-TO-BINEXP,VFU-BINEXP-S4,4,COLD_MAG,STRUCTURAL_FINAL,INGRESS,REQUIRES_FACTOR_DISCOVERY,STRUCTURAL_DECLARED_EXHAUSTIVE,EXACT_CATALOG_VALUATIONS_SUPPORT_TAGGED,16,16,2800,-1,0,-1,-1,0,16,0,0,,representation ablation,Cold magnitude encoder; unsupported cofactor support is explicit. Settled-transition aggregate is not pooled across invalid raw encodings.
PAH-BUILD002-CONF0001,R,R-W4-BINEXP-TO-MAG,VFU-BINEXP-S4,4,WARM_RESIDENT,MAGNITUDE_FINAL,EGRESS,CROSS_REPRESENTATION,STRUCTURAL_DECLARED_EXHAUSTIVE,FULL_EXACT_COMMON_W_BIT_DOMAIN,14,14,14294,-1,0,-1,-1,0,0,14,0,,representation ablation,"Structural decoder rejects malformed, saturated, and overflow states. Settled-transition aggregate is not pooled across invalid raw encodings."
PAH-BUILD002-CONF0001,R,R-W4-BINEXP-PRESENCE,PRESENCE-S4,4,WARM_RESIDENT,STRUCTURAL_FINAL,EXECUTE,REPRESENTATION_LOCAL,STRUCTURAL_DECLARED_EXHAUSTIVE,LOSSY_PRESENCE_PROJECTION,64,64,6272,-1,0,-1,-1,0,0,0,0,,representation ablation,Multiplicity is intentionally discarded and cannot support cancellation counts. Settled-transition aggregate is not pooled across invalid raw encodings.
PAH-BUILD002-CONF0001,R,R-W4-THERM-PRESENCE,PRESENCE-S4,4,WARM_RESIDENT,STRUCTURAL_FINAL,EXECUTE,REPRESENTATION_LOCAL,STRUCTURAL_DECLARED_EXHAUSTIVE,LOSSY_PRESENCE_PROJECTION,128,128,8704,-1,0,-1,-1,0,0,0,0,,representation ablation,Raw thermometer payloads are validated before presence projection. Settled-transition aggregate is not pooled across invalid raw encodings.
PAH-BUILD002-CONF0001,R,R-W4-BINEXP-TO-THERM,VFU-ENCODING-ADAPTER-S4,4,WARM_RESIDENT,STRUCTURAL_FINAL,EXECUTE,REPRESENTATION_LOCAL,STRUCTURAL_DECLARED_EXHAUSTIVE,EXHAUSTIVE_RAW_DOMAIN_CANONICAL_OR_REJECTED,2048,2048,268288,-1,0,-1,-1,0,0,0,0,,representation ablation,Same-cap exact and saturation-preserving conversion; no magnitude reconstruction. Settled-transition aggregate is not pooled across invalid raw encodings.
PAH-BUILD002-CONF0001,R,R-W4-THERM-TO-BINEXP,VFU-ENCODING-ADAPTER-S4,4,WARM_RESIDENT,STRUCTURAL_FINAL,EXECUTE,REPRESENTATION_LOCAL,STRUCTURAL_DECLARED_EXHAUSTIVE,LAYERED_EXHAUSTIVE_RAW_PAYLOAD_PLUS_LEGAL_SATURATION_MASKS,1040,1040,149760,-1,0,-1,-1,0,0,0,0,,representation ablation,Every raw threshold payload/zero pair is tested without saturation; every saturation mask is tested over every legal vector and zero. Non-monotone and malformed cases reject. Settled-transition aggregate is not pooled across invalid raw encodings.
PAH-BUILD002-CONF0001,A,A-W6-BIN-MULTIPLY-ALL,BIN-FU,6,COLD_MAG,MAGNITUDE_FINAL,EXECUTE,BINARY_MAGNITUDE_LOCAL,STRUCTURAL_DECLARED_OPERATION_ONLY,FULL_2W_PRODUCT,4096,4096,4718592,513314,0,8178,756,0,0,0,0,,all ordered W-bit magnitude pairs,Operation-only result; registered integrated cost is reported separately in static_costs.csv.
PAH-BUILD002-CONF0001,A,A-W6-BINEXP-COMPOSE-SMOOTH,VFU-BINEXP-S4,6,WARM_RESIDENT,STRUCTURAL_FINAL,EXECUTE,REPRESENTATION_LOCAL,STRUCTURAL_DECLARED,S4_SMOOTH_ONLY,1296,1296,1342656,156177,0,4436,641,0,0,0,0,,all ordered common-domain S4-smooth states,No magnitude requested; this row is not directly compared with MAGNITUDE_FINAL.
PAH-BUILD002-CONF0001,A,A-W6-THERM-COMPOSE-SMOOTH,VFU-THERM-S4,6,WARM_RESIDENT,STRUCTURAL_FINAL,EXECUTE,REPRESENTATION_LOCAL,STRUCTURAL_DECLARED,S4_SMOOTH_ONLY,1296,1296,672624,81083,0,5840,323,0,0,0,0,,all ordered common-domain S4-smooth states,Direct threshold convolution; no binary acquisition/reconstruction or DFF boundary.
PAH-BUILD002-CONF0001,A,A-W6-FIT_W_EXACT,VFU-BINEXP-S4-COLD-INTEGRATED,6,COLD_MAG,MAGNITUDE_FINAL,INGRESS,REQUIRES_FACTOR_DISCOVERY,STRUCTURAL_DECLARED_ADAPTER,TWO_EXACT_CATALOG_ENCODERS_SUPPORT_TAGGED,512,512,493568,-1,0,-1,-1,0,512,0,0,,FIT_W_EXACT,Both W-bit operands pay the implemented cold valuation acquisition path.
PAH-BUILD002-CONF0001,A,A-W6-FIT_W_EXACT,VFU-BINEXP-S4-COLD-INTEGRATED,6,COLD_MAG,MAGNITUDE_FINAL,EXECUTE,REPRESENTATION_LOCAL,STRUCTURAL_DECLARED_OPERATION_ONLY,FIT_W_EXACT,256,256,265216,-1,0,-1,-1,0,0,0,0,,FIT_W_EXACT,Native compose is charged after both cold encodes; persistent boundaries remain visible in static_costs.csv.
PAH-BUILD002-CONF0001,A,A-W6-FIT_W_EXACT,VFU-BINEXP-S4-COLD-INTEGRATED,6,COLD_MAG,MAGNITUDE_FINAL,EGRESS,CROSS_REPRESENTATION,STRUCTURAL_DECLARED_ADAPTER,EXACT_W_BIT_RECONSTRUCTION,256,256,1568768,-1,0,-1,-1,0,0,256,0,,FIT_W_EXACT,Every exact W-bit structural product pays the implemented reconstruction path.
PAH-BUILD002-CONF0001,A,A-W6-FIT_W_EXACT,BIN-FU,6,COLD_MAG,MAGNITUDE_FINAL,EXECUTE,BINARY_MAGNITUDE_LOCAL,STRUCTURAL_DECLARED_EXHAUSTIVE_CASE_COUNT,FULL_2W_PRODUCT,256,256,294912,-1,0,-1,-1,0,0,0,0,,FIT_W_EXACT,The conventional multiplier satisfies the full 2W product contract for the identical smooth-input cohort.
PAH-BUILD002-CONF0001,A,A-W6-FIT_2W_STRUCTURAL_UNSATURATED_OUTSIDE_W,VFU-BINEXP-S4-COLD-INTEGRATED,6,COLD_MAG,STRUCTURAL_FINAL,INGRESS,REQUIRES_FACTOR_DISCOVERY,STRUCTURAL_DECLARED_ADAPTER,TWO_EXACT_CATALOG_ENCODERS_SUPPORT_TAGGED,1582,1582,1525048,-1,0,-1,-1,0,1582,0,0,,FIT_2W_STRUCTURAL_UNSATURATED_OUTSIDE_W,Both W-bit operands pay the implemented cold valuation acquisition path.
PAH-BUILD002-CONF0001,A,A-W6-FIT_2W_STRUCTURAL_UNSATURATED_OUTSIDE_W,VFU-BINEXP-S4-COLD-INTEGRATED,6,COLD_MAG,STRUCTURAL_FINAL,EXECUTE,REPRESENTATION_LOCAL,STRUCTURAL_DECLARED_OPERATION_ONLY,FIT_2W_STRUCTURAL_UNSATURATED_OUTSIDE_W,791,791,819476,-1,0,-1,-1,0,0,0,0,,FIT_2W_STRUCTURAL_UNSATURATED_OUTSIDE_W,Native compose is charged after both cold encodes; persistent boundaries remain visible in static_costs.csv.
PAH-BUILD002-CONF0001,A,A-W6-FIT_2W_STRUCTURAL_UNSATURATED_OUTSIDE_W,VFU-BINEXP-S4-COLD-INTEGRATED,6,COLD_MAG,STRUCTURAL_FINAL,EGRESS,CROSS_REPRESENTATION,CONTRACT_LIMIT,NO_W_BIT_MAGNITUDE_FOR_2W_PRODUCT,0,0,-1,-1,0,-1,-1,0,0,0,0,,FIT_2W_STRUCTURAL_UNSATURATED_OUTSIDE_W,The frozen decoder has a W-bit magnitude port; a full 2W magnitude contract is unsupported and is not assigned zero cost.
PAH-BUILD002-CONF0001,A,A-W6-FIT_2W_STRUCTURAL_UNSATURATED_OUTSIDE_W,BIN-FU,6,COLD_MAG,MAGNITUDE_FINAL,EXECUTE,BINARY_MAGNITUDE_LOCAL,STRUCTURAL_DECLARED_EXHAUSTIVE_CASE_COUNT,FULL_2W_PRODUCT,791,791,911232,-1,0,-1,-1,0,0,0,0,,FIT_2W_STRUCTURAL_UNSATURATED_OUTSIDE_W,The conventional multiplier satisfies the full 2W product contract for the identical smooth-input cohort.
PAH-BUILD002-CONF0001,A,A-W6-FIT_2W_WITH_SATURATED_LANE,VFU-BINEXP-S4-COLD-INTEGRATED,6,COLD_MAG,STRUCTURAL_FINAL,INGRESS,REQUIRES_FACTOR_DISCOVERY,STRUCTURAL_DECLARED_ADAPTER,TWO_EXACT_CATALOG_ENCODERS_SUPPORT_TAGGED,498,498,480072,-1,0,-1,-1,0,498,0,0,,FIT_2W_WITH_SATURATED_LANE,Both W-bit operands pay the implemented cold valuation acquisition path.
PAH-BUILD002-CONF0001,A,A-W6-FIT_2W_WITH_SATURATED_LANE,VFU-BINEXP-S4-COLD-INTEGRATED,6,COLD_MAG,STRUCTURAL_FINAL,EXECUTE,REPRESENTATION_LOCAL,STRUCTURAL_DECLARED_OPERATION_ONLY,FIT_2W_WITH_SATURATED_LANE,249,249,257964,-1,0,-1,-1,0,0,0,0,,FIT_2W_WITH_SATURATED_LANE,Native compose is charged after both cold encodes; persistent boundaries remain visible in static_costs.csv.
PAH-BUILD002-CONF0001,A,A-W6-FIT_2W_WITH_SATURATED_LANE,VFU-BINEXP-S4-COLD-INTEGRATED,6,COLD_MAG,STRUCTURAL_FINAL,EGRESS,CROSS_REPRESENTATION,CONTRACT_LIMIT,NO_W_BIT_MAGNITUDE_FOR_2W_PRODUCT,0,0,-1,-1,0,-1,-1,0,0,0,0,,FIT_2W_WITH_SATURATED_LANE,The frozen decoder has a W-bit magnitude port; a full 2W magnitude contract is unsupported and is not assigned zero cost.
PAH-BUILD002-CONF0001,A,A-W6-FIT_2W_WITH_SATURATED_LANE,BIN-FU,6,COLD_MAG,MAGNITUDE_FINAL,EXECUTE,BINARY_MAGNITUDE_LOCAL,STRUCTURAL_DECLARED_EXHAUSTIVE_CASE_COUNT,FULL_2W_PRODUCT,249,249,286848,-1,0,-1,-1,0,0,0,0,,FIT_2W_WITH_SATURATED_LANE,The conventional multiplier satisfies the full 2W product contract for the identical smooth-input cohort.
PAH-BUILD002-CONF0001,B,B-W6-LEGAL-0,VFU-BINEXP-S4,6,WARM_GENERATED,STRUCTURAL_FINAL,EXECUTE,REPRESENTATION_LOCAL,STRUCTURAL_DECLARED_OPERATION_ONLY,S4_GENERATED_STATE_PERSISTENT_DFF_NOT_CHARGED,32,32,82560,6014,32,63,1635,0,0,0,0,"[0,0,0,0];sat=[false,false,false,false]",warm legal catalog scaling/cancellation,Shared VFU graph measured as an operation-only control; the integrated comparison uses VFU-BINEXP-S4-WARM.
PAH-BUILD002-CONF0001,B,B-W6-LEGAL-0,VFU-BINEXP-S4-WARM,6,WARM_GENERATED,STRUCTURAL_FINAL,EXECUTE,REPRESENTATION_LOCAL,STRUCTURAL_DECLARED_INTEGRATED_EXHAUSTIVE,FULL_EXACT_S4_GENERATED,32,32,25248,3379,32,31,506,0,0,0,0,"[0,0,0,0];sat=[false,false,false,false]",warm legal catalog scaling/cancellation,"Persistent DFFs and atomic hold are charged; required output conversion, if any, is a separate phase row."
PAH-BUILD002-CONF0001,B,B-W6-LEGAL-0,BIN-SCALE-CANCEL-WARM,6,WARM_GENERATED,STRUCTURAL_FINAL,EXECUTE,BINARY_MAGNITUDE_LOCAL,STRUCTURAL_DECLARED_INTEGRATED_EXHAUSTIVE,FULL_BINARY,32,32,74016,4681,64,31,1556,0,0,0,0,1,warm legal catalog scaling/cancellation,"Persistent DFFs and atomic hold are charged; required output conversion, if any, is a separate phase row."
PAH-BUILD002-CONF0001,B,B-W6-LEGAL-0,BIN-SCALE-CANCEL-WARM,6,WARM_GENERATED,STRUCTURAL_FINAL,EGRESS,REQUIRES_FACTOR_DISCOVERY,STRUCTURAL_DECLARED_ADAPTER,IMPLEMENTED_EXACT_ADAPTER,1,1,964,-1,0,-1,-1,0,1,0,0,,warm legal catalog scaling/cancellation,The binary result is converted to the exact requested S4 structural contract; support is known exact for this generated trace. Settled transitions are not aggregated; -1 denotes NOT_MEASURED.
PAH-BUILD002-CONF0001,B,B-W6-LEGAL-0,VFU-BINEXP-S4-WARM,6,WARM_GENERATED,MAGNITUDE_FINAL,EXECUTE,REPRESENTATION_LOCAL,STRUCTURAL_DECLARED_INTEGRATED_EXHAUSTIVE,FULL_EXACT_S4_GENERATED,32,32,25248,3379,32,31,506,0,0,0,0,"[0,0,0,0];sat=[false,false,false,false]",warm legal catalog scaling/cancellation,"Persistent DFFs and atomic hold are charged; required output conversion, if any, is a separate phase row."
PAH-BUILD002-CONF0001,B,B-W6-LEGAL-0,BIN-SCALE-CANCEL-WARM,6,WARM_GENERATED,MAGNITUDE_FINAL,EXECUTE,BINARY_MAGNITUDE_LOCAL,STRUCTURAL_DECLARED_INTEGRATED_EXHAUSTIVE,FULL_BINARY,32,32,74016,4681,64,31,1556,0,0,0,0,1,warm legal catalog scaling/cancellation,"Persistent DFFs and atomic hold are charged; required output conversion, if any, is a separate phase row."
PAH-BUILD002-CONF0001,B,B-W6-LEGAL-0,VFU-BINEXP-S4-WARM,6,WARM_GENERATED,MAGNITUDE_FINAL,EGRESS,CROSS_REPRESENTATION,STRUCTURAL_DECLARED_ADAPTER,IMPLEMENTED_EXACT_ADAPTER,1,1,6128,-1,0,-1,-1,0,0,1,0,,warm legal catalog scaling/cancellation,Exact structural state is reconstructed through the implemented NAND adapter. Settled transitions are not aggregated; -1 denotes NOT_MEASURED.
PAH-BUILD002-CONF0001,B,B-W6-LEGAL-0,VFU-BINEXP-S4-WARM,6,WARM_GENERATED,MAGNITUDE_EVERY_OP,EXECUTE,REPRESENTATION_LOCAL,STRUCTURAL_DECLARED_INTEGRATED_EXHAUSTIVE,FULL_EXACT_S4_GENERATED,32,32,25248,3379,32,31,506,0,0,0,0,"[0,0,0,0];sat=[false,false,false,false]",warm legal catalog scaling/cancellation,"Persistent DFFs and atomic hold are charged; required output conversion, if any, is a separate phase row."
PAH-BUILD002-CONF0001,B,B-W6-LEGAL-0,BIN-SCALE-CANCEL-WARM,6,WARM_GENERATED,MAGNITUDE_EVERY_OP,EXECUTE,BINARY_MAGNITUDE_LOCAL,STRUCTURAL_DECLARED_INTEGRATED_EXHAUSTIVE,FULL_BINARY,32,32,74016,4681,64,31,1556,0,0,0,0,1,warm legal catalog scaling/cancellation,"Persistent DFFs and atomic hold are charged; required output conversion, if any, is a separate phase row."
PAH-BUILD002-CONF0001,B,B-W6-LEGAL-0,VFU-BINEXP-S4-WARM,6,WARM_GENERATED,MAGNITUDE_EVERY_OP,EGRESS,CROSS_REPRESENTATION,STRUCTURAL_DECLARED_ADAPTER,IMPLEMENTED_EXACT_ADAPTER,32,32,196096,-1,0,-1,-1,0,0,32,0,,warm legal catalog scaling/cancellation,Exact structural state is reconstructed through the implemented NAND adapter. Settled transitions are not aggregated; -1 denotes NOT_MEASURED.
PAH-BUILD002-CONF0001,B,B-W6-LEGAL-1,VFU-BINEXP-S4,6,WARM_GENERATED,STRUCTURAL_FINAL,EXECUTE,REPRESENTATION_LOCAL,STRUCTURAL_DECLARED_OPERATION_ONLY,S4_GENERATED_STATE_PERSISTENT_DFF_NOT_CHARGED,32,32,82560,5859,32,63,1637,0,0,0,0,"[0,0,0,0];sat=[false,false,false,false]",warm legal catalog scaling/cancellation,Shared VFU graph measured as an operation-only control; the integrated comparison uses VFU-BINEXP-S4-WARM.
PAH-BUILD002-CONF0001,B,B-W6-LEGAL-1,VFU-BINEXP-S4-WARM,6,WARM_GENERATED,STRUCTURAL_FINAL,EXECUTE,REPRESENTATION_LOCAL,STRUCTURAL_DECLARED_INTEGRATED_EXHAUSTIVE,FULL_EXACT_S4_GENERATED,32,32,25248,2883,32,32,506,0,0,0,0,"[0,0,0,0];sat=[false,false,false,false]",warm legal catalog scaling/cancellation,"Persistent DFFs and atomic hold are charged; required output conversion, if any, is a separate phase row."
PAH-BUILD002-CONF0001,B,B-W6-LEGAL-1,BIN-SCALE-CANCEL-WARM,6,WARM_GENERATED,STRUCTURAL_FINAL,EXECUTE,BINARY_MAGNITUDE_LOCAL,STRUCTURAL_DECLARED_INTEGRATED_EXHAUSTIVE,FULL_BINARY,32,32,74016,5177,32,32,1528,0,0,0,0,1,warm legal catalog scaling/cancellation,"Persistent DFFs and atomic hold are charged; required output conversion, if any, is a separate phase row."
PAH-BUILD002-CONF0001,B,B-W6-LEGAL-1,BIN-SCALE-CANCEL-WARM,6,WARM_GENERATED,STRUCTURAL_FINAL,EGRESS,REQUIRES_FACTOR_DISCOVERY,STRUCTURAL_DECLARED_ADAPTER,IMPLEMENTED_EXACT_ADAPTER,1,1,964,-1,0,-1,-1,0,1,0,0,,warm legal catalog scaling/cancellation,The binary result is converted to the exact requested S4 structural contract; support is known exact for this generated trace. Settled transitions are not aggregated; -1 denotes NOT_MEASURED.
PAH-BUILD002-CONF0001,B,B-W6-LEGAL-1,VFU-BINEXP-S4-WARM,6,WARM_GENERATED,MAGNITUDE_FINAL,EXECUTE,REPRESENTATION_LOCAL,STRUCTURAL_DECLARED_INTEGRATED_EXHAUSTIVE,FULL_EXACT_S4_GENERATED,32,32,25248,2883,32,32,506,0,0,0,0,"[0,0,0,0];sat=[false,false,false,false]",warm legal catalog scaling/cancellation,"Persistent DFFs and atomic hold are charged; required output conversion, if any, is a separate phase row."
PAH-BUILD002-CONF0001,B,B-W6-LEGAL-1,BIN-SCALE-CANCEL-WARM,6,WARM_GENERATED,MAGNITUDE_FINAL,EXECUTE,BINARY_MAGNITUDE_LOCAL,STRUCTURAL_DECLARED_INTEGRATED_EXHAUSTIVE,FULL_BINARY,32,32,74016,5177,32,32,1528,0,0,0,0,1,warm legal catalog scaling/cancellation,"Persistent DFFs and atomic hold are charged; required output conversion, if any, is a separate phase row."
PAH-BUILD002-CONF0001,B,B-W6-LEGAL-1,VFU-BINEXP-S4-WARM,6,WARM_GENERATED,MAGNITUDE_FINAL,EGRESS,CROSS_REPRESENTATION,STRUCTURAL_DECLARED_ADAPTER,IMPLEMENTED_EXACT_ADAPTER,1,1,6128,-1,0,-1,-1,0,0,1,0,,warm legal catalog scaling/cancellation,Exact structural state is reconstructed through the implemented NAND adapter. Settled transitions are not aggregated; -1 denotes NOT_MEASURED.
PAH-BUILD002-CONF0001,B,B-W6-LEGAL-1,VFU-BINEXP-S4-WARM,6,WARM_GENERATED,MAGNITUDE_EVERY_OP,EXECUTE,REPRESENTATION_LOCAL,STRUCTURAL_DECLARED_INTEGRATED_EXHAUSTIVE,FULL_EXACT_S4_GENERATED,32,32,25248,2883,32,32,506,0,0,0,0,"[0,0,0,0];sat=[false,false,false,false]",warm legal catalog scaling/cancellation,"Persistent DFFs and atomic hold are charged; required output conversion, if any, is a separate phase row."
PAH-BUILD002-CONF0001,B,B-W6-LEGAL-1,BIN-SCALE-CANCEL-WARM,6,WARM_GENERATED,MAGNITUDE_EVERY_OP,EXECUTE,BINARY_MAGNITUDE_LOCAL,STRUCTURAL_DECLARED_INTEGRATED_EXHAUSTIVE,FULL_BINARY,32,32,74016,5177,32,32,1528,0,0,0,0,1,warm legal catalog scaling/cancellation,"Persistent DFFs and atomic hold are charged; required output conversion, if any, is a separate phase row."
PAH-BUILD002-CONF0001,B,B-W6-LEGAL-1,VFU-BINEXP-S4-WARM,6,WARM_GENERATED,MAGNITUDE_EVERY_OP,EGRESS,CROSS_REPRESENTATION,STRUCTURAL_DECLARED_ADAPTER,IMPLEMENTED_EXACT_ADAPTER,32,32,196096,-1,0,-1,-1,0,0,32,0,,warm legal catalog scaling/cancellation,Exact structural state is reconstructed through the implemented NAND adapter. Settled transitions are not aggregated; -1 denotes NOT_MEASURED.
PAH-BUILD002-CONF0001,B,B-W6-LEGAL-2,VFU-BINEXP-S4,6,WARM_GENERATED,STRUCTURAL_FINAL,EXECUTE,REPRESENTATION_LOCAL,STRUCTURAL_DECLARED_OPERATION_ONLY,S4_GENERATED_STATE_PERSISTENT_DFF_NOT_CHARGED,32,32,82560,7275,32,109,1635,0,0,0,0,"[0,0,0,0];sat=[false,false,false,false]",warm legal catalog scaling/cancellation,Shared VFU graph measured as an operation-only control; the integrated comparison uses VFU-BINEXP-S4-WARM.
PAH-BUILD002-CONF0001,B,B-W6-LEGAL-2,VFU-BINEXP-S4-WARM,6,WARM_GENERATED,STRUCTURAL_FINAL,EXECUTE,REPRESENTATION_LOCAL,STRUCTURAL_DECLARED_INTEGRATED_EXHAUSTIVE,FULL_EXACT_S4_GENERATED,32,32,25248,2855,32,46,506,0,0,0,0,"[0,0,0,0];sat=[false,false,false,false]",warm legal catalog scaling/cancellation,"Persistent DFFs and atomic hold are charged; required output conversion, if any, is a separate phase row."
PAH-BUILD002-CONF0001,B,B-W6-LEGAL-2,BIN-SCALE-CANCEL-WARM,6,WARM_GENERATED,STRUCTURAL_FINAL,EXECUTE,BINARY_MAGNITUDE_LOCAL,STRUCTURAL_DECLARED_INTEGRATED_EXHAUSTIVE,FULL_BINARY,32,32,74016,7687,48,46,1556,0,0,0,0,1,warm legal catalog scaling/cancellation,"Persistent DFFs and atomic hold are charged; required output conversion, if any, is a separate phase row."
PAH-BUILD002-CONF0001,B,B-W6-LEGAL-2,BIN-SCALE-CANCEL-WARM,6,WARM_GENERATED,STRUCTURAL_FINAL,EGRESS,REQUIRES_FACTOR_DISCOVERY,STRUCTURAL_DECLARED_ADAPTER,IMPLEMENTED_EXACT_ADAPTER,1,1,964,-1,0,-1,-1,0,1,0,0,,warm legal catalog scaling/cancellation,The binary result is converted to the exact requested S4 structural contract; support is known exact for this generated trace. Settled transitions are not aggregated; -1 denotes NOT_MEASURED.
PAH-BUILD002-CONF0001,B,B-W6-LEGAL-2,VFU-BINEXP-S4-WARM,6,WARM_GENERATED,MAGNITUDE_FINAL,EXECUTE,REPRESENTATION_LOCAL,STRUCTURAL_DECLARED_INTEGRATED_EXHAUSTIVE,FULL_EXACT_S4_GENERATED,32,32,25248,2855,32,46,506,0,0,0,0,"[0,0,0,0];sat=[false,false,false,false]",warm legal catalog scaling/cancellation,"Persistent DFFs and atomic hold are charged; required output conversion, if any, is a separate phase row."
PAH-BUILD002-CONF0001,B,B-W6-LEGAL-2,BIN-SCALE-CANCEL-WARM,6,WARM_GENERATED,MAGNITUDE_FINAL,EXECUTE,BINARY_MAGNITUDE_LOCAL,STRUCTURAL_DECLARED_INTEGRATED_EXHAUSTIVE,FULL_BINARY,32,32,74016,7687,48,46,1556,0,0,0,0,1,warm legal catalog scaling/cancellation,"Persistent DFFs and atomic hold are charged; required output conversion, if any, is a separate phase row."
PAH-BUILD002-CONF0001,B,B-W6-LEGAL-2,VFU-BINEXP-S4-WARM,6,WARM_GENERATED,MAGNITUDE_FINAL,EGRESS,CROSS_REPRESENTATION,STRUCTURAL_DECLARED_ADAPTER,IMPLEMENTED_EXACT_ADAPTER,1,1,6128,-1,0,-1,-1,0,0,1,0,,warm legal catalog scaling/cancellation,Exact structural state is reconstructed through the implemented NAND adapter. Settled transitions are not aggregated; -1 denotes NOT_MEASURED.
PAH-BUILD002-CONF0001,B,B-W6-LEGAL-2,VFU-BINEXP-S4-WARM,6,WARM_GENERATED,MAGNITUDE_EVERY_OP,EXECUTE,REPRESENTATION_LOCAL,STRUCTURAL_DECLARED_INTEGRATED_EXHAUSTIVE,FULL_EXACT_S4_GENERATED,32,32,25248,2855,32,46,506,0,0,0,0,"[0,0,0,0];sat=[false,false,false,false]",warm legal catalog scaling/cancellation,"Persistent DFFs and atomic hold are charged; required output conversion, if any, is a separate phase row."
PAH-BUILD002-CONF0001,B,B-W6-LEGAL-2,BIN-SCALE-CANCEL-WARM,6,WARM_GENERATED,MAGNITUDE_EVERY_OP,EXECUTE,BINARY_MAGNITUDE_LOCAL,STRUCTURAL_DECLARED_INTEGRATED_EXHAUSTIVE,FULL_BINARY,32,32,74016,7687,48,46,1556,0,0,0,0,1,warm legal catalog scaling/cancellation,"Persistent DFFs and atomic hold are charged; required output conversion, if any, is a separate phase row."
PAH-BUILD002-CONF0001,B,B-W6-LEGAL-2,VFU-BINEXP-S4-WARM,6,WARM_GENERATED,MAGNITUDE_EVERY_OP,EGRESS,CROSS_REPRESENTATION,STRUCTURAL_DECLARED_ADAPTER,IMPLEMENTED_EXACT_ADAPTER,32,32,196096,-1,0,-1,-1,0,0,32,0,,warm legal catalog scaling/cancellation,Exact structural state is reconstructed through the implemented NAND adapter. Settled transitions are not aggregated; -1 denotes NOT_MEASURED.
PAH-BUILD002-CONF0001,B,B-W6-LEGAL-3,VFU-BINEXP-S4,6,WARM_GENERATED,STRUCTURAL_FINAL,EXECUTE,REPRESENTATION_LOCAL,STRUCTURAL_DECLARED_OPERATION_ONLY,S4_GENERATED_STATE_PERSISTENT_DFF_NOT_CHARGED,32,32,82560,6087,32,93,1635,0,0,0,0,"[0,0,0,0];sat=[false,false,false,false]",warm legal catalog scaling/cancellation,Shared VFU graph measured as an operation-only control; the integrated comparison uses VFU-BINEXP-S4-WARM.
PAH-BUILD002-CONF0001,B,B-W6-LEGAL-3,VFU-BINEXP-S4-WARM,6,WARM_GENERATED,STRUCTURAL_FINAL,EXECUTE,REPRESENTATION_LOCAL,STRUCTURAL_DECLARED_INTEGRATED_EXHAUSTIVE,FULL_EXACT_S4_GENERATED,32,32,25248,2709,32,47,506,0,0,0,0,"[0,0,0,0];sat=[false,false,false,false]",warm legal catalog scaling/cancellation,"Persistent DFFs and atomic hold are charged; required output conversion, if any, is a separate phase row."
PAH-BUILD002-CONF0001,B,B-W6-LEGAL-3,BIN-SCALE-CANCEL-WARM,6,WARM_GENERATED,STRUCTURAL_FINAL,EXECUTE,BINARY_MAGNITUDE_LOCAL,STRUCTURAL_DECLARED_INTEGRATED_EXHAUSTIVE,FULL_BINARY,32,32,74016,8061,48,47,1534,0,0,0,0,1,warm legal catalog scaling/cancellation,"Persistent DFFs and atomic hold are charged; required output conversion, if any, is a separate phase row."
PAH-BUILD002-CONF0001,B,B-W6-LEGAL-3,BIN-SCALE-CANCEL-WARM,6,WARM_GENERATED,STRUCTURAL_FINAL,EGRESS,REQUIRES_FACTOR_DISCOVERY,STRUCTURAL_DECLARED_ADAPTER,IMPLEMENTED_EXACT_ADAPTER,1,1,964,-1,0,-1,-1,0,1,0,0,,warm legal catalog scaling/cancellation,The binary result is converted to the exact requested S4 structural contract; support is known exact for this generated trace. Settled transitions are not aggregated; -1 denotes NOT_MEASURED.
PAH-BUILD002-CONF0001,B,B-W6-LEGAL-3,VFU-BINEXP-S4-WARM,6,WARM_GENERATED,MAGNITUDE_FINAL,EXECUTE,REPRESENTATION_LOCAL,STRUCTURAL_DECLARED_INTEGRATED_EXHAUSTIVE,FULL_EXACT_S4_GENERATED,32,32,25248,2709,32,47,506,0,0,0,0,"[0,0,0,0];sat=[false,false,false,false]",warm legal catalog scaling/cancellation,"Persistent DFFs and atomic hold are charged; required output conversion, if any, is a separate phase row."
PAH-BUILD002-CONF0001,B,B-W6-LEGAL-3,BIN-SCALE-CANCEL-WARM,6,WARM_GENERATED,MAGNITUDE_FINAL,EXECUTE,BINARY_MAGNITUDE_LOCAL,STRUCTURAL_DECLARED_INTEGRATED_EXHAUSTIVE,FULL_BINARY,32,32,74016,8061,48,47,1534,0,0,0,0,1,warm legal catalog scaling/cancellation,"Persistent DFFs and atomic hold are charged; required output conversion, if any, is a separate phase row."
PAH-BUILD002-CONF0001,B,B-W6-LEGAL-3,VFU-BINEXP-S4-WARM,6,WARM_GENERATED,MAGNITUDE_FINAL,EGRESS,CROSS_REPRESENTATION,STRUCTURAL_DECLARED_ADAPTER,IMPLEMENTED_EXACT_ADAPTER,1,1,6128,-1,0,-1,-1,0,0,1,0,,warm legal catalog scaling/cancellation,Exact structural state is reconstructed through the implemented NAND adapter. Settled transitions are not aggregated; -1 denotes NOT_MEASURED.
PAH-BUILD002-CONF0001,B,B-W6-LEGAL-3,VFU-BINEXP-S4-WARM,6,WARM_GENERATED,MAGNITUDE_EVERY_OP,EXECUTE,REPRESENTATION_LOCAL,STRUCTURAL_DECLARED_INTEGRATED_EXHAUSTIVE,FULL_EXACT_S4_GENERATED,32,32,25248,2709,32,47,506,0,0,0,0,"[0,0,0,0];sat=[false,false,false,false]",warm legal catalog scaling/cancellation,"Persistent DFFs and atomic hold are charged; required output conversion, if any, is a separate phase row."
PAH-BUILD002-CONF0001,B,B-W6-LEGAL-3,BIN-SCALE-CANCEL-WARM,6,WARM_GENERATED,MAGNITUDE_EVERY_OP,EXECUTE,BINARY_MAGNITUDE_LOCAL,STRUCTURAL_DECLARED_INTEGRATED_EXHAUSTIVE,FULL_BINARY,32,32,74016,8061,48,47,1534,0,0,0,0,1,warm legal catalog scaling/cancellation,"Persistent DFFs and atomic hold are charged; required output conversion, if any, is a separate phase row."
PAH-BUILD002-CONF0001,B,B-W6-LEGAL-3,VFU-BINEXP-S4-WARM,6,WARM_GENERATED,MAGNITUDE_EVERY_OP,EGRESS,CROSS_REPRESENTATION,STRUCTURAL_DECLARED_ADAPTER,IMPLEMENTED_EXACT_ADAPTER,32,32,196096,-1,0,-1,-1,0,0,32,0,,warm legal catalog scaling/cancellation,Exact structural state is reconstructed through the implemented NAND adapter. Settled transitions are not aggregated; -1 denotes NOT_MEASURED.
PAH-BUILD002-CONF0001,B,B-W6-REJECT-0,VFU-BINEXP-S4,6,WARM_GENERATED,STRUCTURAL_FINAL,EXECUTE,REPRESENTATION_LOCAL,STRUCTURAL_DECLARED_OPERATION_ONLY,S4_GENERATED_STATE_PERSISTENT_DFF_NOT_CHARGED,32,32,82560,5870,31,63,1631,1,0,0,0,"[1,0,0,0];sat=[false,false,false,false]",atomic illegal cancellation,Shared VFU graph measured as an operation-only control; the integrated comparison uses VFU-BINEXP-S4-WARM.
PAH-BUILD002-CONF0001,B,B-W6-REJECT-0,VFU-BINEXP-S4-WARM,6,WARM_GENERATED,STRUCTURAL_FINAL,EXECUTE,REPRESENTATION_LOCAL,STRUCTURAL_DECLARED_INTEGRATED_EXHAUSTIVE,FULL_EXACT_S4_GENERATED,32,32,25248,3324,31,32,504,1,0,0,0,"[1,0,0,0];sat=[false,false,false,false]",atomic illegal cancellation,"Persistent DFFs and atomic hold are charged; required output conversion, if any, is a separate phase row."
PAH-BUILD002-CONF0001,B,B-W6-REJECT-0,BIN-SCALE-CANCEL-WARM,6,WARM_GENERATED,STRUCTURAL_FINAL,EXECUTE,BINARY_MAGNITUDE_LOCAL,STRUCTURAL_DECLARED_INTEGRATED_EXHAUSTIVE,FULL_BINARY,32,32,74016,4554,62,32,1554,1,0,0,0,2,atomic illegal cancellation,"Persistent DFFs and atomic hold are charged; required output conversion, if any, is a separate phase row."
PAH-BUILD002-CONF0001,B,B-W6-REJECT-0,BIN-SCALE-CANCEL-WARM,6,WARM_GENERATED,STRUCTURAL_FINAL,EGRESS,REQUIRES_FACTOR_DISCOVERY,STRUCTURAL_DECLARED_ADAPTER,IMPLEMENTED_EXACT_ADAPTER,1,1,964,-1,0,-1,-1,0,1,0,0,,atomic illegal cancellation,The binary result is converted to the exact requested S4 structural contract; support is known exact for this generated trace. Settled transitions are not aggregated; -1 denotes NOT_MEASURED.
PAH-BUILD002-CONF0001,B,B-W6-REJECT-0,VFU-BINEXP-S4-WARM,6,WARM_GENERATED,MAGNITUDE_FINAL,EXECUTE,REPRESENTATION_LOCAL,STRUCTURAL_DECLARED_INTEGRATED_EXHAUSTIVE,FULL_EXACT_S4_GENERATED,32,32,25248,3324,31,32,504,1,0,0,0,"[1,0,0,0];sat=[false,false,false,false]",atomic illegal cancellation,"Persistent DFFs and atomic hold are charged; required output conversion, if any, is a separate phase row."
PAH-BUILD002-CONF0001,B,B-W6-REJECT-0,BIN-SCALE-CANCEL-WARM,6,WARM_GENERATED,MAGNITUDE_FINAL,EXECUTE,BINARY_MAGNITUDE_LOCAL,STRUCTURAL_DECLARED_INTEGRATED_EXHAUSTIVE,FULL_BINARY,32,32,74016,4554,62,32,1554,1,0,0,0,2,atomic illegal cancellation,"Persistent DFFs and atomic hold are charged; required output conversion, if any, is a separate phase row."
PAH-BUILD002-CONF0001,B,B-W6-REJECT-0,VFU-BINEXP-S4-WARM,6,WARM_GENERATED,MAGNITUDE_FINAL,EGRESS,CROSS_REPRESENTATION,STRUCTURAL_DECLARED_ADAPTER,IMPLEMENTED_EXACT_ADAPTER,1,1,6128,-1,0,-1,-1,0,0,1,0,,atomic illegal cancellation,Exact structural state is reconstructed through the implemented NAND adapter. Settled transitions are not aggregated; -1 denotes NOT_MEASURED.
PAH-BUILD002-CONF0001,B,B-W6-REJECT-0,VFU-BINEXP-S4-WARM,6,WARM_GENERATED,MAGNITUDE_EVERY_OP,EXECUTE,REPRESENTATION_LOCAL,STRUCTURAL_DECLARED_INTEGRATED_EXHAUSTIVE,FULL_EXACT_S4_GENERATED,32,32,25248,3324,31,32,504,1,0,0,0,"[1,0,0,0];sat=[false,false,false,false]",atomic illegal cancellation,"Persistent DFFs and atomic hold are charged; required output conversion, if any, is a separate phase row."
PAH-BUILD002-CONF0001,B,B-W6-REJECT-0,BIN-SCALE-CANCEL-WARM,6,WARM_GENERATED,MAGNITUDE_EVERY_OP,EXECUTE,BINARY_MAGNITUDE_LOCAL,STRUCTURAL_DECLARED_INTEGRATED_EXHAUSTIVE,FULL_BINARY,32,32,74016,4554,62,32,1554,1,0,0,0,2,atomic illegal cancellation,"Persistent DFFs and atomic hold are charged; required output conversion, if any, is a separate phase row."
PAH-BUILD002-CONF0001,B,B-W6-REJECT-0,VFU-BINEXP-S4-WARM,6,WARM_GENERATED,MAGNITUDE_EVERY_OP,EGRESS,CROSS_REPRESENTATION,STRUCTURAL_DECLARED_ADAPTER,IMPLEMENTED_EXACT_ADAPTER,32,32,196096,-1,0,-1,-1,0,0,32,0,,atomic illegal cancellation,Exact structural state is reconstructed through the implemented NAND adapter. Settled transitions are not aggregated; -1 denotes NOT_MEASURED.
PAH-BUILD002-CONF0001,B,B-W6-REJECT-1,VFU-BINEXP-S4,6,WARM_GENERATED,STRUCTURAL_FINAL,EXECUTE,REPRESENTATION_LOCAL,STRUCTURAL_DECLARED_OPERATION_ONLY,S4_GENERATED_STATE_PERSISTENT_DFF_NOT_CHARGED,32,32,82560,5738,45,61,1637,1,0,0,0,"[0,1,0,0];sat=[false,false,false,false]",atomic illegal cancellation,Shared VFU graph measured as an operation-only control; the integrated comparison uses VFU-BINEXP-S4-WARM.
PAH-BUILD002-CONF0001,B,B-W6-REJECT-1,VFU-BINEXP-S4-WARM,6,WARM_GENERATED,STRUCTURAL_FINAL,EXECUTE,REPRESENTATION_LOCAL,STRUCTURAL_DECLARED_INTEGRATED_EXHAUSTIVE,FULL_EXACT_S4_GENERATED,32,32,25248,2560,45,17,506,1,0,0,0,"[0,1,0,0];sat=[false,false,false,false]",atomic illegal cancellation,"Persistent DFFs and atomic hold are charged; required output conversion, if any, is a separate phase row."
PAH-BUILD002-CONF0001,B,B-W6-REJECT-1,BIN-SCALE-CANCEL-WARM,6,WARM_GENERATED,STRUCTURAL_FINAL,EXECUTE,BINARY_MAGNITUDE_LOCAL,STRUCTURAL_DECLARED_INTEGRATED_EXHAUSTIVE,FULL_BINARY,32,32,74016,5248,45,17,1528,1,0,0,0,3,atomic illegal cancellation,"Persistent DFFs and atomic hold are charged; required output conversion, if any, is a separate phase row."
PAH-BUILD002-CONF0001,B,B-W6-REJECT-1,BIN-SCALE-CANCEL-WARM,6,WARM_GENERATED,STRUCTURAL_FINAL,EGRESS,REQUIRES_FACTOR_DISCOVERY,STRUCTURAL_DECLARED_ADAPTER,IMPLEMENTED_EXACT_ADAPTER,1,1,964,-1,0,-1,-1,0,1,0,0,,atomic illegal cancellation,The binary result is converted to the exact requested S4 structural contract; support is known exact for this generated trace. Settled transitions are not aggregated; -1 denotes NOT_MEASURED.
PAH-BUILD002-CONF0001,B,B-W6-REJECT-1,VFU-BINEXP-S4-WARM,6,WARM_GENERATED,MAGNITUDE_FINAL,EXECUTE,REPRESENTATION_LOCAL,STRUCTURAL_DECLARED_INTEGRATED_EXHAUSTIVE,FULL_EXACT_S4_GENERATED,32,32,25248,2560,45,17,506,1,0,0,0,"[0,1,0,0];sat=[false,false,false,false]",atomic illegal cancellation,"Persistent DFFs and atomic hold are charged; required output conversion, if any, is a separate phase row."
PAH-BUILD002-CONF0001,B,B-W6-REJECT-1,BIN-SCALE-CANCEL-WARM,6,WARM_GENERATED,MAGNITUDE_FINAL,EXECUTE,BINARY_MAGNITUDE_LOCAL,STRUCTURAL_DECLARED_INTEGRATED_EXHAUSTIVE,FULL_BINARY,32,32,74016,5248,45,17,1528,1,0,0,0,3,atomic illegal cancellation,"Persistent DFFs and atomic hold are charged; required output conversion, if any, is a separate phase row."
PAH-BUILD002-CONF0001,B,B-W6-REJECT-1,VFU-BINEXP-S4-WARM,6,WARM_GENERATED,MAGNITUDE_FINAL,EGRESS,CROSS_REPRESENTATION,STRUCTURAL_DECLARED_ADAPTER,IMPLEMENTED_EXACT_ADAPTER,1,1,6128,-1,0,-1,-1,0,0,1,0,,atomic illegal cancellation,Exact structural state is reconstructed through the implemented NAND adapter. Settled transitions are not aggregated; -1 denotes NOT_MEASURED.
PAH-BUILD002-CONF0001,B,B-W6-REJECT-1,VFU-BINEXP-S4-WARM,6,WARM_GENERATED,MAGNITUDE_EVERY_OP,EXECUTE,REPRESENTATION_LOCAL,STRUCTURAL_DECLARED_INTEGRATED_EXHAUSTIVE,FULL_EXACT_S4_GENERATED,32,32,25248,2560,45,17,506,1,0,0,0,"[0,1,0,0];sat=[false,false,false,false]",atomic illegal cancellation,"Persistent DFFs and atomic hold are charged; required output conversion, if any, is a separate phase row."
PAH-BUILD002-CONF0001,B,B-W6-REJECT-1,BIN-SCALE-CANCEL-WARM,6,WARM_GENERATED,MAGNITUDE_EVERY_OP,EXECUTE,BINARY_MAGNITUDE_LOCAL,STRUCTURAL_DECLARED_INTEGRATED_EXHAUSTIVE,FULL_BINARY,32,32,74016,5248,45,17,1528,1,0,0,0,3,atomic illegal cancellation,"Persistent DFFs and atomic hold are charged; required output conversion, if any, is a separate phase row."
PAH-BUILD002-CONF0001,B,B-W6-REJECT-1,VFU-BINEXP-S4-WARM,6,WARM_GENERATED,MAGNITUDE_EVERY_OP,EGRESS,CROSS_REPRESENTATION,STRUCTURAL_DECLARED_ADAPTER,IMPLEMENTED_EXACT_ADAPTER,32,32,196096,-1,0,-1,-1,0,0,32,0,,atomic illegal cancellation,Exact structural state is reconstructed through the implemented NAND adapter. Settled transitions are not aggregated; -1 denotes NOT_MEASURED.
PAH-BUILD002-CONF0001,B,B-W6-REJECT-2,VFU-BINEXP-S4,6,WARM_GENERATED,STRUCTURAL_FINAL,EXECUTE,REPRESENTATION_LOCAL,STRUCTURAL_DECLARED_OPERATION_ONLY,S4_GENERATED_STATE_PERSISTENT_DFF_NOT_CHARGED,32,32,82560,5886,16,64,1635,16,0,0,0,"[0,0,0,0];sat=[false,false,false,false]",atomic illegal cancellation,Shared VFU graph measured as an operation-only control; the integrated comparison uses VFU-BINEXP-S4-WARM.
PAH-BUILD002-CONF0001,B,B-W6-REJECT-2,VFU-BINEXP-S4-WARM,6,WARM_GENERATED,STRUCTURAL_FINAL,EXECUTE,REPRESENTATION_LOCAL,STRUCTURAL_DECLARED_INTEGRATED_EXHAUSTIVE,FULL_EXACT_S4_GENERATED,32,32,25248,2778,16,31,506,16,0,0,0,"[0,0,0,0];sat=[false,false,false,false]",atomic illegal cancellation,"Persistent DFFs and atomic hold are charged; required output conversion, if any, is a separate phase row."
PAH-BUILD002-CONF0001,B,B-W6-REJECT-2,BIN-SCALE-CANCEL-WARM,6,WARM_GENERATED,STRUCTURAL_FINAL,EXECUTE,BINARY_MAGNITUDE_LOCAL,STRUCTURAL_DECLARED_INTEGRATED_EXHAUSTIVE,FULL_BINARY,32,32,74016,5560,32,31,1556,16,0,0,0,1,atomic illegal cancellation,"Persistent DFFs and atomic hold are charged; required output conversion, if any, is a separate phase row."
PAH-BUILD002-CONF0001,B,B-W6-REJECT-2,BIN-SCALE-CANCEL-WARM,6,WARM_GENERATED,STRUCTURAL_FINAL,EGRESS,REQUIRES_FACTOR_DISCOVERY,STRUCTURAL_DECLARED_ADAPTER,IMPLEMENTED_EXACT_ADAPTER,1,1,964,-1,0,-1,-1,0,1,0,0,,atomic illegal cancellation,The binary result is converted to the exact requested S4 structural contract; support is known exact for this generated trace. Settled transitions are not aggregated; -1 denotes NOT_MEASURED.
PAH-BUILD002-CONF0001,B,B-W6-REJECT-2,VFU-BINEXP-S4-WARM,6,WARM_GENERATED,MAGNITUDE_FINAL,EXECUTE,REPRESENTATION_LOCAL,STRUCTURAL_DECLARED_INTEGRATED_EXHAUSTIVE,FULL_EXACT_S4_GENERATED,32,32,25248,2778,16,31,506,16,0,0,0,"[0,0,0,0];sat=[false,false,false,false]",atomic illegal cancellation,"Persistent DFFs and atomic hold are charged; required output conversion, if any, is a separate phase row."
PAH-BUILD002-CONF0001,B,B-W6-REJECT-2,BIN-SCALE-CANCEL-WARM,6,WARM_GENERATED,MAGNITUDE_FINAL,EXECUTE,BINARY_MAGNITUDE_LOCAL,STRUCTURAL_DECLARED_INTEGRATED_EXHAUSTIVE,FULL_BINARY,32,32,74016,5560,32,31,1556,16,0,0,0,1,atomic illegal cancellation,"Persistent DFFs and atomic hold are charged; required output conversion, if any, is a separate phase row."
PAH-BUILD002-CONF0001,B,B-W6-REJECT-2,VFU-BINEXP-S4-WARM,6,WARM_GENERATED,MAGNITUDE_FINAL,EGRESS,CROSS_REPRESENTATION,STRUCTURAL_DECLARED_ADAPTER,IMPLEMENTED_EXACT_ADAPTER,1,1,6128,-1,0,-1,-1,0,0,1,0,,atomic illegal cancellation,Exact structural state is reconstructed through the implemented NAND adapter. Settled transitions are not aggregated; -1 denotes NOT_MEASURED.
PAH-BUILD002-CONF0001,B,B-W6-REJECT-2,VFU-BINEXP-S4-WARM,6,WARM_GENERATED,MAGNITUDE_EVERY_OP,EXECUTE,REPRESENTATION_LOCAL,STRUCTURAL_DECLARED_INTEGRATED_EXHAUSTIVE,FULL_EXACT_S4_GENERATED,32,32,25248,2778,16,31,506,16,0,0,0,"[0,0,0,0];sat=[false,false,false,false]",atomic illegal cancellation,"Persistent DFFs and atomic hold are charged; required output conversion, if any, is a separate phase row."
PAH-BUILD002-CONF0001,B,B-W6-REJECT-2,BIN-SCALE-CANCEL-WARM,6,WARM_GENERATED,MAGNITUDE_EVERY_OP,EXECUTE,BINARY_MAGNITUDE_LOCAL,STRUCTURAL_DECLARED_INTEGRATED_EXHAUSTIVE,FULL_BINARY,32,32,74016,5560,32,31,1556,16,0,0,0,1,atomic illegal cancellation,"Persistent DFFs and atomic hold are charged; required output conversion, if any, is a separate phase row."
PAH-BUILD002-CONF0001,B,B-W6-REJECT-2,VFU-BINEXP-S4-WARM,6,WARM_GENERATED,MAGNITUDE_EVERY_OP,EGRESS,CROSS_REPRESENTATION,STRUCTURAL_DECLARED_ADAPTER,IMPLEMENTED_EXACT_ADAPTER,32,32,196096,-1,0,-1,-1,0,0,32,0,,atomic illegal cancellation,Exact structural state is reconstructed through the implemented NAND adapter. Settled transitions are not aggregated; -1 denotes NOT_MEASURED.
PAH-BUILD002-CONF0001,B,B-W6-REJECT-3,VFU-BINEXP-S4,6,WARM_GENERATED,STRUCTURAL_FINAL,EXECUTE,REPRESENTATION_LOCAL,STRUCTURAL_DECLARED_OPERATION_ONLY,S4_GENERATED_STATE_PERSISTENT_DFF_NOT_CHARGED,32,32,82560,5020,24,69,1635,8,0,0,0,"[0,0,0,0];sat=[false,false,false,false]",atomic illegal cancellation,Shared VFU graph measured as an operation-only control; the integrated comparison uses VFU-BINEXP-S4-WARM.
PAH-BUILD002-CONF0001,B,B-W6-REJECT-3,VFU-BINEXP-S4-WARM,6,WARM_GENERATED,STRUCTURAL_FINAL,EXECUTE,REPRESENTATION_LOCAL,STRUCTURAL_DECLARED_INTEGRATED_EXHAUSTIVE,FULL_EXACT_S4_GENERATED,32,32,25248,2678,24,39,505,8,0,0,0,"[0,0,0,0];sat=[false,false,false,false]",atomic illegal cancellation,"Persistent DFFs and atomic hold are charged; required output conversion, if any, is a separate phase row."
PAH-BUILD002-CONF0001,B,B-W6-REJECT-3,BIN-SCALE-CANCEL-WARM,6,WARM_GENERATED,STRUCTURAL_FINAL,EXECUTE,BINARY_MAGNITUDE_LOCAL,STRUCTURAL_DECLARED_INTEGRATED_EXHAUSTIVE,FULL_BINARY,32,32,74016,5895,40,39,1504,8,0,0,0,1,atomic illegal cancellation,"Persistent DFFs and atomic hold are charged; required output conversion, if any, is a separate phase row."
PAH-BUILD002-CONF0001,B,B-W6-REJECT-3,BIN-SCALE-CANCEL-WARM,6,WARM_GENERATED,STRUCTURAL_FINAL,EGRESS,REQUIRES_FACTOR_DISCOVERY,STRUCTURAL_DECLARED_ADAPTER,IMPLEMENTED_EXACT_ADAPTER,1,1,964,-1,0,-1,-1,0,1,0,0,,atomic illegal cancellation,The binary result is converted to the exact requested S4 structural contract; support is known exact for this generated trace. Settled transitions are not aggregated; -1 denotes NOT_MEASURED.
PAH-BUILD002-CONF0001,B,B-W6-REJECT-3,VFU-BINEXP-S4-WARM,6,WARM_GENERATED,MAGNITUDE_FINAL,EXECUTE,REPRESENTATION_LOCAL,STRUCTURAL_DECLARED_INTEGRATED_EXHAUSTIVE,FULL_EXACT_S4_GENERATED,32,32,25248,2678,24,39,505,8,0,0,0,"[0,0,0,0];sat=[false,false,false,false]",atomic illegal cancellation,"Persistent DFFs and atomic hold are charged; required output conversion, if any, is a separate phase row."
PAH-BUILD002-CONF0001,B,B-W6-REJECT-3,BIN-SCALE-CANCEL-WARM,6,WARM_GENERATED,MAGNITUDE_FINAL,EXECUTE,BINARY_MAGNITUDE_LOCAL,STRUCTURAL_DECLARED_INTEGRATED_EXHAUSTIVE,FULL_BINARY,32,32,74016,5895,40,39,1504,8,0,0,0,1,atomic illegal cancellation,"Persistent DFFs and atomic hold are charged; required output conversion, if any, is a separate phase row."
PAH-BUILD002-CONF0001,B,B-W6-REJECT-3,VFU-BINEXP-S4-WARM,6,WARM_GENERATED,MAGNITUDE_FINAL,EGRESS,CROSS_REPRESENTATION,STRUCTURAL_DECLARED_ADAPTER,IMPLEMENTED_EXACT_ADAPTER,1,1,6128,-1,0,-1,-1,0,0,1,0,,atomic illegal cancellation,Exact structural state is reconstructed through the implemented NAND adapter. Settled transitions are not aggregated; -1 denotes NOT_MEASURED.
PAH-BUILD002-CONF0001,B,B-W6-REJECT-3,VFU-BINEXP-S4-WARM,6,WARM_GENERATED,MAGNITUDE_EVERY_OP,EXECUTE,REPRESENTATION_LOCAL,STRUCTURAL_DECLARED_INTEGRATED_EXHAUSTIVE,FULL_EXACT_S4_GENERATED,32,32,25248,2678,24,39,505,8,0,0,0,"[0,0,0,0];sat=[false,false,false,false]",atomic illegal cancellation,"Persistent DFFs and atomic hold are charged; required output conversion, if any, is a separate phase row."
PAH-BUILD002-CONF0001,B,B-W6-REJECT-3,BIN-SCALE-CANCEL-WARM,6,WARM_GENERATED,MAGNITUDE_EVERY_OP,EXECUTE,BINARY_MAGNITUDE_LOCAL,STRUCTURAL_DECLARED_INTEGRATED_EXHAUSTIVE,FULL_BINARY,32,32,74016,5895,40,39,1504,8,0,0,0,1,atomic illegal cancellation,"Persistent DFFs and atomic hold are charged; required output conversion, if any, is a separate phase row."
PAH-BUILD002-CONF0001,B,B-W6-REJECT-3,VFU-BINEXP-S4-WARM,6,WARM_GENERATED,MAGNITUDE_EVERY_OP,EGRESS,CROSS_REPRESENTATION,STRUCTURAL_DECLARED_ADAPTER,IMPLEMENTED_EXACT_ADAPTER,32,32,196096,-1,0,-1,-1,0,0,32,0,,atomic illegal cancellation,Exact structural state is reconstructed through the implemented NAND adapter. Settled transitions are not aggregated; -1 denotes NOT_MEASURED.
PAH-BUILD002-CONF0001,C,C-W6-BIN-GCD-ALL,BIN-GCD,6,COLD_MAG,MAGNITUDE_FINAL,EXECUTE,BINARY_MAGNITUDE_LOCAL,SEMANTIC_STEP_PLUS_STRUCTURAL_DECLARED,FULL_BINARY_TRANSITIONS_NOT_MEASURED,4096,52078,33121608,-1,-1,-1,-1,0,0,0,0,,all ordered W-bit magnitude pairs,Cycle/NAND-evaluation totals are exact for the checked transition; settled transition replay is NOT_MEASURED.
PAH-BUILD002-CONF0001,C,C-W6-BIN-DIVIDES-ALL,BIN-DIV,6,COLD_MAG,PREDICATE_ONLY,EXECUTE,BINARY_MAGNITUDE_LOCAL,STRUCTURAL_DECLARED,FULL_BINARY,4096,4096,4182016,648768,0,8178,709,0,0,0,0,,all ordered W-bit magnitude pairs,The full restoring divider is charged for the conventional exact-divisibility predicate.
PAH-BUILD002-CONF0001,C,C-W6-BIN-LCM-ALL,BIN-GCD+DIV+MUL,6,COLD_MAG,MAGNITUDE_FINAL,EXECUTE,BINARY_MAGNITUDE_LOCAL,COMPOSITE_STRUCTURAL_DECLARED,FULL_BINARY_2W_RESULT_TRANSITIONS_NOT_MEASURED,4096,60016,41746245,-1,-1,-1,-1,0,0,0,0,,all ordered W-bit magnitude pairs,"Exact 2W LCM semantics; GCD/divider/multiplier costs are charged, while composite settled transitions remain explicit NOT_MEASURED."
PAH-BUILD002-CONF0001,C,C-W6-BINEXP-MEET-SMOOTH,VFU-BINEXP-S4,6,WARM_RESIDENT,STRUCTURAL_FINAL,EXECUTE,REPRESENTATION_LOCAL,STRUCTURAL_DECLARED,S4_SMOOTH_ONLY,1296,1296,1210464,128757,0,4436,575,0,0,0,0,,S4-smooth GCD as componentwise meet,This is not a full binary GCD for unsupported cofactors.
PAH-BUILD002-CONF0001,C,C-W6-BINEXP-JOIN-SMOOTH,VFU-BINEXP-S4,6,WARM_RESIDENT,STRUCTURAL_FINAL,EXECUTE,REPRESENTATION_LOCAL,STRUCTURAL_DECLARED,S4_SMOOTH_ONLY,1296,1296,1211760,140916,0,4436,575,0,0,0,0,,S4-smooth LCM as componentwise join,This is not a full binary LCM for unsupported cofactors.
PAH-BUILD002-CONF0001,C,C-W6-BINEXP-DIVIDES-SMOOTH,VFU-BINEXP-S4,6,WARM_RESIDENT,PREDICATE_ONLY,EXECUTE,REPRESENTATION_LOCAL,STRUCTURAL_DECLARED,S4_SMOOTH_ONLY,1296,1296,1067904,114200,0,4436,513,0,0,0,0,,S4-smooth divisibility predicate,Same predicate-only obligation as the charged binary divider row.
PAH-BUILD002-CONF0001,C,C-W6-SIDECAR-LOAD-ALL,BIN+VSC-S4,6,COLD_MAG,PREDICATE_ONLY,INGRESS,REQUIRES_FACTOR_DISCOVERY,STRUCTURAL_DECLARED_INTEGRATED,FULL_BINARY_TO_EXACT_S4,64,64,360832,15826,0,121,3489,0,0,0,0,,one exact sidecar acquisition per W-bit magnitude,Cold predicate use pays integrated factor-discovery/load cost before queries.
PAH-BUILD002-CONF0001,C,C-W6-SIDECAR-QUERY-ALL,BIN+VSC-S4,6,WARM_RESIDENT,PREDICATE_ONLY,EXECUTE,REPRESENTATION_LOCAL,STRUCTURAL_DECLARED_INTEGRATED,FULL_BINARY_MAGNITUDE_EXACT_S4_SIDECAR,768,768,4329984,135894,364,1662,3482,0,0,0,0,,every S4 threshold query from every exact state,Warm query retains authoritative magnitude; the whole integrated sidecar graph is charged each cycle.
PAH-BUILD002-CONF0001,D,D-W6-0,BIN-GCD+DIV,6,COLD_MAG,MAGNITUDE_FINAL,EXECUTE,BINARY_MAGNITUDE_LOCAL,SEMANTIC_STEP_PLUS_STRUCTURAL_DECLARED,FULLY_REDUCED_BINARY_TRANSITIONS_NOT_MEASURED,3,6,4586,-1,-1,-1,-1,0,0,0,0,3/2,catalog-smooth common factor,GCD cycles and NAND evaluations are exact; end-to-end settled transitions are NOT_MEASURED.
PAH-BUILD002-CONF0001,D,D-W6-0-STRUCTURAL,VFU-BINEXP-S4-RATIONAL,6,WARM_RESIDENT,STRUCTURAL_FINAL,EXECUTE,REPRESENTATION_LOCAL,COMPOSITE_STRUCTURAL_DECLARED,FULLY_REDUCED_S4_STRUCTURAL,3,3,2544,1568,0,-1,-1,0,0,0,0,"[0,1,0,0];sat=[false,false,false,false]/[1,0,0,0];sat=[false,false,false,false]",catalog-smooth common factor,MEET plus two checked CANCEL operations fully reduce this S4-supported rational; integrated rational DFF/control is not included.
PAH-BUILD002-CONF0001,D,D-W6-1,BIN-GCD+DIV,6,COLD_MAG,MAGNITUDE_FINAL,EXECUTE,BINARY_MAGNITUDE_LOCAL,SEMANTIC_STEP_PLUS_STRUCTURAL_DECLARED,FULLY_REDUCED_BINARY_TRANSITIONS_NOT_MEASURED,3,6,4586,-1,-1,-1,-1,0,0,0,0,3/2,catalog-smooth common factor,GCD cycles and NAND evaluations are exact; end-to-end settled transitions are NOT_MEASURED.
PAH-BUILD002-CONF0001,D,D-W6-1-STRUCTURAL,VFU-BINEXP-S4-RATIONAL,6,WARM_RESIDENT,STRUCTURAL_FINAL,EXECUTE,REPRESENTATION_LOCAL,COMPOSITE_STRUCTURAL_DECLARED,FULLY_REDUCED_S4_STRUCTURAL,3,3,2544,1555,0,-1,-1,0,0,0,0,"[0,1,0,0];sat=[false,false,false,false]/[1,0,0,0];sat=[false,false,false,false]",catalog-smooth common factor,MEET plus two checked CANCEL operations fully reduce this S4-supported rational; integrated rational DFF/control is not included.
PAH-BUILD002-CONF0001,D,D-W6-2,BIN-GCD+DIV,6,COLD_MAG,MAGNITUDE_FINAL,EXECUTE,BINARY_MAGNITUDE_LOCAL,SEMANTIC_STEP_PLUS_STRUCTURAL_DECLARED,FULLY_REDUCED_BINARY_TRANSITIONS_NOT_MEASURED,3,6,4586,-1,-1,-1,-1,0,0,0,0,2/3,mixed catalog support,GCD cycles and NAND evaluations are exact; end-to-end settled transitions are NOT_MEASURED.
PAH-BUILD002-CONF0001,D,D-W6-2-STRUCTURAL,VFU-BINEXP-S4-RATIONAL,6,WARM_RESIDENT,STRUCTURAL_FINAL,EXECUTE,REPRESENTATION_LOCAL,COMPOSITE_STRUCTURAL_DECLARED,FULLY_REDUCED_S4_STRUCTURAL,3,3,2544,1556,0,-1,-1,0,0,0,0,"[1,0,0,0];sat=[false,false,false,false]/[0,1,0,0];sat=[false,false,false,false]",mixed catalog support,MEET plus two checked CANCEL operations fully reduce this S4-supported rational; integrated rational DFF/control is not included.
PAH-BUILD002-CONF0001,D,D-W6-3,BIN-GCD+DIV,6,COLD_MAG,MAGNITUDE_FINAL,EXECUTE,BINARY_MAGNITUDE_LOCAL,SEMANTIC_STEP_PLUS_STRUCTURAL_DECLARED,FULLY_REDUCED_BINARY_TRANSITIONS_NOT_MEASURED,3,8,5858,-1,-1,-1,-1,0,0,0,0,7/5,catalog-smooth common factor,GCD cycles and NAND evaluations are exact; end-to-end settled transitions are NOT_MEASURED.
PAH-BUILD002-CONF0001,D,D-W6-3-STRUCTURAL,VFU-BINEXP-S4-RATIONAL,6,WARM_RESIDENT,STRUCTURAL_FINAL,EXECUTE,REPRESENTATION_LOCAL,COMPOSITE_STRUCTURAL_DECLARED,FULLY_REDUCED_S4_STRUCTURAL,3,3,2544,1573,0,-1,-1,0,0,0,0,"[0,0,0,1];sat=[false,false,false,false]/[0,0,1,0];sat=[false,false,false,false]",catalog-smooth common factor,MEET plus two checked CANCEL operations fully reduce this S4-supported rational; integrated rational DFF/control is not included.
PAH-BUILD002-CONF0001,D,D-W6-4,BIN-GCD+DIV,6,COLD_MAG,MAGNITUDE_FINAL,EXECUTE,BINARY_MAGNITUDE_LOCAL,SEMANTIC_STEP_PLUS_STRUCTURAL_DECLARED,FULLY_REDUCED_BINARY_TRANSITIONS_NOT_MEASURED,3,6,4586,-1,-1,-1,-1,0,0,0,0,2/3,shared unsupported prime 11,GCD cycles and NAND evaluations are exact; end-to-end settled transitions are NOT_MEASURED.
PAH-BUILD002-CONF0001,D,D-W6-4-STRUCTURAL,VFU-BINEXP-S4-RATIONAL,6,WARM_RESIDENT,STRUCTURAL_FINAL,EXECUTE,REPRESENTATION_LOCAL,COMPOSITE_STRUCTURAL_DECLARED,CATALOG_PROJECTION_ONLY,3,3,2544,1592,0,-1,-1,0,0,0,0,"[1,0,0,0];sat=[false,false,false,false]/[0,1,0,0];sat=[false,false,false,false]",shared unsupported prime 11,"MEET plus two checked CANCEL operations remove only catalog factors; an unsupported shared cofactor can remain, so this is not a fully reduced rational."
PAH-BUILD002-CONF0001,D,D-W6-5,BIN-GCD+DIV,6,COLD_MAG,MAGNITUDE_FINAL,EXECUTE,BINARY_MAGNITUDE_LOCAL,SEMANTIC_STEP_PLUS_STRUCTURAL_DECLARED,FULLY_REDUCED_BINARY_TRANSITIONS_NOT_MEASURED,3,6,4586,-1,-1,-1,-1,0,0,0,0,2/3,shared unsupported prime 13,GCD cycles and NAND evaluations are exact; end-to-end settled transitions are NOT_MEASURED.
PAH-BUILD002-CONF0001,D,D-W6-5-STRUCTURAL,VFU-BINEXP-S4-RATIONAL,6,WARM_RESIDENT,STRUCTURAL_FINAL,EXECUTE,REPRESENTATION_LOCAL,COMPOSITE_STRUCTURAL_DECLARED,CATALOG_PROJECTION_ONLY,3,3,2544,1592,0,-1,-1,0,0,0,0,"[1,0,0,0];sat=[false,false,false,false]/[0,1,0,0];sat=[false,false,false,false]",shared unsupported prime 13,"MEET plus two checked CANCEL operations remove only catalog factors; an unsupported shared cofactor can remain, so this is not a fully reduced rational."
PAH-BUILD002-CONF0001,D,D-W6-6,BIN-GCD+DIV,6,COLD_MAG,MAGNITUDE_FINAL,EXECUTE,BINARY_MAGNITUDE_LOCAL,SEMANTIC_STEP_PLUS_STRUCTURAL_DECLARED,FULLY_REDUCED_BINARY_TRANSITIONS_NOT_MEASURED,3,6,4586,-1,-1,-1,-1,0,0,0,0,2/3,shared unsupported prime 17,GCD cycles and NAND evaluations are exact; end-to-end settled transitions are NOT_MEASURED.
PAH-BUILD002-CONF0001,D,D-W6-6-STRUCTURAL,VFU-BINEXP-S4-RATIONAL,6,WARM_RESIDENT,STRUCTURAL_FINAL,EXECUTE,REPRESENTATION_LOCAL,COMPOSITE_STRUCTURAL_DECLARED,CATALOG_PROJECTION_ONLY,3,3,2544,1592,0,-1,-1,0,0,0,0,"[1,0,0,0];sat=[false,false,false,false]/[0,1,0,0];sat=[false,false,false,false]",shared unsupported prime 17,"MEET plus two checked CANCEL operations remove only catalog factors; an unsupported shared cofactor can remain, so this is not a fully reduced rational."
PAH-BUILD002-CONF0001,D,D-W6-7,BIN-GCD+DIV,6,COLD_MAG,MAGNITUDE_FINAL,EXECUTE,BINARY_MAGNITUDE_LOCAL,SEMANTIC_STEP_PLUS_STRUCTURAL_DECLARED,FULLY_REDUCED_BINARY_TRANSITIONS_NOT_MEASURED,3,4,3314,-1,-1,-1,-1,0,0,0,0,0/1,zero numerator,GCD cycles and NAND evaluations are exact; end-to-end settled transitions are NOT_MEASURED.
PAH-BUILD002-CONF0001,D,D-W6-7-STRUCTURAL,VFU-BINEXP-S4-RATIONAL,6,WARM_RESIDENT,STRUCTURAL_FINAL,EXECUTE,REPRESENTATION_LOCAL,COMPOSITE_STRUCTURAL_DECLARED,CATALOG_PROJECTION_ONLY,3,3,2544,1594,0,-1,-1,0,0,0,0,"zero/[0,0,0,0];sat=[false,false,false,false]",zero numerator,"MEET plus two checked CANCEL operations remove only catalog factors; an unsupported shared cofactor can remain, so this is not a fully reduced rational."
PAH-BUILD002-CONF0001,D,D-W6-8,BIN-GCD+DIV,6,COLD_MAG,MAGNITUDE_FINAL,EXECUTE,BINARY_MAGNITUDE_LOCAL,STRUCTURAL_DECLARED,REJECTED_DENOMINATOR_ZERO,1,1,0,-1,-1,-1,-1,1,0,0,0,,denominator-zero atomic rejection boundary,Denominator-zero rejection is atomic; no divide circuit is executed.
PAH-BUILD002-CONF0001,D,D-W6-8-STRUCTURAL,VFU-BINEXP-S4-RATIONAL,6,WARM_RESIDENT,STRUCTURAL_FINAL,EXECUTE,REPRESENTATION_LOCAL,SEMANTIC_REJECTION,REJECTED_DENOMINATOR_ZERO,1,1,0,0,0,-1,-1,1,0,0,0,,denominator-zero atomic rejection boundary,Denominator-zero rejection occurs before a structural datapath operation; controller static cost is reported as NOT_MEASURED.
PAH-BUILD002-CONF0001,E,E-W6-0-BASELINE,BIN-MIXED-WARM,6,WARM_GENERATED,MAGNITUDE_EVERY_OP,INGRESS,BINARY_MAGNITUDE_LOCAL,STRUCTURAL_DECLARED_INTEGRATED,DIRECT_BINARY_LOAD,1,1,2532,0,1,0,1698,0,1,0,0,1,unequal 2-adic valuations,Matched integrated binary LOAD; no valuation acquisition is performed.
PAH-BUILD002-CONF0001,E,E-W6-0-BASELINE,BIN-MIXED-WARM,6,WARM_GENERATED,MAGNITUDE_EVERY_OP,EXECUTE,BINARY_MAGNITUDE_LOCAL,STRUCTURAL_DECLARED_INTEGRATED,FULL_BINARY_MAGNITUDE,5,5,12660,1084,11,13,0,0,0,0,0,10,unequal 2-adic valuations,"Matched integrated binary SCALE/CANCEL/ADD baseline with the same overlapping arithmetic, control, status, and atomic-hold contract."
PAH-BUILD002-CONF0001,E,E-W6-0-DELAYED-REFRESH,BIN+VSC-S4,6,WARM_GENERATED,MAGNITUDE_EVERY_OP,INGRESS,REQUIRES_FACTOR_DISCOVERY,STRUCTURAL_DECLARED_INTEGRATED,FULL_BINARY_TO_EXACT_S4_LOAD,1,1,5638,0,2,0,3509,0,1,0,0,1,unequal 2-adic valuations,One integrated LOAD acquires exact S4 thresholds from the authoritative binary magnitude.
PAH-BUILD002-CONF0001,E,E-W6-0-DELAYED-REFRESH,BIN+VSC-S4,6,WARM_GENERATED,MAGNITUDE_EVERY_OP,EXECUTE,REPRESENTATION_LOCAL,STRUCTURAL_DECLARED_INTEGRATED,AUTHORITATIVE_MAGNITUDE_SOUND_LOWER_BOUNDS_VALID_FALSE,5,5,28190,2994,17,13,0,0,0,0,0,10,unequal 2-adic valuations,Integrated SCALE/CANCEL/ADD hardware preserves authoritative magnitude; addition retains only proven lower bounds unless the unequal-valuation theorem makes them exact.
PAH-BUILD002-CONF0001,E,E-W6-0-EAGER-REFRESH,BIN+VSC-S4,6,WARM_GENERATED,MAGNITUDE_EVERY_OP,INGRESS,REQUIRES_FACTOR_DISCOVERY,STRUCTURAL_DECLARED_INTEGRATED,FULL_BINARY_TO_EXACT_S4_LOAD,1,1,5638,0,2,0,3509,0,1,0,0,1,unequal 2-adic valuations,One integrated LOAD acquires exact S4 thresholds from the authoritative binary magnitude.
PAH-BUILD002-CONF0001,E,E-W6-0-EAGER-REFRESH,BIN+VSC-S4,6,WARM_GENERATED,MAGNITUDE_EVERY_OP,EXECUTE,REPRESENTATION_LOCAL,STRUCTURAL_DECLARED_INTEGRATED,AUTHORITATIVE_MAGNITUDE_EXACT_S4_SIDECAR,5,5,28190,2430,17,11,0,0,0,0,0,10,unequal 2-adic valuations,Integrated SCALE/CANCEL/ADD hardware preserves authoritative magnitude; addition retains only proven lower bounds unless the unequal-valuation theorem makes them exact.
PAH-BUILD002-CONF0001,E,E-W6-0-EAGER-REFRESH,BIN+VSC-S4,6,WARM_GENERATED,MAGNITUDE_EVERY_OP,ADDITION_RECOVERY,CROSS_REPRESENTATION,STRUCTURAL_DECLARED_INTEGRATED,EXACT_S4_REFRESH_FROM_AUTHORITATIVE_MAGNITUDE,1,1,5638,699,2,2,0,0,0,0,1,10,unequal 2-adic valuations,Each refresh re-discovers exact S4 thresholds after an addition invalidated exact metadata.
PAH-BUILD002-CONF0001,E,E-W6-1-BASELINE,BIN-MIXED-WARM,6,WARM_GENERATED,MAGNITUDE_EVERY_OP,INGRESS,BINARY_MAGNITUDE_LOCAL,STRUCTURAL_DECLARED_INTEGRATED,DIRECT_BINARY_LOAD,1,1,2532,0,1,0,1698,0,1,0,0,1,equal valuation with extra cancellation,Matched integrated binary LOAD; no valuation acquisition is performed.
PAH-BUILD002-CONF0001,E,E-W6-1-BASELINE,BIN-MIXED-WARM,6,WARM_GENERATED,MAGNITUDE_EVERY_OP,EXECUTE,BINARY_MAGNITUDE_LOCAL,STRUCTURAL_DECLARED_INTEGRATED,FULL_BINARY_MAGNITUDE,5,5,12660,987,9,12,0,0,0,0,0,12,equal valuation with extra cancellation,"Matched integrated binary SCALE/CANCEL/ADD baseline with the same overlapping arithmetic, control, status, and atomic-hold contract."
PAH-BUILD002-CONF0001,E,E-W6-1-DELAYED-REFRESH,BIN+VSC-S4,6,WARM_GENERATED,MAGNITUDE_EVERY_OP,INGRESS,REQUIRES_FACTOR_DISCOVERY,STRUCTURAL_DECLARED_INTEGRATED,FULL_BINARY_TO_EXACT_S4_LOAD,1,1,5638,0,2,0,3509,0,1,0,0,1,equal valuation with extra cancellation,One integrated LOAD acquires exact S4 thresholds from the authoritative binary magnitude.
PAH-BUILD002-CONF0001,E,E-W6-1-DELAYED-REFRESH,BIN+VSC-S4,6,WARM_GENERATED,MAGNITUDE_EVERY_OP,EXECUTE,REPRESENTATION_LOCAL,STRUCTURAL_DECLARED_INTEGRATED,AUTHORITATIVE_MAGNITUDE_SOUND_LOWER_BOUNDS_VALID_FALSE,5,5,28190,2927,14,12,0,0,0,0,0,12,equal valuation with extra cancellation,Integrated SCALE/CANCEL/ADD hardware preserves authoritative magnitude; addition retains only proven lower bounds unless the unequal-valuation theorem makes them exact.
PAH-BUILD002-CONF0001,E,E-W6-1-EAGER-REFRESH,BIN+VSC-S4,6,WARM_GENERATED,MAGNITUDE_EVERY_OP,INGRESS,REQUIRES_FACTOR_DISCOVERY,STRUCTURAL_DECLARED_INTEGRATED,FULL_BINARY_TO_EXACT_S4_LOAD,1,1,5638,0,2,0,3509,0,1,0,0,1,equal valuation with extra cancellation,One integrated LOAD acquires exact S4 thresholds from the authoritative binary magnitude.
PAH-BUILD002-CONF0001,E,E-W6-1-EAGER-REFRESH,BIN+VSC-S4,6,WARM_GENERATED,MAGNITUDE_EVERY_OP,EXECUTE,REPRESENTATION_LOCAL,STRUCTURAL_DECLARED_INTEGRATED,AUTHORITATIVE_MAGNITUDE_EXACT_S4_SIDECAR,5,5,28190,2611,14,10,0,0,0,0,0,12,equal valuation with extra cancellation,Integrated SCALE/CANCEL/ADD hardware preserves authoritative magnitude; addition retains only proven lower bounds unless the unequal-valuation theorem makes them exact.
PAH-BUILD002-CONF0001,E,E-W6-1-EAGER-REFRESH,BIN+VSC-S4,6,WARM_GENERATED,MAGNITUDE_EVERY_OP,ADDITION_RECOVERY,CROSS_REPRESENTATION,STRUCTURAL_DECLARED_INTEGRATED,EXACT_S4_REFRESH_FROM_AUTHORITATIVE_MAGNITUDE,1,1,5638,690,2,2,0,0,0,0,1,12,equal valuation with extra cancellation,Each refresh re-discovers exact S4 thresholds after an addition invalidated exact metadata.
PAH-BUILD002-CONF0001,E,E-W6-2-BASELINE,BIN-MIXED-WARM,6,WARM_GENERATED,MAGNITUDE_EVERY_OP,INGRESS,BINARY_MAGNITUDE_LOCAL,STRUCTURAL_DECLARED_INTEGRATED,DIRECT_BINARY_LOAD,1,1,2532,0,1,0,1698,0,1,0,0,1,coprime sum,Matched integrated binary LOAD; no valuation acquisition is performed.
PAH-BUILD002-CONF0001,E,E-W6-2-BASELINE,BIN-MIXED-WARM,6,WARM_GENERATED,MAGNITUDE_EVERY_OP,EXECUTE,BINARY_MAGNITUDE_LOCAL,STRUCTURAL_DECLARED_INTEGRATED,FULL_BINARY_MAGNITUDE,5,5,12660,1504,8,17,0,0,0,0,0,14,coprime sum,"Matched integrated binary SCALE/CANCEL/ADD baseline with the same overlapping arithmetic, control, status, and atomic-hold contract."
PAH-BUILD002-CONF0001,E,E-W6-2-DELAYED-REFRESH,BIN+VSC-S4,6,WARM_GENERATED,MAGNITUDE_EVERY_OP,INGRESS,REQUIRES_FACTOR_DISCOVERY,STRUCTURAL_DECLARED_INTEGRATED,FULL_BINARY_TO_EXACT_S4_LOAD,1,1,5638,0,2,0,3509,0,1,0,0,1,coprime sum,One integrated LOAD acquires exact S4 thresholds from the authoritative binary magnitude.
PAH-BUILD002-CONF0001,E,E-W6-2-DELAYED-REFRESH,BIN+VSC-S4,6,WARM_GENERATED,MAGNITUDE_EVERY_OP,EXECUTE,REPRESENTATION_LOCAL,STRUCTURAL_DECLARED_INTEGRATED,AUTHORITATIVE_MAGNITUDE_SOUND_LOWER_BOUNDS_VALID_FALSE,5,5,28190,3424,14,17,0,0,0,0,0,14,coprime sum,Integrated SCALE/CANCEL/ADD hardware preserves authoritative magnitude; addition retains only proven lower bounds unless the unequal-valuation theorem makes them exact.
PAH-BUILD002-CONF0001,E,E-W6-2-EAGER-REFRESH,BIN+VSC-S4,6,WARM_GENERATED,MAGNITUDE_EVERY_OP,INGRESS,REQUIRES_FACTOR_DISCOVERY,STRUCTURAL_DECLARED_INTEGRATED,FULL_BINARY_TO_EXACT_S4_LOAD,1,1,5638,0,2,0,3509,0,1,0,0,1,coprime sum,One integrated LOAD acquires exact S4 thresholds from the authoritative binary magnitude.
PAH-BUILD002-CONF0001,E,E-W6-2-EAGER-REFRESH,BIN+VSC-S4,6,WARM_GENERATED,MAGNITUDE_EVERY_OP,EXECUTE,REPRESENTATION_LOCAL,STRUCTURAL_DECLARED_INTEGRATED,AUTHORITATIVE_MAGNITUDE_EXACT_S4_SIDECAR,5,5,28190,3015,14,15,0,0,0,0,0,14,coprime sum,Integrated SCALE/CANCEL/ADD hardware preserves authoritative magnitude; addition retains only proven lower bounds unless the unequal-valuation theorem makes them exact.
PAH-BUILD002-CONF0001,E,E-W6-2-EAGER-REFRESH,BIN+VSC-S4,6,WARM_GENERATED,MAGNITUDE_EVERY_OP,ADDITION_RECOVERY,CROSS_REPRESENTATION,STRUCTURAL_DECLARED_INTEGRATED,EXACT_S4_REFRESH_FROM_AUTHORITATIVE_MAGNITUDE,1,1,5638,534,2,2,0,0,0,0,1,14,coprime sum,Each refresh re-discovers exact S4 thresholds after an addition invalidated exact metadata.
PAH-BUILD002-CONF0001,E,E-W6-3-BASELINE,BIN-MIXED-WARM,6,WARM_GENERATED,MAGNITUDE_EVERY_OP,INGRESS,BINARY_MAGNITUDE_LOCAL,STRUCTURAL_DECLARED_INTEGRATED,DIRECT_BINARY_LOAD,1,1,2532,0,0,0,1698,0,1,0,0,0,explicit zero crosses into nonzero state,Matched integrated binary LOAD; no valuation acquisition is performed.
PAH-BUILD002-CONF0001,E,E-W6-3-BASELINE,BIN-MIXED-WARM,6,WARM_GENERATED,MAGNITUDE_EVERY_OP,EXECUTE,BINARY_MAGNITUDE_LOCAL,STRUCTURAL_DECLARED_INTEGRATED,FULL_BINARY_MAGNITUDE,5,5,12660,448,3,12,0,0,0,0,0,2,explicit zero crosses into nonzero state,"Matched integrated binary SCALE/CANCEL/ADD baseline with the same overlapping arithmetic, control, status, and atomic-hold contract."
PAH-BUILD002-CONF0001,E,E-W6-3-DELAYED-REFRESH,BIN+VSC-S4,6,WARM_GENERATED,MAGNITUDE_EVERY_OP,INGRESS,REQUIRES_FACTOR_DISCOVERY,STRUCTURAL_DECLARED_INTEGRATED,FULL_BINARY_TO_EXACT_S4_LOAD,1,1,5638,0,13,0,3489,0,1,0,0,0,explicit zero crosses into nonzero state,One integrated LOAD acquires exact S4 thresholds from the authoritative binary magnitude.
PAH-BUILD002-CONF0001,E,E-W6-3-DELAYED-REFRESH,BIN+VSC-S4,6,WARM_GENERATED,MAGNITUDE_EVERY_OP,EXECUTE,REPRESENTATION_LOCAL,STRUCTURAL_DECLARED_INTEGRATED,AUTHORITATIVE_MAGNITUDE_EXACT_S4_SIDECAR,5,5,28190,2182,16,12,0,0,0,0,0,2,explicit zero crosses into nonzero state,Integrated SCALE/CANCEL/ADD hardware preserves authoritative magnitude; addition retains only proven lower bounds unless the unequal-valuation theorem makes them exact.
PAH-BUILD002-CONF0001,E,E-W6-3-EAGER-REFRESH,BIN+VSC-S4,6,WARM_GENERATED,MAGNITUDE_EVERY_OP,INGRESS,REQUIRES_FACTOR_DISCOVERY,STRUCTURAL_DECLARED_INTEGRATED,FULL_BINARY_TO_EXACT_S4_LOAD,1,1,5638,0,13,0,3489,0,1,0,0,0,explicit zero crosses into nonzero state,One integrated LOAD acquires exact S4 thresholds from the authoritative binary magnitude.
PAH-BUILD002-CONF0001,E,E-W6-3-EAGER-REFRESH,BIN+VSC-S4,6,WARM_GENERATED,MAGNITUDE_EVERY_OP,EXECUTE,REPRESENTATION_LOCAL,STRUCTURAL_DECLARED_INTEGRATED,AUTHORITATIVE_MAGNITUDE_EXACT_S4_SIDECAR,5,5,28190,2182,16,12,0,0,0,0,0,2,explicit zero crosses into nonzero state,Integrated SCALE/CANCEL/ADD hardware preserves authoritative magnitude; addition retains only proven lower bounds unless the unequal-valuation theorem makes them exact.
PAH-BUILD002-CONF0001,E,E-W6-4-BASELINE,BIN-MIXED-WARM,6,WARM_GENERATED,MAGNITUDE_EVERY_OP,INGRESS,BINARY_MAGNITUDE_LOCAL,STRUCTURAL_DECLARED_INTEGRATED,DIRECT_BINARY_LOAD,1,1,2532,0,1,0,1698,0,1,0,0,1,final W-bit overflow,Matched integrated binary LOAD; no valuation acquisition is performed.
PAH-BUILD002-CONF0001,E,E-W6-4-BASELINE,BIN-MIXED-WARM,6,WARM_GENERATED,MAGNITUDE_EVERY_OP,EXECUTE,BINARY_MAGNITUDE_LOCAL,STRUCTURAL_DECLARED_INTEGRATED,FULL_BINARY_MAGNITUDE,5,5,12660,1556,10,19,0,1,0,0,0,32,final W-bit overflow,"Matched integrated binary SCALE/CANCEL/ADD baseline with the same overlapping arithmetic, control, status, and atomic-hold contract."
PAH-BUILD002-CONF0001,E,E-W6-4-DELAYED-REFRESH,BIN+VSC-S4,6,WARM_GENERATED,MAGNITUDE_EVERY_OP,INGRESS,REQUIRES_FACTOR_DISCOVERY,STRUCTURAL_DECLARED_INTEGRATED,FULL_BINARY_TO_EXACT_S4_LOAD,1,1,5638,0,2,0,3509,0,1,0,0,1,final W-bit overflow,One integrated LOAD acquires exact S4 thresholds from the authoritative binary magnitude.
PAH-BUILD002-CONF0001,E,E-W6-4-DELAYED-REFRESH,BIN+VSC-S4,6,WARM_GENERATED,MAGNITUDE_EVERY_OP,EXECUTE,REPRESENTATION_LOCAL,STRUCTURAL_DECLARED_INTEGRATED,AUTHORITATIVE_MAGNITUDE_SOUND_LOWER_BOUNDS_VALID_FALSE,5,5,28190,3995,15,19,0,1,0,0,0,32,final W-bit overflow,Integrated SCALE/CANCEL/ADD hardware preserves authoritative magnitude; addition retains only proven lower bounds unless the unequal-valuation theorem makes them exact.
PAH-BUILD002-CONF0001,E,E-W6-4-EAGER-REFRESH,BIN+VSC-S4,6,WARM_GENERATED,MAGNITUDE_EVERY_OP,INGRESS,REQUIRES_FACTOR_DISCOVERY,STRUCTURAL_DECLARED_INTEGRATED,FULL_BINARY_TO_EXACT_S4_LOAD,1,1,5638,0,2,0,3509,0,1,0,0,1,final W-bit overflow,One integrated LOAD acquires exact S4 thresholds from the authoritative binary magnitude.
PAH-BUILD002-CONF0001,E,E-W6-4-EAGER-REFRESH,BIN+VSC-S4,6,WARM_GENERATED,MAGNITUDE_EVERY_OP,EXECUTE,REPRESENTATION_LOCAL,STRUCTURAL_DECLARED_INTEGRATED,AUTHORITATIVE_MAGNITUDE_EXACT_S4_SIDECAR,5,5,28190,3142,15,15,0,1,0,0,0,32,final W-bit overflow,Integrated SCALE/CANCEL/ADD hardware preserves authoritative magnitude; addition retains only proven lower bounds unless the unequal-valuation theorem makes them exact.
PAH-BUILD002-CONF0001,E,E-W6-4-EAGER-REFRESH,BIN+VSC-S4,6,WARM_GENERATED,MAGNITUDE_EVERY_OP,ADDITION_RECOVERY,CROSS_REPRESENTATION,STRUCTURAL_DECLARED_INTEGRATED,EXACT_S4_REFRESH_FROM_AUTHORITATIVE_MAGNITUDE,1,1,5638,1179,6,4,0,0,0,0,1,32,final W-bit overflow,Each refresh re-discovers exact S4 thresholds after an addition invalidated exact metadata.
PAH-BUILD002-CONF0001,E,E-W6-5-BASELINE,BIN-MIXED-WARM,6,WARM_GENERATED,MAGNITUDE_EVERY_OP,INGRESS,BINARY_MAGNITUDE_LOCAL,STRUCTURAL_DECLARED_INTEGRATED,DIRECT_BINARY_LOAD,1,1,2532,0,1,0,1698,0,1,0,0,1,unsupported prime introduced by addition,Matched integrated binary LOAD; no valuation acquisition is performed.
PAH-BUILD002-CONF0001,E,E-W6-5-BASELINE,BIN-MIXED-WARM,6,WARM_GENERATED,MAGNITUDE_EVERY_OP,EXECUTE,BINARY_MAGNITUDE_LOCAL,STRUCTURAL_DECLARED_INTEGRATED,FULL_BINARY_MAGNITUDE,5,5,12660,1152,10,17,0,0,0,0,0,28,unsupported prime introduced by addition,"Matched integrated binary SCALE/CANCEL/ADD baseline with the same overlapping arithmetic, control, status, and atomic-hold contract."
PAH-BUILD002-CONF0001,E,E-W6-5-DELAYED-REFRESH,BIN+VSC-S4,6,WARM_GENERATED,MAGNITUDE_EVERY_OP,INGRESS,REQUIRES_FACTOR_DISCOVERY,STRUCTURAL_DECLARED_INTEGRATED,FULL_BINARY_TO_EXACT_S4_LOAD,1,1,5638,0,2,0,3509,0,1,0,0,1,unsupported prime introduced by addition,One integrated LOAD acquires exact S4 thresholds from the authoritative binary magnitude.
PAH-BUILD002-CONF0001,E,E-W6-5-DELAYED-REFRESH,BIN+VSC-S4,6,WARM_GENERATED,MAGNITUDE_EVERY_OP,EXECUTE,REPRESENTATION_LOCAL,STRUCTURAL_DECLARED_INTEGRATED,AUTHORITATIVE_MAGNITUDE_SOUND_LOWER_BOUNDS_VALID_FALSE,5,5,28190,3254,16,17,0,0,0,0,0,28,unsupported prime introduced by addition,Integrated SCALE/CANCEL/ADD hardware preserves authoritative magnitude; addition retains only proven lower bounds unless the unequal-valuation theorem makes them exact.
PAH-BUILD002-CONF0001,E,E-W6-5-EAGER-REFRESH,BIN+VSC-S4,6,WARM_GENERATED,MAGNITUDE_EVERY_OP,INGRESS,REQUIRES_FACTOR_DISCOVERY,STRUCTURAL_DECLARED_INTEGRATED,FULL_BINARY_TO_EXACT_S4_LOAD,1,1,5638,0,2,0,3509,0,1,0,0,1,unsupported prime introduced by addition,One integrated LOAD acquires exact S4 thresholds from the authoritative binary magnitude.
PAH-BUILD002-CONF0001,E,E-W6-5-EAGER-REFRESH,BIN+VSC-S4,6,WARM_GENERATED,MAGNITUDE_EVERY_OP,EXECUTE,REPRESENTATION_LOCAL,STRUCTURAL_DECLARED_INTEGRATED,AUTHORITATIVE_MAGNITUDE_EXACT_S4_SIDECAR,5,5,28190,2551,16,13,0,0,0,0,0,28,unsupported prime introduced by addition,Integrated SCALE/CANCEL/ADD hardware preserves authoritative magnitude; addition retains only proven lower bounds unless the unequal-valuation theorem makes them exact.
PAH-BUILD002-CONF0001,E,E-W6-5-EAGER-REFRESH,BIN+VSC-S4,6,WARM_GENERATED,MAGNITUDE_EVERY_OP,ADDITION_RECOVERY,CROSS_REPRESENTATION,STRUCTURAL_DECLARED_INTEGRATED,EXACT_S4_REFRESH_FROM_AUTHORITATIVE_MAGNITUDE,1,1,5638,882,3,4,0,0,0,0,1,28,unsupported prime introduced by addition,Each refresh re-discovers exact S4 thresholds after an addition invalidated exact metadata.
PAH-BUILD002-CONF0001,E,E-W6-6-BASELINE,BIN-MIXED-WARM,6,WARM_GENERATED,MAGNITUDE_EVERY_OP,INGRESS,BINARY_MAGNITUDE_LOCAL,STRUCTURAL_DECLARED_INTEGRATED,DIRECT_BINARY_LOAD,1,1,2532,0,1,0,1698,0,1,0,0,1,equal valuation can gain additional powers,Matched integrated binary LOAD; no valuation acquisition is performed.
PAH-BUILD002-CONF0001,E,E-W6-6-BASELINE,BIN-MIXED-WARM,6,WARM_GENERATED,MAGNITUDE_EVERY_OP,EXECUTE,BINARY_MAGNITUDE_LOCAL,STRUCTURAL_DECLARED_INTEGRATED,FULL_BINARY_MAGNITUDE,5,5,12660,1251,7,16,0,0,0,0,0,24,equal valuation can gain additional powers,"Matched integrated binary SCALE/CANCEL/ADD baseline with the same overlapping arithmetic, control, status, and atomic-hold contract."
PAH-BUILD002-CONF0001,E,E-W6-6-DELAYED-REFRESH,BIN+VSC-S4,6,WARM_GENERATED,MAGNITUDE_EVERY_OP,INGRESS,REQUIRES_FACTOR_DISCOVERY,STRUCTURAL_DECLARED_INTEGRATED,FULL_BINARY_TO_EXACT_S4_LOAD,1,1,5638,0,2,0,3509,0,1,0,0,1,equal valuation can gain additional powers,One integrated LOAD acquires exact S4 thresholds from the authoritative binary magnitude.
PAH-BUILD002-CONF0001,E,E-W6-6-DELAYED-REFRESH,BIN+VSC-S4,6,WARM_GENERATED,MAGNITUDE_EVERY_OP,EXECUTE,REPRESENTATION_LOCAL,STRUCTURAL_DECLARED_INTEGRATED,AUTHORITATIVE_MAGNITUDE_SOUND_LOWER_BOUNDS_VALID_FALSE,5,5,28190,3285,12,16,0,0,0,0,0,24,equal valuation can gain additional powers,Integrated SCALE/CANCEL/ADD hardware preserves authoritative magnitude; addition retains only proven lower bounds unless the unequal-valuation theorem makes them exact.
PAH-BUILD002-CONF0001,E,E-W6-6-EAGER-REFRESH,BIN+VSC-S4,6,WARM_GENERATED,MAGNITUDE_EVERY_OP,INGRESS,REQUIRES_FACTOR_DISCOVERY,STRUCTURAL_DECLARED_INTEGRATED,FULL_BINARY_TO_EXACT_S4_LOAD,1,1,5638,0,2,0,3509,0,1,0,0,1,equal valuation can gain additional powers,One integrated LOAD acquires exact S4 thresholds from the authoritative binary magnitude.
PAH-BUILD002-CONF0001,E,E-W6-6-EAGER-REFRESH,BIN+VSC-S4,6,WARM_GENERATED,MAGNITUDE_EVERY_OP,EXECUTE,REPRESENTATION_LOCAL,STRUCTURAL_DECLARED_INTEGRATED,AUTHORITATIVE_MAGNITUDE_EXACT_S4_SIDECAR,5,5,28190,2801,12,13,0,0,0,0,0,24,equal valuation can gain additional powers,Integrated SCALE/CANCEL/ADD hardware preserves authoritative magnitude; addition retains only proven lower bounds unless the unequal-valuation theorem makes them exact.
PAH-BUILD002-CONF0001,E,E-W6-6-EAGER-REFRESH,BIN+VSC-S4,6,WARM_GENERATED,MAGNITUDE_EVERY_OP,ADDITION_RECOVERY,CROSS_REPRESENTATION,STRUCTURAL_DECLARED_INTEGRATED,EXACT_S4_REFRESH_FROM_AUTHORITATIVE_MAGNITUDE,1,1,5638,782,3,3,0,0,0,0,1,24,equal valuation can gain additional powers,Each refresh re-discovers exact S4 thresholds after an addition invalidated exact metadata.
PAH-BUILD002-CONF0001,E,E-W6-7-BASELINE,BIN-MIXED-WARM,6,WARM_GENERATED,MAGNITUDE_EVERY_OP,INGRESS,BINARY_MAGNITUDE_LOCAL,STRUCTURAL_DECLARED_INTEGRATED,DIRECT_BINARY_LOAD,1,1,2532,0,1,0,1698,0,1,0,0,1,addition produces outside-basis structure,Matched integrated binary LOAD; no valuation acquisition is performed.
PAH-BUILD002-CONF0001,E,E-W6-7-BASELINE,BIN-MIXED-WARM,6,WARM_GENERATED,MAGNITUDE_EVERY_OP,EXECUTE,BINARY_MAGNITUDE_LOCAL,STRUCTURAL_DECLARED_INTEGRATED,FULL_BINARY_MAGNITUDE,5,5,12660,1696,12,17,0,0,0,0,0,26,addition produces outside-basis structure,"Matched integrated binary SCALE/CANCEL/ADD baseline with the same overlapping arithmetic, control, status, and atomic-hold contract."
PAH-BUILD002-CONF0001,E,E-W6-7-DELAYED-REFRESH,BIN+VSC-S4,6,WARM_GENERATED,MAGNITUDE_EVERY_OP,INGRESS,REQUIRES_FACTOR_DISCOVERY,STRUCTURAL_DECLARED_INTEGRATED,FULL_BINARY_TO_EXACT_S4_LOAD,1,1,5638,0,2,0,3509,0,1,0,0,1,addition produces outside-basis structure,One integrated LOAD acquires exact S4 thresholds from the authoritative binary magnitude.
PAH-BUILD002-CONF0001,E,E-W6-7-DELAYED-REFRESH,BIN+VSC-S4,6,WARM_GENERATED,MAGNITUDE_EVERY_OP,EXECUTE,REPRESENTATION_LOCAL,STRUCTURAL_DECLARED_INTEGRATED,AUTHORITATIVE_MAGNITUDE_SOUND_LOWER_BOUNDS_VALID_FALSE,5,5,28190,3881,18,17,0,0,0,0,0,26,addition produces outside-basis structure,Integrated SCALE/CANCEL/ADD hardware preserves authoritative magnitude; addition retains only proven lower bounds unless the unequal-valuation theorem makes them exact.
PAH-BUILD002-CONF0001,E,E-W6-7-EAGER-REFRESH,BIN+VSC-S4,6,WARM_GENERATED,MAGNITUDE_EVERY_OP,INGRESS,REQUIRES_FACTOR_DISCOVERY,STRUCTURAL_DECLARED_INTEGRATED,FULL_BINARY_TO_EXACT_S4_LOAD,1,1,5638,0,2,0,3509,0,1,0,0,1,addition produces outside-basis structure,One integrated LOAD acquires exact S4 thresholds from the authoritative binary magnitude.
PAH-BUILD002-CONF0001,E,E-W6-7-EAGER-REFRESH,BIN+VSC-S4,6,WARM_GENERATED,MAGNITUDE_EVERY_OP,EXECUTE,REPRESENTATION_LOCAL,STRUCTURAL_DECLARED_INTEGRATED,AUTHORITATIVE_MAGNITUDE_EXACT_S4_SIDECAR,5,5,28190,3228,18,14,0,0,0,0,0,26,addition produces outside-basis structure,Integrated SCALE/CANCEL/ADD hardware preserves authoritative magnitude; addition retains only proven lower bounds unless the unequal-valuation theorem makes them exact.
PAH-BUILD002-CONF0001,E,E-W6-7-EAGER-REFRESH,BIN+VSC-S4,6,WARM_GENERATED,MAGNITUDE_EVERY_OP,ADDITION_RECOVERY,CROSS_REPRESENTATION,STRUCTURAL_DECLARED_INTEGRATED,EXACT_S4_REFRESH_FROM_AUTHORITATIVE_MAGNITUDE,1,1,5638,740,1,3,0,0,0,0,1,26,addition produces outside-basis structure,Each refresh re-discovers exact S4 thresholds after an addition invalidated exact metadata.
PAH-BUILD002-CONF0001,F,F-W6-FREQUENT-ADDITION-BASELINE,BIN-MIXED-WARM,6,WARM_GENERATED,MAGNITUDE_EVERY_OP,INGRESS,BINARY_MAGNITUDE_LOCAL,STRUCTURAL_DECLARED_INTEGRATED,DIRECT_BINARY_LOAD,1,1,2532,0,0,0,1698,0,1,0,0,0,frequent arbitrary additions of unsupported-support values,Matched integrated binary LOAD; no valuation acquisition is performed.
PAH-BUILD002-CONF0001,F,F-W6-FREQUENT-ADDITION-BASELINE,BIN-MIXED-WARM,6,WARM_GENERATED,MAGNITUDE_EVERY_OP,EXECUTE,BINARY_MAGNITUDE_LOCAL,STRUCTURAL_DECLARED_INTEGRATED,FULL_BINARY_MAGNITUDE,32,32,81024,2625,18,69,0,25,0,0,0,63,frequent arbitrary additions of unsupported-support values,"Matched integrated binary SCALE/CANCEL/ADD baseline with the same overlapping arithmetic, control, status, and atomic-hold contract."
PAH-BUILD002-CONF0001,F,F-W6-FREQUENT-ADDITION-DELAYED-REFRESH,BIN+VSC-S4,6,WARM_GENERATED,MAGNITUDE_EVERY_OP,INGRESS,REQUIRES_FACTOR_DISCOVERY,STRUCTURAL_DECLARED_INTEGRATED,FULL_BINARY_TO_EXACT_S4_LOAD,1,1,5638,0,13,0,3489,0,1,0,0,0,frequent arbitrary additions of unsupported-support values,One integrated LOAD acquires exact S4 thresholds from the authoritative binary magnitude.
PAH-BUILD002-CONF0001,F,F-W6-FREQUENT-ADDITION-DELAYED-REFRESH,BIN+VSC-S4,6,WARM_GENERATED,MAGNITUDE_EVERY_OP,EXECUTE,REPRESENTATION_LOCAL,STRUCTURAL_DECLARED_INTEGRATED,AUTHORITATIVE_MAGNITUDE_SOUND_LOWER_BOUNDS_VALID_FALSE,32,32,180416,9186,31,69,0,25,0,0,0,63,frequent arbitrary additions of unsupported-support values,Integrated SCALE/CANCEL/ADD hardware preserves authoritative magnitude; addition retains only proven lower bounds unless the unequal-valuation theorem makes them exact.
PAH-BUILD002-CONF0001,F,F-W6-FREQUENT-ADDITION-EAGER-REFRESH,BIN+VSC-S4,6,WARM_GENERATED,MAGNITUDE_EVERY_OP,INGRESS,REQUIRES_FACTOR_DISCOVERY,STRUCTURAL_DECLARED_INTEGRATED,FULL_BINARY_TO_EXACT_S4_LOAD,1,1,5638,0,13,0,3489,0,1,0,0,0,frequent arbitrary additions of unsupported-support values,One integrated LOAD acquires exact S4 thresholds from the authoritative binary magnitude.
PAH-BUILD002-CONF0001,F,F-W6-FREQUENT-ADDITION-EAGER-REFRESH,BIN+VSC-S4,6,WARM_GENERATED,MAGNITUDE_EVERY_OP,EXECUTE,REPRESENTATION_LOCAL,STRUCTURAL_DECLARED_INTEGRATED,AUTHORITATIVE_MAGNITUDE_EXACT_S4_SIDECAR,32,32,180416,8275,45,82,0,25,0,0,0,63,frequent arbitrary additions of unsupported-support values,Integrated SCALE/CANCEL/ADD hardware preserves authoritative magnitude; addition retains only proven lower bounds unless the unequal-valuation theorem makes them exact.
PAH-BUILD002-CONF0001,F,F-W6-FREQUENT-ADDITION-EAGER-REFRESH,BIN+VSC-S4,6,WARM_GENERATED,MAGNITUDE_EVERY_OP,ADDITION_RECOVERY,CROSS_REPRESENTATION,STRUCTURAL_DECLARED_INTEGRATED,EXACT_S4_REFRESH_FROM_AUTHORITATIVE_MAGNITUDE,6,6,33828,5110,18,19,0,0,0,0,6,63,frequent arbitrary additions of unsupported-support values,Each refresh re-discovers exact S4 thresholds after an addition invalidated exact metadata.
PAH-BUILD002-CONF0001,F,F-W6-MAGNITUDE-EVERY-OP-BASELINE,BIN-MIXED-WARM,6,WARM_GENERATED,MAGNITUDE_EVERY_OP,INGRESS,BINARY_MAGNITUDE_LOCAL,STRUCTURAL_DECLARED_INTEGRATED,DIRECT_BINARY_LOAD,1,1,2532,0,1,0,1698,0,1,0,0,1,constant exact magnitude obligation across support-changing steps,Matched integrated binary LOAD; no valuation acquisition is performed.
PAH-BUILD002-CONF0001,F,F-W6-MAGNITUDE-EVERY-OP-BASELINE,BIN-MIXED-WARM,6,WARM_GENERATED,MAGNITUDE_EVERY_OP,EXECUTE,BINARY_MAGNITUDE_LOCAL,STRUCTURAL_DECLARED_INTEGRATED,FULL_BINARY_MAGNITUDE,32,32,81024,9467,39,82,0,14,0,0,0,63,constant exact magnitude obligation across support-changing steps,"Matched integrated binary SCALE/CANCEL/ADD baseline with the same overlapping arithmetic, control, status, and atomic-hold contract."
PAH-BUILD002-CONF0001,F,F-W6-MAGNITUDE-EVERY-OP-DELAYED-REFRESH,BIN+VSC-S4,6,WARM_GENERATED,MAGNITUDE_EVERY_OP,INGRESS,REQUIRES_FACTOR_DISCOVERY,STRUCTURAL_DECLARED_INTEGRATED,FULL_BINARY_TO_EXACT_S4_LOAD,1,1,5638,0,2,0,3509,0,1,0,0,1,constant exact magnitude obligation across support-changing steps,One integrated LOAD acquires exact S4 thresholds from the authoritative binary magnitude.
PAH-BUILD002-CONF0001,F,F-W6-MAGNITUDE-EVERY-OP-DELAYED-REFRESH,BIN+VSC-S4,6,WARM_GENERATED,MAGNITUDE_EVERY_OP,EXECUTE,REPRESENTATION_LOCAL,STRUCTURAL_DECLARED_INTEGRATED,AUTHORITATIVE_MAGNITUDE_SOUND_LOWER_BOUNDS_VALID_FALSE,32,32,180416,18889,54,82,0,14,0,0,0,63,constant exact magnitude obligation across support-changing steps,Integrated SCALE/CANCEL/ADD hardware preserves authoritative magnitude; addition retains only proven lower bounds unless the unequal-valuation theorem makes them exact.
PAH-BUILD002-CONF0001,F,F-W6-MAGNITUDE-EVERY-OP-EAGER-REFRESH,BIN+VSC-S4,6,WARM_GENERATED,MAGNITUDE_EVERY_OP,INGRESS,REQUIRES_FACTOR_DISCOVERY,STRUCTURAL_DECLARED_INTEGRATED,FULL_BINARY_TO_EXACT_S4_LOAD,1,1,5638,0,2,0,3509,0,1,0,0,1,constant exact magnitude obligation across support-changing steps,One integrated LOAD acquires exact S4 thresholds from the authoritative binary magnitude.
PAH-BUILD002-CONF0001,F,F-W6-MAGNITUDE-EVERY-OP-EAGER-REFRESH,BIN+VSC-S4,6,WARM_GENERATED,MAGNITUDE_EVERY_OP,EXECUTE,REPRESENTATION_LOCAL,STRUCTURAL_DECLARED_INTEGRATED,AUTHORITATIVE_MAGNITUDE_EXACT_S4_SIDECAR,32,32,180416,15951,68,82,0,14,0,0,0,63,constant exact magnitude obligation across support-changing steps,Integrated SCALE/CANCEL/ADD hardware preserves authoritative magnitude; addition retains only proven lower bounds unless the unequal-valuation theorem makes them exact.
PAH-BUILD002-CONF0001,F,F-W6-MAGNITUDE-EVERY-OP-EAGER-REFRESH,BIN+VSC-S4,6,WARM_GENERATED,MAGNITUDE_EVERY_OP,ADDITION_RECOVERY,CROSS_REPRESENTATION,STRUCTURAL_DECLARED_INTEGRATED,EXACT_S4_REFRESH_FROM_AUTHORITATIVE_MAGNITUDE,8,8,45104,4693,18,16,0,0,0,0,8,63,constant exact magnitude obligation across support-changing steps,Each refresh re-discovers exact S4 thresholds after an addition invalidated exact metadata.
PAH-BUILD002-CONF0001,F,F-W6-SUPPORT-THRASH-BASELINE,BIN-MIXED-WARM,6,WARM_GENERATED,MAGNITUDE_EVERY_OP,INGRESS,BINARY_MAGNITUDE_LOCAL,STRUCTURAL_DECLARED_INTEGRATED,DIRECT_BINARY_LOAD,1,1,2532,0,1,0,1698,0,1,0,0,1,rapidly changing catalog and unsupported factor support,Matched integrated binary LOAD; no valuation acquisition is performed.
PAH-BUILD002-CONF0001,F,F-W6-SUPPORT-THRASH-BASELINE,BIN-MIXED-WARM,6,WARM_GENERATED,MAGNITUDE_EVERY_OP,EXECUTE,BINARY_MAGNITUDE_LOCAL,STRUCTURAL_DECLARED_INTEGRATED,FULL_BINARY_MAGNITUDE,32,32,81024,12446,36,130,0,21,0,0,0,61,rapidly changing catalog and unsupported factor support,"Matched integrated binary SCALE/CANCEL/ADD baseline with the same overlapping arithmetic, control, status, and atomic-hold contract."
PAH-BUILD002-CONF0001,F,F-W6-SUPPORT-THRASH-DELAYED-REFRESH,BIN+VSC-S4,6,WARM_GENERATED,MAGNITUDE_EVERY_OP,INGRESS,REQUIRES_FACTOR_DISCOVERY,STRUCTURAL_DECLARED_INTEGRATED,FULL_BINARY_TO_EXACT_S4_LOAD,1,1,5638,0,2,0,3509,0,1,0,0,1,rapidly changing catalog and unsupported factor support,One integrated LOAD acquires exact S4 thresholds from the authoritative binary magnitude.
PAH-BUILD002-CONF0001,F,F-W6-SUPPORT-THRASH-DELAYED-REFRESH,BIN+VSC-S4,6,WARM_GENERATED,MAGNITUDE_EVERY_OP,EXECUTE,REPRESENTATION_LOCAL,STRUCTURAL_DECLARED_INTEGRATED,AUTHORITATIVE_MAGNITUDE_SOUND_LOWER_BOUNDS_VALID_FALSE,32,32,180416,22262,39,130,0,21,0,0,0,61,rapidly changing catalog and unsupported factor support,Integrated SCALE/CANCEL/ADD hardware preserves authoritative magnitude; addition retains only proven lower bounds unless the unequal-valuation theorem makes them exact.
PAH-BUILD002-CONF0001,F,F-W6-SUPPORT-THRASH-EAGER-REFRESH,BIN+VSC-S4,6,WARM_GENERATED,MAGNITUDE_EVERY_OP,INGRESS,REQUIRES_FACTOR_DISCOVERY,STRUCTURAL_DECLARED_INTEGRATED,FULL_BINARY_TO_EXACT_S4_LOAD,1,1,5638,0,2,0,3509,0,1,0,0,1,rapidly changing catalog and unsupported factor support,One integrated LOAD acquires exact S4 thresholds from the authoritative binary magnitude.
PAH-BUILD002-CONF0001,F,F-W6-SUPPORT-THRASH-EAGER-REFRESH,BIN+VSC-S4,6,WARM_GENERATED,MAGNITUDE_EVERY_OP,EXECUTE,REPRESENTATION_LOCAL,STRUCTURAL_DECLARED_INTEGRATED,AUTHORITATIVE_MAGNITUDE_EXACT_S4_SIDECAR,32,32,180416,19629,57,132,0,21,0,0,0,61,rapidly changing catalog and unsupported factor support,Integrated SCALE/CANCEL/ADD hardware preserves authoritative magnitude; addition retains only proven lower bounds unless the unequal-valuation theorem makes them exact.
PAH-BUILD002-CONF0001,F,F-W6-SUPPORT-THRASH-EAGER-REFRESH,BIN+VSC-S4,6,WARM_GENERATED,MAGNITUDE_EVERY_OP,ADDITION_RECOVERY,CROSS_REPRESENTATION,STRUCTURAL_DECLARED_INTEGRATED,EXACT_S4_REFRESH_FROM_AUTHORITATIVE_MAGNITUDE,8,8,45104,7762,19,32,0,0,0,0,8,61,rapidly changing catalog and unsupported factor support,Each refresh re-discovers exact S4 thresholds after an addition invalidated exact metadata.
PAH-BUILD002-CONF0001,R,R-W6-MAG-TO-BINEXP,VFU-BINEXP-S4,6,COLD_MAG,STRUCTURAL_FINAL,INGRESS,REQUIRES_FACTOR_DISCOVERY,STRUCTURAL_DECLARED_EXHAUSTIVE,EXACT_CATALOG_VALUATIONS_SUPPORT_TAGGED,64,64,61696,-1,0,-1,-1,0,64,0,0,,representation ablation,Cold magnitude encoder; unsupported cofactor support is explicit. Settled-transition aggregate is not pooled across invalid raw encodings.
PAH-BUILD002-CONF0001,R,R-W6-BINEXP-TO-MAG,VFU-BINEXP-S4,6,WARM_RESIDENT,MAGNITUDE_FINAL,EGRESS,CROSS_REPRESENTATION,STRUCTURAL_DECLARED_EXHAUSTIVE,FULL_EXACT_COMMON_W_BIT_DOMAIN,36,36,220608,-1,0,-1,-1,0,0,36,0,,representation ablation,"Structural decoder rejects malformed, saturated, and overflow states. Settled-transition aggregate is not pooled across invalid raw encodings."
PAH-BUILD002-CONF0001,R,R-W6-BINEXP-PRESENCE,PRESENCE-S4,6,WARM_RESIDENT,STRUCTURAL_FINAL,EXECUTE,REPRESENTATION_LOCAL,STRUCTURAL_DECLARED_EXHAUSTIVE,LOSSY_PRESENCE_PROJECTION,512,512,83968,-1,0,-1,-1,0,0,0,0,,representation ablation,Multiplicity is intentionally discarded and cannot support cancellation counts. Settled-transition aggregate is not pooled across invalid raw encodings.
PAH-BUILD002-CONF0001,R,R-W6-THERM-PRESENCE,PRESENCE-S4,6,WARM_RESIDENT,STRUCTURAL_FINAL,EXECUTE,REPRESENTATION_LOCAL,STRUCTURAL_DECLARED_EXHAUSTIVE,LOSSY_PRESENCE_PROJECTION,4096,4096,446464,-1,0,-1,-1,0,0,0,0,,representation ablation,Raw thermometer payloads are validated before presence projection. Settled-transition aggregate is not pooled across invalid raw encodings.
PAH-BUILD002-CONF0001,R,R-W6-BINEXP-TO-THERM,VFU-ENCODING-ADAPTER-S4,6,WARM_RESIDENT,STRUCTURAL_FINAL,EXECUTE,REPRESENTATION_LOCAL,STRUCTURAL_DECLARED_EXHAUSTIVE,EXHAUSTIVE_RAW_DOMAIN_CANONICAL_OR_REJECTED,16384,16384,3883008,-1,0,-1,-1,0,0,0,0,,representation ablation,Same-cap exact and saturation-preserving conversion; no magnitude reconstruction. Settled-transition aggregate is not pooled across invalid raw encodings.
PAH-BUILD002-CONF0001,R,R-W6-THERM-TO-BINEXP,VFU-ENCODING-ADAPTER-S4,6,WARM_RESIDENT,STRUCTURAL_FINAL,EXECUTE,REPRESENTATION_LOCAL,STRUCTURAL_DECLARED_EXHAUSTIVE,LAYERED_EXHAUSTIVE_RAW_PAYLOAD_PLUS_LEGAL_SATURATION_MASKS,11664,11664,2997648,-1,0,-1,-1,0,0,0,0,,representation ablation,Every raw threshold payload/zero pair is tested without saturation; every saturation mask is tested over every legal vector and zero. Non-monotone and malformed cases reject. Settled-transition aggregate is not pooled across invalid raw encodings.
PAH-BUILD002-CONF0001,A,A-W8-BIN-MULTIPLY-ALL,BIN-FU,8,COLD_MAG,MAGNITUDE_FINAL,EXECUTE,BINARY_MAGNITUDE_LOCAL,STRUCTURAL_DECLARED_OPERATION_ONLY,FULL_2W_PRODUCT,65536,65536,134217728,14132564,0,131054,1344,0,0,0,0,,all ordered W-bit magnitude pairs,Operation-only result; registered integrated cost is reported separately in static_costs.csv.
PAH-BUILD002-CONF0001,A,A-W8-BINEXP-COMPOSE-SMOOTH,VFU-BINEXP-S4,8,WARM_RESIDENT,STRUCTURAL_FINAL,EXECUTE,REPRESENTATION_LOCAL,STRUCTURAL_DECLARED,S4_SMOOTH_ONLY,5929,5929,6711628,807276,0,23082,692,0,0,0,0,,all ordered common-domain S4-smooth states,No magnitude requested; this row is not directly compared with MAGNITUDE_FINAL.
PAH-BUILD002-CONF0001,A,A-W8-THERM-COMPOSE-SMOOTH,VFU-THERM-S4,8,WARM_RESIDENT,STRUCTURAL_FINAL,EXECUTE,REPRESENTATION_LOCAL,STRUCTURAL_DECLARED,S4_SMOOTH_ONLY,5929,5929,4618691,548625,0,33530,483,0,0,0,0,,all ordered common-domain S4-smooth states,Direct threshold convolution; no binary acquisition/reconstruction or DFF boundary.
PAH-BUILD002-CONF0001,A,A-W8-FIT_W_EXACT,VFU-BINEXP-S4-COLD-INTEGRATED,8,COLD_MAG,MAGNITUDE_FINAL,INGRESS,REQUIRES_FACTOR_DISCOVERY,STRUCTURAL_DECLARED_ADAPTER,TWO_EXACT_CATALOG_ENCODERS_SUPPORT_TAGGED,1552,1552,7427872,-1,0,-1,-1,0,1552,0,0,,FIT_W_EXACT,Both W-bit operands pay the implemented cold valuation acquisition path.
PAH-BUILD002-CONF0001,A,A-W8-FIT_W_EXACT,VFU-BINEXP-S4-COLD-INTEGRATED,8,COLD_MAG,MAGNITUDE_FINAL,EXECUTE,REPRESENTATION_LOCAL,STRUCTURAL_DECLARED_OPERATION_ONLY,FIT_W_EXACT,776,776,878432,-1,0,-1,-1,0,0,0,0,,FIT_W_EXACT,Native compose is charged after both cold encodes; persistent boundaries remain visible in static_costs.csv.
PAH-BUILD002-CONF0001,A,A-W8-FIT_W_EXACT,VFU-BINEXP-S4-COLD-INTEGRATED,8,COLD_MAG,MAGNITUDE_FINAL,EGRESS,CROSS_REPRESENTATION,STRUCTURAL_DECLARED_ADAPTER,EXACT_W_BIT_RECONSTRUCTION,776,776,14234168,-1,0,-1,-1,0,0,776,0,,FIT_W_EXACT,Every exact W-bit structural product pays the implemented reconstruction path.
PAH-BUILD002-CONF0001,A,A-W8-FIT_W_EXACT,BIN-FU,8,COLD_MAG,MAGNITUDE_FINAL,EXECUTE,BINARY_MAGNITUDE_LOCAL,STRUCTURAL_DECLARED_EXHAUSTIVE_CASE_COUNT,FULL_2W_PRODUCT,776,776,1589248,-1,0,-1,-1,0,0,0,0,,FIT_W_EXACT,The conventional multiplier satisfies the full 2W product contract for the identical smooth-input cohort.
PAH-BUILD002-CONF0001,A,A-W8-FIT_2W_STRUCTURAL_UNSATURATED_OUTSIDE_W,VFU-BINEXP-S4-COLD-INTEGRATED,8,COLD_MAG,STRUCTURAL_FINAL,INGRESS,REQUIRES_FACTOR_DISCOVERY,STRUCTURAL_DECLARED_ADAPTER,TWO_EXACT_CATALOG_ENCODERS_SUPPORT_TAGGED,8284,8284,39647224,-1,0,-1,-1,0,8284,0,0,,FIT_2W_STRUCTURAL_UNSATURATED_OUTSIDE_W,Both W-bit operands pay the implemented cold valuation acquisition path.
PAH-BUILD002-CONF0001,A,A-W8-FIT_2W_STRUCTURAL_UNSATURATED_OUTSIDE_W,VFU-BINEXP-S4-COLD-INTEGRATED,8,COLD_MAG,STRUCTURAL_FINAL,EXECUTE,REPRESENTATION_LOCAL,STRUCTURAL_DECLARED_OPERATION_ONLY,FIT_2W_STRUCTURAL_UNSATURATED_OUTSIDE_W,4142,4142,4688744,-1,0,-1,-1,0,0,0,0,,FIT_2W_STRUCTURAL_UNSATURATED_OUTSIDE_W,Native compose is charged after both cold encodes; persistent boundaries remain visible in static_costs.csv.
PAH-BUILD002-CONF0001,A,A-W8-FIT_2W_STRUCTURAL_UNSATURATED_OUTSIDE_W,VFU-BINEXP-S4-COLD-INTEGRATED,8,COLD_MAG,STRUCTURAL_FINAL,EGRESS,CROSS_REPRESENTATION,CONTRACT_LIMIT,NO_W_BIT_MAGNITUDE_FOR_2W_PRODUCT,0,0,-1,-1,0,-1,-1,0,0,0,0,,FIT_2W_STRUCTURAL_UNSATURATED_OUTSIDE_W,The frozen decoder has a W-bit magnitude port; a full 2W magnitude contract is unsupported and is not assigned zero cost.
PAH-BUILD002-CONF0001,A,A-W8-FIT_2W_STRUCTURAL_UNSATURATED_OUTSIDE_W,BIN-FU,8,COLD_MAG,MAGNITUDE_FINAL,EXECUTE,BINARY_MAGNITUDE_LOCAL,STRUCTURAL_DECLARED_EXHAUSTIVE_CASE_COUNT,FULL_2W_PRODUCT,4142,4142,8482816,-1,0,-1,-1,0,0,0,0,,FIT_2W_STRUCTURAL_UNSATURATED_OUTSIDE_W,The conventional multiplier satisfies the full 2W product contract for the identical smooth-input cohort.
PAH-BUILD002-CONF0001,A,A-W8-FIT_2W_WITH_SATURATED_LANE,VFU-BINEXP-S4-COLD-INTEGRATED,8,COLD_MAG,STRUCTURAL_FINAL,INGRESS,REQUIRES_FACTOR_DISCOVERY,STRUCTURAL_DECLARED_ADAPTER,TWO_EXACT_CATALOG_ENCODERS_SUPPORT_TAGGED,2022,2022,9677292,-1,0,-1,-1,0,2022,0,0,,FIT_2W_WITH_SATURATED_LANE,Both W-bit operands pay the implemented cold valuation acquisition path.
PAH-BUILD002-CONF0001,A,A-W8-FIT_2W_WITH_SATURATED_LANE,VFU-BINEXP-S4-COLD-INTEGRATED,8,COLD_MAG,STRUCTURAL_FINAL,EXECUTE,REPRESENTATION_LOCAL,STRUCTURAL_DECLARED_OPERATION_ONLY,FIT_2W_WITH_SATURATED_LANE,1011,1011,1144452,-1,0,-1,-1,0,0,0,0,,FIT_2W_WITH_SATURATED_LANE,Native compose is charged after both cold encodes; persistent boundaries remain visible in static_costs.csv.
PAH-BUILD002-CONF0001,A,A-W8-FIT_2W_WITH_SATURATED_LANE,VFU-BINEXP-S4-COLD-INTEGRATED,8,COLD_MAG,STRUCTURAL_FINAL,EGRESS,CROSS_REPRESENTATION,CONTRACT_LIMIT,NO_W_BIT_MAGNITUDE_FOR_2W_PRODUCT,0,0,-1,-1,0,-1,-1,0,0,0,0,,FIT_2W_WITH_SATURATED_LANE,The frozen decoder has a W-bit magnitude port; a full 2W magnitude contract is unsupported and is not assigned zero cost.
PAH-BUILD002-CONF0001,A,A-W8-FIT_2W_WITH_SATURATED_LANE,BIN-FU,8,COLD_MAG,MAGNITUDE_FINAL,EXECUTE,BINARY_MAGNITUDE_LOCAL,STRUCTURAL_DECLARED_EXHAUSTIVE_CASE_COUNT,FULL_2W_PRODUCT,1011,1011,2070528,-1,0,-1,-1,0,0,0,0,,FIT_2W_WITH_SATURATED_LANE,The conventional multiplier satisfies the full 2W product contract for the identical smooth-input cohort.
PAH-BUILD002-CONF0001,B,B-W8-LEGAL-0,VFU-BINEXP-S4,8,WARM_GENERATED,STRUCTURAL_FINAL,EXECUTE,REPRESENTATION_LOCAL,STRUCTURAL_DECLARED_OPERATION_ONLY,S4_GENERATED_STATE_PERSISTENT_DFF_NOT_CHARGED,32,32,89952,6107,32,63,1775,0,0,0,0,"[0,0,0,0];sat=[false,false,false,false]",warm legal catalog scaling/cancellation,Shared VFU graph measured as an operation-only control; the integrated comparison uses VFU-BINEXP-S4-WARM.
PAH-BUILD002-CONF0001,B,B-W8-LEGAL-0,VFU-BINEXP-S4-WARM,8,WARM_GENERATED,STRUCTURAL_FINAL,EXECUTE,REPRESENTATION_LOCAL,STRUCTURAL_DECLARED_INTEGRATED_EXHAUSTIVE,FULL_EXACT_S4_GENERATED,32,32,27648,3534,32,31,552,0,0,0,0,"[0,0,0,0];sat=[false,false,false,false]",warm legal catalog scaling/cancellation,"Persistent DFFs and atomic hold are charged; required output conversion, if any, is a separate phase row."
PAH-BUILD002-CONF0001,B,B-W8-LEGAL-0,BIN-SCALE-CANCEL-WARM,8,WARM_GENERATED,STRUCTURAL_FINAL,EXECUTE,BINARY_MAGNITUDE_LOCAL,STRUCTURAL_DECLARED_INTEGRATED_EXHAUSTIVE,FULL_BINARY,32,32,126688,5921,64,31,2664,0,0,0,0,1,warm legal catalog scaling/cancellation,"Persistent DFFs and atomic hold are charged; required output conversion, if any, is a separate phase row."
PAH-BUILD002-CONF0001,B,B-W8-LEGAL-0,BIN-SCALE-CANCEL-WARM,8,WARM_GENERATED,STRUCTURAL_FINAL,EGRESS,REQUIRES_FACTOR_DISCOVERY,STRUCTURAL_DECLARED_ADAPTER,IMPLEMENTED_EXACT_ADAPTER,1,1,4786,-1,0,-1,-1,0,1,0,0,,warm legal catalog scaling/cancellation,The binary result is converted to the exact requested S4 structural contract; support is known exact for this generated trace. Settled transitions are not aggregated; -1 denotes NOT_MEASURED.
PAH-BUILD002-CONF0001,B,B-W8-LEGAL-0,VFU-BINEXP-S4-WARM,8,WARM_GENERATED,MAGNITUDE_FINAL,EXECUTE,REPRESENTATION_LOCAL,STRUCTURAL_DECLARED_INTEGRATED_EXHAUSTIVE,FULL_EXACT_S4_GENERATED,32,32,27648,3534,32,31,552,0,0,0,0,"[0,0,0,0];sat=[false,false,false,false]",warm legal catalog scaling/cancellation,"Persistent DFFs and atomic hold are charged; required output conversion, if any, is a separate phase row."
PAH-BUILD002-CONF0001,B,B-W8-LEGAL-0,BIN-SCALE-CANCEL-WARM,8,WARM_GENERATED,MAGNITUDE_FINAL,EXECUTE,BINARY_MAGNITUDE_LOCAL,STRUCTURAL_DECLARED_INTEGRATED_EXHAUSTIVE,FULL_BINARY,32,32,126688,5921,64,31,2664,0,0,0,0,1,warm legal catalog scaling/cancellation,"Persistent DFFs and atomic hold are charged; required output conversion, if any, is a separate phase row."
PAH-BUILD002-CONF0001,B,B-W8-LEGAL-0,VFU-BINEXP-S4-WARM,8,WARM_GENERATED,MAGNITUDE_FINAL,EGRESS,CROSS_REPRESENTATION,STRUCTURAL_DECLARED_ADAPTER,IMPLEMENTED_EXACT_ADAPTER,1,1,18343,-1,0,-1,-1,0,0,1,0,,warm legal catalog scaling/cancellation,Exact structural state is reconstructed through the implemented NAND adapter. Settled transitions are not aggregated; -1 denotes NOT_MEASURED.
PAH-BUILD002-CONF0001,B,B-W8-LEGAL-0,VFU-BINEXP-S4-WARM,8,WARM_GENERATED,MAGNITUDE_EVERY_OP,EXECUTE,REPRESENTATION_LOCAL,STRUCTURAL_DECLARED_INTEGRATED_EXHAUSTIVE,FULL_EXACT_S4_GENERATED,32,32,27648,3534,32,31,552,0,0,0,0,"[0,0,0,0];sat=[false,false,false,false]",warm legal catalog scaling/cancellation,"Persistent DFFs and atomic hold are charged; required output conversion, if any, is a separate phase row."
PAH-BUILD002-CONF0001,B,B-W8-LEGAL-0,BIN-SCALE-CANCEL-WARM,8,WARM_GENERATED,MAGNITUDE_EVERY_OP,EXECUTE,BINARY_MAGNITUDE_LOCAL,STRUCTURAL_DECLARED_INTEGRATED_EXHAUSTIVE,FULL_BINARY,32,32,126688,5921,64,31,2664,0,0,0,0,1,warm legal catalog scaling/cancellation,"Persistent DFFs and atomic hold are charged; required output conversion, if any, is a separate phase row."
PAH-BUILD002-CONF0001,B,B-W8-LEGAL-0,VFU-BINEXP-S4-WARM,8,WARM_GENERATED,MAGNITUDE_EVERY_OP,EGRESS,CROSS_REPRESENTATION,STRUCTURAL_DECLARED_ADAPTER,IMPLEMENTED_EXACT_ADAPTER,32,32,586976,-1,0,-1,-1,0,0,32,0,,warm legal catalog scaling/cancellation,Exact structural state is reconstructed through the implemented NAND adapter. Settled transitions are not aggregated; -1 denotes NOT_MEASURED.
PAH-BUILD002-CONF0001,B,B-W8-LEGAL-1,VFU-BINEXP-S4,8,WARM_GENERATED,STRUCTURAL_FINAL,EXECUTE,REPRESENTATION_LOCAL,STRUCTURAL_DECLARED_OPERATION_ONLY,S4_GENERATED_STATE_PERSISTENT_DFF_NOT_CHARGED,32,32,89952,5890,32,63,1775,0,0,0,0,"[0,0,0,0];sat=[false,false,false,false]",warm legal catalog scaling/cancellation,Shared VFU graph measured as an operation-only control; the integrated comparison uses VFU-BINEXP-S4-WARM.
PAH-BUILD002-CONF0001,B,B-W8-LEGAL-1,VFU-BINEXP-S4-WARM,8,WARM_GENERATED,STRUCTURAL_FINAL,EXECUTE,REPRESENTATION_LOCAL,STRUCTURAL_DECLARED_INTEGRATED_EXHAUSTIVE,FULL_EXACT_S4_GENERATED,32,32,27648,3286,32,32,551,0,0,0,0,"[0,0,0,0];sat=[false,false,false,false]",warm legal catalog scaling/cancellation,"Persistent DFFs and atomic hold are charged; required output conversion, if any, is a separate phase row."
PAH-BUILD002-CONF0001,B,B-W8-LEGAL-1,BIN-SCALE-CANCEL-WARM,8,WARM_GENERATED,STRUCTURAL_FINAL,EXECUTE,BINARY_MAGNITUDE_LOCAL,STRUCTURAL_DECLARED_INTEGRATED_EXHAUSTIVE,FULL_BINARY,32,32,126688,6417,32,32,2626,0,0,0,0,1,warm legal catalog scaling/cancellation,"Persistent DFFs and atomic hold are charged; required output conversion, if any, is a separate phase row."
PAH-BUILD002-CONF0001,B,B-W8-LEGAL-1,BIN-SCALE-CANCEL-WARM,8,WARM_GENERATED,STRUCTURAL_FINAL,EGRESS,REQUIRES_FACTOR_DISCOVERY,STRUCTURAL_DECLARED_ADAPTER,IMPLEMENTED_EXACT_ADAPTER,1,1,4786,-1,0,-1,-1,0,1,0,0,,warm legal catalog scaling/cancellation,The binary result is converted to the exact requested S4 structural contract; support is known exact for this generated trace. Settled transitions are not aggregated; -1 denotes NOT_MEASURED.
PAH-BUILD002-CONF0001,B,B-W8-LEGAL-1,VFU-BINEXP-S4-WARM,8,WARM_GENERATED,MAGNITUDE_FINAL,EXECUTE,REPRESENTATION_LOCAL,STRUCTURAL_DECLARED_INTEGRATED_EXHAUSTIVE,FULL_EXACT_S4_GENERATED,32,32,27648,3286,32,32,551,0,0,0,0,"[0,0,0,0];sat=[false,false,false,false]",warm legal catalog scaling/cancellation,"Persistent DFFs and atomic hold are charged; required output conversion, if any, is a separate phase row."
PAH-BUILD002-CONF0001,B,B-W8-LEGAL-1,BIN-SCALE-CANCEL-WARM,8,WARM_GENERATED,MAGNITUDE_FINAL,EXECUTE,BINARY_MAGNITUDE_LOCAL,STRUCTURAL_DECLARED_INTEGRATED_EXHAUSTIVE,FULL_BINARY,32,32,126688,6417,32,32,2626,0,0,0,0,1,warm legal catalog scaling/cancellation,"Persistent DFFs and atomic hold are charged; required output conversion, if any, is a separate phase row."
PAH-BUILD002-CONF0001,B,B-W8-LEGAL-1,VFU-BINEXP-S4-WARM,8,WARM_GENERATED,MAGNITUDE_FINAL,EGRESS,CROSS_REPRESENTATION,STRUCTURAL_DECLARED_ADAPTER,IMPLEMENTED_EXACT_ADAPTER,1,1,18343,-1,0,-1,-1,0,0,1,0,,warm legal catalog scaling/cancellation,Exact structural state is reconstructed through the implemented NAND adapter. Settled transitions are not aggregated; -1 denotes NOT_MEASURED.
PAH-BUILD002-CONF0001,B,B-W8-LEGAL-1,VFU-BINEXP-S4-WARM,8,WARM_GENERATED,MAGNITUDE_EVERY_OP,EXECUTE,REPRESENTATION_LOCAL,STRUCTURAL_DECLARED_INTEGRATED_EXHAUSTIVE,FULL_EXACT_S4_GENERATED,32,32,27648,3286,32,32,551,0,0,0,0,"[0,0,0,0];sat=[false,false,false,false]",warm legal catalog scaling/cancellation,"Persistent DFFs and atomic hold are charged; required output conversion, if any, is a separate phase row."
PAH-BUILD002-CONF0001,B,B-W8-LEGAL-1,BIN-SCALE-CANCEL-WARM,8,WARM_GENERATED,MAGNITUDE_EVERY_OP,EXECUTE,BINARY_MAGNITUDE_LOCAL,STRUCTURAL_DECLARED_INTEGRATED_EXHAUSTIVE,FULL_BINARY,32,32,126688,6417,32,32,2626,0,0,0,0,1,warm legal catalog scaling/cancellation,"Persistent DFFs and atomic hold are charged; required output conversion, if any, is a separate phase row."
PAH-BUILD002-CONF0001,B,B-W8-LEGAL-1,VFU-BINEXP-S4-WARM,8,WARM_GENERATED,MAGNITUDE_EVERY_OP,EGRESS,CROSS_REPRESENTATION,STRUCTURAL_DECLARED_ADAPTER,IMPLEMENTED_EXACT_ADAPTER,32,32,586976,-1,0,-1,-1,0,0,32,0,,warm legal catalog scaling/cancellation,Exact structural state is reconstructed through the implemented NAND adapter. Settled transitions are not aggregated; -1 denotes NOT_MEASURED.
PAH-BUILD002-CONF0001,B,B-W8-LEGAL-2,VFU-BINEXP-S4,8,WARM_GENERATED,STRUCTURAL_FINAL,EXECUTE,REPRESENTATION_LOCAL,STRUCTURAL_DECLARED_OPERATION_ONLY,S4_GENERATED_STATE_PERSISTENT_DFF_NOT_CHARGED,32,32,89952,7316,32,109,1775,0,0,0,0,"[0,0,0,0];sat=[false,false,false,false]",warm legal catalog scaling/cancellation,Shared VFU graph measured as an operation-only control; the integrated comparison uses VFU-BINEXP-S4-WARM.
PAH-BUILD002-CONF0001,B,B-W8-LEGAL-2,VFU-BINEXP-S4-WARM,8,WARM_GENERATED,STRUCTURAL_FINAL,EXECUTE,REPRESENTATION_LOCAL,STRUCTURAL_DECLARED_INTEGRATED_EXHAUSTIVE,FULL_EXACT_S4_GENERATED,32,32,27648,3081,32,46,552,0,0,0,0,"[0,0,0,0];sat=[false,false,false,false]",warm legal catalog scaling/cancellation,"Persistent DFFs and atomic hold are charged; required output conversion, if any, is a separate phase row."
PAH-BUILD002-CONF0001,B,B-W8-LEGAL-2,BIN-SCALE-CANCEL-WARM,8,WARM_GENERATED,STRUCTURAL_FINAL,EXECUTE,BINARY_MAGNITUDE_LOCAL,STRUCTURAL_DECLARED_INTEGRATED_EXHAUSTIVE,FULL_BINARY,32,32,126688,10001,48,46,2664,0,0,0,0,1,warm legal catalog scaling/cancellation,"Persistent DFFs and atomic hold are charged; required output conversion, if any, is a separate phase row."
PAH-BUILD002-CONF0001,B,B-W8-LEGAL-2,BIN-SCALE-CANCEL-WARM,8,WARM_GENERATED,STRUCTURAL_FINAL,EGRESS,REQUIRES_FACTOR_DISCOVERY,STRUCTURAL_DECLARED_ADAPTER,IMPLEMENTED_EXACT_ADAPTER,1,1,4786,-1,0,-1,-1,0,1,0,0,,warm legal catalog scaling/cancellation,The binary result is converted to the exact requested S4 structural contract; support is known exact for this generated trace. Settled transitions are not aggregated; -1 denotes NOT_MEASURED.
PAH-BUILD002-CONF0001,B,B-W8-LEGAL-2,VFU-BINEXP-S4-WARM,8,WARM_GENERATED,MAGNITUDE_FINAL,EXECUTE,REPRESENTATION_LOCAL,STRUCTURAL_DECLARED_INTEGRATED_EXHAUSTIVE,FULL_EXACT_S4_GENERATED,32,32,27648,3081,32,46,552,0,0,0,0,"[0,0,0,0];sat=[false,false,false,false]",warm legal catalog scaling/cancellation,"Persistent DFFs and atomic hold are charged; required output conversion, if any, is a separate phase row."
PAH-BUILD002-CONF0001,B,B-W8-LEGAL-2,BIN-SCALE-CANCEL-WARM,8,WARM_GENERATED,MAGNITUDE_FINAL,EXECUTE,BINARY_MAGNITUDE_LOCAL,STRUCTURAL_DECLARED_INTEGRATED_EXHAUSTIVE,FULL_BINARY,32,32,126688,10001,48,46,2664,0,0,0,0,1,warm legal catalog scaling/cancellation,"Persistent DFFs and atomic hold are charged; required output conversion, if any, is a separate phase row."
PAH-BUILD002-CONF0001,B,B-W8-LEGAL-2,VFU-BINEXP-S4-WARM,8,WARM_GENERATED,MAGNITUDE_FINAL,EGRESS,CROSS_REPRESENTATION,STRUCTURAL_DECLARED_ADAPTER,IMPLEMENTED_EXACT_ADAPTER,1,1,18343,-1,0,-1,-1,0,0,1,0,,warm legal catalog scaling/cancellation,Exact structural state is reconstructed through the implemented NAND adapter. Settled transitions are not aggregated; -1 denotes NOT_MEASURED.
PAH-BUILD002-CONF0001,B,B-W8-LEGAL-2,VFU-BINEXP-S4-WARM,8,WARM_GENERATED,MAGNITUDE_EVERY_OP,EXECUTE,REPRESENTATION_LOCAL,STRUCTURAL_DECLARED_INTEGRATED_EXHAUSTIVE,FULL_EXACT_S4_GENERATED,32,32,27648,3081,32,46,552,0,0,0,0,"[0,0,0,0];sat=[false,false,false,false]",warm legal catalog scaling/cancellation,"Persistent DFFs and atomic hold are charged; required output conversion, if any, is a separate phase row."
PAH-BUILD002-CONF0001,B,B-W8-LEGAL-2,BIN-SCALE-CANCEL-WARM,8,WARM_GENERATED,MAGNITUDE_EVERY_OP,EXECUTE,BINARY_MAGNITUDE_LOCAL,STRUCTURAL_DECLARED_INTEGRATED_EXHAUSTIVE,FULL_BINARY,32,32,126688,10001,48,46,2664,0,0,0,0,1,warm legal catalog scaling/cancellation,"Persistent DFFs and atomic hold are charged; required output conversion, if any, is a separate phase row."
PAH-BUILD002-CONF0001,B,B-W8-LEGAL-2,VFU-BINEXP-S4-WARM,8,WARM_GENERATED,MAGNITUDE_EVERY_OP,EGRESS,CROSS_REPRESENTATION,STRUCTURAL_DECLARED_ADAPTER,IMPLEMENTED_EXACT_ADAPTER,32,32,586976,-1,0,-1,-1,0,0,32,0,,warm legal catalog scaling/cancellation,Exact structural state is reconstructed through the implemented NAND adapter. Settled transitions are not aggregated; -1 denotes NOT_MEASURED.
PAH-BUILD002-CONF0001,B,B-W8-LEGAL-3,VFU-BINEXP-S4,8,WARM_GENERATED,STRUCTURAL_FINAL,EXECUTE,REPRESENTATION_LOCAL,STRUCTURAL_DECLARED_OPERATION_ONLY,S4_GENERATED_STATE_PERSISTENT_DFF_NOT_CHARGED,32,32,89952,6133,32,93,1777,0,0,0,0,"[0,0,0,0];sat=[false,false,false,false]",warm legal catalog scaling/cancellation,Shared VFU graph measured as an operation-only control; the integrated comparison uses VFU-BINEXP-S4-WARM.
PAH-BUILD002-CONF0001,B,B-W8-LEGAL-3,VFU-BINEXP-S4-WARM,8,WARM_GENERATED,STRUCTURAL_FINAL,EXECUTE,REPRESENTATION_LOCAL,STRUCTURAL_DECLARED_INTEGRATED_EXHAUSTIVE,FULL_EXACT_S4_GENERATED,32,32,27648,2818,32,47,552,0,0,0,0,"[0,0,0,0];sat=[false,false,false,false]",warm legal catalog scaling/cancellation,"Persistent DFFs and atomic hold are charged; required output conversion, if any, is a separate phase row."
PAH-BUILD002-CONF0001,B,B-W8-LEGAL-3,BIN-SCALE-CANCEL-WARM,8,WARM_GENERATED,STRUCTURAL_FINAL,EXECUTE,BINARY_MAGNITUDE_LOCAL,STRUCTURAL_DECLARED_INTEGRATED_EXHAUSTIVE,FULL_BINARY,32,32,126688,10007,48,47,2634,0,0,0,0,1,warm legal catalog scaling/cancellation,"Persistent DFFs and atomic hold are charged; required output conversion, if any, is a separate phase row."
PAH-BUILD002-CONF0001,B,B-W8-LEGAL-3,BIN-SCALE-CANCEL-WARM,8,WARM_GENERATED,STRUCTURAL_FINAL,EGRESS,REQUIRES_FACTOR_DISCOVERY,STRUCTURAL_DECLARED_ADAPTER,IMPLEMENTED_EXACT_ADAPTER,1,1,4786,-1,0,-1,-1,0,1,0,0,,warm legal catalog scaling/cancellation,The binary result is converted to the exact requested S4 structural contract; support is known exact for this generated trace. Settled transitions are not aggregated; -1 denotes NOT_MEASURED.
PAH-BUILD002-CONF0001,B,B-W8-LEGAL-3,VFU-BINEXP-S4-WARM,8,WARM_GENERATED,MAGNITUDE_FINAL,EXECUTE,REPRESENTATION_LOCAL,STRUCTURAL_DECLARED_INTEGRATED_EXHAUSTIVE,FULL_EXACT_S4_GENERATED,32,32,27648,2818,32,47,552,0,0,0,0,"[0,0,0,0];sat=[false,false,false,false]",warm legal catalog scaling/cancellation,"Persistent DFFs and atomic hold are charged; required output conversion, if any, is a separate phase row."
PAH-BUILD002-CONF0001,B,B-W8-LEGAL-3,BIN-SCALE-CANCEL-WARM,8,WARM_GENERATED,MAGNITUDE_FINAL,EXECUTE,BINARY_MAGNITUDE_LOCAL,STRUCTURAL_DECLARED_INTEGRATED_EXHAUSTIVE,FULL_BINARY,32,32,126688,10007,48,47,2634,0,0,0,0,1,warm legal catalog scaling/cancellation,"Persistent DFFs and atomic hold are charged; required output conversion, if any, is a separate phase row."
PAH-BUILD002-CONF0001,B,B-W8-LEGAL-3,VFU-BINEXP-S4-WARM,8,WARM_GENERATED,MAGNITUDE_FINAL,EGRESS,CROSS_REPRESENTATION,STRUCTURAL_DECLARED_ADAPTER,IMPLEMENTED_EXACT_ADAPTER,1,1,18343,-1,0,-1,-1,0,0,1,0,,warm legal catalog scaling/cancellation,Exact structural state is reconstructed through the implemented NAND adapter. Settled transitions are not aggregated; -1 denotes NOT_MEASURED.
PAH-BUILD002-CONF0001,B,B-W8-LEGAL-3,VFU-BINEXP-S4-WARM,8,WARM_GENERATED,MAGNITUDE_EVERY_OP,EXECUTE,REPRESENTATION_LOCAL,STRUCTURAL_DECLARED_INTEGRATED_EXHAUSTIVE,FULL_EXACT_S4_GENERATED,32,32,27648,2818,32,47,552,0,0,0,0,"[0,0,0,0];sat=[false,false,false,false]",warm legal catalog scaling/cancellation,"Persistent DFFs and atomic hold are charged; required output conversion, if any, is a separate phase row."
PAH-BUILD002-CONF0001,B,B-W8-LEGAL-3,BIN-SCALE-CANCEL-WARM,8,WARM_GENERATED,MAGNITUDE_EVERY_OP,EXECUTE,BINARY_MAGNITUDE_LOCAL,STRUCTURAL_DECLARED_INTEGRATED_EXHAUSTIVE,FULL_BINARY,32,32,126688,10007,48,47,2634,0,0,0,0,1,warm legal catalog scaling/cancellation,"Persistent DFFs and atomic hold are charged; required output conversion, if any, is a separate phase row."
PAH-BUILD002-CONF0001,B,B-W8-LEGAL-3,VFU-BINEXP-S4-WARM,8,WARM_GENERATED,MAGNITUDE_EVERY_OP,EGRESS,CROSS_REPRESENTATION,STRUCTURAL_DECLARED_ADAPTER,IMPLEMENTED_EXACT_ADAPTER,32,32,586976,-1,0,-1,-1,0,0,32,0,,warm legal catalog scaling/cancellation,Exact structural state is reconstructed through the implemented NAND adapter. Settled transitions are not aggregated; -1 denotes NOT_MEASURED.
PAH-BUILD002-CONF0001,B,B-W8-REJECT-0,VFU-BINEXP-S4,8,WARM_GENERATED,STRUCTURAL_FINAL,EXECUTE,REPRESENTATION_LOCAL,STRUCTURAL_DECLARED_OPERATION_ONLY,S4_GENERATED_STATE_PERSISTENT_DFF_NOT_CHARGED,32,32,89952,5960,31,63,1771,1,0,0,0,"[1,0,0,0];sat=[false,false,false,false]",atomic illegal cancellation,Shared VFU graph measured as an operation-only control; the integrated comparison uses VFU-BINEXP-S4-WARM.
PAH-BUILD002-CONF0001,B,B-W8-REJECT-0,VFU-BINEXP-S4-WARM,8,WARM_GENERATED,STRUCTURAL_FINAL,EXECUTE,REPRESENTATION_LOCAL,STRUCTURAL_DECLARED_INTEGRATED_EXHAUSTIVE,FULL_EXACT_S4_GENERATED,32,32,27648,3478,31,32,550,1,0,0,0,"[1,0,0,0];sat=[false,false,false,false]",atomic illegal cancellation,"Persistent DFFs and atomic hold are charged; required output conversion, if any, is a separate phase row."
PAH-BUILD002-CONF0001,B,B-W8-REJECT-0,BIN-SCALE-CANCEL-WARM,8,WARM_GENERATED,STRUCTURAL_FINAL,EXECUTE,BINARY_MAGNITUDE_LOCAL,STRUCTURAL_DECLARED_INTEGRATED_EXHAUSTIVE,FULL_BINARY,32,32,126688,5758,62,32,2662,1,0,0,0,2,atomic illegal cancellation,"Persistent DFFs and atomic hold are charged; required output conversion, if any, is a separate phase row."
PAH-BUILD002-CONF0001,B,B-W8-REJECT-0,BIN-SCALE-CANCEL-WARM,8,WARM_GENERATED,STRUCTURAL_FINAL,EGRESS,REQUIRES_FACTOR_DISCOVERY,STRUCTURAL_DECLARED_ADAPTER,IMPLEMENTED_EXACT_ADAPTER,1,1,4786,-1,0,-1,-1,0,1,0,0,,atomic illegal cancellation,The binary result is converted to the exact requested S4 structural contract; support is known exact for this generated trace. Settled transitions are not aggregated; -1 denotes NOT_MEASURED.
PAH-BUILD002-CONF0001,B,B-W8-REJECT-0,VFU-BINEXP-S4-WARM,8,WARM_GENERATED,MAGNITUDE_FINAL,EXECUTE,REPRESENTATION_LOCAL,STRUCTURAL_DECLARED_INTEGRATED_EXHAUSTIVE,FULL_EXACT_S4_GENERATED,32,32,27648,3478,31,32,550,1,0,0,0,"[1,0,0,0];sat=[false,false,false,false]",atomic illegal cancellation,"Persistent DFFs and atomic hold are charged; required output conversion, if any, is a separate phase row."
PAH-BUILD002-CONF0001,B,B-W8-REJECT-0,BIN-SCALE-CANCEL-WARM,8,WARM_GENERATED,MAGNITUDE_FINAL,EXECUTE,BINARY_MAGNITUDE_LOCAL,STRUCTURAL_DECLARED_INTEGRATED_EXHAUSTIVE,FULL_BINARY,32,32,126688,5758,62,32,2662,1,0,0,0,2,atomic illegal cancellation,"Persistent DFFs and atomic hold are charged; required output conversion, if any, is a separate phase row."
PAH-BUILD002-CONF0001,B,B-W8-REJECT-0,VFU-BINEXP-S4-WARM,8,WARM_GENERATED,MAGNITUDE_FINAL,EGRESS,CROSS_REPRESENTATION,STRUCTURAL_DECLARED_ADAPTER,IMPLEMENTED_EXACT_ADAPTER,1,1,18343,-1,0,-1,-1,0,0,1,0,,atomic illegal cancellation,Exact structural state is reconstructed through the implemented NAND adapter. Settled transitions are not aggregated; -1 denotes NOT_MEASURED.
PAH-BUILD002-CONF0001,B,B-W8-REJECT-0,VFU-BINEXP-S4-WARM,8,WARM_GENERATED,MAGNITUDE_EVERY_OP,EXECUTE,REPRESENTATION_LOCAL,STRUCTURAL_DECLARED_INTEGRATED_EXHAUSTIVE,FULL_EXACT_S4_GENERATED,32,32,27648,3478,31,32,550,1,0,0,0,"[1,0,0,0];sat=[false,false,false,false]",atomic illegal cancellation,"Persistent DFFs and atomic hold are charged; required output conversion, if any, is a separate phase row."
PAH-BUILD002-CONF0001,B,B-W8-REJECT-0,BIN-SCALE-CANCEL-WARM,8,WARM_GENERATED,MAGNITUDE_EVERY_OP,EXECUTE,BINARY_MAGNITUDE_LOCAL,STRUCTURAL_DECLARED_INTEGRATED_EXHAUSTIVE,FULL_BINARY,32,32,126688,5758,62,32,2662,1,0,0,0,2,atomic illegal cancellation,"Persistent DFFs and atomic hold are charged; required output conversion, if any, is a separate phase row."
PAH-BUILD002-CONF0001,B,B-W8-REJECT-0,VFU-BINEXP-S4-WARM,8,WARM_GENERATED,MAGNITUDE_EVERY_OP,EGRESS,CROSS_REPRESENTATION,STRUCTURAL_DECLARED_ADAPTER,IMPLEMENTED_EXACT_ADAPTER,32,32,586976,-1,0,-1,-1,0,0,32,0,,atomic illegal cancellation,Exact structural state is reconstructed through the implemented NAND adapter. Settled transitions are not aggregated; -1 denotes NOT_MEASURED.
PAH-BUILD002-CONF0001,B,B-W8-REJECT-1,VFU-BINEXP-S4,8,WARM_GENERATED,STRUCTURAL_FINAL,EXECUTE,REPRESENTATION_LOCAL,STRUCTURAL_DECLARED_OPERATION_ONLY,S4_GENERATED_STATE_PERSISTENT_DFF_NOT_CHARGED,32,32,89952,5516,45,61,1775,1,0,0,0,"[0,1,0,0];sat=[false,false,false,false]",atomic illegal cancellation,Shared VFU graph measured as an operation-only control; the integrated comparison uses VFU-BINEXP-S4-WARM.
PAH-BUILD002-CONF0001,B,B-W8-REJECT-1,VFU-BINEXP-S4-WARM,8,WARM_GENERATED,STRUCTURAL_FINAL,EXECUTE,REPRESENTATION_LOCAL,STRUCTURAL_DECLARED_INTEGRATED_EXHAUSTIVE,FULL_EXACT_S4_GENERATED,32,32,27648,2624,45,17,551,1,0,0,0,"[0,1,0,0];sat=[false,false,false,false]",atomic illegal cancellation,"Persistent DFFs and atomic hold are charged; required output conversion, if any, is a separate phase row."
PAH-BUILD002-CONF0001,B,B-W8-REJECT-1,BIN-SCALE-CANCEL-WARM,8,WARM_GENERATED,STRUCTURAL_FINAL,EXECUTE,BINARY_MAGNITUDE_LOCAL,STRUCTURAL_DECLARED_INTEGRATED_EXHAUSTIVE,FULL_BINARY,32,32,126688,6368,45,17,2626,1,0,0,0,3,atomic illegal cancellation,"Persistent DFFs and atomic hold are charged; required output conversion, if any, is a separate phase row."
PAH-BUILD002-CONF0001,B,B-W8-REJECT-1,BIN-SCALE-CANCEL-WARM,8,WARM_GENERATED,STRUCTURAL_FINAL,EGRESS,REQUIRES_FACTOR_DISCOVERY,STRUCTURAL_DECLARED_ADAPTER,IMPLEMENTED_EXACT_ADAPTER,1,1,4786,-1,0,-1,-1,0,1,0,0,,atomic illegal cancellation,The binary result is converted to the exact requested S4 structural contract; support is known exact for this generated trace. Settled transitions are not aggregated; -1 denotes NOT_MEASURED.
PAH-BUILD002-CONF0001,B,B-W8-REJECT-1,VFU-BINEXP-S4-WARM,8,WARM_GENERATED,MAGNITUDE_FINAL,EXECUTE,REPRESENTATION_LOCAL,STRUCTURAL_DECLARED_INTEGRATED_EXHAUSTIVE,FULL_EXACT_S4_GENERATED,32,32,27648,2624,45,17,551,1,0,0,0,"[0,1,0,0];sat=[false,false,false,false]",atomic illegal cancellation,"Persistent DFFs and atomic hold are charged; required output conversion, if any, is a separate phase row."
PAH-BUILD002-CONF0001,B,B-W8-REJECT-1,BIN-SCALE-CANCEL-WARM,8,WARM_GENERATED,MAGNITUDE_FINAL,EXECUTE,BINARY_MAGNITUDE_LOCAL,STRUCTURAL_DECLARED_INTEGRATED_EXHAUSTIVE,FULL_BINARY,32,32,126688,6368,45,17,2626,1,0,0,0,3,atomic illegal cancellation,"Persistent DFFs and atomic hold are charged; required output conversion, if any, is a separate phase row."
PAH-BUILD002-CONF0001,B,B-W8-REJECT-1,VFU-BINEXP-S4-WARM,8,WARM_GENERATED,MAGNITUDE_FINAL,EGRESS,CROSS_REPRESENTATION,STRUCTURAL_DECLARED_ADAPTER,IMPLEMENTED_EXACT_ADAPTER,1,1,18343,-1,0,-1,-1,0,0,1,0,,atomic illegal cancellation,Exact structural state is reconstructed through the implemented NAND adapter. Settled transitions are not aggregated; -1 denotes NOT_MEASURED.
PAH-BUILD002-CONF0001,B,B-W8-REJECT-1,VFU-BINEXP-S4-WARM,8,WARM_GENERATED,MAGNITUDE_EVERY_OP,EXECUTE,REPRESENTATION_LOCAL,STRUCTURAL_DECLARED_INTEGRATED_EXHAUSTIVE,FULL_EXACT_S4_GENERATED,32,32,27648,2624,45,17,551,1,0,0,0,"[0,1,0,0];sat=[false,false,false,false]",atomic illegal cancellation,"Persistent DFFs and atomic hold are charged; required output conversion, if any, is a separate phase row."
PAH-BUILD002-CONF0001,B,B-W8-REJECT-1,BIN-SCALE-CANCEL-WARM,8,WARM_GENERATED,MAGNITUDE_EVERY_OP,EXECUTE,BINARY_MAGNITUDE_LOCAL,STRUCTURAL_DECLARED_INTEGRATED_EXHAUSTIVE,FULL_BINARY,32,32,126688,6368,45,17,2626,1,0,0,0,3,atomic illegal cancellation,"Persistent DFFs and atomic hold are charged; required output conversion, if any, is a separate phase row."
PAH-BUILD002-CONF0001,B,B-W8-REJECT-1,VFU-BINEXP-S4-WARM,8,WARM_GENERATED,MAGNITUDE_EVERY_OP,EGRESS,CROSS_REPRESENTATION,STRUCTURAL_DECLARED_ADAPTER,IMPLEMENTED_EXACT_ADAPTER,32,32,586976,-1,0,-1,-1,0,0,32,0,,atomic illegal cancellation,Exact structural state is reconstructed through the implemented NAND adapter. Settled transitions are not aggregated; -1 denotes NOT_MEASURED.
PAH-BUILD002-CONF0001,B,B-W8-REJECT-2,VFU-BINEXP-S4,8,WARM_GENERATED,STRUCTURAL_FINAL,EXECUTE,REPRESENTATION_LOCAL,STRUCTURAL_DECLARED_OPERATION_ONLY,S4_GENERATED_STATE_PERSISTENT_DFF_NOT_CHARGED,32,32,89952,5998,16,64,1775,16,0,0,0,"[0,0,0,0];sat=[false,false,false,false]",atomic illegal cancellation,Shared VFU graph measured as an operation-only control; the integrated comparison uses VFU-BINEXP-S4-WARM.
PAH-BUILD002-CONF0001,B,B-W8-REJECT-2,VFU-BINEXP-S4-WARM,8,WARM_GENERATED,STRUCTURAL_FINAL,EXECUTE,REPRESENTATION_LOCAL,STRUCTURAL_DECLARED_INTEGRATED_EXHAUSTIVE,FULL_EXACT_S4_GENERATED,32,32,27648,2886,16,31,552,16,0,0,0,"[0,0,0,0];sat=[false,false,false,false]",atomic illegal cancellation,"Persistent DFFs and atomic hold are charged; required output conversion, if any, is a separate phase row."
PAH-BUILD002-CONF0001,B,B-W8-REJECT-2,BIN-SCALE-CANCEL-WARM,8,WARM_GENERATED,STRUCTURAL_FINAL,EXECUTE,BINARY_MAGNITUDE_LOCAL,STRUCTURAL_DECLARED_INTEGRATED_EXHAUSTIVE,FULL_BINARY,32,32,126688,7220,32,31,2664,16,0,0,0,1,atomic illegal cancellation,"Persistent DFFs and atomic hold are charged; required output conversion, if any, is a separate phase row."
PAH-BUILD002-CONF0001,B,B-W8-REJECT-2,BIN-SCALE-CANCEL-WARM,8,WARM_GENERATED,STRUCTURAL_FINAL,EGRESS,REQUIRES_FACTOR_DISCOVERY,STRUCTURAL_DECLARED_ADAPTER,IMPLEMENTED_EXACT_ADAPTER,1,1,4786,-1,0,-1,-1,0,1,0,0,,atomic illegal cancellation,The binary result is converted to the exact requested S4 structural contract; support is known exact for this generated trace. Settled transitions are not aggregated; -1 denotes NOT_MEASURED.
PAH-BUILD002-CONF0001,B,B-W8-REJECT-2,VFU-BINEXP-S4-WARM,8,WARM_GENERATED,MAGNITUDE_FINAL,EXECUTE,REPRESENTATION_LOCAL,STRUCTURAL_DECLARED_INTEGRATED_EXHAUSTIVE,FULL_EXACT_S4_GENERATED,32,32,27648,2886,16,31,552,16,0,0,0,"[0,0,0,0];sat=[false,false,false,false]",atomic illegal cancellation,"Persistent DFFs and atomic hold are charged; required output conversion, if any, is a separate phase row."
PAH-BUILD002-CONF0001,B,B-W8-REJECT-2,BIN-SCALE-CANCEL-WARM,8,WARM_GENERATED,MAGNITUDE_FINAL,EXECUTE,BINARY_MAGNITUDE_LOCAL,STRUCTURAL_DECLARED_INTEGRATED_EXHAUSTIVE,FULL_BINARY,32,32,126688,7220,32,31,2664,16,0,0,0,1,atomic illegal cancellation,"Persistent DFFs and atomic hold are charged; required output conversion, if any, is a separate phase row."
PAH-BUILD002-CONF0001,B,B-W8-REJECT-2,VFU-BINEXP-S4-WARM,8,WARM_GENERATED,MAGNITUDE_FINAL,EGRESS,CROSS_REPRESENTATION,STRUCTURAL_DECLARED_ADAPTER,IMPLEMENTED_EXACT_ADAPTER,1,1,18343,-1,0,-1,-1,0,0,1,0,,atomic illegal cancellation,Exact structural state is reconstructed through the implemented NAND adapter. Settled transitions are not aggregated; -1 denotes NOT_MEASURED.
PAH-BUILD002-CONF0001,B,B-W8-REJECT-2,VFU-BINEXP-S4-WARM,8,WARM_GENERATED,MAGNITUDE_EVERY_OP,EXECUTE,REPRESENTATION_LOCAL,STRUCTURAL_DECLARED_INTEGRATED_EXHAUSTIVE,FULL_EXACT_S4_GENERATED,32,32,27648,2886,16,31,552,16,0,0,0,"[0,0,0,0];sat=[false,false,false,false]",atomic illegal cancellation,"Persistent DFFs and atomic hold are charged; required output conversion, if any, is a separate phase row."
PAH-BUILD002-CONF0001,B,B-W8-REJECT-2,BIN-SCALE-CANCEL-WARM,8,WARM_GENERATED,MAGNITUDE_EVERY_OP,EXECUTE,BINARY_MAGNITUDE_LOCAL,STRUCTURAL_DECLARED_INTEGRATED_EXHAUSTIVE,FULL_BINARY,32,32,126688,7220,32,31,2664,16,0,0,0,1,atomic illegal cancellation,"Persistent DFFs and atomic hold are charged; required output conversion, if any, is a separate phase row."
PAH-BUILD002-CONF0001,B,B-W8-REJECT-2,VFU-BINEXP-S4-WARM,8,WARM_GENERATED,MAGNITUDE_EVERY_OP,EGRESS,CROSS_REPRESENTATION,STRUCTURAL_DECLARED_ADAPTER,IMPLEMENTED_EXACT_ADAPTER,32,32,586976,-1,0,-1,-1,0,0,32,0,,atomic illegal cancellation,Exact structural state is reconstructed through the implemented NAND adapter. Settled transitions are not aggregated; -1 denotes NOT_MEASURED.
PAH-BUILD002-CONF0001,B,B-W8-REJECT-3,VFU-BINEXP-S4,8,WARM_GENERATED,STRUCTURAL_FINAL,EXECUTE,REPRESENTATION_LOCAL,STRUCTURAL_DECLARED_OPERATION_ONLY,S4_GENERATED_STATE_PERSISTENT_DFF_NOT_CHARGED,32,32,89952,5063,24,69,1775,8,0,0,0,"[0,0,0,0];sat=[false,false,false,false]",atomic illegal cancellation,Shared VFU graph measured as an operation-only control; the integrated comparison uses VFU-BINEXP-S4-WARM.
PAH-BUILD002-CONF0001,B,B-W8-REJECT-3,VFU-BINEXP-S4-WARM,8,WARM_GENERATED,STRUCTURAL_FINAL,EXECUTE,REPRESENTATION_LOCAL,STRUCTURAL_DECLARED_INTEGRATED_EXHAUSTIVE,FULL_EXACT_S4_GENERATED,32,32,27648,2897,24,39,551,8,0,0,0,"[0,0,0,0];sat=[false,false,false,false]",atomic illegal cancellation,"Persistent DFFs and atomic hold are charged; required output conversion, if any, is a separate phase row."
PAH-BUILD002-CONF0001,B,B-W8-REJECT-3,BIN-SCALE-CANCEL-WARM,8,WARM_GENERATED,STRUCTURAL_FINAL,EXECUTE,BINARY_MAGNITUDE_LOCAL,STRUCTURAL_DECLARED_INTEGRATED_EXHAUSTIVE,FULL_BINARY,32,32,126688,7381,40,39,2594,8,0,0,0,1,atomic illegal cancellation,"Persistent DFFs and atomic hold are charged; required output conversion, if any, is a separate phase row."
PAH-BUILD002-CONF0001,B,B-W8-REJECT-3,BIN-SCALE-CANCEL-WARM,8,WARM_GENERATED,STRUCTURAL_FINAL,EGRESS,REQUIRES_FACTOR_DISCOVERY,STRUCTURAL_DECLARED_ADAPTER,IMPLEMENTED_EXACT_ADAPTER,1,1,4786,-1,0,-1,-1,0,1,0,0,,atomic illegal cancellation,The binary result is converted to the exact requested S4 structural contract; support is known exact for this generated trace. Settled transitions are not aggregated; -1 denotes NOT_MEASURED.
PAH-BUILD002-CONF0001,B,B-W8-REJECT-3,VFU-BINEXP-S4-WARM,8,WARM_GENERATED,MAGNITUDE_FINAL,EXECUTE,REPRESENTATION_LOCAL,STRUCTURAL_DECLARED_INTEGRATED_EXHAUSTIVE,FULL_EXACT_S4_GENERATED,32,32,27648,2897,24,39,551,8,0,0,0,"[0,0,0,0];sat=[false,false,false,false]",atomic illegal cancellation,"Persistent DFFs and atomic hold are charged; required output conversion, if any, is a separate phase row."
PAH-BUILD002-CONF0001,B,B-W8-REJECT-3,BIN-SCALE-CANCEL-WARM,8,WARM_GENERATED,MAGNITUDE_FINAL,EXECUTE,BINARY_MAGNITUDE_LOCAL,STRUCTURAL_DECLARED_INTEGRATED_EXHAUSTIVE,FULL_BINARY,32,32,126688,7381,40,39,2594,8,0,0,0,1,atomic illegal cancellation,"Persistent DFFs and atomic hold are charged; required output conversion, if any, is a separate phase row."
PAH-BUILD002-CONF0001,B,B-W8-REJECT-3,VFU-BINEXP-S4-WARM,8,WARM_GENERATED,MAGNITUDE_FINAL,EGRESS,CROSS_REPRESENTATION,STRUCTURAL_DECLARED_ADAPTER,IMPLEMENTED_EXACT_ADAPTER,1,1,18343,-1,0,-1,-1,0,0,1,0,,atomic illegal cancellation,Exact structural state is reconstructed through the implemented NAND adapter. Settled transitions are not aggregated; -1 denotes NOT_MEASURED.
PAH-BUILD002-CONF0001,B,B-W8-REJECT-3,VFU-BINEXP-S4-WARM,8,WARM_GENERATED,MAGNITUDE_EVERY_OP,EXECUTE,REPRESENTATION_LOCAL,STRUCTURAL_DECLARED_INTEGRATED_EXHAUSTIVE,FULL_EXACT_S4_GENERATED,32,32,27648,2897,24,39,551,8,0,0,0,"[0,0,0,0];sat=[false,false,false,false]",atomic illegal cancellation,"Persistent DFFs and atomic hold are charged; required output conversion, if any, is a separate phase row."
PAH-BUILD002-CONF0001,B,B-W8-REJECT-3,BIN-SCALE-CANCEL-WARM,8,WARM_GENERATED,MAGNITUDE_EVERY_OP,EXECUTE,BINARY_MAGNITUDE_LOCAL,STRUCTURAL_DECLARED_INTEGRATED_EXHAUSTIVE,FULL_BINARY,32,32,126688,7381,40,39,2594,8,0,0,0,1,atomic illegal cancellation,"Persistent DFFs and atomic hold are charged; required output conversion, if any, is a separate phase row."
PAH-BUILD002-CONF0001,B,B-W8-REJECT-3,VFU-BINEXP-S4-WARM,8,WARM_GENERATED,MAGNITUDE_EVERY_OP,EGRESS,CROSS_REPRESENTATION,STRUCTURAL_DECLARED_ADAPTER,IMPLEMENTED_EXACT_ADAPTER,32,32,586976,-1,0,-1,-1,0,0,32,0,,atomic illegal cancellation,Exact structural state is reconstructed through the implemented NAND adapter. Settled transitions are not aggregated; -1 denotes NOT_MEASURED.
PAH-BUILD002-CONF0001,C,C-W8-BIN-GCD-ALL,BIN-GCD,8,COLD_MAG,MAGNITUDE_FINAL,EXECUTE,BINARY_MAGNITUDE_LOCAL,SEMANTIC_STEP_PLUS_STRUCTURAL_DECLARED,FULL_BINARY_TRANSITIONS_NOT_MEASURED,65536,1400350,1179094700,-1,-1,-1,-1,0,0,0,0,,all ordered W-bit magnitude pairs,Cycle/NAND-evaluation totals are exact for the checked transition; settled transition replay is NOT_MEASURED.
PAH-BUILD002-CONF0001,C,C-W8-BIN-DIVIDES-ALL,BIN-DIV,8,COLD_MAG,PREDICATE_ONLY,EXECUTE,BINARY_MAGNITUDE_LOCAL,STRUCTURAL_DECLARED,FULL_BINARY,65536,65536,113311744,13347295,0,131054,1201,0,0,0,0,,all ordered W-bit magnitude pairs,The full restoring divider is charged for the conventional exact-divisibility predicate.
PAH-BUILD002-CONF0001,C,C-W8-BIN-LCM-ALL,BIN-GCD+DIV+MUL,8,COLD_MAG,MAGNITUDE_FINAL,EXECUTE,BINARY_MAGNITUDE_LOCAL,COMPOSITE_STRUCTURAL_DECLARED,FULL_BINARY_2W_RESULT_TRANSITIONS_NOT_MEASURED,65536,1530400,1424694125,-1,-1,-1,-1,0,0,0,0,,all ordered W-bit magnitude pairs,"Exact 2W LCM semantics; GCD/divider/multiplier costs are charged, while composite settled transitions remain explicit NOT_MEASURED."
PAH-BUILD002-CONF0001,C,C-W8-BINEXP-MEET-SMOOTH,VFU-BINEXP-S4,8,WARM_RESIDENT,STRUCTURAL_FINAL,EXECUTE,REPRESENTATION_LOCAL,STRUCTURAL_DECLARED,S4_SMOOTH_ONLY,5929,5929,6065367,671508,0,23082,624,0,0,0,0,,S4-smooth GCD as componentwise meet,This is not a full binary GCD for unsupported cofactors.
PAH-BUILD002-CONF0001,C,C-W8-BINEXP-JOIN-SMOOTH,VFU-BINEXP-S4,8,WARM_RESIDENT,STRUCTURAL_FINAL,EXECUTE,REPRESENTATION_LOCAL,STRUCTURAL_DECLARED,S4_SMOOTH_ONLY,5929,5929,6071296,731469,0,23082,624,0,0,0,0,,S4-smooth LCM as componentwise join,This is not a full binary LCM for unsupported cofactors.
PAH-BUILD002-CONF0001,C,C-W8-BINEXP-DIVIDES-SMOOTH,VFU-BINEXP-S4,8,WARM_RESIDENT,PREDICATE_ONLY,EXECUTE,REPRESENTATION_LOCAL,STRUCTURAL_DECLARED,S4_SMOOTH_ONLY,5929,5929,5330171,584339,0,23082,554,0,0,0,0,,S4-smooth divisibility predicate,Same predicate-only obligation as the charged binary divider row.
PAH-BUILD002-CONF0001,C,C-W8-SIDECAR-LOAD-ALL,BIN+VSC-S4,8,COLD_MAG,PREDICATE_ONLY,INGRESS,REQUIRES_FACTOR_DISCOVERY,STRUCTURAL_DECLARED_INTEGRATED,FULL_BINARY_TO_EXACT_S4,256,256,4062976,147761,0,503,9315,0,0,0,0,,one exact sidecar acquisition per W-bit magnitude,Cold predicate use pays integrated factor-discovery/load cost before queries.
PAH-BUILD002-CONF0001,C,C-W8-SIDECAR-QUERY-ALL,BIN+VSC-S4,8,WARM_RESIDENT,PREDICATE_ONLY,EXECUTE,REPRESENTATION_LOCAL,STRUCTURAL_DECLARED_INTEGRATED,FULL_BINARY_MAGNITUDE_EXACT_S4_SIDECAR,4352,4352,69070592,892582,1489,8702,9308,0,0,0,0,,every S4 threshold query from every exact state,Warm query retains authoritative magnitude; the whole integrated sidecar graph is charged each cycle.
PAH-BUILD002-CONF0001,D,D-W8-0,BIN-GCD+DIV,8,COLD_MAG,MAGNITUDE_FINAL,EXECUTE,BINARY_MAGNITUDE_LOCAL,SEMANTIC_STEP_PLUS_STRUCTURAL_DECLARED,FULLY_REDUCED_BINARY_TRANSITIONS_NOT_MEASURED,3,18,16930,-1,-1,-1,-1,0,0,0,0,15/14,mixed catalog support,GCD cycles and NAND evaluations are exact; end-to-end settled transitions are NOT_MEASURED.
PAH-BUILD002-CONF0001,D,D-W8-0-STRUCTURAL,VFU-BINEXP-S4-RATIONAL,8,WARM_RESIDENT,STRUCTURAL_FINAL,EXECUTE,REPRESENTATION_LOCAL,COMPOSITE_STRUCTURAL_DECLARED,FULLY_REDUCED_S4_STRUCTURAL,3,3,2779,1672,0,-1,-1,0,0,0,0,"[0,1,1,0];sat=[false,false,false,false]/[1,0,0,1];sat=[false,false,false,false]",mixed catalog support,MEET plus two checked CANCEL operations fully reduce this S4-supported rational; integrated rational DFF/control is not included.
PAH-BUILD002-CONF0001,D,D-W8-1,BIN-GCD+DIV,8,COLD_MAG,MAGNITUDE_FINAL,EXECUTE,BINARY_MAGNITUDE_LOCAL,SEMANTIC_STEP_PLUS_STRUCTURAL_DECLARED,FULLY_REDUCED_BINARY_TRANSITIONS_NOT_MEASURED,3,6,6826,-1,-1,-1,-1,0,0,0,0,3/2,catalog-smooth common factor,GCD cycles and NAND evaluations are exact; end-to-end settled transitions are NOT_MEASURED.
PAH-BUILD002-CONF0001,D,D-W8-1-STRUCTURAL,VFU-BINEXP-S4-RATIONAL,8,WARM_RESIDENT,STRUCTURAL_FINAL,EXECUTE,REPRESENTATION_LOCAL,COMPOSITE_STRUCTURAL_DECLARED,FULLY_REDUCED_S4_STRUCTURAL,3,3,2779,1690,0,-1,-1,0,0,0,0,"[0,1,0,0];sat=[false,false,false,false]/[1,0,0,0];sat=[false,false,false,false]",catalog-smooth common factor,MEET plus two checked CANCEL operations fully reduce this S4-supported rational; integrated rational DFF/control is not included.
PAH-BUILD002-CONF0001,D,D-W8-2,BIN-GCD+DIV,8,COLD_MAG,MAGNITUDE_FINAL,EXECUTE,BINARY_MAGNITUDE_LOCAL,SEMANTIC_STEP_PLUS_STRUCTURAL_DECLARED,FULLY_REDUCED_BINARY_TRANSITIONS_NOT_MEASURED,3,7,7668,-1,-1,-1,-1,0,0,0,0,5/3,catalog-smooth common factor,GCD cycles and NAND evaluations are exact; end-to-end settled transitions are NOT_MEASURED.
PAH-BUILD002-CONF0001,D,D-W8-2-STRUCTURAL,VFU-BINEXP-S4-RATIONAL,8,WARM_RESIDENT,STRUCTURAL_FINAL,EXECUTE,REPRESENTATION_LOCAL,COMPOSITE_STRUCTURAL_DECLARED,FULLY_REDUCED_S4_STRUCTURAL,3,3,2779,1665,0,-1,-1,0,0,0,0,"[0,0,1,0];sat=[false,false,false,false]/[0,1,0,0];sat=[false,false,false,false]",catalog-smooth common factor,MEET plus two checked CANCEL operations fully reduce this S4-supported rational; integrated rational DFF/control is not included.
PAH-BUILD002-CONF0001,D,D-W8-3,BIN-GCD+DIV,8,COLD_MAG,MAGNITUDE_FINAL,EXECUTE,BINARY_MAGNITUDE_LOCAL,SEMANTIC_STEP_PLUS_STRUCTURAL_DECLARED,FULLY_REDUCED_BINARY_TRANSITIONS_NOT_MEASURED,3,8,8510,-1,-1,-1,-1,0,0,0,0,4/5,catalog-smooth common factor,GCD cycles and NAND evaluations are exact; end-to-end settled transitions are NOT_MEASURED.
PAH-BUILD002-CONF0001,D,D-W8-3-STRUCTURAL,VFU-BINEXP-S4-RATIONAL,8,WARM_RESIDENT,STRUCTURAL_FINAL,EXECUTE,REPRESENTATION_LOCAL,COMPOSITE_STRUCTURAL_DECLARED,FULLY_REDUCED_S4_STRUCTURAL,3,3,2779,1700,0,-1,-1,0,0,0,0,"[2,0,0,0];sat=[false,false,false,false]/[0,0,1,0];sat=[false,false,false,false]",catalog-smooth common factor,MEET plus two checked CANCEL operations fully reduce this S4-supported rational; integrated rational DFF/control is not included.
PAH-BUILD002-CONF0001,D,D-W8-4,BIN-GCD+DIV,8,COLD_MAG,MAGNITUDE_FINAL,EXECUTE,BINARY_MAGNITUDE_LOCAL,SEMANTIC_STEP_PLUS_STRUCTURAL_DECLARED,FULLY_REDUCED_BINARY_TRANSITIONS_NOT_MEASURED,3,11,11036,-1,-1,-1,-1,0,0,0,0,11/13,shared unsupported prime 17,GCD cycles and NAND evaluations are exact; end-to-end settled transitions are NOT_MEASURED.
PAH-BUILD002-CONF0001,D,D-W8-4-STRUCTURAL,VFU-BINEXP-S4-RATIONAL,8,WARM_RESIDENT,STRUCTURAL_FINAL,EXECUTE,REPRESENTATION_LOCAL,COMPOSITE_STRUCTURAL_DECLARED,CATALOG_PROJECTION_ONLY,3,3,2779,1735,0,-1,-1,0,0,0,0,"[0,0,0,0];sat=[false,false,false,false]/[0,0,0,0];sat=[false,false,false,false]",shared unsupported prime 17,"MEET plus two checked CANCEL operations remove only catalog factors; an unsupported shared cofactor can remain, so this is not a fully reduced rational."
PAH-BUILD002-CONF0001,D,D-W8-5,BIN-GCD+DIV,8,COLD_MAG,MAGNITUDE_FINAL,EXECUTE,BINARY_MAGNITUDE_LOCAL,SEMANTIC_STEP_PLUS_STRUCTURAL_DECLARED,FULLY_REDUCED_BINARY_TRANSITIONS_NOT_MEASURED,3,11,11036,-1,-1,-1,-1,0,0,0,0,11/13,shared unsupported prime 19,GCD cycles and NAND evaluations are exact; end-to-end settled transitions are NOT_MEASURED.
PAH-BUILD002-CONF0001,D,D-W8-5-STRUCTURAL,VFU-BINEXP-S4-RATIONAL,8,WARM_RESIDENT,STRUCTURAL_FINAL,EXECUTE,REPRESENTATION_LOCAL,COMPOSITE_STRUCTURAL_DECLARED,CATALOG_PROJECTION_ONLY,3,3,2779,1735,0,-1,-1,0,0,0,0,"[0,0,0,0];sat=[false,false,false,false]/[0,0,0,0];sat=[false,false,false,false]",shared unsupported prime 19,"MEET plus two checked CANCEL operations remove only catalog factors; an unsupported shared cofactor can remain, so this is not a fully reduced rational."
PAH-BUILD002-CONF0001,D,D-W8-6,BIN-GCD+DIV,8,COLD_MAG,MAGNITUDE_FINAL,EXECUTE,BINARY_MAGNITUDE_LOCAL,SEMANTIC_STEP_PLUS_STRUCTURAL_DECLARED,FULLY_REDUCED_BINARY_TRANSITIONS_NOT_MEASURED,3,4,5142,-1,-1,-1,-1,0,0,0,0,0/1,zero numerator with unsupported denominator,GCD cycles and NAND evaluations are exact; end-to-end settled transitions are NOT_MEASURED.
PAH-BUILD002-CONF0001,D,D-W8-6-STRUCTURAL,VFU-BINEXP-S4-RATIONAL,8,WARM_RESIDENT,STRUCTURAL_FINAL,EXECUTE,REPRESENTATION_LOCAL,COMPOSITE_STRUCTURAL_DECLARED,CATALOG_PROJECTION_ONLY,3,3,2779,1724,0,-1,-1,0,0,0,0,"zero/[0,0,0,0];sat=[false,false,false,false]",zero numerator with unsupported denominator,"MEET plus two checked CANCEL operations remove only catalog factors; an unsupported shared cofactor can remain, so this is not a fully reduced rational."
PAH-BUILD002-CONF0001,D,D-W8-7,BIN-GCD+DIV,8,COLD_MAG,MAGNITUDE_FINAL,EXECUTE,BINARY_MAGNITUDE_LOCAL,SEMANTIC_STEP_PLUS_STRUCTURAL_DECLARED,FULLY_REDUCED_BINARY_TRANSITIONS_NOT_MEASURED,3,9,9352,-1,-1,-1,-1,0,0,0,0,11/7,shared unsupported factor 22,GCD cycles and NAND evaluations are exact; end-to-end settled transitions are NOT_MEASURED.
PAH-BUILD002-CONF0001,D,D-W8-7-STRUCTURAL,VFU-BINEXP-S4-RATIONAL,8,WARM_RESIDENT,STRUCTURAL_FINAL,EXECUTE,REPRESENTATION_LOCAL,COMPOSITE_STRUCTURAL_DECLARED,CATALOG_PROJECTION_ONLY,3,3,2779,1711,0,-1,-1,0,0,0,0,"[0,0,0,0];sat=[false,false,false,false]/[0,0,0,1];sat=[false,false,false,false]",shared unsupported factor 22,"MEET plus two checked CANCEL operations remove only catalog factors; an unsupported shared cofactor can remain, so this is not a fully reduced rational."
PAH-BUILD002-CONF0001,D,D-W8-8,BIN-GCD+DIV,8,COLD_MAG,MAGNITUDE_FINAL,EXECUTE,BINARY_MAGNITUDE_LOCAL,STRUCTURAL_DECLARED,REJECTED_DENOMINATOR_ZERO,1,1,0,-1,-1,-1,-1,1,0,0,0,,denominator-zero atomic rejection boundary,Denominator-zero rejection is atomic; no divide circuit is executed.
PAH-BUILD002-CONF0001,D,D-W8-8-STRUCTURAL,VFU-BINEXP-S4-RATIONAL,8,WARM_RESIDENT,STRUCTURAL_FINAL,EXECUTE,REPRESENTATION_LOCAL,SEMANTIC_REJECTION,REJECTED_DENOMINATOR_ZERO,1,1,0,0,0,-1,-1,1,0,0,0,,denominator-zero atomic rejection boundary,Denominator-zero rejection occurs before a structural datapath operation; controller static cost is reported as NOT_MEASURED.
PAH-BUILD002-CONF0001,E,E-W8-0-BASELINE,BIN-MIXED-WARM,8,WARM_GENERATED,MAGNITUDE_EVERY_OP,INGRESS,BINARY_MAGNITUDE_LOCAL,STRUCTURAL_DECLARED_INTEGRATED,DIRECT_BINARY_LOAD,1,1,4242,0,1,0,2848,0,1,0,0,1,unequal 2-adic valuations,Matched integrated binary LOAD; no valuation acquisition is performed.
PAH-BUILD002-CONF0001,E,E-W8-0-BASELINE,BIN-MIXED-WARM,8,WARM_GENERATED,MAGNITUDE_EVERY_OP,EXECUTE,BINARY_MAGNITUDE_LOCAL,STRUCTURAL_DECLARED_INTEGRATED,FULL_BINARY_MAGNITUDE,5,5,21210,1336,11,13,0,0,0,0,0,10,unequal 2-adic valuations,"Matched integrated binary SCALE/CANCEL/ADD baseline with the same overlapping arithmetic, control, status, and atomic-hold contract."
PAH-BUILD002-CONF0001,E,E-W8-0-DELAYED-REFRESH,BIN+VSC-S4,8,WARM_GENERATED,MAGNITUDE_EVERY_OP,INGRESS,REQUIRES_FACTOR_DISCOVERY,STRUCTURAL_DECLARED_INTEGRATED,FULL_BINARY_TO_EXACT_S4_LOAD,1,1,15871,0,2,0,9345,0,1,0,0,1,unequal 2-adic valuations,One integrated LOAD acquires exact S4 thresholds from the authoritative binary magnitude.
PAH-BUILD002-CONF0001,E,E-W8-0-DELAYED-REFRESH,BIN+VSC-S4,8,WARM_GENERATED,MAGNITUDE_EVERY_OP,EXECUTE,REPRESENTATION_LOCAL,STRUCTURAL_DECLARED_INTEGRATED,AUTHORITATIVE_MAGNITUDE_SOUND_LOWER_BOUNDS_VALID_FALSE,5,5,79355,6026,17,13,0,0,0,0,0,10,unequal 2-adic valuations,Integrated SCALE/CANCEL/ADD hardware preserves authoritative magnitude; addition retains only proven lower bounds unless the unequal-valuation theorem makes them exact.
PAH-BUILD002-CONF0001,E,E-W8-0-EAGER-REFRESH,BIN+VSC-S4,8,WARM_GENERATED,MAGNITUDE_EVERY_OP,INGRESS,REQUIRES_FACTOR_DISCOVERY,STRUCTURAL_DECLARED_INTEGRATED,FULL_BINARY_TO_EXACT_S4_LOAD,1,1,15871,0,2,0,9345,0,1,0,0,1,unequal 2-adic valuations,One integrated LOAD acquires exact S4 thresholds from the authoritative binary magnitude.
PAH-BUILD002-CONF0001,E,E-W8-0-EAGER-REFRESH,BIN+VSC-S4,8,WARM_GENERATED,MAGNITUDE_EVERY_OP,EXECUTE,REPRESENTATION_LOCAL,STRUCTURAL_DECLARED_INTEGRATED,AUTHORITATIVE_MAGNITUDE_EXACT_S4_SIDECAR,5,5,79355,4642,17,11,0,0,0,0,0,10,unequal 2-adic valuations,Integrated SCALE/CANCEL/ADD hardware preserves authoritative magnitude; addition retains only proven lower bounds unless the unequal-valuation theorem makes them exact.
PAH-BUILD002-CONF0001,E,E-W8-0-EAGER-REFRESH,BIN+VSC-S4,8,WARM_GENERATED,MAGNITUDE_EVERY_OP,ADDITION_RECOVERY,CROSS_REPRESENTATION,STRUCTURAL_DECLARED_INTEGRATED,EXACT_S4_REFRESH_FROM_AUTHORITATIVE_MAGNITUDE,1,1,15871,1537,2,2,0,0,0,0,1,10,unequal 2-adic valuations,Each refresh re-discovers exact S4 thresholds after an addition invalidated exact metadata.
PAH-BUILD002-CONF0001,E,E-W8-1-BASELINE,BIN-MIXED-WARM,8,WARM_GENERATED,MAGNITUDE_EVERY_OP,INGRESS,BINARY_MAGNITUDE_LOCAL,STRUCTURAL_DECLARED_INTEGRATED,DIRECT_BINARY_LOAD,1,1,4242,0,1,0,2848,0,1,0,0,1,equal valuation with extra cancellation,Matched integrated binary LOAD; no valuation acquisition is performed.
PAH-BUILD002-CONF0001,E,E-W8-1-BASELINE,BIN-MIXED-WARM,8,WARM_GENERATED,MAGNITUDE_EVERY_OP,EXECUTE,BINARY_MAGNITUDE_LOCAL,STRUCTURAL_DECLARED_INTEGRATED,FULL_BINARY_MAGNITUDE,5,5,21210,1201,9,12,0,0,0,0,0,12,equal valuation with extra cancellation,"Matched integrated binary SCALE/CANCEL/ADD baseline with the same overlapping arithmetic, control, status, and atomic-hold contract."
PAH-BUILD002-CONF0001,E,E-W8-1-DELAYED-REFRESH,BIN+VSC-S4,8,WARM_GENERATED,MAGNITUDE_EVERY_OP,INGRESS,REQUIRES_FACTOR_DISCOVERY,STRUCTURAL_DECLARED_INTEGRATED,FULL_BINARY_TO_EXACT_S4_LOAD,1,1,15871,0,2,0,9345,0,1,0,0,1,equal valuation with extra cancellation,One integrated LOAD acquires exact S4 thresholds from the authoritative binary magnitude.
PAH-BUILD002-CONF0001,E,E-W8-1-DELAYED-REFRESH,BIN+VSC-S4,8,WARM_GENERATED,MAGNITUDE_EVERY_OP,EXECUTE,REPRESENTATION_LOCAL,STRUCTURAL_DECLARED_INTEGRATED,AUTHORITATIVE_MAGNITUDE_SOUND_LOWER_BOUNDS_VALID_FALSE,5,5,79355,6103,14,12,0,0,0,0,0,12,equal valuation with extra cancellation,Integrated SCALE/CANCEL/ADD hardware preserves authoritative magnitude; addition retains only proven lower bounds unless the unequal-valuation theorem makes them exact.
PAH-BUILD002-CONF0001,E,E-W8-1-EAGER-REFRESH,BIN+VSC-S4,8,WARM_GENERATED,MAGNITUDE_EVERY_OP,INGRESS,REQUIRES_FACTOR_DISCOVERY,STRUCTURAL_DECLARED_INTEGRATED,FULL_BINARY_TO_EXACT_S4_LOAD,1,1,15871,0,2,0,9345,0,1,0,0,1,equal valuation with extra cancellation,One integrated LOAD acquires exact S4 thresholds from the authoritative binary magnitude.
PAH-BUILD002-CONF0001,E,E-W8-1-EAGER-REFRESH,BIN+VSC-S4,8,WARM_GENERATED,MAGNITUDE_EVERY_OP,EXECUTE,REPRESENTATION_LOCAL,STRUCTURAL_DECLARED_INTEGRATED,AUTHORITATIVE_MAGNITUDE_EXACT_S4_SIDECAR,5,5,79355,5057,14,10,0,0,0,0,0,12,equal valuation with extra cancellation,Integrated SCALE/CANCEL/ADD hardware preserves authoritative magnitude; addition retains only proven lower bounds unless the unequal-valuation theorem makes them exact.
PAH-BUILD002-CONF0001,E,E-W8-1-EAGER-REFRESH,BIN+VSC-S4,8,WARM_GENERATED,MAGNITUDE_EVERY_OP,ADDITION_RECOVERY,CROSS_REPRESENTATION,STRUCTURAL_DECLARED_INTEGRATED,EXACT_S4_REFRESH_FROM_AUTHORITATIVE_MAGNITUDE,1,1,15871,1524,2,2,0,0,0,0,1,12,equal valuation with extra cancellation,Each refresh re-discovers exact S4 thresholds after an addition invalidated exact metadata.
PAH-BUILD002-CONF0001,E,E-W8-2-BASELINE,BIN-MIXED-WARM,8,WARM_GENERATED,MAGNITUDE_EVERY_OP,INGRESS,BINARY_MAGNITUDE_LOCAL,STRUCTURAL_DECLARED_INTEGRATED,DIRECT_BINARY_LOAD,1,1,4242,0,1,0,2848,0,1,0,0,1,coprime sum,Matched integrated binary LOAD; no valuation acquisition is performed.
PAH-BUILD002-CONF0001,E,E-W8-2-BASELINE,BIN-MIXED-WARM,8,WARM_GENERATED,MAGNITUDE_EVERY_OP,EXECUTE,BINARY_MAGNITUDE_LOCAL,STRUCTURAL_DECLARED_INTEGRATED,FULL_BINARY_MAGNITUDE,5,5,21210,1882,8,17,0,0,0,0,0,14,coprime sum,"Matched integrated binary SCALE/CANCEL/ADD baseline with the same overlapping arithmetic, control, status, and atomic-hold contract."
PAH-BUILD002-CONF0001,E,E-W8-2-DELAYED-REFRESH,BIN+VSC-S4,8,WARM_GENERATED,MAGNITUDE_EVERY_OP,INGRESS,REQUIRES_FACTOR_DISCOVERY,STRUCTURAL_DECLARED_INTEGRATED,FULL_BINARY_TO_EXACT_S4_LOAD,1,1,15871,0,2,0,9345,0,1,0,0,1,coprime sum,One integrated LOAD acquires exact S4 thresholds from the authoritative binary magnitude.
PAH-BUILD002-CONF0001,E,E-W8-2-DELAYED-REFRESH,BIN+VSC-S4,8,WARM_GENERATED,MAGNITUDE_EVERY_OP,EXECUTE,REPRESENTATION_LOCAL,STRUCTURAL_DECLARED_INTEGRATED,AUTHORITATIVE_MAGNITUDE_SOUND_LOWER_BOUNDS_VALID_FALSE,5,5,79355,6406,14,17,0,0,0,0,0,14,coprime sum,Integrated SCALE/CANCEL/ADD hardware preserves authoritative magnitude; addition retains only proven lower bounds unless the unequal-valuation theorem makes them exact.
PAH-BUILD002-CONF0001,E,E-W8-2-EAGER-REFRESH,BIN+VSC-S4,8,WARM_GENERATED,MAGNITUDE_EVERY_OP,INGRESS,REQUIRES_FACTOR_DISCOVERY,STRUCTURAL_DECLARED_INTEGRATED,FULL_BINARY_TO_EXACT_S4_LOAD,1,1,15871,0,2,0,9345,0,1,0,0,1,coprime sum,One integrated LOAD acquires exact S4 thresholds from the authoritative binary magnitude.
PAH-BUILD002-CONF0001,E,E-W8-2-EAGER-REFRESH,BIN+VSC-S4,8,WARM_GENERATED,MAGNITUDE_EVERY_OP,EXECUTE,REPRESENTATION_LOCAL,STRUCTURAL_DECLARED_INTEGRATED,AUTHORITATIVE_MAGNITUDE_EXACT_S4_SIDECAR,5,5,79355,5395,14,15,0,0,0,0,0,14,coprime sum,Integrated SCALE/CANCEL/ADD hardware preserves authoritative magnitude; addition retains only proven lower bounds unless the unequal-valuation theorem makes them exact.
PAH-BUILD002-CONF0001,E,E-W8-2-EAGER-REFRESH,BIN+VSC-S4,8,WARM_GENERATED,MAGNITUDE_EVERY_OP,ADDITION_RECOVERY,CROSS_REPRESENTATION,STRUCTURAL_DECLARED_INTEGRATED,EXACT_S4_REFRESH_FROM_AUTHORITATIVE_MAGNITUDE,1,1,15871,1154,2,2,0,0,0,0,1,14,coprime sum,Each refresh re-discovers exact S4 thresholds after an addition invalidated exact metadata.
PAH-BUILD002-CONF0001,E,E-W8-3-BASELINE,BIN-MIXED-WARM,8,WARM_GENERATED,MAGNITUDE_EVERY_OP,INGRESS,BINARY_MAGNITUDE_LOCAL,STRUCTURAL_DECLARED_INTEGRATED,DIRECT_BINARY_LOAD,1,1,4242,0,0,0,2848,0,1,0,0,0,explicit zero crosses into nonzero state,Matched integrated binary LOAD; no valuation acquisition is performed.
PAH-BUILD002-CONF0001,E,E-W8-3-BASELINE,BIN-MIXED-WARM,8,WARM_GENERATED,MAGNITUDE_EVERY_OP,EXECUTE,BINARY_MAGNITUDE_LOCAL,STRUCTURAL_DECLARED_INTEGRATED,FULL_BINARY_MAGNITUDE,5,5,21210,550,3,12,0,0,0,0,0,2,explicit zero crosses into nonzero state,"Matched integrated binary SCALE/CANCEL/ADD baseline with the same overlapping arithmetic, control, status, and atomic-hold contract."
PAH-BUILD002-CONF0001,E,E-W8-3-DELAYED-REFRESH,BIN+VSC-S4,8,WARM_GENERATED,MAGNITUDE_EVERY_OP,INGRESS,REQUIRES_FACTOR_DISCOVERY,STRUCTURAL_DECLARED_INTEGRATED,FULL_BINARY_TO_EXACT_S4_LOAD,1,1,15871,0,18,0,9315,0,1,0,0,0,explicit zero crosses into nonzero state,One integrated LOAD acquires exact S4 thresholds from the authoritative binary magnitude.
PAH-BUILD002-CONF0001,E,E-W8-3-DELAYED-REFRESH,BIN+VSC-S4,8,WARM_GENERATED,MAGNITUDE_EVERY_OP,EXECUTE,REPRESENTATION_LOCAL,STRUCTURAL_DECLARED_INTEGRATED,AUTHORITATIVE_MAGNITUDE_EXACT_S4_SIDECAR,5,5,79355,3678,21,12,0,0,0,0,0,2,explicit zero crosses into nonzero state,Integrated SCALE/CANCEL/ADD hardware preserves authoritative magnitude; addition retains only proven lower bounds unless the unequal-valuation theorem makes them exact.
PAH-BUILD002-CONF0001,E,E-W8-3-EAGER-REFRESH,BIN+VSC-S4,8,WARM_GENERATED,MAGNITUDE_EVERY_OP,INGRESS,REQUIRES_FACTOR_DISCOVERY,STRUCTURAL_DECLARED_INTEGRATED,FULL_BINARY_TO_EXACT_S4_LOAD,1,1,15871,0,18,0,9315,0,1,0,0,0,explicit zero crosses into nonzero state,One integrated LOAD acquires exact S4 thresholds from the authoritative binary magnitude.
PAH-BUILD002-CONF0001,E,E-W8-3-EAGER-REFRESH,BIN+VSC-S4,8,WARM_GENERATED,MAGNITUDE_EVERY_OP,EXECUTE,REPRESENTATION_LOCAL,STRUCTURAL_DECLARED_INTEGRATED,AUTHORITATIVE_MAGNITUDE_EXACT_S4_SIDECAR,5,5,79355,3678,21,12,0,0,0,0,0,2,explicit zero crosses into nonzero state,Integrated SCALE/CANCEL/ADD hardware preserves authoritative magnitude; addition retains only proven lower bounds unless the unequal-valuation theorem makes them exact.
PAH-BUILD002-CONF0001,E,E-W8-4-BASELINE,BIN-MIXED-WARM,8,WARM_GENERATED,MAGNITUDE_EVERY_OP,INGRESS,BINARY_MAGNITUDE_LOCAL,STRUCTURAL_DECLARED_INTEGRATED,DIRECT_BINARY_LOAD,1,1,4242,0,1,0,2848,0,1,0,0,1,final W-bit overflow,Matched integrated binary LOAD; no valuation acquisition is performed.
PAH-BUILD002-CONF0001,E,E-W8-4-BASELINE,BIN-MIXED-WARM,8,WARM_GENERATED,MAGNITUDE_EVERY_OP,EXECUTE,BINARY_MAGNITUDE_LOCAL,STRUCTURAL_DECLARED_INTEGRATED,FULL_BINARY_MAGNITUDE,5,5,21210,1958,10,23,0,1,0,0,0,128,final W-bit overflow,"Matched integrated binary SCALE/CANCEL/ADD baseline with the same overlapping arithmetic, control, status, and atomic-hold contract."
PAH-BUILD002-CONF0001,E,E-W8-4-DELAYED-REFRESH,BIN+VSC-S4,8,WARM_GENERATED,MAGNITUDE_EVERY_OP,INGRESS,REQUIRES_FACTOR_DISCOVERY,STRUCTURAL_DECLARED_INTEGRATED,FULL_BINARY_TO_EXACT_S4_LOAD,1,1,15871,0,2,0,9345,0,1,0,0,1,final W-bit overflow,One integrated LOAD acquires exact S4 thresholds from the authoritative binary magnitude.
PAH-BUILD002-CONF0001,E,E-W8-4-DELAYED-REFRESH,BIN+VSC-S4,8,WARM_GENERATED,MAGNITUDE_EVERY_OP,EXECUTE,REPRESENTATION_LOCAL,STRUCTURAL_DECLARED_INTEGRATED,AUTHORITATIVE_MAGNITUDE_SOUND_LOWER_BOUNDS_VALID_FALSE,5,5,79355,9292,15,23,0,1,0,0,0,128,final W-bit overflow,Integrated SCALE/CANCEL/ADD hardware preserves authoritative magnitude; addition retains only proven lower bounds unless the unequal-valuation theorem makes them exact.
PAH-BUILD002-CONF0001,E,E-W8-4-EAGER-REFRESH,BIN+VSC-S4,8,WARM_GENERATED,MAGNITUDE_EVERY_OP,INGRESS,REQUIRES_FACTOR_DISCOVERY,STRUCTURAL_DECLARED_INTEGRATED,FULL_BINARY_TO_EXACT_S4_LOAD,1,1,15871,0,2,0,9345,0,1,0,0,1,final W-bit overflow,One integrated LOAD acquires exact S4 thresholds from the authoritative binary magnitude.
PAH-BUILD002-CONF0001,E,E-W8-4-EAGER-REFRESH,BIN+VSC-S4,8,WARM_GENERATED,MAGNITUDE_EVERY_OP,EXECUTE,REPRESENTATION_LOCAL,STRUCTURAL_DECLARED_INTEGRATED,AUTHORITATIVE_MAGNITUDE_EXACT_S4_SIDECAR,5,5,79355,6630,15,17,0,1,0,0,0,128,final W-bit overflow,Integrated SCALE/CANCEL/ADD hardware preserves authoritative magnitude; addition retains only proven lower bounds unless the unequal-valuation theorem makes them exact.
PAH-BUILD002-CONF0001,E,E-W8-4-EAGER-REFRESH,BIN+VSC-S4,8,WARM_GENERATED,MAGNITUDE_EVERY_OP,ADDITION_RECOVERY,CROSS_REPRESENTATION,STRUCTURAL_DECLARED_INTEGRATED,EXACT_S4_REFRESH_FROM_AUTHORITATIVE_MAGNITUDE,1,1,15871,3100,8,6,0,0,0,0,1,128,final W-bit overflow,Each refresh re-discovers exact S4 thresholds after an addition invalidated exact metadata.
PAH-BUILD002-CONF0001,E,E-W8-5-BASELINE,BIN-MIXED-WARM,8,WARM_GENERATED,MAGNITUDE_EVERY_OP,INGRESS,BINARY_MAGNITUDE_LOCAL,STRUCTURAL_DECLARED_INTEGRATED,DIRECT_BINARY_LOAD,1,1,4242,0,1,0,2848,0,1,0,0,1,unsupported prime introduced by addition,Matched integrated binary LOAD; no valuation acquisition is performed.
PAH-BUILD002-CONF0001,E,E-W8-5-BASELINE,BIN-MIXED-WARM,8,WARM_GENERATED,MAGNITUDE_EVERY_OP,EXECUTE,BINARY_MAGNITUDE_LOCAL,STRUCTURAL_DECLARED_INTEGRATED,FULL_BINARY_MAGNITUDE,5,5,21210,1414,10,17,0,0,0,0,0,28,unsupported prime introduced by addition,"Matched integrated binary SCALE/CANCEL/ADD baseline with the same overlapping arithmetic, control, status, and atomic-hold contract."
PAH-BUILD002-CONF0001,E,E-W8-5-DELAYED-REFRESH,BIN+VSC-S4,8,WARM_GENERATED,MAGNITUDE_EVERY_OP,INGRESS,REQUIRES_FACTOR_DISCOVERY,STRUCTURAL_DECLARED_INTEGRATED,FULL_BINARY_TO_EXACT_S4_LOAD,1,1,15871,0,2,0,9345,0,1,0,0,1,unsupported prime introduced by addition,One integrated LOAD acquires exact S4 thresholds from the authoritative binary magnitude.
PAH-BUILD002-CONF0001,E,E-W8-5-DELAYED-REFRESH,BIN+VSC-S4,8,WARM_GENERATED,MAGNITUDE_EVERY_OP,EXECUTE,REPRESENTATION_LOCAL,STRUCTURAL_DECLARED_INTEGRATED,AUTHORITATIVE_MAGNITUDE_SOUND_LOWER_BOUNDS_VALID_FALSE,5,5,79355,6692,16,17,0,0,0,0,0,28,unsupported prime introduced by addition,Integrated SCALE/CANCEL/ADD hardware preserves authoritative magnitude; addition retains only proven lower bounds unless the unequal-valuation theorem makes them exact.
PAH-BUILD002-CONF0001,E,E-W8-5-EAGER-REFRESH,BIN+VSC-S4,8,WARM_GENERATED,MAGNITUDE_EVERY_OP,INGRESS,REQUIRES_FACTOR_DISCOVERY,STRUCTURAL_DECLARED_INTEGRATED,FULL_BINARY_TO_EXACT_S4_LOAD,1,1,15871,0,2,0,9345,0,1,0,0,1,unsupported prime introduced by addition,One integrated LOAD acquires exact S4 thresholds from the authoritative binary magnitude.
PAH-BUILD002-CONF0001,E,E-W8-5-EAGER-REFRESH,BIN+VSC-S4,8,WARM_GENERATED,MAGNITUDE_EVERY_OP,EXECUTE,REPRESENTATION_LOCAL,STRUCTURAL_DECLARED_INTEGRATED,AUTHORITATIVE_MAGNITUDE_EXACT_S4_SIDECAR,5,5,79355,4961,16,13,0,0,0,0,0,28,unsupported prime introduced by addition,Integrated SCALE/CANCEL/ADD hardware preserves authoritative magnitude; addition retains only proven lower bounds unless the unequal-valuation theorem makes them exact.
PAH-BUILD002-CONF0001,E,E-W8-5-EAGER-REFRESH,BIN+VSC-S4,8,WARM_GENERATED,MAGNITUDE_EVERY_OP,ADDITION_RECOVERY,CROSS_REPRESENTATION,STRUCTURAL_DECLARED_INTEGRATED,EXACT_S4_REFRESH_FROM_AUTHORITATIVE_MAGNITUDE,1,1,15871,1930,3,4,0,0,0,0,1,28,unsupported prime introduced by addition,Each refresh re-discovers exact S4 thresholds after an addition invalidated exact metadata.
PAH-BUILD002-CONF0001,E,E-W8-6-BASELINE,BIN-MIXED-WARM,8,WARM_GENERATED,MAGNITUDE_EVERY_OP,INGRESS,BINARY_MAGNITUDE_LOCAL,STRUCTURAL_DECLARED_INTEGRATED,DIRECT_BINARY_LOAD,1,1,4242,0,1,0,2848,0,1,0,0,1,equal valuation can gain additional powers,Matched integrated binary LOAD; no valuation acquisition is performed.
PAH-BUILD002-CONF0001,E,E-W8-6-BASELINE,BIN-MIXED-WARM,8,WARM_GENERATED,MAGNITUDE_EVERY_OP,EXECUTE,BINARY_MAGNITUDE_LOCAL,STRUCTURAL_DECLARED_INTEGRATED,FULL_BINARY_MAGNITUDE,5,5,21210,1557,7,16,0,0,0,0,0,24,equal valuation can gain additional powers,"Matched integrated binary SCALE/CANCEL/ADD baseline with the same overlapping arithmetic, control, status, and atomic-hold contract."
PAH-BUILD002-CONF0001,E,E-W8-6-DELAYED-REFRESH,BIN+VSC-S4,8,WARM_GENERATED,MAGNITUDE_EVERY_OP,INGRESS,REQUIRES_FACTOR_DISCOVERY,STRUCTURAL_DECLARED_INTEGRATED,FULL_BINARY_TO_EXACT_S4_LOAD,1,1,15871,0,2,0,9345,0,1,0,0,1,equal valuation can gain additional powers,One integrated LOAD acquires exact S4 thresholds from the authoritative binary magnitude.
PAH-BUILD002-CONF0001,E,E-W8-6-DELAYED-REFRESH,BIN+VSC-S4,8,WARM_GENERATED,MAGNITUDE_EVERY_OP,EXECUTE,REPRESENTATION_LOCAL,STRUCTURAL_DECLARED_INTEGRATED,AUTHORITATIVE_MAGNITUDE_SOUND_LOWER_BOUNDS_VALID_FALSE,5,5,79355,6561,12,16,0,0,0,0,0,24,equal valuation can gain additional powers,Integrated SCALE/CANCEL/ADD hardware preserves authoritative magnitude; addition retains only proven lower bounds unless the unequal-valuation theorem makes them exact.
PAH-BUILD002-CONF0001,E,E-W8-6-EAGER-REFRESH,BIN+VSC-S4,8,WARM_GENERATED,MAGNITUDE_EVERY_OP,INGRESS,REQUIRES_FACTOR_DISCOVERY,STRUCTURAL_DECLARED_INTEGRATED,FULL_BINARY_TO_EXACT_S4_LOAD,1,1,15871,0,2,0,9345,0,1,0,0,1,equal valuation can gain additional powers,One integrated LOAD acquires exact S4 thresholds from the authoritative binary magnitude.
PAH-BUILD002-CONF0001,E,E-W8-6-EAGER-REFRESH,BIN+VSC-S4,8,WARM_GENERATED,MAGNITUDE_EVERY_OP,EXECUTE,REPRESENTATION_LOCAL,STRUCTURAL_DECLARED_INTEGRATED,AUTHORITATIVE_MAGNITUDE_EXACT_S4_SIDECAR,5,5,79355,5105,12,13,0,0,0,0,0,24,equal valuation can gain additional powers,Integrated SCALE/CANCEL/ADD hardware preserves authoritative magnitude; addition retains only proven lower bounds unless the unequal-valuation theorem makes them exact.
PAH-BUILD002-CONF0001,E,E-W8-6-EAGER-REFRESH,BIN+VSC-S4,8,WARM_GENERATED,MAGNITUDE_EVERY_OP,ADDITION_RECOVERY,CROSS_REPRESENTATION,STRUCTURAL_DECLARED_INTEGRATED,EXACT_S4_REFRESH_FROM_AUTHORITATIVE_MAGNITUDE,1,1,15871,1806,3,3,0,0,0,0,1,24,equal valuation can gain additional powers,Each refresh re-discovers exact S4 thresholds after an addition invalidated exact metadata.
PAH-BUILD002-CONF0001,E,E-W8-7-BASELINE,BIN-MIXED-WARM,8,WARM_GENERATED,MAGNITUDE_EVERY_OP,INGRESS,BINARY_MAGNITUDE_LOCAL,STRUCTURAL_DECLARED_INTEGRATED,DIRECT_BINARY_LOAD,1,1,4242,0,1,0,2848,0,1,0,0,1,addition produces outside-basis structure,Matched integrated binary LOAD; no valuation acquisition is performed.
PAH-BUILD002-CONF0001,E,E-W8-7-BASELINE,BIN-MIXED-WARM,8,WARM_GENERATED,MAGNITUDE_EVERY_OP,EXECUTE,BINARY_MAGNITUDE_LOCAL,STRUCTURAL_DECLARED_INTEGRATED,FULL_BINARY_MAGNITUDE,5,5,21210,2068,12,17,0,0,0,0,0,26,addition produces outside-basis structure,"Matched integrated binary SCALE/CANCEL/ADD baseline with the same overlapping arithmetic, control, status, and atomic-hold contract."
PAH-BUILD002-CONF0001,E,E-W8-7-DELAYED-REFRESH,BIN+VSC-S4,8,WARM_GENERATED,MAGNITUDE_EVERY_OP,INGRESS,REQUIRES_FACTOR_DISCOVERY,STRUCTURAL_DECLARED_INTEGRATED,FULL_BINARY_TO_EXACT_S4_LOAD,1,1,15871,0,2,0,9345,0,1,0,0,1,addition produces outside-basis structure,One integrated LOAD acquires exact S4 thresholds from the authoritative binary magnitude.
PAH-BUILD002-CONF0001,E,E-W8-7-DELAYED-REFRESH,BIN+VSC-S4,8,WARM_GENERATED,MAGNITUDE_EVERY_OP,EXECUTE,REPRESENTATION_LOCAL,STRUCTURAL_DECLARED_INTEGRATED,AUTHORITATIVE_MAGNITUDE_SOUND_LOWER_BOUNDS_VALID_FALSE,5,5,79355,7913,18,17,0,0,0,0,0,26,addition produces outside-basis structure,Integrated SCALE/CANCEL/ADD hardware preserves authoritative magnitude; addition retains only proven lower bounds unless the unequal-valuation theorem makes them exact.
PAH-BUILD002-CONF0001,E,E-W8-7-EAGER-REFRESH,BIN+VSC-S4,8,WARM_GENERATED,MAGNITUDE_EVERY_OP,INGRESS,REQUIRES_FACTOR_DISCOVERY,STRUCTURAL_DECLARED_INTEGRATED,FULL_BINARY_TO_EXACT_S4_LOAD,1,1,15871,0,2,0,9345,0,1,0,0,1,addition produces outside-basis structure,One integrated LOAD acquires exact S4 thresholds from the authoritative binary magnitude.
PAH-BUILD002-CONF0001,E,E-W8-7-EAGER-REFRESH,BIN+VSC-S4,8,WARM_GENERATED,MAGNITUDE_EVERY_OP,EXECUTE,REPRESENTATION_LOCAL,STRUCTURAL_DECLARED_INTEGRATED,AUTHORITATIVE_MAGNITUDE_EXACT_S4_SIDECAR,5,5,79355,6256,18,14,0,0,0,0,0,26,addition produces outside-basis structure,Integrated SCALE/CANCEL/ADD hardware preserves authoritative magnitude; addition retains only proven lower bounds unless the unequal-valuation theorem makes them exact.
PAH-BUILD002-CONF0001,E,E-W8-7-EAGER-REFRESH,BIN+VSC-S4,8,WARM_GENERATED,MAGNITUDE_EVERY_OP,ADDITION_RECOVERY,CROSS_REPRESENTATION,STRUCTURAL_DECLARED_INTEGRATED,EXACT_S4_REFRESH_FROM_AUTHORITATIVE_MAGNITUDE,1,1,15871,1758,1,3,0,0,0,0,1,26,addition produces outside-basis structure,Each refresh re-discovers exact S4 thresholds after an addition invalidated exact metadata.
PAH-BUILD002-CONF0001,F,F-W8-FREQUENT-ADDITION-BASELINE,BIN-MIXED-WARM,8,WARM_GENERATED,MAGNITUDE_EVERY_OP,INGRESS,BINARY_MAGNITUDE_LOCAL,STRUCTURAL_DECLARED_INTEGRATED,DIRECT_BINARY_LOAD,1,1,4242,0,0,0,2848,0,1,0,0,0,frequent arbitrary additions of unsupported-support values,Matched integrated binary LOAD; no valuation acquisition is performed.
PAH-BUILD002-CONF0001,F,F-W8-FREQUENT-ADDITION-BASELINE,BIN-MIXED-WARM,8,WARM_GENERATED,MAGNITUDE_EVERY_OP,EXECUTE,BINARY_MAGNITUDE_LOCAL,STRUCTURAL_DECLARED_INTEGRATED,FULL_BINARY_MAGNITUDE,32,32,135744,4816,34,72,0,22,0,0,0,222,frequent arbitrary additions of unsupported-support values,"Matched integrated binary SCALE/CANCEL/ADD baseline with the same overlapping arithmetic, control, status, and atomic-hold contract."
PAH-BUILD002-CONF0001,F,F-W8-FREQUENT-ADDITION-DELAYED-REFRESH,BIN+VSC-S4,8,WARM_GENERATED,MAGNITUDE_EVERY_OP,INGRESS,REQUIRES_FACTOR_DISCOVERY,STRUCTURAL_DECLARED_INTEGRATED,FULL_BINARY_TO_EXACT_S4_LOAD,1,1,15871,0,18,0,9315,0,1,0,0,0,frequent arbitrary additions of unsupported-support values,One integrated LOAD acquires exact S4 thresholds from the authoritative binary magnitude.
PAH-BUILD002-CONF0001,F,F-W8-FREQUENT-ADDITION-DELAYED-REFRESH,BIN+VSC-S4,8,WARM_GENERATED,MAGNITUDE_EVERY_OP,EXECUTE,REPRESENTATION_LOCAL,STRUCTURAL_DECLARED_INTEGRATED,AUTHORITATIVE_MAGNITUDE_SOUND_LOWER_BOUNDS_VALID_FALSE,32,32,507872,32489,52,72,0,22,0,0,0,222,frequent arbitrary additions of unsupported-support values,Integrated SCALE/CANCEL/ADD hardware preserves authoritative magnitude; addition retains only proven lower bounds unless the unequal-valuation theorem makes them exact.
PAH-BUILD002-CONF0001,F,F-W8-FREQUENT-ADDITION-EAGER-REFRESH,BIN+VSC-S4,8,WARM_GENERATED,MAGNITUDE_EVERY_OP,INGRESS,REQUIRES_FACTOR_DISCOVERY,STRUCTURAL_DECLARED_INTEGRATED,FULL_BINARY_TO_EXACT_S4_LOAD,1,1,15871,0,18,0,9315,0,1,0,0,0,frequent arbitrary additions of unsupported-support values,One integrated LOAD acquires exact S4 thresholds from the authoritative binary magnitude.
PAH-BUILD002-CONF0001,F,F-W8-FREQUENT-ADDITION-EAGER-REFRESH,BIN+VSC-S4,8,WARM_GENERATED,MAGNITUDE_EVERY_OP,EXECUTE,REPRESENTATION_LOCAL,STRUCTURAL_DECLARED_INTEGRATED,AUTHORITATIVE_MAGNITUDE_EXACT_S4_SIDECAR,32,32,507872,26357,78,95,0,22,0,0,0,222,frequent arbitrary additions of unsupported-support values,Integrated SCALE/CANCEL/ADD hardware preserves authoritative magnitude; addition retains only proven lower bounds unless the unequal-valuation theorem makes them exact.
PAH-BUILD002-CONF0001,F,F-W8-FREQUENT-ADDITION-EAGER-REFRESH,BIN+VSC-S4,8,WARM_GENERATED,MAGNITUDE_EVERY_OP,ADDITION_RECOVERY,CROSS_REPRESENTATION,STRUCTURAL_DECLARED_INTEGRATED,EXACT_S4_REFRESH_FROM_AUTHORITATIVE_MAGNITUDE,9,9,142839,23053,29,39,0,0,0,0,9,222,frequent arbitrary additions of unsupported-support values,Each refresh re-discovers exact S4 thresholds after an addition invalidated exact metadata.
PAH-BUILD002-CONF0001,F,F-W8-MAGNITUDE-EVERY-OP-BASELINE,BIN-MIXED-WARM,8,WARM_GENERATED,MAGNITUDE_EVERY_OP,INGRESS,BINARY_MAGNITUDE_LOCAL,STRUCTURAL_DECLARED_INTEGRATED,DIRECT_BINARY_LOAD,1,1,4242,0,1,0,2848,0,1,0,0,1,constant exact magnitude obligation across support-changing steps,Matched integrated binary LOAD; no valuation acquisition is performed.
PAH-BUILD002-CONF0001,F,F-W8-MAGNITUDE-EVERY-OP-BASELINE,BIN-MIXED-WARM,8,WARM_GENERATED,MAGNITUDE_EVERY_OP,EXECUTE,BINARY_MAGNITUDE_LOCAL,STRUCTURAL_DECLARED_INTEGRATED,FULL_BINARY_MAGNITUDE,32,32,135744,15265,51,82,0,14,0,0,0,235,constant exact magnitude obligation across support-changing steps,"Matched integrated binary SCALE/CANCEL/ADD baseline with the same overlapping arithmetic, control, status, and atomic-hold contract."
PAH-BUILD002-CONF0001,F,F-W8-MAGNITUDE-EVERY-OP-DELAYED-REFRESH,BIN+VSC-S4,8,WARM_GENERATED,MAGNITUDE_EVERY_OP,INGRESS,REQUIRES_FACTOR_DISCOVERY,STRUCTURAL_DECLARED_INTEGRATED,FULL_BINARY_TO_EXACT_S4_LOAD,1,1,15871,0,2,0,9345,0,1,0,0,1,constant exact magnitude obligation across support-changing steps,One integrated LOAD acquires exact S4 thresholds from the authoritative binary magnitude.
PAH-BUILD002-CONF0001,F,F-W8-MAGNITUDE-EVERY-OP-DELAYED-REFRESH,BIN+VSC-S4,8,WARM_GENERATED,MAGNITUDE_EVERY_OP,EXECUTE,REPRESENTATION_LOCAL,STRUCTURAL_DECLARED_INTEGRATED,AUTHORITATIVE_MAGNITUDE_SOUND_LOWER_BOUNDS_VALID_FALSE,32,32,507872,40938,68,82,0,14,0,0,0,235,constant exact magnitude obligation across support-changing steps,Integrated SCALE/CANCEL/ADD hardware preserves authoritative magnitude; addition retains only proven lower bounds unless the unequal-valuation theorem makes them exact.
PAH-BUILD002-CONF0001,F,F-W8-MAGNITUDE-EVERY-OP-EAGER-REFRESH,BIN+VSC-S4,8,WARM_GENERATED,MAGNITUDE_EVERY_OP,INGRESS,REQUIRES_FACTOR_DISCOVERY,STRUCTURAL_DECLARED_INTEGRATED,FULL_BINARY_TO_EXACT_S4_LOAD,1,1,15871,0,2,0,9345,0,1,0,0,1,constant exact magnitude obligation across support-changing steps,One integrated LOAD acquires exact S4 thresholds from the authoritative binary magnitude.
PAH-BUILD002-CONF0001,F,F-W8-MAGNITUDE-EVERY-OP-EAGER-REFRESH,BIN+VSC-S4,8,WARM_GENERATED,MAGNITUDE_EVERY_OP,EXECUTE,REPRESENTATION_LOCAL,STRUCTURAL_DECLARED_INTEGRATED,AUTHORITATIVE_MAGNITUDE_EXACT_S4_SIDECAR,32,32,507872,32919,85,82,0,14,0,0,0,235,constant exact magnitude obligation across support-changing steps,Integrated SCALE/CANCEL/ADD hardware preserves authoritative magnitude; addition retains only proven lower bounds unless the unequal-valuation theorem makes them exact.
PAH-BUILD002-CONF0001,F,F-W8-MAGNITUDE-EVERY-OP-EAGER-REFRESH,BIN+VSC-S4,8,WARM_GENERATED,MAGNITUDE_EVERY_OP,ADDITION_RECOVERY,CROSS_REPRESENTATION,STRUCTURAL_DECLARED_INTEGRATED,EXACT_S4_REFRESH_FROM_AUTHORITATIVE_MAGNITUDE,8,8,126968,10072,19,16,0,0,0,0,8,235,constant exact magnitude obligation across support-changing steps,Each refresh re-discovers exact S4 thresholds after an addition invalidated exact metadata.
PAH-BUILD002-CONF0001,F,F-W8-SUPPORT-THRASH-BASELINE,BIN-MIXED-WARM,8,WARM_GENERATED,MAGNITUDE_EVERY_OP,INGRESS,BINARY_MAGNITUDE_LOCAL,STRUCTURAL_DECLARED_INTEGRATED,DIRECT_BINARY_LOAD,1,1,4242,0,1,0,2848,0,1,0,0,1,rapidly changing catalog and unsupported factor support,Matched integrated binary LOAD; no valuation acquisition is performed.
PAH-BUILD002-CONF0001,F,F-W8-SUPPORT-THRASH-BASELINE,BIN-MIXED-WARM,8,WARM_GENERATED,MAGNITUDE_EVERY_OP,EXECUTE,BINARY_MAGNITUDE_LOCAL,STRUCTURAL_DECLARED_INTEGRATED,FULL_BINARY_MAGNITUDE,32,32,135744,18721,53,130,0,18,0,0,0,237,rapidly changing catalog and unsupported factor support,"Matched integrated binary SCALE/CANCEL/ADD baseline with the same overlapping arithmetic, control, status, and atomic-hold contract."
PAH-BUILD002-CONF0001,F,F-W8-SUPPORT-THRASH-DELAYED-REFRESH,BIN+VSC-S4,8,WARM_GENERATED,MAGNITUDE_EVERY_OP,INGRESS,REQUIRES_FACTOR_DISCOVERY,STRUCTURAL_DECLARED_INTEGRATED,FULL_BINARY_TO_EXACT_S4_LOAD,1,1,15871,0,2,0,9345,0,1,0,0,1,rapidly changing catalog and unsupported factor support,One integrated LOAD acquires exact S4 thresholds from the authoritative binary magnitude.
PAH-BUILD002-CONF0001,F,F-W8-SUPPORT-THRASH-DELAYED-REFRESH,BIN+VSC-S4,8,WARM_GENERATED,MAGNITUDE_EVERY_OP,EXECUTE,REPRESENTATION_LOCAL,STRUCTURAL_DECLARED_INTEGRATED,AUTHORITATIVE_MAGNITUDE_SOUND_LOWER_BOUNDS_VALID_FALSE,32,32,507872,49055,60,130,0,18,0,0,0,237,rapidly changing catalog and unsupported factor support,Integrated SCALE/CANCEL/ADD hardware preserves authoritative magnitude; addition retains only proven lower bounds unless the unequal-valuation theorem makes them exact.
PAH-BUILD002-CONF0001,F,F-W8-SUPPORT-THRASH-EAGER-REFRESH,BIN+VSC-S4,8,WARM_GENERATED,MAGNITUDE_EVERY_OP,INGRESS,REQUIRES_FACTOR_DISCOVERY,STRUCTURAL_DECLARED_INTEGRATED,FULL_BINARY_TO_EXACT_S4_LOAD,1,1,15871,0,2,0,9345,0,1,0,0,1,rapidly changing catalog and unsupported factor support,One integrated LOAD acquires exact S4 thresholds from the authoritative binary magnitude.
PAH-BUILD002-CONF0001,F,F-W8-SUPPORT-THRASH-EAGER-REFRESH,BIN+VSC-S4,8,WARM_GENERATED,MAGNITUDE_EVERY_OP,EXECUTE,REPRESENTATION_LOCAL,STRUCTURAL_DECLARED_INTEGRATED,AUTHORITATIVE_MAGNITUDE_EXACT_S4_SIDECAR,32,32,507872,39873,82,133,0,18,0,0,0,237,rapidly changing catalog and unsupported factor support,Integrated SCALE/CANCEL/ADD hardware preserves authoritative magnitude; addition retains only proven lower bounds unless the unequal-valuation theorem makes them exact.
PAH-BUILD002-CONF0001,F,F-W8-SUPPORT-THRASH-EAGER-REFRESH,BIN+VSC-S4,8,WARM_GENERATED,MAGNITUDE_EVERY_OP,ADDITION_RECOVERY,CROSS_REPRESENTATION,STRUCTURAL_DECLARED_INTEGRATED,EXACT_S4_REFRESH_FROM_AUTHORITATIVE_MAGNITUDE,10,10,158710,21927,24,37,0,0,0,0,10,237,rapidly changing catalog and unsupported factor support,Each refresh re-discovers exact S4 thresholds after an addition invalidated exact metadata.
PAH-BUILD002-CONF0001,R,R-W8-MAG-TO-BINEXP,VFU-BINEXP-S4,8,COLD_MAG,STRUCTURAL_FINAL,INGRESS,REQUIRES_FACTOR_DISCOVERY,STRUCTURAL_DECLARED_EXHAUSTIVE,EXACT_CATALOG_VALUATIONS_SUPPORT_TAGGED,256,256,1225216,-1,0,-1,-1,0,256,0,0,,representation ablation,Cold magnitude encoder; unsupported cofactor support is explicit. Settled-transition aggregate is not pooled across invalid raw encodings.
PAH-BUILD002-CONF0001,R,R-W8-BINEXP-TO-MAG,VFU-BINEXP-S4,8,WARM_RESIDENT,MAGNITUDE_FINAL,EGRESS,CROSS_REPRESENTATION,STRUCTURAL_DECLARED_EXHAUSTIVE,FULL_EXACT_COMMON_W_BIT_DOMAIN,77,77,1412411,-1,0,-1,-1,0,0,77,0,,representation ablation,"Structural decoder rejects malformed, saturated, and overflow states. Settled-transition aggregate is not pooled across invalid raw encodings."
PAH-BUILD002-CONF0001,R,R-W8-BINEXP-PRESENCE,PRESENCE-S4,8,WARM_RESIDENT,STRUCTURAL_FINAL,EXECUTE,REPRESENTATION_LOCAL,STRUCTURAL_DECLARED_EXHAUSTIVE,LOSSY_PRESENCE_PROJECTION,1024,1024,217088,-1,0,-1,-1,0,0,0,0,,representation ablation,Multiplicity is intentionally discarded and cannot support cancellation counts. Settled-transition aggregate is not pooled across invalid raw encodings.
PAH-BUILD002-CONF0001,R,R-W8-THERM-PRESENCE,PRESENCE-S4,8,WARM_RESIDENT,STRUCTURAL_FINAL,EXECUTE,REPRESENTATION_LOCAL,STRUCTURAL_DECLARED_EXHAUSTIVE,LOSSY_PRESENCE_PROJECTION,131072,131072,20185088,-1,0,-1,-1,0,0,0,0,,representation ablation,Raw thermometer payloads are validated before presence projection. Settled-transition aggregate is not pooled across invalid raw encodings.
PAH-BUILD002-CONF0001,R,R-W8-BINEXP-TO-THERM,VFU-ENCODING-ADAPTER-S4,8,WARM_RESIDENT,STRUCTURAL_FINAL,EXECUTE,REPRESENTATION_LOCAL,STRUCTURAL_DECLARED_EXHAUSTIVE,EXHAUSTIVE_RAW_DOMAIN_CANONICAL_OR_REJECTED,32768,32768,10846208,-1,0,-1,-1,0,0,0,0,,representation ablation,Same-cap exact and saturation-preserving conversion; no magnitude reconstruction. Settled-transition aggregate is not pooled across invalid raw encodings.
PAH-BUILD002-CONF0001,R,R-W8-THERM-TO-BINEXP,VFU-ENCODING-ADAPTER-S4,8,WARM_RESIDENT,STRUCTURAL_FINAL,EXECUTE,REPRESENTATION_LOCAL,STRUCTURAL_DECLARED_EXHAUSTIVE,LAYERED_EXHAUSTIVE_RAW_PAYLOAD_PLUS_LEGAL_SATURATION_MASKS,271376,271376,111535536,-1,0,-1,-1,0,0,0,0,,representation ablation,Every raw threshold payload/zero pair is tested without saturation; every saturation mask is tested over every legal vector and zero. Non-monotone and malformed cases reject. Settled-transition aggregate is not pooled across invalid raw encodings.
