width,family,trace_id,candidate,baseline,cache_capacity,speculation_budget,stable_cycle_prefix,stable_service_nand_prefix,final_cycle_delta,final_service_nand_delta,final_no_worse_both,strictly_better_at_least_one,eligible_for_frozen_decision,attribution
8,STATIC_REUSE,unchanged-positive-and-negative-hits,BIN_CONTENT_ANSWER_LRU_K,BIN_DIRECT_BEST,1,0,3,3,-835,-587856,true,true,false,GENERIC_MEMOIZATION
8,STATIC_REUSE,unchanged-positive-and-negative-hits,BIN_FRONTIER_NOPROP_K,BIN_DIRECT_BEST,1,0,2,2,-850,-599542,true,true,false,GENERIC_CHECKPOINT
8,STATIC_REUSE,unchanged-positive-and-negative-hits,BIN_PRIME_FRONTIER_PROP_K,BIN_DIRECT_BEST,1,0,2,2,-850,-599542,true,true,false,GENERIC_OR_UNATTRIBUTED
8,STATIC_REUSE,unchanged-positive-and-negative-hits,BIN_PRIME_FRONTIER_PROP_K,BIN_CONTENT_ANSWER_LRU_K,1,0,2,2,-15,-11686,true,true,false,GENERIC_OR_UNATTRIBUTED
8,STATIC_REUSE,unchanged-positive-and-negative-hits,BIN_PRIME_FRONTIER_PROP_K,BIN_FRONTIER_NOPROP_K,1,0,0,0,0,0,true,false,false,GENERIC_OR_UNATTRIBUTED
8,STATIC_REUSE,unchanged-positive-and-negative-hits,BIN_PRIME_FRONTIER_SPEC_B1_K,BIN_PRIME_FRONTIER_PROP_K,1,1,-1,-1,13,9638,false,false,false,GENERIC_OR_UNATTRIBUTED
8,STATIC_REUSE,unchanged-positive-and-negative-hits,BIN_PRIME_FRONTIER_SPEC_B4_K,BIN_PRIME_FRONTIER_PROP_K,1,4,-1,-1,88,64552,false,false,false,GENERIC_OR_UNATTRIBUTED
8,STATIC_REUSE,unchanged-positive-and-negative-hits,BIN_CONTENT_ANSWER_LRU_K,BIN_DIRECT_BEST,2,0,3,3,-835,-571022,true,true,false,GENERIC_MEMOIZATION
8,STATIC_REUSE,unchanged-positive-and-negative-hits,BIN_FRONTIER_NOPROP_K,BIN_DIRECT_BEST,2,0,2,2,-850,-581379,true,true,false,GENERIC_CHECKPOINT
8,STATIC_REUSE,unchanged-positive-and-negative-hits,BIN_PRIME_FRONTIER_PROP_K,BIN_DIRECT_BEST,2,0,2,2,-850,-581379,true,true,false,GENERIC_OR_UNATTRIBUTED
8,STATIC_REUSE,unchanged-positive-and-negative-hits,BIN_PRIME_FRONTIER_PROP_K,BIN_CONTENT_ANSWER_LRU_K,2,0,2,2,-15,-10357,true,true,false,GENERIC_OR_UNATTRIBUTED
8,STATIC_REUSE,unchanged-positive-and-negative-hits,BIN_PRIME_FRONTIER_PROP_K,BIN_FRONTIER_NOPROP_K,2,0,0,0,0,0,true,false,false,GENERIC_OR_UNATTRIBUTED
8,STATIC_REUSE,unchanged-positive-and-negative-hits,BIN_PRIME_FRONTIER_SPEC_B1_K,BIN_PRIME_FRONTIER_PROP_K,2,1,-1,-1,13,11410,false,false,false,GENERIC_OR_UNATTRIBUTED
8,STATIC_REUSE,unchanged-positive-and-negative-hits,BIN_PRIME_FRONTIER_SPEC_B4_K,BIN_PRIME_FRONTIER_PROP_K,2,4,-1,-1,88,71640,false,false,false,GENERIC_OR_UNATTRIBUTED
8,STATIC_REUSE,unchanged-positive-and-negative-hits,BIN_CONTENT_ANSWER_LRU_K,BIN_DIRECT_BEST,4,0,3,3,-835,-536556,true,true,false,GENERIC_MEMOIZATION
8,STATIC_REUSE,unchanged-positive-and-negative-hits,BIN_FRONTIER_NOPROP_K,BIN_DIRECT_BEST,4,0,2,2,-850,-544192,true,true,false,GENERIC_CHECKPOINT
8,STATIC_REUSE,unchanged-positive-and-negative-hits,BIN_PRIME_FRONTIER_PROP_K,BIN_DIRECT_BEST,4,0,2,2,-850,-544192,true,true,false,GENERIC_OR_UNATTRIBUTED
8,STATIC_REUSE,unchanged-positive-and-negative-hits,BIN_PRIME_FRONTIER_PROP_K,BIN_CONTENT_ANSWER_LRU_K,4,0,2,2,-15,-7636,true,true,false,GENERIC_OR_UNATTRIBUTED
8,STATIC_REUSE,unchanged-positive-and-negative-hits,BIN_PRIME_FRONTIER_PROP_K,BIN_FRONTIER_NOPROP_K,4,0,0,0,0,0,true,false,false,GENERIC_OR_UNATTRIBUTED
8,STATIC_REUSE,unchanged-positive-and-negative-hits,BIN_PRIME_FRONTIER_SPEC_B1_K,BIN_PRIME_FRONTIER_PROP_K,4,1,-1,-1,13,15038,false,false,false,GENERIC_OR_UNATTRIBUTED
8,STATIC_REUSE,unchanged-positive-and-negative-hits,BIN_PRIME_FRONTIER_SPEC_B4_K,BIN_PRIME_FRONTIER_PROP_K,4,4,-1,-1,79,79652,false,false,false,GENERIC_OR_UNATTRIBUTED
8,THRESHOLD_STAIRCASE,ascending-descending-shuffled,BIN_CONTENT_ANSWER_LRU_K,BIN_DIRECT_BEST,1,0,7,7,-593,-418926,true,true,false,GENERIC_MEMOIZATION
8,THRESHOLD_STAIRCASE,ascending-descending-shuffled,BIN_FRONTIER_NOPROP_K,BIN_DIRECT_BEST,1,0,2,2,-722,-513798,true,true,false,GENERIC_CHECKPOINT
8,THRESHOLD_STAIRCASE,ascending-descending-shuffled,BIN_PRIME_FRONTIER_PROP_K,BIN_DIRECT_BEST,1,0,2,2,-722,-513798,true,true,false,GENERIC_OR_UNATTRIBUTED
8,THRESHOLD_STAIRCASE,ascending-descending-shuffled,BIN_PRIME_FRONTIER_PROP_K,BIN_CONTENT_ANSWER_LRU_K,1,0,2,2,-129,-94872,true,true,false,GENERIC_OR_UNATTRIBUTED
8,THRESHOLD_STAIRCASE,ascending-descending-shuffled,BIN_PRIME_FRONTIER_PROP_K,BIN_FRONTIER_NOPROP_K,1,0,0,0,0,0,true,false,false,GENERIC_OR_UNATTRIBUTED
8,THRESHOLD_STAIRCASE,ascending-descending-shuffled,BIN_PRIME_FRONTIER_SPEC_B1_K,BIN_PRIME_FRONTIER_PROP_K,1,1,-1,-1,1,1131,false,false,false,GENERIC_OR_UNATTRIBUTED
8,THRESHOLD_STAIRCASE,ascending-descending-shuffled,BIN_PRIME_FRONTIER_SPEC_B4_K,BIN_PRIME_FRONTIER_PROP_K,1,4,-1,-1,44,32276,false,false,false,GENERIC_OR_UNATTRIBUTED
8,THRESHOLD_STAIRCASE,ascending-descending-shuffled,BIN_CONTENT_ANSWER_LRU_K,BIN_DIRECT_BEST,2,0,7,7,-593,-408737,true,true,false,GENERIC_MEMOIZATION
8,THRESHOLD_STAIRCASE,ascending-descending-shuffled,BIN_FRONTIER_NOPROP_K,BIN_DIRECT_BEST,2,0,2,2,-722,-500951,true,true,false,GENERIC_CHECKPOINT
8,THRESHOLD_STAIRCASE,ascending-descending-shuffled,BIN_PRIME_FRONTIER_PROP_K,BIN_DIRECT_BEST,2,0,2,2,-722,-500951,true,true,false,GENERIC_OR_UNATTRIBUTED
8,THRESHOLD_STAIRCASE,ascending-descending-shuffled,BIN_PRIME_FRONTIER_PROP_K,BIN_CONTENT_ANSWER_LRU_K,2,0,2,2,-129,-92214,true,true,false,GENERIC_OR_UNATTRIBUTED
8,THRESHOLD_STAIRCASE,ascending-descending-shuffled,BIN_PRIME_FRONTIER_PROP_K,BIN_FRONTIER_NOPROP_K,2,0,0,0,0,0,true,false,false,GENERIC_OR_UNATTRIBUTED
8,THRESHOLD_STAIRCASE,ascending-descending-shuffled,BIN_PRIME_FRONTIER_SPEC_B1_K,BIN_PRIME_FRONTIER_PROP_K,2,1,-1,-1,1,1574,false,false,false,GENERIC_OR_UNATTRIBUTED
8,THRESHOLD_STAIRCASE,ascending-descending-shuffled,BIN_PRIME_FRONTIER_SPEC_B4_K,BIN_PRIME_FRONTIER_PROP_K,2,4,-1,-1,44,35820,false,false,false,GENERIC_OR_UNATTRIBUTED
8,THRESHOLD_STAIRCASE,ascending-descending-shuffled,BIN_CONTENT_ANSWER_LRU_K,BIN_DIRECT_BEST,4,0,7,7,-593,-387876,true,true,false,GENERIC_MEMOIZATION
8,THRESHOLD_STAIRCASE,ascending-descending-shuffled,BIN_FRONTIER_NOPROP_K,BIN_DIRECT_BEST,4,0,2,3,-722,-474648,true,true,false,GENERIC_CHECKPOINT
8,THRESHOLD_STAIRCASE,ascending-descending-shuffled,BIN_PRIME_FRONTIER_PROP_K,BIN_DIRECT_BEST,4,0,2,3,-722,-474648,true,true,false,GENERIC_OR_UNATTRIBUTED
8,THRESHOLD_STAIRCASE,ascending-descending-shuffled,BIN_PRIME_FRONTIER_PROP_K,BIN_CONTENT_ANSWER_LRU_K,4,0,2,2,-129,-86772,true,true,false,GENERIC_OR_UNATTRIBUTED
8,THRESHOLD_STAIRCASE,ascending-descending-shuffled,BIN_PRIME_FRONTIER_PROP_K,BIN_FRONTIER_NOPROP_K,4,0,0,0,0,0,true,false,false,GENERIC_OR_UNATTRIBUTED
8,THRESHOLD_STAIRCASE,ascending-descending-shuffled,BIN_PRIME_FRONTIER_SPEC_B1_K,BIN_PRIME_FRONTIER_PROP_K,4,1,-1,-1,1,2481,false,false,false,GENERIC_OR_UNATTRIBUTED
8,THRESHOLD_STAIRCASE,ascending-descending-shuffled,BIN_PRIME_FRONTIER_SPEC_B4_K,BIN_PRIME_FRONTIER_PROP_K,4,4,-1,-1,34,34788,false,false,false,GENERIC_OR_UNATTRIBUTED
8,RATIONAL_CANCEL,selected-primes-plus-full-gcd,BIN_CONTENT_ANSWER_LRU_K,BIN_DIRECT_BEST,1,0,-1,-1,16,14016,false,false,false,GENERIC_MEMOIZATION
8,RATIONAL_CANCEL,selected-primes-plus-full-gcd,BIN_FRONTIER_NOPROP_K,BIN_DIRECT_BEST,1,0,-1,-1,18,14892,false,false,false,GENERIC_CHECKPOINT
8,RATIONAL_CANCEL,selected-primes-plus-full-gcd,BIN_PRIME_FRONTIER_PROP_K,BIN_DIRECT_BEST,1,0,-1,-1,18,14892,false,false,false,GENERIC_OR_UNATTRIBUTED
8,RATIONAL_CANCEL,selected-primes-plus-full-gcd,BIN_PRIME_FRONTIER_PROP_K,BIN_CONTENT_ANSWER_LRU_K,1,0,-1,-1,2,876,false,false,false,GENERIC_OR_UNATTRIBUTED
8,RATIONAL_CANCEL,selected-primes-plus-full-gcd,BIN_PRIME_FRONTIER_PROP_K,BIN_FRONTIER_NOPROP_K,1,0,0,0,0,0,true,false,false,GENERIC_OR_UNATTRIBUTED
8,RATIONAL_CANCEL,selected-primes-plus-full-gcd,BIN_PRIME_FRONTIER_SPEC_B1_K,BIN_PRIME_FRONTIER_PROP_K,1,1,-1,-1,22,16138,false,false,false,GENERIC_OR_UNATTRIBUTED
8,RATIONAL_CANCEL,selected-primes-plus-full-gcd,BIN_PRIME_FRONTIER_SPEC_B4_K,BIN_PRIME_FRONTIER_PROP_K,1,4,-1,-1,88,64552,false,false,false,GENERIC_OR_UNATTRIBUTED
8,RATIONAL_CANCEL,selected-primes-plus-full-gcd,BIN_CONTENT_ANSWER_LRU_K,BIN_DIRECT_BEST,2,0,8,8,-82,-44864,true,true,false,GENERIC_MEMOIZATION
8,RATIONAL_CANCEL,selected-primes-plus-full-gcd,BIN_FRONTIER_NOPROP_K,BIN_DIRECT_BEST,2,0,8,8,-80,-43102,true,true,false,GENERIC_CHECKPOINT
8,RATIONAL_CANCEL,selected-primes-plus-full-gcd,BIN_PRIME_FRONTIER_PROP_K,BIN_DIRECT_BEST,2,0,8,8,-80,-43102,true,true,false,GENERIC_OR_UNATTRIBUTED
8,RATIONAL_CANCEL,selected-primes-plus-full-gcd,BIN_PRIME_FRONTIER_PROP_K,BIN_CONTENT_ANSWER_LRU_K,2,0,-1,-1,2,1762,false,false,false,GENERIC_OR_UNATTRIBUTED
8,RATIONAL_CANCEL,selected-primes-plus-full-gcd,BIN_PRIME_FRONTIER_PROP_K,BIN_FRONTIER_NOPROP_K,2,0,0,0,0,0,true,false,false,GENERIC_OR_UNATTRIBUTED
8,RATIONAL_CANCEL,selected-primes-plus-full-gcd,BIN_PRIME_FRONTIER_SPEC_B1_K,BIN_PRIME_FRONTIER_PROP_K,2,1,-1,-1,22,17910,false,false,false,GENERIC_OR_UNATTRIBUTED
8,RATIONAL_CANCEL,selected-primes-plus-full-gcd,BIN_PRIME_FRONTIER_SPEC_B4_K,BIN_PRIME_FRONTIER_PROP_K,2,4,-1,-1,88,71640,false,false,false,GENERIC_OR_UNATTRIBUTED
8,RATIONAL_CANCEL,selected-primes-plus-full-gcd,BIN_CONTENT_ANSWER_LRU_K,BIN_DIRECT_BEST,4,0,8,12,-82,-23096,true,true,false,GENERIC_MEMOIZATION
8,RATIONAL_CANCEL,selected-primes-plus-full-gcd,BIN_FRONTIER_NOPROP_K,BIN_DIRECT_BEST,4,0,8,12,-80,-19520,true,true,false,GENERIC_CHECKPOINT
8,RATIONAL_CANCEL,selected-primes-plus-full-gcd,BIN_PRIME_FRONTIER_PROP_K,BIN_DIRECT_BEST,4,0,8,12,-80,-19520,true,true,false,GENERIC_OR_UNATTRIBUTED
8,RATIONAL_CANCEL,selected-primes-plus-full-gcd,BIN_PRIME_FRONTIER_PROP_K,BIN_CONTENT_ANSWER_LRU_K,4,0,-1,-1,2,3576,false,false,false,GENERIC_OR_UNATTRIBUTED
8,RATIONAL_CANCEL,selected-primes-plus-full-gcd,BIN_PRIME_FRONTIER_PROP_K,BIN_FRONTIER_NOPROP_K,4,0,0,0,0,0,true,false,false,GENERIC_OR_UNATTRIBUTED
8,RATIONAL_CANCEL,selected-primes-plus-full-gcd,BIN_PRIME_FRONTIER_SPEC_B1_K,BIN_PRIME_FRONTIER_PROP_K,4,1,-1,-1,4,8538,false,false,false,GENERIC_OR_UNATTRIBUTED
8,RATIONAL_CANCEL,selected-primes-plus-full-gcd,BIN_PRIME_FRONTIER_SPEC_B4_K,BIN_PRIME_FRONTIER_PROP_K,4,4,-1,-1,88,86152,false,false,false,GENERIC_OR_UNATTRIBUTED
8,DIVISIBILITY_FILTER_PERSISTENT,four-slot-reuse,BIN_CONTENT_ANSWER_LRU_K,BIN_DIRECT_BEST,1,0,-1,-1,174,172992,false,false,false,GENERIC_MEMOIZATION
8,DIVISIBILITY_FILTER_PERSISTENT,four-slot-reuse,BIN_FRONTIER_NOPROP_K,BIN_DIRECT_BEST,1,0,-1,-1,200,184380,false,false,false,GENERIC_CHECKPOINT
8,DIVISIBILITY_FILTER_PERSISTENT,four-slot-reuse,BIN_PRIME_FRONTIER_PROP_K,BIN_DIRECT_BEST,1,0,-1,-1,200,184380,false,false,false,GENERIC_OR_UNATTRIBUTED
8,DIVISIBILITY_FILTER_PERSISTENT,four-slot-reuse,BIN_PRIME_FRONTIER_PROP_K,BIN_CONTENT_ANSWER_LRU_K,1,0,-1,-1,26,11388,false,false,false,GENERIC_OR_UNATTRIBUTED
8,DIVISIBILITY_FILTER_PERSISTENT,four-slot-reuse,BIN_PRIME_FRONTIER_PROP_K,BIN_FRONTIER_NOPROP_K,1,0,0,0,0,0,true,false,false,GENERIC_OR_UNATTRIBUTED
8,DIVISIBILITY_FILTER_PERSISTENT,four-slot-reuse,BIN_PRIME_FRONTIER_SPEC_B1_K,BIN_PRIME_FRONTIER_PROP_K,1,1,-1,-1,44,32276,false,false,false,GENERIC_OR_UNATTRIBUTED
8,DIVISIBILITY_FILTER_PERSISTENT,four-slot-reuse,BIN_PRIME_FRONTIER_SPEC_B4_K,BIN_PRIME_FRONTIER_PROP_K,1,4,-1,-1,176,129104,false,false,false,GENERIC_OR_UNATTRIBUTED
8,DIVISIBILITY_FILTER_PERSISTENT,four-slot-reuse,BIN_CONTENT_ANSWER_LRU_K,BIN_DIRECT_BEST,2,0,-1,-1,113,341733,false,false,false,GENERIC_MEMOIZATION
8,DIVISIBILITY_FILTER_PERSISTENT,four-slot-reuse,BIN_FRONTIER_NOPROP_K,BIN_DIRECT_BEST,2,0,-1,-1,138,363254,false,false,false,GENERIC_CHECKPOINT
8,DIVISIBILITY_FILTER_PERSISTENT,four-slot-reuse,BIN_PRIME_FRONTIER_PROP_K,BIN_DIRECT_BEST,2,0,-1,-1,138,363254,false,false,false,GENERIC_OR_UNATTRIBUTED
8,DIVISIBILITY_FILTER_PERSISTENT,four-slot-reuse,BIN_PRIME_FRONTIER_PROP_K,BIN_CONTENT_ANSWER_LRU_K,2,0,-1,-1,25,21521,false,false,false,GENERIC_OR_UNATTRIBUTED
8,DIVISIBILITY_FILTER_PERSISTENT,four-slot-reuse,BIN_PRIME_FRONTIER_PROP_K,BIN_FRONTIER_NOPROP_K,2,0,0,0,0,0,true,false,false,GENERIC_OR_UNATTRIBUTED
8,DIVISIBILITY_FILTER_PERSISTENT,four-slot-reuse,BIN_PRIME_FRONTIER_SPEC_B1_K,BIN_PRIME_FRONTIER_PROP_K,2,1,-1,-1,44,35820,false,false,false,GENERIC_OR_UNATTRIBUTED
8,DIVISIBILITY_FILTER_PERSISTENT,four-slot-reuse,BIN_PRIME_FRONTIER_SPEC_B4_K,BIN_PRIME_FRONTIER_PROP_K,2,4,-1,-1,176,143280,false,false,false,GENERIC_OR_UNATTRIBUTED
8,DIVISIBILITY_FILTER_PERSISTENT,four-slot-reuse,BIN_CONTENT_ANSWER_LRU_K,BIN_DIRECT_BEST,4,0,-1,-1,26,704640,false,false,false,GENERIC_MEMOIZATION
8,DIVISIBILITY_FILTER_PERSISTENT,four-slot-reuse,BIN_FRONTIER_NOPROP_K,BIN_DIRECT_BEST,4,0,-1,-1,48,743472,false,false,false,GENERIC_CHECKPOINT
8,DIVISIBILITY_FILTER_PERSISTENT,four-slot-reuse,BIN_PRIME_FRONTIER_PROP_K,BIN_DIRECT_BEST,4,0,-1,-1,48,743472,false,false,false,GENERIC_OR_UNATTRIBUTED
8,DIVISIBILITY_FILTER_PERSISTENT,four-slot-reuse,BIN_PRIME_FRONTIER_PROP_K,BIN_CONTENT_ANSWER_LRU_K,4,0,-1,-1,22,38832,false,false,false,GENERIC_OR_UNATTRIBUTED
8,DIVISIBILITY_FILTER_PERSISTENT,four-slot-reuse,BIN_PRIME_FRONTIER_PROP_K,BIN_FRONTIER_NOPROP_K,4,0,0,0,0,0,true,false,false,GENERIC_OR_UNATTRIBUTED
8,DIVISIBILITY_FILTER_PERSISTENT,four-slot-reuse,BIN_PRIME_FRONTIER_SPEC_B1_K,BIN_PRIME_FRONTIER_PROP_K,4,1,-1,-1,44,43076,false,false,false,GENERIC_OR_UNATTRIBUTED
8,DIVISIBILITY_FILTER_PERSISTENT,four-slot-reuse,BIN_PRIME_FRONTIER_SPEC_B4_K,BIN_PRIME_FRONTIER_PROP_K,4,4,-1,-1,166,164016,false,false,false,GENERIC_OR_UNATTRIBUTED
8,DIVISIBILITY_FILTER_STREAM,one-query-per-value,BIN_CONTENT_ANSWER_LRU_K,BIN_DIRECT_BEST,1,0,-1,-1,111,104682,false,false,false,GENERIC_MEMOIZATION
8,DIVISIBILITY_FILTER_STREAM,one-query-per-value,BIN_FRONTIER_NOPROP_K,BIN_DIRECT_BEST,1,0,-1,-1,256,168192,false,false,false,GENERIC_CHECKPOINT
8,DIVISIBILITY_FILTER_STREAM,one-query-per-value,BIN_PRIME_FRONTIER_PROP_K,BIN_DIRECT_BEST,1,0,-1,-1,256,168192,false,false,false,GENERIC_OR_UNATTRIBUTED
8,DIVISIBILITY_FILTER_STREAM,one-query-per-value,BIN_PRIME_FRONTIER_PROP_K,BIN_CONTENT_ANSWER_LRU_K,1,0,-1,-1,145,63510,false,false,false,GENERIC_OR_UNATTRIBUTED
8,DIVISIBILITY_FILTER_STREAM,one-query-per-value,BIN_PRIME_FRONTIER_PROP_K,BIN_FRONTIER_NOPROP_K,1,0,0,0,0,0,true,false,false,GENERIC_OR_UNATTRIBUTED
8,DIVISIBILITY_FILTER_STREAM,one-query-per-value,BIN_PRIME_FRONTIER_SPEC_B1_K,BIN_PRIME_FRONTIER_PROP_K,1,1,-1,-1,1288,949576,false,false,false,GENERIC_OR_UNATTRIBUTED
8,DIVISIBILITY_FILTER_STREAM,one-query-per-value,BIN_PRIME_FRONTIER_SPEC_B4_K,BIN_PRIME_FRONTIER_PROP_K,1,4,-1,-1,5522,4055010,false,false,false,GENERIC_OR_UNATTRIBUTED
8,DIVISIBILITY_FILTER_STREAM,one-query-per-value,BIN_CONTENT_ANSWER_LRU_K,BIN_DIRECT_BEST,2,0,-1,-1,111,210559,false,false,false,GENERIC_MEMOIZATION
8,DIVISIBILITY_FILTER_STREAM,one-query-per-value,BIN_FRONTIER_NOPROP_K,BIN_DIRECT_BEST,2,0,-1,-1,256,338304,false,false,false,GENERIC_CHECKPOINT
8,DIVISIBILITY_FILTER_STREAM,one-query-per-value,BIN_PRIME_FRONTIER_PROP_K,BIN_DIRECT_BEST,2,0,-1,-1,256,338304,false,false,false,GENERIC_OR_UNATTRIBUTED
8,DIVISIBILITY_FILTER_STREAM,one-query-per-value,BIN_PRIME_FRONTIER_PROP_K,BIN_CONTENT_ANSWER_LRU_K,2,0,-1,-1,145,127745,false,false,false,GENERIC_OR_UNATTRIBUTED
8,DIVISIBILITY_FILTER_STREAM,one-query-per-value,BIN_PRIME_FRONTIER_PROP_K,BIN_FRONTIER_NOPROP_K,2,0,0,0,0,0,true,false,false,GENERIC_OR_UNATTRIBUTED
8,DIVISIBILITY_FILTER_STREAM,one-query-per-value,BIN_PRIME_FRONTIER_SPEC_B1_K,BIN_PRIME_FRONTIER_PROP_K,2,1,-1,-1,1288,1057668,false,false,false,GENERIC_OR_UNATTRIBUTED
8,DIVISIBILITY_FILTER_STREAM,one-query-per-value,BIN_PRIME_FRONTIER_SPEC_B4_K,BIN_PRIME_FRONTIER_PROP_K,2,4,-1,-1,5402,4415197,false,false,false,GENERIC_OR_UNATTRIBUTED
8,DIVISIBILITY_FILTER_STREAM,one-query-per-value,BIN_CONTENT_ANSWER_LRU_K,BIN_DIRECT_BEST,4,0,-1,-1,111,427332,false,false,false,GENERIC_MEMOIZATION
8,DIVISIBILITY_FILTER_STREAM,one-query-per-value,BIN_FRONTIER_NOPROP_K,BIN_DIRECT_BEST,4,0,-1,-1,256,686592,false,false,false,GENERIC_CHECKPOINT
8,DIVISIBILITY_FILTER_STREAM,one-query-per-value,BIN_PRIME_FRONTIER_PROP_K,BIN_DIRECT_BEST,4,0,-1,-1,256,686592,false,false,false,GENERIC_OR_UNATTRIBUTED
8,DIVISIBILITY_FILTER_STREAM,one-query-per-value,BIN_PRIME_FRONTIER_PROP_K,BIN_CONTENT_ANSWER_LRU_K,4,0,-1,-1,145,259260,false,false,false,GENERIC_OR_UNATTRIBUTED
8,DIVISIBILITY_FILTER_STREAM,one-query-per-value,BIN_PRIME_FRONTIER_PROP_K,BIN_FRONTIER_NOPROP_K,4,0,0,0,0,0,true,false,false,GENERIC_OR_UNATTRIBUTED
8,DIVISIBILITY_FILTER_STREAM,one-query-per-value,BIN_PRIME_FRONTIER_SPEC_B1_K,BIN_PRIME_FRONTIER_PROP_K,4,1,-1,-1,1288,1278976,false,false,false,GENERIC_OR_UNATTRIBUTED
8,DIVISIBILITY_FILTER_STREAM,one-query-per-value,BIN_PRIME_FRONTIER_SPEC_B4_K,BIN_PRIME_FRONTIER_PROP_K,4,4,-1,-1,5122,5091040,false,false,false,GENERIC_OR_UNATTRIBUTED
8,SMOOTH_STRIP,smooth-near-smooth-rough,BIN_CONTENT_ANSWER_LRU_K,BIN_DIRECT_BEST,1,0,-1,-1,132,115632,false,false,false,GENERIC_MEMOIZATION
8,SMOOTH_STRIP,smooth-near-smooth-rough,BIN_FRONTIER_NOPROP_K,BIN_DIRECT_BEST,1,0,-1,-1,144,120888,false,false,false,GENERIC_CHECKPOINT
8,SMOOTH_STRIP,smooth-near-smooth-rough,BIN_PRIME_FRONTIER_PROP_K,BIN_DIRECT_BEST,1,0,-1,-1,144,120888,false,false,false,GENERIC_OR_UNATTRIBUTED
8,SMOOTH_STRIP,smooth-near-smooth-rough,BIN_PRIME_FRONTIER_PROP_K,BIN_CONTENT_ANSWER_LRU_K,1,0,-1,-1,12,5256,false,false,false,GENERIC_OR_UNATTRIBUTED
8,SMOOTH_STRIP,smooth-near-smooth-rough,BIN_PRIME_FRONTIER_PROP_K,BIN_FRONTIER_NOPROP_K,1,0,0,0,0,0,true,false,false,GENERIC_OR_UNATTRIBUTED
8,SMOOTH_STRIP,smooth-near-smooth-rough,BIN_PRIME_FRONTIER_SPEC_B1_K,BIN_PRIME_FRONTIER_PROP_K,1,1,-1,-1,150,112070,false,false,false,GENERIC_OR_UNATTRIBUTED
8,SMOOTH_STRIP,smooth-near-smooth-rough,BIN_PRIME_FRONTIER_SPEC_B4_K,BIN_PRIME_FRONTIER_PROP_K,1,4,-1,-1,480,354140,false,false,false,GENERIC_OR_UNATTRIBUTED
8,SMOOTH_STRIP,smooth-near-smooth-rough,BIN_CONTENT_ANSWER_LRU_K,BIN_DIRECT_BEST,2,0,-1,-1,132,232584,false,false,false,GENERIC_MEMOIZATION
8,SMOOTH_STRIP,smooth-near-smooth-rough,BIN_FRONTIER_NOPROP_K,BIN_DIRECT_BEST,2,0,-1,-1,144,243156,false,false,false,GENERIC_CHECKPOINT
8,SMOOTH_STRIP,smooth-near-smooth-rough,BIN_PRIME_FRONTIER_PROP_K,BIN_DIRECT_BEST,2,0,-1,-1,144,243156,false,false,false,GENERIC_OR_UNATTRIBUTED
8,SMOOTH_STRIP,smooth-near-smooth-rough,BIN_PRIME_FRONTIER_PROP_K,BIN_CONTENT_ANSWER_LRU_K,2,0,-1,-1,12,10572,false,false,false,GENERIC_OR_UNATTRIBUTED
8,SMOOTH_STRIP,smooth-near-smooth-rough,BIN_PRIME_FRONTIER_PROP_K,BIN_FRONTIER_NOPROP_K,2,0,0,0,0,0,true,false,false,GENERIC_OR_UNATTRIBUTED
8,SMOOTH_STRIP,smooth-near-smooth-rough,BIN_PRIME_FRONTIER_SPEC_B1_K,BIN_PRIME_FRONTIER_PROP_K,2,1,-1,-1,56,70126,false,false,false,GENERIC_OR_UNATTRIBUTED
8,SMOOTH_STRIP,smooth-near-smooth-rough,BIN_PRIME_FRONTIER_SPEC_B4_K,BIN_PRIME_FRONTIER_PROP_K,2,4,-1,-1,480,407300,false,false,false,GENERIC_OR_UNATTRIBUTED
8,SMOOTH_STRIP,smooth-near-smooth-rough,BIN_CONTENT_ANSWER_LRU_K,BIN_DIRECT_BEST,4,0,-1,-1,132,472032,false,false,false,GENERIC_MEMOIZATION
8,SMOOTH_STRIP,smooth-near-smooth-rough,BIN_FRONTIER_NOPROP_K,BIN_DIRECT_BEST,4,0,-1,-1,144,493488,false,false,false,GENERIC_CHECKPOINT
8,SMOOTH_STRIP,smooth-near-smooth-rough,BIN_PRIME_FRONTIER_PROP_K,BIN_DIRECT_BEST,4,0,-1,-1,144,493488,false,false,false,GENERIC_OR_UNATTRIBUTED
8,SMOOTH_STRIP,smooth-near-smooth-rough,BIN_PRIME_FRONTIER_PROP_K,BIN_CONTENT_ANSWER_LRU_K,4,0,-1,-1,12,21456,false,false,false,GENERIC_OR_UNATTRIBUTED
8,SMOOTH_STRIP,smooth-near-smooth-rough,BIN_PRIME_FRONTIER_PROP_K,BIN_FRONTIER_NOPROP_K,4,0,0,0,0,0,true,false,false,GENERIC_OR_UNATTRIBUTED
8,SMOOTH_STRIP,smooth-near-smooth-rough,BIN_PRIME_FRONTIER_SPEC_B1_K,BIN_PRIME_FRONTIER_PROP_K,4,1,-1,-1,56,120918,false,false,false,GENERIC_OR_UNATTRIBUTED
8,SMOOTH_STRIP,smooth-near-smooth-rough,BIN_PRIME_FRONTIER_SPEC_B4_K,BIN_PRIME_FRONTIER_PROP_K,4,4,-1,-1,480,516140,false,false,false,GENERIC_OR_UNATTRIBUTED
8,MULTIPLICATIVE_DAG,cold-leaves-balanced-products,BIN_CONTENT_ANSWER_LRU_K,BIN_DIRECT_BEST,1,0,-1,-1,5,4380,false,false,false,GENERIC_MEMOIZATION
8,MULTIPLICATIVE_DAG,cold-leaves-balanced-products,BIN_FRONTIER_NOPROP_K,BIN_DIRECT_BEST,1,0,-1,-1,11,7008,false,false,false,GENERIC_CHECKPOINT
8,MULTIPLICATIVE_DAG,cold-leaves-balanced-products,BIN_PRIME_FRONTIER_PROP_K,BIN_DIRECT_BEST,1,0,-1,-1,15,8760,false,false,false,PRIME_PROPAGATION_ELIGIBLE
8,MULTIPLICATIVE_DAG,cold-leaves-balanced-products,BIN_PRIME_FRONTIER_PROP_K,BIN_CONTENT_ANSWER_LRU_K,1,0,-1,-1,10,4380,false,false,false,PRIME_PROPAGATION_ELIGIBLE
8,MULTIPLICATIVE_DAG,cold-leaves-balanced-products,BIN_PRIME_FRONTIER_PROP_K,BIN_FRONTIER_NOPROP_K,1,0,-1,-1,4,1752,false,false,false,PRIME_PROPAGATION_ELIGIBLE
8,MULTIPLICATIVE_DAG,cold-leaves-balanced-products,BIN_PRIME_FRONTIER_SPEC_B1_K,BIN_PRIME_FRONTIER_PROP_K,1,1,-1,-1,66,48414,false,false,false,PRIME_PROPAGATION_ELIGIBLE
8,MULTIPLICATIVE_DAG,cold-leaves-balanced-products,BIN_PRIME_FRONTIER_SPEC_B4_K,BIN_PRIME_FRONTIER_PROP_K,1,4,-1,-1,264,193656,false,false,false,PRIME_PROPAGATION_ELIGIBLE
8,MULTIPLICATIVE_DAG,cold-leaves-balanced-products,BIN_CONTENT_ANSWER_LRU_K,BIN_DIRECT_BEST,2,0,-1,-1,5,8810,false,false,false,GENERIC_MEMOIZATION
8,MULTIPLICATIVE_DAG,cold-leaves-balanced-products,BIN_FRONTIER_NOPROP_K,BIN_DIRECT_BEST,2,0,-1,-1,11,14096,false,false,false,GENERIC_CHECKPOINT
8,MULTIPLICATIVE_DAG,cold-leaves-balanced-products,BIN_PRIME_FRONTIER_PROP_K,BIN_DIRECT_BEST,2,0,-1,-1,18,18501,false,false,false,PRIME_PROPAGATION_ELIGIBLE
8,MULTIPLICATIVE_DAG,cold-leaves-balanced-products,BIN_PRIME_FRONTIER_PROP_K,BIN_CONTENT_ANSWER_LRU_K,2,0,-1,-1,13,9691,false,false,false,PRIME_PROPAGATION_ELIGIBLE
8,MULTIPLICATIVE_DAG,cold-leaves-balanced-products,BIN_PRIME_FRONTIER_PROP_K,BIN_FRONTIER_NOPROP_K,2,0,-1,-1,7,4405,false,false,false,PRIME_PROPAGATION_ELIGIBLE
8,MULTIPLICATIVE_DAG,cold-leaves-balanced-products,BIN_PRIME_FRONTIER_SPEC_B1_K,BIN_PRIME_FRONTIER_PROP_K,2,1,-1,-1,63,52849,false,false,false,PRIME_PROPAGATION_ELIGIBLE
8,MULTIPLICATIVE_DAG,cold-leaves-balanced-products,BIN_PRIME_FRONTIER_SPEC_B4_K,BIN_PRIME_FRONTIER_PROP_K,2,4,-1,-1,261,214039,false,false,false,PRIME_PROPAGATION_ELIGIBLE
8,MULTIPLICATIVE_DAG,cold-leaves-balanced-products,BIN_CONTENT_ANSWER_LRU_K,BIN_DIRECT_BEST,4,0,-1,-1,5,17880,false,false,false,GENERIC_MEMOIZATION
8,MULTIPLICATIVE_DAG,cold-leaves-balanced-products,BIN_FRONTIER_NOPROP_K,BIN_DIRECT_BEST,4,0,-1,-1,11,28608,false,false,false,GENERIC_CHECKPOINT
8,MULTIPLICATIVE_DAG,cold-leaves-balanced-products,BIN_PRIME_FRONTIER_PROP_K,BIN_DIRECT_BEST,4,0,11,-1,-1,22760,false,true,false,PRIME_PROPAGATION_ELIGIBLE
8,MULTIPLICATIVE_DAG,cold-leaves-balanced-products,BIN_PRIME_FRONTIER_PROP_K,BIN_CONTENT_ANSWER_LRU_K,4,0,11,-1,-6,4880,false,true,false,PRIME_PROPAGATION_ELIGIBLE
8,MULTIPLICATIVE_DAG,cold-leaves-balanced-products,BIN_PRIME_FRONTIER_PROP_K,BIN_FRONTIER_NOPROP_K,4,0,11,11,-12,-5848,true,true,false,PRIME_PROPAGATION_ELIGIBLE
8,MULTIPLICATIVE_DAG,cold-leaves-balanced-products,BIN_PRIME_FRONTIER_SPEC_B1_K,BIN_PRIME_FRONTIER_PROP_K,4,1,-1,-1,29,37519,false,false,false,PRIME_PROPAGATION_ELIGIBLE
8,MULTIPLICATIVE_DAG,cold-leaves-balanced-products,BIN_PRIME_FRONTIER_SPEC_B4_K,BIN_PRIME_FRONTIER_PROP_K,4,4,-1,-1,284,275725,false,false,false,PRIME_PROPAGATION_ELIGIBLE
8,PRODUCER_FACTORED,known-prime-constructor,BIN_CONTENT_ANSWER_LRU_K,BIN_DIRECT_BEST,1,0,-1,-1,5,4380,false,false,false,GENERIC_MEMOIZATION
8,PRODUCER_FACTORED,known-prime-constructor,BIN_FRONTIER_NOPROP_K,BIN_DIRECT_BEST,1,0,-1,-1,10,6570,false,false,false,GENERIC_CHECKPOINT
8,PRODUCER_FACTORED,known-prime-constructor,BIN_PRIME_FRONTIER_PROP_K,BIN_DIRECT_BEST,1,0,-1,-1,24,11388,false,false,false,GENERIC_OR_UNATTRIBUTED
8,PRODUCER_FACTORED,known-prime-constructor,BIN_PRIME_FRONTIER_PROP_K,BIN_CONTENT_ANSWER_LRU_K,1,0,-1,-1,19,7008,false,false,false,GENERIC_OR_UNATTRIBUTED
8,PRODUCER_FACTORED,known-prime-constructor,BIN_PRIME_FRONTIER_PROP_K,BIN_FRONTIER_NOPROP_K,1,0,-1,-1,14,4818,false,false,false,GENERIC_OR_UNATTRIBUTED
8,PRODUCER_FACTORED,known-prime-constructor,BIN_PRIME_FRONTIER_SPEC_B1_K,BIN_PRIME_FRONTIER_PROP_K,1,1,-1,-1,65,48659,false,false,false,GENERIC_OR_UNATTRIBUTED
8,PRODUCER_FACTORED,known-prime-constructor,BIN_PRIME_FRONTIER_SPEC_B4_K,BIN_PRIME_FRONTIER_PROP_K,1,4,-1,-1,198,145232,false,false,false,GENERIC_OR_UNATTRIBUTED
8,PRODUCER_FACTORED,known-prime-constructor,BIN_CONTENT_ANSWER_LRU_K,BIN_DIRECT_BEST,2,0,-1,-1,5,8810,false,false,false,GENERIC_MEMOIZATION
8,PRODUCER_FACTORED,known-prime-constructor,BIN_FRONTIER_NOPROP_K,BIN_DIRECT_BEST,2,0,-1,-1,10,13215,false,false,false,GENERIC_CHECKPOINT
8,PRODUCER_FACTORED,known-prime-constructor,BIN_PRIME_FRONTIER_PROP_K,BIN_DIRECT_BEST,2,0,-1,-1,28,24668,false,false,false,GENERIC_OR_UNATTRIBUTED
8,PRODUCER_FACTORED,known-prime-constructor,BIN_PRIME_FRONTIER_PROP_K,BIN_CONTENT_ANSWER_LRU_K,2,0,-1,-1,23,15858,false,false,false,GENERIC_OR_UNATTRIBUTED
8,PRODUCER_FACTORED,known-prime-constructor,BIN_PRIME_FRONTIER_PROP_K,BIN_FRONTIER_NOPROP_K,2,0,-1,-1,18,11453,false,false,false,GENERIC_OR_UNATTRIBUTED
8,PRODUCER_FACTORED,known-prime-constructor,BIN_PRIME_FRONTIER_SPEC_B1_K,BIN_PRIME_FRONTIER_PROP_K,2,1,-1,-1,61,58592,false,false,false,GENERIC_OR_UNATTRIBUTED
8,PRODUCER_FACTORED,known-prime-constructor,BIN_PRIME_FRONTIER_SPEC_B4_K,BIN_PRIME_FRONTIER_PROP_K,2,4,-1,-1,201,169592,false,false,false,GENERIC_OR_UNATTRIBUTED
8,PRODUCER_FACTORED,known-prime-constructor,BIN_CONTENT_ANSWER_LRU_K,BIN_DIRECT_BEST,4,0,-1,-1,5,17880,false,false,false,GENERIC_MEMOIZATION
8,PRODUCER_FACTORED,known-prime-constructor,BIN_FRONTIER_NOPROP_K,BIN_DIRECT_BEST,4,0,-1,-1,10,26820,false,false,false,GENERIC_CHECKPOINT
8,PRODUCER_FACTORED,known-prime-constructor,BIN_PRIME_FRONTIER_PROP_K,BIN_DIRECT_BEST,4,0,-1,-1,3,32352,false,false,false,GENERIC_OR_UNATTRIBUTED
8,PRODUCER_FACTORED,known-prime-constructor,BIN_PRIME_FRONTIER_PROP_K,BIN_CONTENT_ANSWER_LRU_K,4,0,9,-1,-2,14472,false,true,false,GENERIC_OR_UNATTRIBUTED
8,PRODUCER_FACTORED,known-prime-constructor,BIN_PRIME_FRONTIER_PROP_K,BIN_FRONTIER_NOPROP_K,4,0,9,-1,-7,5532,false,true,false,GENERIC_OR_UNATTRIBUTED
8,PRODUCER_FACTORED,known-prime-constructor,BIN_PRIME_FRONTIER_SPEC_B1_K,BIN_PRIME_FRONTIER_PROP_K,4,1,-1,-1,114,132668,false,false,false,GENERIC_OR_UNATTRIBUTED
8,PRODUCER_FACTORED,known-prime-constructor,BIN_PRIME_FRONTIER_SPEC_B4_K,BIN_PRIME_FRONTIER_PROP_K,4,4,-1,-1,249,268646,false,false,false,GENERIC_OR_UNATTRIBUTED
8,ADDITION_MUTATION,query-then-increment,BIN_CONTENT_ANSWER_LRU_K,BIN_DIRECT_BEST,1,0,-1,-1,48,42048,false,false,false,GENERIC_MEMOIZATION
8,ADDITION_MUTATION,query-then-increment,BIN_FRONTIER_NOPROP_K,BIN_DIRECT_BEST,1,0,-1,-1,98,63948,false,false,false,GENERIC_CHECKPOINT
8,ADDITION_MUTATION,query-then-increment,BIN_PRIME_FRONTIER_PROP_K,BIN_DIRECT_BEST,1,0,-1,-1,98,63948,false,false,false,GENERIC_OR_UNATTRIBUTED
8,ADDITION_MUTATION,query-then-increment,BIN_PRIME_FRONTIER_PROP_K,BIN_CONTENT_ANSWER_LRU_K,1,0,-1,-1,50,21900,false,false,false,GENERIC_OR_UNATTRIBUTED
8,ADDITION_MUTATION,query-then-increment,BIN_PRIME_FRONTIER_PROP_K,BIN_FRONTIER_NOPROP_K,1,0,0,0,0,0,true,false,false,GENERIC_OR_UNATTRIBUTED
8,ADDITION_MUTATION,query-then-increment,BIN_PRIME_FRONTIER_SPEC_B1_K,BIN_PRIME_FRONTIER_PROP_K,1,1,-1,-1,104,91555,false,false,false,GENERIC_OR_UNATTRIBUTED
8,ADDITION_MUTATION,query-then-increment,BIN_PRIME_FRONTIER_SPEC_B4_K,BIN_PRIME_FRONTIER_PROP_K,1,4,-1,-1,2176,1597214,false,false,false,GENERIC_OR_UNATTRIBUTED
8,ADDITION_MUTATION,query-then-increment,BIN_CONTENT_ANSWER_LRU_K,BIN_DIRECT_BEST,2,0,-1,-1,48,84576,false,false,false,GENERIC_MEMOIZATION
8,ADDITION_MUTATION,query-then-increment,BIN_FRONTIER_NOPROP_K,BIN_DIRECT_BEST,2,0,-1,-1,98,128626,false,false,false,GENERIC_CHECKPOINT
8,ADDITION_MUTATION,query-then-increment,BIN_PRIME_FRONTIER_PROP_K,BIN_DIRECT_BEST,2,0,-1,-1,98,128626,false,false,false,GENERIC_OR_UNATTRIBUTED
8,ADDITION_MUTATION,query-then-increment,BIN_PRIME_FRONTIER_PROP_K,BIN_CONTENT_ANSWER_LRU_K,2,0,-1,-1,50,44050,false,false,false,GENERIC_OR_UNATTRIBUTED
8,ADDITION_MUTATION,query-then-increment,BIN_PRIME_FRONTIER_PROP_K,BIN_FRONTIER_NOPROP_K,2,0,0,0,0,0,true,false,false,GENERIC_OR_UNATTRIBUTED
8,ADDITION_MUTATION,query-then-increment,BIN_PRIME_FRONTIER_SPEC_B1_K,BIN_PRIME_FRONTIER_PROP_K,2,1,-1,-1,104,129653,false,false,false,GENERIC_OR_UNATTRIBUTED
8,ADDITION_MUTATION,query-then-increment,BIN_PRIME_FRONTIER_SPEC_B4_K,BIN_PRIME_FRONTIER_PROP_K,2,4,-1,-1,2176,1779730,false,false,false,GENERIC_OR_UNATTRIBUTED
8,ADDITION_MUTATION,query-then-increment,BIN_CONTENT_ANSWER_LRU_K,BIN_DIRECT_BEST,4,0,-1,-1,48,171648,false,false,false,GENERIC_MEMOIZATION
8,ADDITION_MUTATION,query-then-increment,BIN_FRONTIER_NOPROP_K,BIN_DIRECT_BEST,4,0,-1,-1,98,261048,false,false,false,GENERIC_CHECKPOINT
8,ADDITION_MUTATION,query-then-increment,BIN_PRIME_FRONTIER_PROP_K,BIN_DIRECT_BEST,4,0,-1,-1,98,261048,false,false,false,GENERIC_OR_UNATTRIBUTED
8,ADDITION_MUTATION,query-then-increment,BIN_PRIME_FRONTIER_PROP_K,BIN_CONTENT_ANSWER_LRU_K,4,0,-1,-1,50,89400,false,false,false,GENERIC_OR_UNATTRIBUTED
8,ADDITION_MUTATION,query-then-increment,BIN_PRIME_FRONTIER_PROP_K,BIN_FRONTIER_NOPROP_K,4,0,0,0,0,0,true,false,false,GENERIC_OR_UNATTRIBUTED
8,ADDITION_MUTATION,query-then-increment,BIN_PRIME_FRONTIER_SPEC_B1_K,BIN_PRIME_FRONTIER_PROP_K,4,1,-1,-1,104,207655,false,false,false,GENERIC_OR_UNATTRIBUTED
8,ADDITION_MUTATION,query-then-increment,BIN_PRIME_FRONTIER_SPEC_B4_K,BIN_PRIME_FRONTIER_PROP_K,4,4,-1,-1,1721,1790698,false,false,false,GENERIC_OR_UNATTRIBUTED
8,PHASE_SHIFT,locality-to-stream,BIN_CONTENT_ANSWER_LRU_K,BIN_DIRECT_BEST,1,0,2,2,-2770,-1962966,true,true,false,GENERIC_MEMOIZATION
8,PHASE_SHIFT,locality-to-stream,BIN_FRONTIER_NOPROP_K,BIN_DIRECT_BEST,1,0,2,2,-2705,-1934496,true,true,false,GENERIC_CHECKPOINT
8,PHASE_SHIFT,locality-to-stream,BIN_PRIME_FRONTIER_PROP_K,BIN_DIRECT_BEST,1,0,2,2,-2705,-1934496,true,true,false,GENERIC_OR_UNATTRIBUTED
8,PHASE_SHIFT,locality-to-stream,BIN_PRIME_FRONTIER_PROP_K,BIN_CONTENT_ANSWER_LRU_K,1,0,-1,-1,65,28470,false,false,false,GENERIC_OR_UNATTRIBUTED
8,PHASE_SHIFT,locality-to-stream,BIN_PRIME_FRONTIER_PROP_K,BIN_FRONTIER_NOPROP_K,1,0,0,0,0,0,true,false,false,GENERIC_OR_UNATTRIBUTED
8,PHASE_SHIFT,locality-to-stream,BIN_PRIME_FRONTIER_SPEC_B1_K,BIN_PRIME_FRONTIER_PROP_K,1,1,-1,-1,619,456857,false,false,false,GENERIC_OR_UNATTRIBUTED
8,PHASE_SHIFT,locality-to-stream,BIN_PRIME_FRONTIER_SPEC_B4_K,BIN_PRIME_FRONTIER_PROP_K,1,4,-1,-1,2831,2077564,false,false,false,GENERIC_OR_UNATTRIBUTED
8,PHASE_SHIFT,locality-to-stream,BIN_CONTENT_ANSWER_LRU_K,BIN_DIRECT_BEST,2,0,2,2,-2770,-1877467,true,true,false,GENERIC_MEMOIZATION
8,PHASE_SHIFT,locality-to-stream,BIN_FRONTIER_NOPROP_K,BIN_DIRECT_BEST,2,0,2,2,-2705,-1820202,true,true,false,GENERIC_CHECKPOINT
8,PHASE_SHIFT,locality-to-stream,BIN_PRIME_FRONTIER_PROP_K,BIN_DIRECT_BEST,2,0,2,2,-2705,-1820202,true,true,false,GENERIC_OR_UNATTRIBUTED
8,PHASE_SHIFT,locality-to-stream,BIN_PRIME_FRONTIER_PROP_K,BIN_CONTENT_ANSWER_LRU_K,2,0,-1,-1,65,57265,false,false,false,GENERIC_OR_UNATTRIBUTED
8,PHASE_SHIFT,locality-to-stream,BIN_PRIME_FRONTIER_PROP_K,BIN_FRONTIER_NOPROP_K,2,0,0,0,0,0,true,false,false,GENERIC_OR_UNATTRIBUTED
8,PHASE_SHIFT,locality-to-stream,BIN_PRIME_FRONTIER_SPEC_B1_K,BIN_PRIME_FRONTIER_PROP_K,2,1,-1,-1,619,511789,false,false,false,GENERIC_OR_UNATTRIBUTED
8,PHASE_SHIFT,locality-to-stream,BIN_PRIME_FRONTIER_SPEC_B4_K,BIN_PRIME_FRONTIER_PROP_K,2,4,-1,-1,2821,2299657,false,false,false,GENERIC_OR_UNATTRIBUTED
8,PHASE_SHIFT,locality-to-stream,BIN_CONTENT_ANSWER_LRU_K,BIN_DIRECT_BEST,4,0,2,2,-2770,-1702416,true,true,false,GENERIC_MEMOIZATION
8,PHASE_SHIFT,locality-to-stream,BIN_FRONTIER_NOPROP_K,BIN_DIRECT_BEST,4,0,2,2,-2705,-1586196,true,true,false,GENERIC_CHECKPOINT
8,PHASE_SHIFT,locality-to-stream,BIN_PRIME_FRONTIER_PROP_K,BIN_DIRECT_BEST,4,0,2,2,-2705,-1586196,true,true,false,GENERIC_OR_UNATTRIBUTED
8,PHASE_SHIFT,locality-to-stream,BIN_PRIME_FRONTIER_PROP_K,BIN_CONTENT_ANSWER_LRU_K,4,0,-1,-1,65,116220,false,false,false,GENERIC_OR_UNATTRIBUTED
8,PHASE_SHIFT,locality-to-stream,BIN_PRIME_FRONTIER_PROP_K,BIN_FRONTIER_NOPROP_K,4,0,0,0,0,0,true,false,false,GENERIC_OR_UNATTRIBUTED
8,PHASE_SHIFT,locality-to-stream,BIN_PRIME_FRONTIER_SPEC_B1_K,BIN_PRIME_FRONTIER_PROP_K,4,1,-1,-1,619,624257,false,false,false,GENERIC_OR_UNATTRIBUTED
8,PHASE_SHIFT,locality-to-stream,BIN_PRIME_FRONTIER_SPEC_B4_K,BIN_PRIME_FRONTIER_PROP_K,4,4,-1,-1,2615,2601680,false,false,false,GENERIC_OR_UNATTRIBUTED
8,COMPOSITE_CONTROL,size-matched-divisors-and-2x3-counterexample,BIN_CONTENT_ANSWER_LRU_K,BIN_DIRECT_BEST,1,0,-1,-1,11,9636,false,false,false,GENERIC_MEMOIZATION
8,COMPOSITE_CONTROL,size-matched-divisors-and-2x3-counterexample,BIN_FRONTIER_NOPROP_K,BIN_DIRECT_BEST,1,0,-1,-1,13,10512,false,false,false,GENERIC_CHECKPOINT
8,COMPOSITE_CONTROL,size-matched-divisors-and-2x3-counterexample,BIN_PRIME_FRONTIER_PROP_K,BIN_DIRECT_BEST,1,0,-1,-1,13,10512,false,false,false,GENERIC_OR_UNATTRIBUTED
8,COMPOSITE_CONTROL,size-matched-divisors-and-2x3-counterexample,BIN_PRIME_FRONTIER_PROP_K,BIN_CONTENT_ANSWER_LRU_K,1,0,-1,-1,2,876,false,false,false,GENERIC_OR_UNATTRIBUTED
8,COMPOSITE_CONTROL,size-matched-divisors-and-2x3-counterexample,BIN_PRIME_FRONTIER_PROP_K,BIN_FRONTIER_NOPROP_K,1,0,0,0,0,0,true,false,false,GENERIC_OR_UNATTRIBUTED
8,COMPOSITE_CONTROL,size-matched-divisors-and-2x3-counterexample,BIN_PRIME_FRONTIER_SPEC_B1_K,BIN_PRIME_FRONTIER_PROP_K,1,1,0,0,0,0,true,false,false,GENERIC_OR_UNATTRIBUTED
8,COMPOSITE_CONTROL,size-matched-divisors-and-2x3-counterexample,BIN_PRIME_FRONTIER_SPEC_B4_K,BIN_PRIME_FRONTIER_PROP_K,1,4,0,0,0,0,true,false,false,GENERIC_OR_UNATTRIBUTED
8,COMPOSITE_CONTROL,size-matched-divisors-and-2x3-counterexample,BIN_CONTENT_ANSWER_LRU_K,BIN_DIRECT_BEST,2,0,-1,-1,11,19382,false,false,false,GENERIC_MEMOIZATION
8,COMPOSITE_CONTROL,size-matched-divisors-and-2x3-counterexample,BIN_FRONTIER_NOPROP_K,BIN_DIRECT_BEST,2,0,-1,-1,13,21144,false,false,false,GENERIC_CHECKPOINT
8,COMPOSITE_CONTROL,size-matched-divisors-and-2x3-counterexample,BIN_PRIME_FRONTIER_PROP_K,BIN_DIRECT_BEST,2,0,-1,-1,13,21144,false,false,false,GENERIC_OR_UNATTRIBUTED
8,COMPOSITE_CONTROL,size-matched-divisors-and-2x3-counterexample,BIN_PRIME_FRONTIER_PROP_K,BIN_CONTENT_ANSWER_LRU_K,2,0,-1,-1,2,1762,false,false,false,GENERIC_OR_UNATTRIBUTED
8,COMPOSITE_CONTROL,size-matched-divisors-and-2x3-counterexample,BIN_PRIME_FRONTIER_PROP_K,BIN_FRONTIER_NOPROP_K,2,0,0,0,0,0,true,false,false,GENERIC_OR_UNATTRIBUTED
8,COMPOSITE_CONTROL,size-matched-divisors-and-2x3-counterexample,BIN_PRIME_FRONTIER_SPEC_B1_K,BIN_PRIME_FRONTIER_PROP_K,2,1,0,0,0,0,true,false,false,GENERIC_OR_UNATTRIBUTED
8,COMPOSITE_CONTROL,size-matched-divisors-and-2x3-counterexample,BIN_PRIME_FRONTIER_SPEC_B4_K,BIN_PRIME_FRONTIER_PROP_K,2,4,0,0,0,0,true,false,false,GENERIC_OR_UNATTRIBUTED
8,COMPOSITE_CONTROL,size-matched-divisors-and-2x3-counterexample,BIN_CONTENT_ANSWER_LRU_K,BIN_DIRECT_BEST,4,0,-1,-1,11,39336,false,false,false,GENERIC_MEMOIZATION
8,COMPOSITE_CONTROL,size-matched-divisors-and-2x3-counterexample,BIN_FRONTIER_NOPROP_K,BIN_DIRECT_BEST,4,0,-1,-1,13,42912,false,false,false,GENERIC_CHECKPOINT
8,COMPOSITE_CONTROL,size-matched-divisors-and-2x3-counterexample,BIN_PRIME_FRONTIER_PROP_K,BIN_DIRECT_BEST,4,0,-1,-1,13,42912,false,false,false,GENERIC_OR_UNATTRIBUTED
8,COMPOSITE_CONTROL,size-matched-divisors-and-2x3-counterexample,BIN_PRIME_FRONTIER_PROP_K,BIN_CONTENT_ANSWER_LRU_K,4,0,-1,-1,2,3576,false,false,false,GENERIC_OR_UNATTRIBUTED
8,COMPOSITE_CONTROL,size-matched-divisors-and-2x3-counterexample,BIN_PRIME_FRONTIER_PROP_K,BIN_FRONTIER_NOPROP_K,4,0,0,0,0,0,true,false,false,GENERIC_OR_UNATTRIBUTED
8,COMPOSITE_CONTROL,size-matched-divisors-and-2x3-counterexample,BIN_PRIME_FRONTIER_SPEC_B1_K,BIN_PRIME_FRONTIER_PROP_K,4,1,0,0,0,0,true,false,false,GENERIC_OR_UNATTRIBUTED
8,COMPOSITE_CONTROL,size-matched-divisors-and-2x3-counterexample,BIN_PRIME_FRONTIER_SPEC_B4_K,BIN_PRIME_FRONTIER_PROP_K,4,4,0,0,0,0,true,false,false,GENERIC_OR_UNATTRIBUTED
8,RADIX_V2,ctz-isolated,BIN_CONTENT_ANSWER_LRU_K,BIN_DIRECT_BEST,1,0,-1,-1,64,56064,false,false,false,GENERIC_MEMOIZATION
8,RADIX_V2,ctz-isolated,BIN_FRONTIER_NOPROP_K,BIN_DIRECT_BEST,1,0,-1,-1,128,84096,false,false,false,GENERIC_CHECKPOINT
8,RADIX_V2,ctz-isolated,BIN_PRIME_FRONTIER_PROP_K,BIN_DIRECT_BEST,1,0,-1,-1,128,84096,false,false,false,GENERIC_OR_UNATTRIBUTED
8,RADIX_V2,ctz-isolated,BIN_PRIME_FRONTIER_PROP_K,BIN_CONTENT_ANSWER_LRU_K,1,0,-1,-1,64,28032,false,false,false,GENERIC_OR_UNATTRIBUTED
8,RADIX_V2,ctz-isolated,BIN_PRIME_FRONTIER_PROP_K,BIN_FRONTIER_NOPROP_K,1,0,0,0,0,0,true,false,false,GENERIC_OR_UNATTRIBUTED
8,RADIX_V2,ctz-isolated,BIN_PRIME_FRONTIER_SPEC_B1_K,BIN_PRIME_FRONTIER_PROP_K,1,1,-1,-1,722,531658,false,false,false,GENERIC_OR_UNATTRIBUTED
8,RADIX_V2,ctz-isolated,BIN_PRIME_FRONTIER_SPEC_B4_K,BIN_PRIME_FRONTIER_PROP_K,1,4,-1,-1,2768,2032492,false,false,false,GENERIC_OR_UNATTRIBUTED
8,RADIX_V2,ctz-isolated,BIN_CONTENT_ANSWER_LRU_K,BIN_DIRECT_BEST,2,0,-1,-1,64,112768,false,false,false,GENERIC_MEMOIZATION
8,RADIX_V2,ctz-isolated,BIN_FRONTIER_NOPROP_K,BIN_DIRECT_BEST,2,0,-1,-1,128,169152,false,false,false,GENERIC_CHECKPOINT
8,RADIX_V2,ctz-isolated,BIN_PRIME_FRONTIER_PROP_K,BIN_DIRECT_BEST,2,0,-1,-1,128,169152,false,false,false,GENERIC_OR_UNATTRIBUTED
8,RADIX_V2,ctz-isolated,BIN_PRIME_FRONTIER_PROP_K,BIN_CONTENT_ANSWER_LRU_K,2,0,-1,-1,64,56384,false,false,false,GENERIC_OR_UNATTRIBUTED
8,RADIX_V2,ctz-isolated,BIN_PRIME_FRONTIER_PROP_K,BIN_FRONTIER_NOPROP_K,2,0,0,0,0,0,true,false,false,GENERIC_OR_UNATTRIBUTED
8,RADIX_V2,ctz-isolated,BIN_PRIME_FRONTIER_SPEC_B1_K,BIN_PRIME_FRONTIER_PROP_K,2,1,-1,-1,722,604310,false,false,false,GENERIC_OR_UNATTRIBUTED
8,RADIX_V2,ctz-isolated,BIN_PRIME_FRONTIER_SPEC_B4_K,BIN_PRIME_FRONTIER_PROP_K,2,4,-1,-1,2768,2269940,false,false,false,GENERIC_OR_UNATTRIBUTED
8,RADIX_V2,ctz-isolated,BIN_CONTENT_ANSWER_LRU_K,BIN_DIRECT_BEST,4,0,-1,-1,64,228864,false,false,false,GENERIC_MEMOIZATION
8,RADIX_V2,ctz-isolated,BIN_FRONTIER_NOPROP_K,BIN_DIRECT_BEST,4,0,-1,-1,128,343296,false,false,false,GENERIC_CHECKPOINT
8,RADIX_V2,ctz-isolated,BIN_PRIME_FRONTIER_PROP_K,BIN_DIRECT_BEST,4,0,-1,-1,128,343296,false,false,false,GENERIC_OR_UNATTRIBUTED
8,RADIX_V2,ctz-isolated,BIN_PRIME_FRONTIER_PROP_K,BIN_CONTENT_ANSWER_LRU_K,4,0,-1,-1,64,114432,false,false,false,GENERIC_OR_UNATTRIBUTED
8,RADIX_V2,ctz-isolated,BIN_PRIME_FRONTIER_PROP_K,BIN_FRONTIER_NOPROP_K,4,0,0,0,0,0,true,false,false,GENERIC_OR_UNATTRIBUTED
8,RADIX_V2,ctz-isolated,BIN_PRIME_FRONTIER_SPEC_B1_K,BIN_PRIME_FRONTIER_PROP_K,4,1,-1,-1,722,753058,false,false,false,GENERIC_OR_UNATTRIBUTED
8,RADIX_V2,ctz-isolated,BIN_PRIME_FRONTIER_SPEC_B4_K,BIN_PRIME_FRONTIER_PROP_K,4,4,-1,-1,2768,2756092,false,false,false,GENERIC_OR_UNATTRIBUTED
8,HOSTILE_SLOT_THRASH,four-slots,BIN_CONTENT_ANSWER_LRU_K,BIN_DIRECT_BEST,1,0,-1,-1,64,56064,false,false,false,GENERIC_MEMOIZATION
8,HOSTILE_SLOT_THRASH,four-slots,BIN_FRONTIER_NOPROP_K,BIN_DIRECT_BEST,1,0,-1,-1,68,57816,false,false,false,GENERIC_CHECKPOINT
8,HOSTILE_SLOT_THRASH,four-slots,BIN_PRIME_FRONTIER_PROP_K,BIN_DIRECT_BEST,1,0,-1,-1,68,57816,false,false,false,GENERIC_OR_UNATTRIBUTED
8,HOSTILE_SLOT_THRASH,four-slots,BIN_PRIME_FRONTIER_PROP_K,BIN_CONTENT_ANSWER_LRU_K,1,0,-1,-1,4,1752,false,false,false,GENERIC_OR_UNATTRIBUTED
8,HOSTILE_SLOT_THRASH,four-slots,BIN_PRIME_FRONTIER_PROP_K,BIN_FRONTIER_NOPROP_K,1,0,0,0,0,0,true,false,false,GENERIC_OR_UNATTRIBUTED
8,HOSTILE_SLOT_THRASH,four-slots,BIN_PRIME_FRONTIER_SPEC_B1_K,BIN_PRIME_FRONTIER_PROP_K,1,1,-1,-1,44,32276,false,false,false,GENERIC_OR_UNATTRIBUTED
8,HOSTILE_SLOT_THRASH,four-slots,BIN_PRIME_FRONTIER_SPEC_B4_K,BIN_PRIME_FRONTIER_PROP_K,1,4,-1,-1,176,129104,false,false,false,GENERIC_OR_UNATTRIBUTED
8,HOSTILE_SLOT_THRASH,four-slots,BIN_CONTENT_ANSWER_LRU_K,BIN_DIRECT_BEST,2,0,-1,-1,64,112768,false,false,false,GENERIC_MEMOIZATION
8,HOSTILE_SLOT_THRASH,four-slots,BIN_FRONTIER_NOPROP_K,BIN_DIRECT_BEST,2,0,-1,-1,68,116292,false,false,false,GENERIC_CHECKPOINT
8,HOSTILE_SLOT_THRASH,four-slots,BIN_PRIME_FRONTIER_PROP_K,BIN_DIRECT_BEST,2,0,-1,-1,68,116292,false,false,false,GENERIC_OR_UNATTRIBUTED
8,HOSTILE_SLOT_THRASH,four-slots,BIN_PRIME_FRONTIER_PROP_K,BIN_CONTENT_ANSWER_LRU_K,2,0,-1,-1,4,3524,false,false,false,GENERIC_OR_UNATTRIBUTED
8,HOSTILE_SLOT_THRASH,four-slots,BIN_PRIME_FRONTIER_PROP_K,BIN_FRONTIER_NOPROP_K,2,0,0,0,0,0,true,false,false,GENERIC_OR_UNATTRIBUTED
8,HOSTILE_SLOT_THRASH,four-slots,BIN_PRIME_FRONTIER_SPEC_B1_K,BIN_PRIME_FRONTIER_PROP_K,2,1,-1,-1,44,35820,false,false,false,GENERIC_OR_UNATTRIBUTED
8,HOSTILE_SLOT_THRASH,four-slots,BIN_PRIME_FRONTIER_SPEC_B4_K,BIN_PRIME_FRONTIER_PROP_K,2,4,-1,-1,176,143280,false,false,false,GENERIC_OR_UNATTRIBUTED
8,HOSTILE_SLOT_THRASH,four-slots,BIN_CONTENT_ANSWER_LRU_K,BIN_DIRECT_BEST,4,0,8,8,-941,-560916,true,true,false,GENERIC_MEMOIZATION
8,HOSTILE_SLOT_THRASH,four-slots,BIN_FRONTIER_NOPROP_K,BIN_DIRECT_BEST,4,0,8,9,-937,-553764,true,true,false,GENERIC_CHECKPOINT
8,HOSTILE_SLOT_THRASH,four-slots,BIN_PRIME_FRONTIER_PROP_K,BIN_DIRECT_BEST,4,0,8,9,-937,-553764,true,true,false,GENERIC_OR_UNATTRIBUTED
8,HOSTILE_SLOT_THRASH,four-slots,BIN_PRIME_FRONTIER_PROP_K,BIN_CONTENT_ANSWER_LRU_K,4,0,-1,-1,4,7152,false,false,false,GENERIC_OR_UNATTRIBUTED
8,HOSTILE_SLOT_THRASH,four-slots,BIN_PRIME_FRONTIER_PROP_K,BIN_FRONTIER_NOPROP_K,4,0,0,0,0,0,true,false,false,GENERIC_OR_UNATTRIBUTED
8,HOSTILE_SLOT_THRASH,four-slots,BIN_PRIME_FRONTIER_SPEC_B1_K,BIN_PRIME_FRONTIER_PROP_K,4,1,-1,-1,6,13500,false,false,false,GENERIC_OR_UNATTRIBUTED
8,HOSTILE_SLOT_THRASH,four-slots,BIN_PRIME_FRONTIER_SPEC_B4_K,BIN_PRIME_FRONTIER_PROP_K,4,4,-1,-1,176,172304,false,false,false,GENERIC_OR_UNATTRIBUTED
8,HOSTILE_PRIME_THRASH,five-prime-rotation,BIN_CONTENT_ANSWER_LRU_K,BIN_DIRECT_BEST,1,0,-1,-1,40,35040,false,false,false,GENERIC_MEMOIZATION
8,HOSTILE_PRIME_THRASH,five-prime-rotation,BIN_FRONTIER_NOPROP_K,BIN_DIRECT_BEST,1,0,-1,-1,41,35478,false,false,false,GENERIC_CHECKPOINT
8,HOSTILE_PRIME_THRASH,five-prime-rotation,BIN_PRIME_FRONTIER_PROP_K,BIN_DIRECT_BEST,1,0,-1,-1,41,35478,false,false,false,GENERIC_OR_UNATTRIBUTED
8,HOSTILE_PRIME_THRASH,five-prime-rotation,BIN_PRIME_FRONTIER_PROP_K,BIN_CONTENT_ANSWER_LRU_K,1,0,-1,-1,1,438,false,false,false,GENERIC_OR_UNATTRIBUTED
8,HOSTILE_PRIME_THRASH,five-prime-rotation,BIN_PRIME_FRONTIER_PROP_K,BIN_FRONTIER_NOPROP_K,1,0,0,0,0,0,true,false,false,GENERIC_OR_UNATTRIBUTED
8,HOSTILE_PRIME_THRASH,five-prime-rotation,BIN_PRIME_FRONTIER_SPEC_B1_K,BIN_PRIME_FRONTIER_PROP_K,1,1,-1,-1,11,8069,false,false,false,GENERIC_OR_UNATTRIBUTED
8,HOSTILE_PRIME_THRASH,five-prime-rotation,BIN_PRIME_FRONTIER_SPEC_B4_K,BIN_PRIME_FRONTIER_PROP_K,1,4,-1,-1,44,32276,false,false,false,GENERIC_OR_UNATTRIBUTED
8,HOSTILE_PRIME_THRASH,five-prime-rotation,BIN_CONTENT_ANSWER_LRU_K,BIN_DIRECT_BEST,2,0,-1,-1,40,70480,false,false,false,GENERIC_MEMOIZATION
8,HOSTILE_PRIME_THRASH,five-prime-rotation,BIN_FRONTIER_NOPROP_K,BIN_DIRECT_BEST,2,0,-1,-1,41,71361,false,false,false,GENERIC_CHECKPOINT
8,HOSTILE_PRIME_THRASH,five-prime-rotation,BIN_PRIME_FRONTIER_PROP_K,BIN_DIRECT_BEST,2,0,-1,-1,41,71361,false,false,false,GENERIC_OR_UNATTRIBUTED
8,HOSTILE_PRIME_THRASH,five-prime-rotation,BIN_PRIME_FRONTIER_PROP_K,BIN_CONTENT_ANSWER_LRU_K,2,0,-1,-1,1,881,false,false,false,GENERIC_OR_UNATTRIBUTED
8,HOSTILE_PRIME_THRASH,five-prime-rotation,BIN_PRIME_FRONTIER_PROP_K,BIN_FRONTIER_NOPROP_K,2,0,0,0,0,0,true,false,false,GENERIC_OR_UNATTRIBUTED
8,HOSTILE_PRIME_THRASH,five-prime-rotation,BIN_PRIME_FRONTIER_SPEC_B1_K,BIN_PRIME_FRONTIER_PROP_K,2,1,-1,-1,2,2455,false,false,false,GENERIC_OR_UNATTRIBUTED
8,HOSTILE_PRIME_THRASH,five-prime-rotation,BIN_PRIME_FRONTIER_SPEC_B4_K,BIN_PRIME_FRONTIER_PROP_K,2,4,-1,-1,44,35820,false,false,false,GENERIC_OR_UNATTRIBUTED
8,HOSTILE_PRIME_THRASH,five-prime-rotation,BIN_CONTENT_ANSWER_LRU_K,BIN_DIRECT_BEST,4,0,-1,-1,40,143040,false,false,false,GENERIC_MEMOIZATION
8,HOSTILE_PRIME_THRASH,five-prime-rotation,BIN_FRONTIER_NOPROP_K,BIN_DIRECT_BEST,4,0,-1,-1,41,144828,false,false,false,GENERIC_CHECKPOINT
8,HOSTILE_PRIME_THRASH,five-prime-rotation,BIN_PRIME_FRONTIER_PROP_K,BIN_DIRECT_BEST,4,0,-1,-1,41,144828,false,false,false,GENERIC_OR_UNATTRIBUTED
8,HOSTILE_PRIME_THRASH,five-prime-rotation,BIN_PRIME_FRONTIER_PROP_K,BIN_CONTENT_ANSWER_LRU_K,4,0,-1,-1,1,1788,false,false,false,GENERIC_OR_UNATTRIBUTED
8,HOSTILE_PRIME_THRASH,five-prime-rotation,BIN_PRIME_FRONTIER_PROP_K,BIN_FRONTIER_NOPROP_K,4,0,0,0,0,0,true,false,false,GENERIC_OR_UNATTRIBUTED
8,HOSTILE_PRIME_THRASH,five-prime-rotation,BIN_PRIME_FRONTIER_SPEC_B1_K,BIN_PRIME_FRONTIER_PROP_K,4,1,-1,-1,2,4269,false,false,false,GENERIC_OR_UNATTRIBUTED
8,HOSTILE_PRIME_THRASH,five-prime-rotation,BIN_PRIME_FRONTIER_SPEC_B4_K,BIN_PRIME_FRONTIER_PROP_K,4,4,-1,-1,44,43076,false,false,false,GENERIC_OR_UNATTRIBUTED
8,HOSTILE_MUTATE_AFTER_FILL,fill-then-discard,BIN_CONTENT_ANSWER_LRU_K,BIN_DIRECT_BEST,1,0,-1,-1,12,15102,false,false,false,GENERIC_MEMOIZATION
8,HOSTILE_MUTATE_AFTER_FILL,fill-then-discard,BIN_FRONTIER_NOPROP_K,BIN_DIRECT_BEST,1,0,-1,-1,81,52998,false,false,false,GENERIC_CHECKPOINT
8,HOSTILE_MUTATE_AFTER_FILL,fill-then-discard,BIN_PRIME_FRONTIER_PROP_K,BIN_DIRECT_BEST,1,0,-1,-1,81,52998,false,false,false,GENERIC_OR_UNATTRIBUTED
8,HOSTILE_MUTATE_AFTER_FILL,fill-then-discard,BIN_PRIME_FRONTIER_PROP_K,BIN_CONTENT_ANSWER_LRU_K,1,0,-1,-1,69,37896,false,false,false,GENERIC_OR_UNATTRIBUTED
8,HOSTILE_MUTATE_AFTER_FILL,fill-then-discard,BIN_PRIME_FRONTIER_PROP_K,BIN_FRONTIER_NOPROP_K,1,0,0,0,0,0,true,false,false,GENERIC_OR_UNATTRIBUTED
8,HOSTILE_MUTATE_AFTER_FILL,fill-then-discard,BIN_PRIME_FRONTIER_SPEC_B1_K,BIN_PRIME_FRONTIER_PROP_K,1,1,-1,-1,72,62507,false,false,false,GENERIC_OR_UNATTRIBUTED
8,HOSTILE_MUTATE_AFTER_FILL,fill-then-discard,BIN_PRIME_FRONTIER_SPEC_B4_K,BIN_PRIME_FRONTIER_PROP_K,1,4,-1,-1,1804,1323316,false,false,false,GENERIC_OR_UNATTRIBUTED
8,HOSTILE_MUTATE_AFTER_FILL,fill-then-discard,BIN_CONTENT_ANSWER_LRU_K,BIN_DIRECT_BEST,2,0,3,3,-700,-469998,true,true,false,GENERIC_MEMOIZATION
8,HOSTILE_MUTATE_AFTER_FILL,fill-then-discard,BIN_FRONTIER_NOPROP_K,BIN_DIRECT_BEST,2,0,-1,-1,81,106601,false,false,false,GENERIC_CHECKPOINT
8,HOSTILE_MUTATE_AFTER_FILL,fill-then-discard,BIN_PRIME_FRONTIER_PROP_K,BIN_DIRECT_BEST,2,0,-1,-1,81,106601,false,false,false,GENERIC_OR_UNATTRIBUTED
8,HOSTILE_MUTATE_AFTER_FILL,fill-then-discard,BIN_PRIME_FRONTIER_PROP_K,BIN_CONTENT_ANSWER_LRU_K,2,0,-1,-1,781,576599,false,false,false,GENERIC_OR_UNATTRIBUTED
8,HOSTILE_MUTATE_AFTER_FILL,fill-then-discard,BIN_PRIME_FRONTIER_PROP_K,BIN_FRONTIER_NOPROP_K,2,0,0,0,0,0,true,false,false,GENERIC_OR_UNATTRIBUTED
8,HOSTILE_MUTATE_AFTER_FILL,fill-then-discard,BIN_PRIME_FRONTIER_SPEC_B1_K,BIN_PRIME_FRONTIER_PROP_K,2,1,-1,-1,72,90416,false,false,false,GENERIC_OR_UNATTRIBUTED
8,HOSTILE_MUTATE_AFTER_FILL,fill-then-discard,BIN_PRIME_FRONTIER_SPEC_B4_K,BIN_PRIME_FRONTIER_PROP_K,2,4,-1,-1,1804,1468620,false,false,false,GENERIC_OR_UNATTRIBUTED
8,HOSTILE_MUTATE_AFTER_FILL,fill-then-discard,BIN_CONTENT_ANSWER_LRU_K,BIN_DIRECT_BEST,4,0,3,3,-700,-431904,true,true,false,GENERIC_MEMOIZATION
8,HOSTILE_MUTATE_AFTER_FILL,fill-then-discard,BIN_FRONTIER_NOPROP_K,BIN_DIRECT_BEST,4,0,-1,-1,81,216348,false,false,false,GENERIC_CHECKPOINT
8,HOSTILE_MUTATE_AFTER_FILL,fill-then-discard,BIN_PRIME_FRONTIER_PROP_K,BIN_DIRECT_BEST,4,0,-1,-1,81,216348,false,false,false,GENERIC_OR_UNATTRIBUTED
8,HOSTILE_MUTATE_AFTER_FILL,fill-then-discard,BIN_PRIME_FRONTIER_PROP_K,BIN_CONTENT_ANSWER_LRU_K,4,0,-1,-1,781,648252,false,false,false,GENERIC_OR_UNATTRIBUTED
8,HOSTILE_MUTATE_AFTER_FILL,fill-then-discard,BIN_PRIME_FRONTIER_PROP_K,BIN_FRONTIER_NOPROP_K,4,0,0,0,0,0,true,false,false,GENERIC_OR_UNATTRIBUTED
8,HOSTILE_MUTATE_AFTER_FILL,fill-then-discard,BIN_PRIME_FRONTIER_SPEC_B1_K,BIN_PRIME_FRONTIER_PROP_K,4,1,-1,-1,72,147557,false,false,false,GENERIC_OR_UNATTRIBUTED
8,HOSTILE_MUTATE_AFTER_FILL,fill-then-discard,BIN_PRIME_FRONTIER_SPEC_B4_K,BIN_PRIME_FRONTIER_PROP_K,4,4,-1,-1,1425,1472144,false,false,false,GENERIC_OR_UNATTRIBUTED
8,HOSTILE_SPECULATION_POISON,request-last-prime-only,BIN_CONTENT_ANSWER_LRU_K,BIN_DIRECT_BEST,1,0,-1,-1,54,49126,false,false,false,GENERIC_MEMOIZATION
8,HOSTILE_SPECULATION_POISON,request-last-prime-only,BIN_FRONTIER_NOPROP_K,BIN_DIRECT_BEST,1,0,-1,-1,128,84096,false,false,false,GENERIC_CHECKPOINT
8,HOSTILE_SPECULATION_POISON,request-last-prime-only,BIN_PRIME_FRONTIER_PROP_K,BIN_DIRECT_BEST,1,0,-1,-1,128,84096,false,false,false,GENERIC_OR_UNATTRIBUTED
8,HOSTILE_SPECULATION_POISON,request-last-prime-only,BIN_PRIME_FRONTIER_PROP_K,BIN_CONTENT_ANSWER_LRU_K,1,0,-1,-1,74,34970,false,false,false,GENERIC_OR_UNATTRIBUTED
8,HOSTILE_SPECULATION_POISON,request-last-prime-only,BIN_PRIME_FRONTIER_PROP_K,BIN_FRONTIER_NOPROP_K,1,0,0,0,0,0,true,false,false,GENERIC_OR_UNATTRIBUTED
8,HOSTILE_SPECULATION_POISON,request-last-prime-only,BIN_PRIME_FRONTIER_SPEC_B1_K,BIN_PRIME_FRONTIER_PROP_K,1,1,-1,-1,712,523599,false,false,false,GENERIC_OR_UNATTRIBUTED
8,HOSTILE_SPECULATION_POISON,request-last-prime-only,BIN_PRIME_FRONTIER_SPEC_B4_K,BIN_PRIME_FRONTIER_PROP_K,1,4,-1,-1,2791,2048640,false,false,false,GENERIC_OR_UNATTRIBUTED
8,HOSTILE_SPECULATION_POISON,request-last-prime-only,BIN_CONTENT_ANSWER_LRU_K,BIN_DIRECT_BEST,2,0,-1,-1,54,105387,false,false,false,GENERIC_MEMOIZATION
8,HOSTILE_SPECULATION_POISON,request-last-prime-only,BIN_FRONTIER_NOPROP_K,BIN_DIRECT_BEST,2,0,-1,-1,128,169152,false,false,false,GENERIC_CHECKPOINT
8,HOSTILE_SPECULATION_POISON,request-last-prime-only,BIN_PRIME_FRONTIER_PROP_K,BIN_DIRECT_BEST,2,0,-1,-1,128,169152,false,false,false,GENERIC_OR_UNATTRIBUTED
8,HOSTILE_SPECULATION_POISON,request-last-prime-only,BIN_PRIME_FRONTIER_PROP_K,BIN_CONTENT_ANSWER_LRU_K,2,0,-1,-1,74,63765,false,false,false,GENERIC_OR_UNATTRIBUTED
8,HOSTILE_SPECULATION_POISON,request-last-prime-only,BIN_PRIME_FRONTIER_PROP_K,BIN_FRONTIER_NOPROP_K,2,0,0,0,0,0,true,false,false,GENERIC_OR_UNATTRIBUTED
8,HOSTILE_SPECULATION_POISON,request-last-prime-only,BIN_PRIME_FRONTIER_SPEC_B1_K,BIN_PRIME_FRONTIER_PROP_K,2,1,-1,-1,712,587834,false,false,false,GENERIC_OR_UNATTRIBUTED
8,HOSTILE_SPECULATION_POISON,request-last-prime-only,BIN_PRIME_FRONTIER_SPEC_B4_K,BIN_PRIME_FRONTIER_PROP_K,2,4,-1,-1,2791,2280329,false,false,false,GENERIC_OR_UNATTRIBUTED
8,HOSTILE_SPECULATION_POISON,request-last-prime-only,BIN_CONTENT_ANSWER_LRU_K,BIN_DIRECT_BEST,4,0,-1,-1,54,220576,false,false,false,GENERIC_MEMOIZATION
8,HOSTILE_SPECULATION_POISON,request-last-prime-only,BIN_FRONTIER_NOPROP_K,BIN_DIRECT_BEST,4,0,-1,-1,128,343296,false,false,false,GENERIC_CHECKPOINT
8,HOSTILE_SPECULATION_POISON,request-last-prime-only,BIN_PRIME_FRONTIER_PROP_K,BIN_DIRECT_BEST,4,0,-1,-1,128,343296,false,false,false,GENERIC_OR_UNATTRIBUTED
8,HOSTILE_SPECULATION_POISON,request-last-prime-only,BIN_PRIME_FRONTIER_PROP_K,BIN_CONTENT_ANSWER_LRU_K,4,0,-1,-1,74,122720,false,false,false,GENERIC_OR_UNATTRIBUTED
8,HOSTILE_SPECULATION_POISON,request-last-prime-only,BIN_PRIME_FRONTIER_PROP_K,BIN_FRONTIER_NOPROP_K,4,0,0,0,0,0,true,false,false,GENERIC_OR_UNATTRIBUTED
8,HOSTILE_SPECULATION_POISON,request-last-prime-only,BIN_PRIME_FRONTIER_SPEC_B1_K,BIN_PRIME_FRONTIER_PROP_K,4,1,-1,-1,712,719349,false,false,false,GENERIC_OR_UNATTRIBUTED
8,HOSTILE_SPECULATION_POISON,request-last-prime-only,BIN_PRIME_FRONTIER_SPEC_B4_K,BIN_PRIME_FRONTIER_PROP_K,4,4,-1,-1,2791,2754690,false,false,false,GENERIC_OR_UNATTRIBUTED
8,HOSTILE_BOUNDARY_FAILURE,zero-one-max-overflow-alias,BIN_CONTENT_ANSWER_LRU_K,BIN_DIRECT_BEST,1,0,-1,-1,4,3504,false,false,false,GENERIC_MEMOIZATION
8,HOSTILE_BOUNDARY_FAILURE,zero-one-max-overflow-alias,BIN_FRONTIER_NOPROP_K,BIN_DIRECT_BEST,1,0,-1,-1,8,5256,false,false,false,GENERIC_CHECKPOINT
8,HOSTILE_BOUNDARY_FAILURE,zero-one-max-overflow-alias,BIN_PRIME_FRONTIER_PROP_K,BIN_DIRECT_BEST,1,0,-1,-1,8,5256,false,false,false,GENERIC_OR_UNATTRIBUTED
8,HOSTILE_BOUNDARY_FAILURE,zero-one-max-overflow-alias,BIN_PRIME_FRONTIER_PROP_K,BIN_CONTENT_ANSWER_LRU_K,1,0,-1,-1,4,1752,false,false,false,GENERIC_OR_UNATTRIBUTED
8,HOSTILE_BOUNDARY_FAILURE,zero-one-max-overflow-alias,BIN_PRIME_FRONTIER_PROP_K,BIN_FRONTIER_NOPROP_K,1,0,0,0,0,0,true,false,false,GENERIC_OR_UNATTRIBUTED
8,HOSTILE_BOUNDARY_FAILURE,zero-one-max-overflow-alias,BIN_PRIME_FRONTIER_SPEC_B1_K,BIN_PRIME_FRONTIER_PROP_K,1,1,-1,-1,62,47518,false,false,false,GENERIC_OR_UNATTRIBUTED
8,HOSTILE_BOUNDARY_FAILURE,zero-one-max-overflow-alias,BIN_PRIME_FRONTIER_SPEC_B4_K,BIN_PRIME_FRONTIER_PROP_K,1,4,-1,-1,128,95932,false,false,false,GENERIC_OR_UNATTRIBUTED
8,HOSTILE_BOUNDARY_FAILURE,zero-one-max-overflow-alias,BIN_CONTENT_ANSWER_LRU_K,BIN_DIRECT_BEST,2,0,-1,-1,4,7048,false,false,false,GENERIC_MEMOIZATION
8,HOSTILE_BOUNDARY_FAILURE,zero-one-max-overflow-alias,BIN_FRONTIER_NOPROP_K,BIN_DIRECT_BEST,2,0,-1,-1,8,10572,false,false,false,GENERIC_CHECKPOINT
8,HOSTILE_BOUNDARY_FAILURE,zero-one-max-overflow-alias,BIN_PRIME_FRONTIER_PROP_K,BIN_DIRECT_BEST,2,0,-1,-1,8,10572,false,false,false,GENERIC_OR_UNATTRIBUTED
8,HOSTILE_BOUNDARY_FAILURE,zero-one-max-overflow-alias,BIN_PRIME_FRONTIER_PROP_K,BIN_CONTENT_ANSWER_LRU_K,2,0,-1,-1,4,3524,false,false,false,GENERIC_OR_UNATTRIBUTED
8,HOSTILE_BOUNDARY_FAILURE,zero-one-max-overflow-alias,BIN_PRIME_FRONTIER_PROP_K,BIN_FRONTIER_NOPROP_K,2,0,0,0,0,0,true,false,false,GENERIC_OR_UNATTRIBUTED
8,HOSTILE_BOUNDARY_FAILURE,zero-one-max-overflow-alias,BIN_PRIME_FRONTIER_SPEC_B1_K,BIN_PRIME_FRONTIER_PROP_K,2,1,-1,-1,61,66129,false,false,false,GENERIC_OR_UNATTRIBUTED
8,HOSTILE_BOUNDARY_FAILURE,zero-one-max-overflow-alias,BIN_PRIME_FRONTIER_SPEC_B4_K,BIN_PRIME_FRONTIER_PROP_K,2,4,-1,-1,127,119859,false,false,false,GENERIC_OR_UNATTRIBUTED
8,HOSTILE_BOUNDARY_FAILURE,zero-one-max-overflow-alias,BIN_CONTENT_ANSWER_LRU_K,BIN_DIRECT_BEST,4,0,-1,-1,4,14304,false,false,false,GENERIC_MEMOIZATION
8,HOSTILE_BOUNDARY_FAILURE,zero-one-max-overflow-alias,BIN_FRONTIER_NOPROP_K,BIN_DIRECT_BEST,4,0,-1,-1,8,21456,false,false,false,GENERIC_CHECKPOINT
8,HOSTILE_BOUNDARY_FAILURE,zero-one-max-overflow-alias,BIN_PRIME_FRONTIER_PROP_K,BIN_DIRECT_BEST,4,0,-1,-1,8,21456,false,false,false,GENERIC_OR_UNATTRIBUTED
8,HOSTILE_BOUNDARY_FAILURE,zero-one-max-overflow-alias,BIN_PRIME_FRONTIER_PROP_K,BIN_CONTENT_ANSWER_LRU_K,4,0,-1,-1,4,7152,false,false,false,GENERIC_OR_UNATTRIBUTED
8,HOSTILE_BOUNDARY_FAILURE,zero-one-max-overflow-alias,BIN_PRIME_FRONTIER_PROP_K,BIN_FRONTIER_NOPROP_K,4,0,0,0,0,0,true,false,false,GENERIC_OR_UNATTRIBUTED
8,HOSTILE_BOUNDARY_FAILURE,zero-one-max-overflow-alias,BIN_PRIME_FRONTIER_SPEC_B1_K,BIN_PRIME_FRONTIER_PROP_K,4,1,-1,-1,61,105130,false,false,false,GENERIC_OR_UNATTRIBUTED
8,HOSTILE_BOUNDARY_FAILURE,zero-one-max-overflow-alias,BIN_PRIME_FRONTIER_SPEC_B4_K,BIN_PRIME_FRONTIER_PROP_K,4,4,-1,-1,127,169744,false,false,false,GENERIC_OR_UNATTRIBUTED
8,HOSTILE_GENERATION_WRAP,full-flush-before-tag-reuse,BIN_CONTENT_ANSWER_LRU_K,BIN_DIRECT_BEST,1,0,-1,-1,2,1752,false,false,false,GENERIC_MEMOIZATION
8,HOSTILE_GENERATION_WRAP,full-flush-before-tag-reuse,BIN_FRONTIER_NOPROP_K,BIN_DIRECT_BEST,1,0,-1,-1,259,114318,false,false,false,GENERIC_CHECKPOINT
8,HOSTILE_GENERATION_WRAP,full-flush-before-tag-reuse,BIN_PRIME_FRONTIER_PROP_K,BIN_DIRECT_BEST,1,0,-1,-1,259,114318,false,false,false,GENERIC_OR_UNATTRIBUTED
8,HOSTILE_GENERATION_WRAP,full-flush-before-tag-reuse,BIN_PRIME_FRONTIER_PROP_K,BIN_CONTENT_ANSWER_LRU_K,1,0,-1,-1,257,112566,false,false,false,GENERIC_OR_UNATTRIBUTED
8,HOSTILE_GENERATION_WRAP,full-flush-before-tag-reuse,BIN_PRIME_FRONTIER_PROP_K,BIN_FRONTIER_NOPROP_K,1,0,0,0,0,0,true,false,false,GENERIC_OR_UNATTRIBUTED
8,HOSTILE_GENERATION_WRAP,full-flush-before-tag-reuse,BIN_PRIME_FRONTIER_SPEC_B1_K,BIN_PRIME_FRONTIER_PROP_K,1,1,-1,-1,2808,2060295,false,false,false,GENERIC_OR_UNATTRIBUTED
8,HOSTILE_GENERATION_WRAP,full-flush-before-tag-reuse,BIN_PRIME_FRONTIER_SPEC_B4_K,BIN_PRIME_FRONTIER_PROP_K,1,4,-1,-1,11308,8294932,false,false,false,GENERIC_OR_UNATTRIBUTED
8,HOSTILE_GENERATION_WRAP,full-flush-before-tag-reuse,BIN_CONTENT_ANSWER_LRU_K,BIN_DIRECT_BEST,2,0,-1,-1,2,3524,false,false,false,GENERIC_MEMOIZATION
8,HOSTILE_GENERATION_WRAP,full-flush-before-tag-reuse,BIN_FRONTIER_NOPROP_K,BIN_DIRECT_BEST,2,0,-1,-1,259,229941,false,false,false,GENERIC_CHECKPOINT
8,HOSTILE_GENERATION_WRAP,full-flush-before-tag-reuse,BIN_PRIME_FRONTIER_PROP_K,BIN_DIRECT_BEST,2,0,-1,-1,259,229941,false,false,false,GENERIC_OR_UNATTRIBUTED
8,HOSTILE_GENERATION_WRAP,full-flush-before-tag-reuse,BIN_PRIME_FRONTIER_PROP_K,BIN_CONTENT_ANSWER_LRU_K,2,0,-1,-1,257,226417,false,false,false,GENERIC_OR_UNATTRIBUTED
8,HOSTILE_GENERATION_WRAP,full-flush-before-tag-reuse,BIN_PRIME_FRONTIER_PROP_K,BIN_FRONTIER_NOPROP_K,2,0,0,0,0,0,true,false,false,GENERIC_OR_UNATTRIBUTED
8,HOSTILE_GENERATION_WRAP,full-flush-before-tag-reuse,BIN_PRIME_FRONTIER_SPEC_B1_K,BIN_PRIME_FRONTIER_PROP_K,2,1,-1,-1,2808,2287554,false,false,false,GENERIC_OR_UNATTRIBUTED
8,HOSTILE_GENERATION_WRAP,full-flush-before-tag-reuse,BIN_PRIME_FRONTIER_SPEC_B4_K,BIN_PRIME_FRONTIER_PROP_K,2,4,-1,-1,11308,9205740,false,false,false,GENERIC_OR_UNATTRIBUTED
8,HOSTILE_GENERATION_WRAP,full-flush-before-tag-reuse,BIN_CONTENT_ANSWER_LRU_K,BIN_DIRECT_BEST,4,0,-1,-1,2,7152,false,false,false,GENERIC_MEMOIZATION
8,HOSTILE_GENERATION_WRAP,full-flush-before-tag-reuse,BIN_FRONTIER_NOPROP_K,BIN_DIRECT_BEST,4,0,-1,-1,259,466668,false,false,false,GENERIC_CHECKPOINT
8,HOSTILE_GENERATION_WRAP,full-flush-before-tag-reuse,BIN_PRIME_FRONTIER_PROP_K,BIN_DIRECT_BEST,4,0,-1,-1,259,466668,false,false,false,GENERIC_OR_UNATTRIBUTED
8,HOSTILE_GENERATION_WRAP,full-flush-before-tag-reuse,BIN_PRIME_FRONTIER_PROP_K,BIN_CONTENT_ANSWER_LRU_K,4,0,-1,-1,257,459516,false,false,false,GENERIC_OR_UNATTRIBUTED
8,HOSTILE_GENERATION_WRAP,full-flush-before-tag-reuse,BIN_PRIME_FRONTIER_PROP_K,BIN_FRONTIER_NOPROP_K,4,0,0,0,0,0,true,false,false,GENERIC_OR_UNATTRIBUTED
8,HOSTILE_GENERATION_WRAP,full-flush-before-tag-reuse,BIN_PRIME_FRONTIER_SPEC_B1_K,BIN_PRIME_FRONTIER_PROP_K,4,1,-1,-1,2808,2752845,false,false,false,GENERIC_OR_UNATTRIBUTED
8,HOSTILE_GENERATION_WRAP,full-flush-before-tag-reuse,BIN_PRIME_FRONTIER_SPEC_B4_K,BIN_PRIME_FRONTIER_PROP_K,4,4,-1,-1,11289,11055744,false,false,false,GENERIC_OR_UNATTRIBUTED
16,STATIC_REUSE,unchanged-positive-and-negative-hits,BIN_CONTENT_ANSWER_LRU_K,BIN_DIRECT_BEST,1,0,3,3,-2922,-3508692,true,true,false,GENERIC_MEMOIZATION
16,STATIC_REUSE,unchanged-positive-and-negative-hits,BIN_FRONTIER_NOPROP_K,BIN_DIRECT_BEST,1,0,2,2,-2953,-3548094,true,true,false,GENERIC_CHECKPOINT
16,STATIC_REUSE,unchanged-positive-and-negative-hits,BIN_PRIME_FRONTIER_PROP_K,BIN_DIRECT_BEST,1,0,2,2,-2953,-3548094,true,true,false,GENERIC_OR_UNATTRIBUTED
16,STATIC_REUSE,unchanged-positive-and-negative-hits,BIN_PRIME_FRONTIER_PROP_K,BIN_CONTENT_ANSWER_LRU_K,1,0,2,2,-31,-39402,true,true,false,GENERIC_OR_UNATTRIBUTED
16,STATIC_REUSE,unchanged-positive-and-negative-hits,BIN_PRIME_FRONTIER_PROP_K,BIN_FRONTIER_NOPROP_K,1,0,0,0,0,0,true,false,false,GENERIC_OR_UNATTRIBUTED
16,STATIC_REUSE,unchanged-positive-and-negative-hits,BIN_PRIME_FRONTIER_SPEC_B1_K,BIN_PRIME_FRONTIER_PROP_K,1,1,-1,-1,21,24794,false,false,false,GENERIC_OR_UNATTRIBUTED
16,STATIC_REUSE,unchanged-positive-and-negative-hits,BIN_PRIME_FRONTIER_SPEC_B4_K,BIN_PRIME_FRONTIER_PROP_K,1,4,-1,-1,152,181256,false,false,false,GENERIC_OR_UNATTRIBUTED
16,STATIC_REUSE,unchanged-positive-and-negative-hits,BIN_CONTENT_ANSWER_LRU_K,BIN_DIRECT_BEST,2,0,3,3,-2922,-3487754,true,true,false,GENERIC_MEMOIZATION
16,STATIC_REUSE,unchanged-positive-and-negative-hits,BIN_FRONTIER_NOPROP_K,BIN_DIRECT_BEST,2,0,2,2,-2953,-3525503,true,true,false,GENERIC_CHECKPOINT
16,STATIC_REUSE,unchanged-positive-and-negative-hits,BIN_PRIME_FRONTIER_PROP_K,BIN_DIRECT_BEST,2,0,2,2,-2953,-3525503,true,true,false,GENERIC_OR_UNATTRIBUTED
16,STATIC_REUSE,unchanged-positive-and-negative-hits,BIN_PRIME_FRONTIER_PROP_K,BIN_CONTENT_ANSWER_LRU_K,2,0,2,2,-31,-37749,true,true,false,GENERIC_OR_UNATTRIBUTED
16,STATIC_REUSE,unchanged-positive-and-negative-hits,BIN_PRIME_FRONTIER_PROP_K,BIN_FRONTIER_NOPROP_K,2,0,0,0,0,0,true,false,false,GENERIC_OR_UNATTRIBUTED
16,STATIC_REUSE,unchanged-positive-and-negative-hits,BIN_PRIME_FRONTIER_SPEC_B1_K,BIN_PRIME_FRONTIER_PROP_K,2,1,-1,-1,21,26998,false,false,false,GENERIC_OR_UNATTRIBUTED
16,STATIC_REUSE,unchanged-positive-and-negative-hits,BIN_PRIME_FRONTIER_SPEC_B4_K,BIN_PRIME_FRONTIER_PROP_K,2,4,-1,-1,152,190072,false,false,false,GENERIC_OR_UNATTRIBUTED
16,STATIC_REUSE,unchanged-positive-and-negative-hits,BIN_CONTENT_ANSWER_LRU_K,BIN_DIRECT_BEST,4,0,3,3,-2922,-3445080,true,true,false,GENERIC_MEMOIZATION
16,STATIC_REUSE,unchanged-positive-and-negative-hits,BIN_FRONTIER_NOPROP_K,BIN_DIRECT_BEST,4,0,2,2,-2953,-3479460,true,true,false,GENERIC_CHECKPOINT
16,STATIC_REUSE,unchanged-positive-and-negative-hits,BIN_PRIME_FRONTIER_PROP_K,BIN_DIRECT_BEST,4,0,2,2,-2953,-3479460,true,true,false,GENERIC_OR_UNATTRIBUTED
16,STATIC_REUSE,unchanged-positive-and-negative-hits,BIN_PRIME_FRONTIER_PROP_K,BIN_CONTENT_ANSWER_LRU_K,4,0,2,2,-31,-34380,true,true,false,GENERIC_OR_UNATTRIBUTED
16,STATIC_REUSE,unchanged-positive-and-negative-hits,BIN_PRIME_FRONTIER_PROP_K,BIN_FRONTIER_NOPROP_K,4,0,0,0,0,0,true,false,false,GENERIC_OR_UNATTRIBUTED
16,STATIC_REUSE,unchanged-positive-and-negative-hits,BIN_PRIME_FRONTIER_SPEC_B1_K,BIN_PRIME_FRONTIER_PROP_K,4,1,-1,-1,21,31490,false,false,false,GENERIC_OR_UNATTRIBUTED
16,STATIC_REUSE,unchanged-positive-and-negative-hits,BIN_PRIME_FRONTIER_SPEC_B4_K,BIN_PRIME_FRONTIER_PROP_K,4,4,-1,-1,135,187520,false,false,false,GENERIC_OR_UNATTRIBUTED
16,THRESHOLD_STAIRCASE,ascending-descending-shuffled,BIN_CONTENT_ANSWER_LRU_K,BIN_DIRECT_BEST,1,0,11,11,-2549,-3058890,true,true,false,GENERIC_MEMOIZATION
16,THRESHOLD_STAIRCASE,ascending-descending-shuffled,BIN_FRONTIER_NOPROP_K,BIN_DIRECT_BEST,1,0,2,2,-3304,-3976830,true,true,false,GENERIC_CHECKPOINT
16,THRESHOLD_STAIRCASE,ascending-descending-shuffled,BIN_PRIME_FRONTIER_PROP_K,BIN_DIRECT_BEST,1,0,2,2,-3304,-3976830,true,true,false,GENERIC_OR_UNATTRIBUTED
16,THRESHOLD_STAIRCASE,ascending-descending-shuffled,BIN_PRIME_FRONTIER_PROP_K,BIN_CONTENT_ANSWER_LRU_K,1,0,2,2,-755,-917940,true,true,false,GENERIC_OR_UNATTRIBUTED
16,THRESHOLD_STAIRCASE,ascending-descending-shuffled,BIN_PRIME_FRONTIER_PROP_K,BIN_FRONTIER_NOPROP_K,1,0,0,0,0,0,true,false,false,GENERIC_OR_UNATTRIBUTED
16,THRESHOLD_STAIRCASE,ascending-descending-shuffled,BIN_PRIME_FRONTIER_SPEC_B1_K,BIN_PRIME_FRONTIER_PROP_K,1,1,-1,-1,1,1591,false,false,false,GENERIC_OR_UNATTRIBUTED
16,THRESHOLD_STAIRCASE,ascending-descending-shuffled,BIN_PRIME_FRONTIER_SPEC_B4_K,BIN_PRIME_FRONTIER_PROP_K,1,4,-1,-1,76,90628,false,false,false,GENERIC_OR_UNATTRIBUTED
16,THRESHOLD_STAIRCASE,ascending-descending-shuffled,BIN_CONTENT_ANSWER_LRU_K,BIN_DIRECT_BEST,2,0,11,11,-2549,-3039605,true,true,false,GENERIC_MEMOIZATION
16,THRESHOLD_STAIRCASE,ascending-descending-shuffled,BIN_FRONTIER_NOPROP_K,BIN_DIRECT_BEST,2,0,2,2,-3304,-3952035,true,true,false,GENERIC_CHECKPOINT
16,THRESHOLD_STAIRCASE,ascending-descending-shuffled,BIN_PRIME_FRONTIER_PROP_K,BIN_DIRECT_BEST,2,0,2,2,-3304,-3952035,true,true,false,GENERIC_OR_UNATTRIBUTED
16,THRESHOLD_STAIRCASE,ascending-descending-shuffled,BIN_PRIME_FRONTIER_PROP_K,BIN_CONTENT_ANSWER_LRU_K,2,0,2,2,-755,-912430,true,true,false,GENERIC_OR_UNATTRIBUTED
16,THRESHOLD_STAIRCASE,ascending-descending-shuffled,BIN_PRIME_FRONTIER_PROP_K,BIN_FRONTIER_NOPROP_K,2,0,0,0,0,0,true,false,false,GENERIC_OR_UNATTRIBUTED
16,THRESHOLD_STAIRCASE,ascending-descending-shuffled,BIN_PRIME_FRONTIER_SPEC_B1_K,BIN_PRIME_FRONTIER_PROP_K,2,1,-1,-1,1,2142,false,false,false,GENERIC_OR_UNATTRIBUTED
16,THRESHOLD_STAIRCASE,ascending-descending-shuffled,BIN_PRIME_FRONTIER_SPEC_B4_K,BIN_PRIME_FRONTIER_PROP_K,2,4,-1,-1,76,95036,false,false,false,GENERIC_OR_UNATTRIBUTED
16,THRESHOLD_STAIRCASE,ascending-descending-shuffled,BIN_CONTENT_ANSWER_LRU_K,BIN_DIRECT_BEST,4,0,11,11,-2549,-3000300,true,true,false,GENERIC_MEMOIZATION
16,THRESHOLD_STAIRCASE,ascending-descending-shuffled,BIN_FRONTIER_NOPROP_K,BIN_DIRECT_BEST,4,0,2,2,-3304,-3901500,true,true,false,GENERIC_CHECKPOINT
16,THRESHOLD_STAIRCASE,ascending-descending-shuffled,BIN_PRIME_FRONTIER_PROP_K,BIN_DIRECT_BEST,4,0,2,2,-3304,-3901500,true,true,false,GENERIC_OR_UNATTRIBUTED
16,THRESHOLD_STAIRCASE,ascending-descending-shuffled,BIN_PRIME_FRONTIER_PROP_K,BIN_CONTENT_ANSWER_LRU_K,4,0,2,2,-755,-901200,true,true,false,GENERIC_OR_UNATTRIBUTED
16,THRESHOLD_STAIRCASE,ascending-descending-shuffled,BIN_PRIME_FRONTIER_PROP_K,BIN_FRONTIER_NOPROP_K,4,0,0,0,0,0,true,false,false,GENERIC_OR_UNATTRIBUTED
16,THRESHOLD_STAIRCASE,ascending-descending-shuffled,BIN_PRIME_FRONTIER_SPEC_B1_K,BIN_PRIME_FRONTIER_PROP_K,4,1,-1,-1,1,3265,false,false,false,GENERIC_OR_UNATTRIBUTED
16,THRESHOLD_STAIRCASE,ascending-descending-shuffled,BIN_PRIME_FRONTIER_SPEC_B4_K,BIN_PRIME_FRONTIER_PROP_K,4,4,-1,-1,58,81280,false,false,false,GENERIC_OR_UNATTRIBUTED
16,RATIONAL_CANCEL,selected-primes-plus-full-gcd,BIN_CONTENT_ANSWER_LRU_K,BIN_DIRECT_BEST,1,0,-1,-1,16,17472,false,false,false,GENERIC_MEMOIZATION
16,RATIONAL_CANCEL,selected-primes-plus-full-gcd,BIN_FRONTIER_NOPROP_K,BIN_DIRECT_BEST,1,0,-1,-1,18,18564,false,false,false,GENERIC_CHECKPOINT
16,RATIONAL_CANCEL,selected-primes-plus-full-gcd,BIN_PRIME_FRONTIER_PROP_K,BIN_DIRECT_BEST,1,0,-1,-1,18,18564,false,false,false,GENERIC_OR_UNATTRIBUTED
16,RATIONAL_CANCEL,selected-primes-plus-full-gcd,BIN_PRIME_FRONTIER_PROP_K,BIN_CONTENT_ANSWER_LRU_K,1,0,-1,-1,2,1092,false,false,false,GENERIC_OR_UNATTRIBUTED
16,RATIONAL_CANCEL,selected-primes-plus-full-gcd,BIN_PRIME_FRONTIER_PROP_K,BIN_FRONTIER_NOPROP_K,1,0,0,0,0,0,true,false,false,GENERIC_OR_UNATTRIBUTED
16,RATIONAL_CANCEL,selected-primes-plus-full-gcd,BIN_PRIME_FRONTIER_SPEC_B1_K,BIN_PRIME_FRONTIER_PROP_K,1,1,-1,-1,38,45314,false,false,false,GENERIC_OR_UNATTRIBUTED
16,RATIONAL_CANCEL,selected-primes-plus-full-gcd,BIN_PRIME_FRONTIER_SPEC_B4_K,BIN_PRIME_FRONTIER_PROP_K,1,4,-1,-1,152,181256,false,false,false,GENERIC_OR_UNATTRIBUTED
16,RATIONAL_CANCEL,selected-primes-plus-full-gcd,BIN_CONTENT_ANSWER_LRU_K,BIN_DIRECT_BEST,2,0,8,8,-162,-181368,true,true,false,GENERIC_MEMOIZATION
16,RATIONAL_CANCEL,selected-primes-plus-full-gcd,BIN_FRONTIER_NOPROP_K,BIN_DIRECT_BEST,2,0,8,8,-160,-179174,true,true,false,GENERIC_CHECKPOINT
16,RATIONAL_CANCEL,selected-primes-plus-full-gcd,BIN_PRIME_FRONTIER_PROP_K,BIN_DIRECT_BEST,2,0,8,8,-160,-179174,true,true,false,GENERIC_OR_UNATTRIBUTED
16,RATIONAL_CANCEL,selected-primes-plus-full-gcd,BIN_PRIME_FRONTIER_PROP_K,BIN_CONTENT_ANSWER_LRU_K,2,0,-1,-1,2,2194,false,false,false,GENERIC_OR_UNATTRIBUTED
16,RATIONAL_CANCEL,selected-primes-plus-full-gcd,BIN_PRIME_FRONTIER_PROP_K,BIN_FRONTIER_NOPROP_K,2,0,0,0,0,0,true,false,false,GENERIC_OR_UNATTRIBUTED
16,RATIONAL_CANCEL,selected-primes-plus-full-gcd,BIN_PRIME_FRONTIER_SPEC_B1_K,BIN_PRIME_FRONTIER_PROP_K,2,1,-1,-1,38,47518,false,false,false,GENERIC_OR_UNATTRIBUTED
16,RATIONAL_CANCEL,selected-primes-plus-full-gcd,BIN_PRIME_FRONTIER_SPEC_B4_K,BIN_PRIME_FRONTIER_PROP_K,2,4,-1,-1,152,190072,false,false,false,GENERIC_OR_UNATTRIBUTED
16,RATIONAL_CANCEL,selected-primes-plus-full-gcd,BIN_CONTENT_ANSWER_LRU_K,BIN_DIRECT_BEST,4,0,8,8,-162,-154416,true,true,false,GENERIC_MEMOIZATION
16,RATIONAL_CANCEL,selected-primes-plus-full-gcd,BIN_FRONTIER_NOPROP_K,BIN_DIRECT_BEST,4,0,8,8,-160,-149976,true,true,false,GENERIC_CHECKPOINT
16,RATIONAL_CANCEL,selected-primes-plus-full-gcd,BIN_PRIME_FRONTIER_PROP_K,BIN_DIRECT_BEST,4,0,8,8,-160,-149976,true,true,false,GENERIC_OR_UNATTRIBUTED
16,RATIONAL_CANCEL,selected-primes-plus-full-gcd,BIN_PRIME_FRONTIER_PROP_K,BIN_CONTENT_ANSWER_LRU_K,4,0,-1,-1,2,4440,false,false,false,GENERIC_OR_UNATTRIBUTED
16,RATIONAL_CANCEL,selected-primes-plus-full-gcd,BIN_PRIME_FRONTIER_PROP_K,BIN_FRONTIER_NOPROP_K,4,0,0,0,0,0,true,false,false,GENERIC_OR_UNATTRIBUTED
16,RATIONAL_CANCEL,selected-primes-plus-full-gcd,BIN_PRIME_FRONTIER_SPEC_B1_K,BIN_PRIME_FRONTIER_PROP_K,4,1,-1,-1,4,10970,false,false,false,GENERIC_OR_UNATTRIBUTED
16,RATIONAL_CANCEL,selected-primes-plus-full-gcd,BIN_PRIME_FRONTIER_SPEC_B4_K,BIN_PRIME_FRONTIER_PROP_K,4,4,-1,-1,152,208040,false,false,false,GENERIC_OR_UNATTRIBUTED
16,DIVISIBILITY_FILTER_PERSISTENT,four-slot-reuse,BIN_CONTENT_ANSWER_LRU_K,BIN_DIRECT_BEST,1,0,-1,-1,33,44166,false,false,false,GENERIC_MEMOIZATION
16,DIVISIBILITY_FILTER_PERSISTENT,four-slot-reuse,BIN_FRONTIER_NOPROP_K,BIN_DIRECT_BEST,1,0,-1,-1,82,70920,false,false,false,GENERIC_CHECKPOINT
16,DIVISIBILITY_FILTER_PERSISTENT,four-slot-reuse,BIN_PRIME_FRONTIER_PROP_K,BIN_DIRECT_BEST,1,0,-1,-1,82,70920,false,false,false,GENERIC_OR_UNATTRIBUTED
16,DIVISIBILITY_FILTER_PERSISTENT,four-slot-reuse,BIN_PRIME_FRONTIER_PROP_K,BIN_CONTENT_ANSWER_LRU_K,1,0,-1,-1,49,26754,false,false,false,GENERIC_OR_UNATTRIBUTED
16,DIVISIBILITY_FILTER_PERSISTENT,four-slot-reuse,BIN_PRIME_FRONTIER_PROP_K,BIN_FRONTIER_NOPROP_K,1,0,0,0,0,0,true,false,false,GENERIC_OR_UNATTRIBUTED
16,DIVISIBILITY_FILTER_PERSISTENT,four-slot-reuse,BIN_PRIME_FRONTIER_SPEC_B1_K,BIN_PRIME_FRONTIER_PROP_K,1,1,-1,-1,76,90628,false,false,false,GENERIC_OR_UNATTRIBUTED
16,DIVISIBILITY_FILTER_PERSISTENT,four-slot-reuse,BIN_PRIME_FRONTIER_SPEC_B4_K,BIN_PRIME_FRONTIER_PROP_K,1,4,-1,-1,304,362512,false,false,false,GENERIC_OR_UNATTRIBUTED
16,DIVISIBILITY_FILTER_PERSISTENT,four-slot-reuse,BIN_CONTENT_ANSWER_LRU_K,BIN_DIRECT_BEST,2,0,5,-1,-213,1019,false,true,false,GENERIC_MEMOIZATION
16,DIVISIBILITY_FILTER_PERSISTENT,four-slot-reuse,BIN_FRONTIER_NOPROP_K,BIN_DIRECT_BEST,2,0,5,-1,-61,177741,false,true,false,GENERIC_CHECKPOINT
16,DIVISIBILITY_FILTER_PERSISTENT,four-slot-reuse,BIN_PRIME_FRONTIER_PROP_K,BIN_DIRECT_BEST,2,0,5,-1,-61,177741,false,true,false,GENERIC_OR_UNATTRIBUTED
16,DIVISIBILITY_FILTER_PERSISTENT,four-slot-reuse,BIN_PRIME_FRONTIER_PROP_K,BIN_CONTENT_ANSWER_LRU_K,2,0,-1,-1,152,176722,false,false,false,GENERIC_OR_UNATTRIBUTED
16,DIVISIBILITY_FILTER_PERSISTENT,four-slot-reuse,BIN_PRIME_FRONTIER_PROP_K,BIN_FRONTIER_NOPROP_K,2,0,0,0,0,0,true,false,false,GENERIC_OR_UNATTRIBUTED
16,DIVISIBILITY_FILTER_PERSISTENT,four-slot-reuse,BIN_PRIME_FRONTIER_SPEC_B1_K,BIN_PRIME_FRONTIER_PROP_K,2,1,-1,-1,76,95036,false,false,false,GENERIC_OR_UNATTRIBUTED
16,DIVISIBILITY_FILTER_PERSISTENT,four-slot-reuse,BIN_PRIME_FRONTIER_SPEC_B4_K,BIN_PRIME_FRONTIER_PROP_K,2,4,-1,-1,304,380144,false,false,false,GENERIC_OR_UNATTRIBUTED
16,DIVISIBILITY_FILTER_PERSISTENT,four-slot-reuse,BIN_CONTENT_ANSWER_LRU_K,BIN_DIRECT_BEST,4,0,5,-1,-425,243492,false,true,false,GENERIC_MEMOIZATION
16,DIVISIBILITY_FILTER_PERSISTENT,four-slot-reuse,BIN_FRONTIER_NOPROP_K,BIN_DIRECT_BEST,4,0,5,-1,-415,298884,false,true,false,GENERIC_CHECKPOINT
16,DIVISIBILITY_FILTER_PERSISTENT,four-slot-reuse,BIN_PRIME_FRONTIER_PROP_K,BIN_DIRECT_BEST,4,0,5,-1,-415,298884,false,true,false,GENERIC_OR_UNATTRIBUTED
16,DIVISIBILITY_FILTER_PERSISTENT,four-slot-reuse,BIN_PRIME_FRONTIER_PROP_K,BIN_CONTENT_ANSWER_LRU_K,4,0,-1,-1,10,55392,false,false,false,GENERIC_OR_UNATTRIBUTED
16,DIVISIBILITY_FILTER_PERSISTENT,four-slot-reuse,BIN_PRIME_FRONTIER_PROP_K,BIN_FRONTIER_NOPROP_K,4,0,0,0,0,0,true,false,false,GENERIC_OR_UNATTRIBUTED
16,DIVISIBILITY_FILTER_PERSISTENT,four-slot-reuse,BIN_PRIME_FRONTIER_SPEC_B1_K,BIN_PRIME_FRONTIER_PROP_K,4,1,-1,-1,76,104020,false,false,false,GENERIC_OR_UNATTRIBUTED
16,DIVISIBILITY_FILTER_PERSISTENT,four-slot-reuse,BIN_PRIME_FRONTIER_SPEC_B4_K,BIN_PRIME_FRONTIER_PROP_K,4,4,-1,-1,304,416080,false,false,false,GENERIC_OR_UNATTRIBUTED
16,DIVISIBILITY_FILTER_STREAM,one-query-per-value,BIN_CONTENT_ANSWER_LRU_K,BIN_DIRECT_BEST,1,0,-1,-1,104,126672,false,false,false,GENERIC_MEMOIZATION
16,DIVISIBILITY_FILTER_STREAM,one-query-per-value,BIN_FRONTIER_NOPROP_K,BIN_DIRECT_BEST,1,0,-1,-1,256,209664,false,false,false,GENERIC_CHECKPOINT
16,DIVISIBILITY_FILTER_STREAM,one-query-per-value,BIN_PRIME_FRONTIER_PROP_K,BIN_DIRECT_BEST,1,0,-1,-1,256,209664,false,false,false,GENERIC_OR_UNATTRIBUTED
16,DIVISIBILITY_FILTER_STREAM,one-query-per-value,BIN_PRIME_FRONTIER_PROP_K,BIN_CONTENT_ANSWER_LRU_K,1,0,-1,-1,152,82992,false,false,false,GENERIC_OR_UNATTRIBUTED
16,DIVISIBILITY_FILTER_STREAM,one-query-per-value,BIN_PRIME_FRONTIER_PROP_K,BIN_FRONTIER_NOPROP_K,1,0,0,0,0,0,true,false,false,GENERIC_OR_UNATTRIBUTED
16,DIVISIBILITY_FILTER_STREAM,one-query-per-value,BIN_PRIME_FRONTIER_SPEC_B1_K,BIN_PRIME_FRONTIER_PROP_K,1,1,-1,-1,2234,2668370,false,false,false,GENERIC_OR_UNATTRIBUTED
16,DIVISIBILITY_FILTER_STREAM,one-query-per-value,BIN_PRIME_FRONTIER_SPEC_B4_K,BIN_PRIME_FRONTIER_PROP_K,1,4,-1,-1,9566,11410790,false,false,false,GENERIC_OR_UNATTRIBUTED
16,DIVISIBILITY_FILTER_STREAM,one-query-per-value,BIN_CONTENT_ANSWER_LRU_K,BIN_DIRECT_BEST,2,0,-1,-1,104,254504,false,false,false,GENERIC_MEMOIZATION
16,DIVISIBILITY_FILTER_STREAM,one-query-per-value,BIN_FRONTIER_NOPROP_K,BIN_DIRECT_BEST,2,0,-1,-1,256,421248,false,false,false,GENERIC_CHECKPOINT
16,DIVISIBILITY_FILTER_STREAM,one-query-per-value,BIN_PRIME_FRONTIER_PROP_K,BIN_DIRECT_BEST,2,0,-1,-1,256,421248,false,false,false,GENERIC_OR_UNATTRIBUTED
16,DIVISIBILITY_FILTER_STREAM,one-query-per-value,BIN_PRIME_FRONTIER_PROP_K,BIN_CONTENT_ANSWER_LRU_K,2,0,-1,-1,152,166744,false,false,false,GENERIC_OR_UNATTRIBUTED
16,DIVISIBILITY_FILTER_STREAM,one-query-per-value,BIN_PRIME_FRONTIER_PROP_K,BIN_FRONTIER_NOPROP_K,2,0,0,0,0,0,true,false,false,GENERIC_OR_UNATTRIBUTED
16,DIVISIBILITY_FILTER_STREAM,one-query-per-value,BIN_PRIME_FRONTIER_SPEC_B1_K,BIN_PRIME_FRONTIER_PROP_K,2,1,-1,-1,2234,2803365,false,false,false,GENERIC_OR_UNATTRIBUTED
16,DIVISIBILITY_FILTER_STREAM,one-query-per-value,BIN_PRIME_FRONTIER_SPEC_B4_K,BIN_PRIME_FRONTIER_PROP_K,2,4,-1,-1,9368,11732268,false,false,false,GENERIC_OR_UNATTRIBUTED
16,DIVISIBILITY_FILTER_STREAM,one-query-per-value,BIN_CONTENT_ANSWER_LRU_K,BIN_DIRECT_BEST,4,0,-1,-1,104,515040,false,false,false,GENERIC_MEMOIZATION
16,DIVISIBILITY_FILTER_STREAM,one-query-per-value,BIN_FRONTIER_NOPROP_K,BIN_DIRECT_BEST,4,0,-1,-1,256,852480,false,false,false,GENERIC_CHECKPOINT
16,DIVISIBILITY_FILTER_STREAM,one-query-per-value,BIN_PRIME_FRONTIER_PROP_K,BIN_DIRECT_BEST,4,0,-1,-1,256,852480,false,false,false,GENERIC_OR_UNATTRIBUTED
16,DIVISIBILITY_FILTER_STREAM,one-query-per-value,BIN_PRIME_FRONTIER_PROP_K,BIN_CONTENT_ANSWER_LRU_K,4,0,-1,-1,152,337440,false,false,false,GENERIC_OR_UNATTRIBUTED
16,DIVISIBILITY_FILTER_STREAM,one-query-per-value,BIN_PRIME_FRONTIER_PROP_K,BIN_FRONTIER_NOPROP_K,4,0,0,0,0,0,true,false,false,GENERIC_OR_UNATTRIBUTED
16,DIVISIBILITY_FILTER_STREAM,one-query-per-value,BIN_PRIME_FRONTIER_SPEC_B1_K,BIN_PRIME_FRONTIER_PROP_K,4,1,-1,-1,2234,3078500,false,false,false,GENERIC_OR_UNATTRIBUTED
16,DIVISIBILITY_FILTER_STREAM,one-query-per-value,BIN_PRIME_FRONTIER_SPEC_B4_K,BIN_PRIME_FRONTIER_PROP_K,4,4,-1,-1,8936,12314000,false,false,false,GENERIC_OR_UNATTRIBUTED
16,SMOOTH_STRIP,smooth-near-smooth-rough,BIN_CONTENT_ANSWER_LRU_K,BIN_DIRECT_BEST,1,0,-1,-1,176,192192,false,false,false,GENERIC_MEMOIZATION
16,SMOOTH_STRIP,smooth-near-smooth-rough,BIN_FRONTIER_NOPROP_K,BIN_DIRECT_BEST,1,0,-1,-1,192,200928,false,false,false,GENERIC_CHECKPOINT
16,SMOOTH_STRIP,smooth-near-smooth-rough,BIN_PRIME_FRONTIER_PROP_K,BIN_DIRECT_BEST,1,0,-1,-1,192,200928,false,false,false,GENERIC_OR_UNATTRIBUTED
16,SMOOTH_STRIP,smooth-near-smooth-rough,BIN_PRIME_FRONTIER_PROP_K,BIN_CONTENT_ANSWER_LRU_K,1,0,-1,-1,16,8736,false,false,false,GENERIC_OR_UNATTRIBUTED
16,SMOOTH_STRIP,smooth-near-smooth-rough,BIN_PRIME_FRONTIER_PROP_K,BIN_FRONTIER_NOPROP_K,1,0,0,0,0,0,true,false,false,GENERIC_OR_UNATTRIBUTED
16,SMOOTH_STRIP,smooth-near-smooth-rough,BIN_PRIME_FRONTIER_SPEC_B1_K,BIN_PRIME_FRONTIER_PROP_K,1,1,-1,-1,306,359938,false,false,false,GENERIC_OR_UNATTRIBUTED
16,SMOOTH_STRIP,smooth-near-smooth-rough,BIN_PRIME_FRONTIER_SPEC_B4_K,BIN_PRIME_FRONTIER_PROP_K,1,4,-1,-1,1104,1311532,false,false,false,GENERIC_OR_UNATTRIBUTED
16,SMOOTH_STRIP,smooth-near-smooth-rough,BIN_CONTENT_ANSWER_LRU_K,BIN_DIRECT_BEST,2,0,-1,-1,176,386144,false,false,false,GENERIC_MEMOIZATION
16,SMOOTH_STRIP,smooth-near-smooth-rough,BIN_FRONTIER_NOPROP_K,BIN_DIRECT_BEST,2,0,-1,-1,192,403696,false,false,false,GENERIC_CHECKPOINT
16,SMOOTH_STRIP,smooth-near-smooth-rough,BIN_PRIME_FRONTIER_PROP_K,BIN_DIRECT_BEST,2,0,-1,-1,192,403696,false,false,false,GENERIC_OR_UNATTRIBUTED
16,SMOOTH_STRIP,smooth-near-smooth-rough,BIN_PRIME_FRONTIER_PROP_K,BIN_CONTENT_ANSWER_LRU_K,2,0,-1,-1,16,17552,false,false,false,GENERIC_OR_UNATTRIBUTED
16,SMOOTH_STRIP,smooth-near-smooth-rough,BIN_PRIME_FRONTIER_PROP_K,BIN_FRONTIER_NOPROP_K,2,0,0,0,0,0,true,false,false,GENERIC_OR_UNATTRIBUTED
16,SMOOTH_STRIP,smooth-near-smooth-rough,BIN_PRIME_FRONTIER_SPEC_B1_K,BIN_PRIME_FRONTIER_PROP_K,2,1,-1,-1,62,103544,false,false,false,GENERIC_OR_UNATTRIBUTED
16,SMOOTH_STRIP,smooth-near-smooth-rough,BIN_PRIME_FRONTIER_SPEC_B4_K,BIN_PRIME_FRONTIER_PROP_K,2,4,-1,-1,1104,1395284,false,false,false,GENERIC_OR_UNATTRIBUTED
16,SMOOTH_STRIP,smooth-near-smooth-rough,BIN_CONTENT_ANSWER_LRU_K,BIN_DIRECT_BEST,4,0,-1,-1,176,781440,false,false,false,GENERIC_MEMOIZATION
16,SMOOTH_STRIP,smooth-near-smooth-rough,BIN_FRONTIER_NOPROP_K,BIN_DIRECT_BEST,4,0,-1,-1,192,816960,false,false,false,GENERIC_CHECKPOINT
16,SMOOTH_STRIP,smooth-near-smooth-rough,BIN_PRIME_FRONTIER_PROP_K,BIN_DIRECT_BEST,4,0,-1,-1,192,816960,false,false,false,GENERIC_OR_UNATTRIBUTED
16,SMOOTH_STRIP,smooth-near-smooth-rough,BIN_PRIME_FRONTIER_PROP_K,BIN_CONTENT_ANSWER_LRU_K,4,0,-1,-1,16,35520,false,false,false,GENERIC_OR_UNATTRIBUTED
16,SMOOTH_STRIP,smooth-near-smooth-rough,BIN_PRIME_FRONTIER_PROP_K,BIN_FRONTIER_NOPROP_K,4,0,0,0,0,0,true,false,false,GENERIC_OR_UNATTRIBUTED
16,SMOOTH_STRIP,smooth-near-smooth-rough,BIN_PRIME_FRONTIER_SPEC_B1_K,BIN_PRIME_FRONTIER_PROP_K,4,1,-1,-1,62,173170,false,false,false,GENERIC_OR_UNATTRIBUTED
16,SMOOTH_STRIP,smooth-near-smooth-rough,BIN_PRIME_FRONTIER_SPEC_B4_K,BIN_PRIME_FRONTIER_PROP_K,4,4,-1,-1,1104,1565980,false,false,false,GENERIC_OR_UNATTRIBUTED
16,MULTIPLICATIVE_DAG,cold-leaves-balanced-products,BIN_CONTENT_ANSWER_LRU_K,BIN_DIRECT_BEST,1,0,-1,-1,5,5460,false,false,false,GENERIC_MEMOIZATION
16,MULTIPLICATIVE_DAG,cold-leaves-balanced-products,BIN_FRONTIER_NOPROP_K,BIN_DIRECT_BEST,1,0,-1,-1,12,9282,false,false,false,GENERIC_CHECKPOINT
16,MULTIPLICATIVE_DAG,cold-leaves-balanced-products,BIN_PRIME_FRONTIER_PROP_K,BIN_DIRECT_BEST,1,0,-1,-1,18,12558,false,false,false,PRIME_PROPAGATION_ELIGIBLE
16,MULTIPLICATIVE_DAG,cold-leaves-balanced-products,BIN_PRIME_FRONTIER_PROP_K,BIN_CONTENT_ANSWER_LRU_K,1,0,-1,-1,13,7098,false,false,false,PRIME_PROPAGATION_ELIGIBLE
16,MULTIPLICATIVE_DAG,cold-leaves-balanced-products,BIN_PRIME_FRONTIER_PROP_K,BIN_FRONTIER_NOPROP_K,1,0,-1,-1,6,3276,false,false,false,PRIME_PROPAGATION_ELIGIBLE
16,MULTIPLICATIVE_DAG,cold-leaves-balanced-products,BIN_PRIME_FRONTIER_SPEC_B1_K,BIN_PRIME_FRONTIER_PROP_K,1,1,-1,-1,116,138079,false,false,false,PRIME_PROPAGATION_ELIGIBLE
16,MULTIPLICATIVE_DAG,cold-leaves-balanced-products,BIN_PRIME_FRONTIER_SPEC_B4_K,BIN_PRIME_FRONTIER_PROP_K,1,4,-1,-1,532,634396,false,false,false,PRIME_PROPAGATION_ELIGIBLE
16,MULTIPLICATIVE_DAG,cold-leaves-balanced-products,BIN_CONTENT_ANSWER_LRU_K,BIN_DIRECT_BEST,2,0,-1,-1,5,10970,false,false,false,GENERIC_MEMOIZATION
16,MULTIPLICATIVE_DAG,cold-leaves-balanced-products,BIN_FRONTIER_NOPROP_K,BIN_DIRECT_BEST,2,0,-1,-1,12,18649,false,false,false,GENERIC_CHECKPOINT
16,MULTIPLICATIVE_DAG,cold-leaves-balanced-products,BIN_PRIME_FRONTIER_PROP_K,BIN_DIRECT_BEST,2,0,-1,-1,21,26328,false,false,false,PRIME_PROPAGATION_ELIGIBLE
16,MULTIPLICATIVE_DAG,cold-leaves-balanced-products,BIN_PRIME_FRONTIER_PROP_K,BIN_CONTENT_ANSWER_LRU_K,2,0,-1,-1,16,15358,false,false,false,PRIME_PROPAGATION_ELIGIBLE
16,MULTIPLICATIVE_DAG,cold-leaves-balanced-products,BIN_PRIME_FRONTIER_PROP_K,BIN_FRONTIER_NOPROP_K,2,0,-1,-1,9,7679,false,false,false,PRIME_PROPAGATION_ELIGIBLE
16,MULTIPLICATIVE_DAG,cold-leaves-balanced-products,BIN_PRIME_FRONTIER_SPEC_B1_K,BIN_PRIME_FRONTIER_PROP_K,2,1,-1,-1,113,144696,false,false,false,PRIME_PROPAGATION_ELIGIBLE
16,MULTIPLICATIVE_DAG,cold-leaves-balanced-products,BIN_PRIME_FRONTIER_SPEC_B4_K,BIN_PRIME_FRONTIER_PROP_K,2,4,-1,-1,529,664155,false,false,false,PRIME_PROPAGATION_ELIGIBLE
16,MULTIPLICATIVE_DAG,cold-leaves-balanced-products,BIN_CONTENT_ANSWER_LRU_K,BIN_DIRECT_BEST,4,0,-1,-1,5,22200,false,false,false,GENERIC_MEMOIZATION
16,MULTIPLICATIVE_DAG,cold-leaves-balanced-products,BIN_FRONTIER_NOPROP_K,BIN_DIRECT_BEST,4,0,-1,-1,12,37740,false,false,false,GENERIC_CHECKPOINT
16,MULTIPLICATIVE_DAG,cold-leaves-balanced-products,BIN_PRIME_FRONTIER_PROP_K,BIN_DIRECT_BEST,4,0,-1,-1,21,53280,false,false,false,PRIME_PROPAGATION_ELIGIBLE
16,MULTIPLICATIVE_DAG,cold-leaves-balanced-products,BIN_PRIME_FRONTIER_PROP_K,BIN_CONTENT_ANSWER_LRU_K,4,0,-1,-1,16,31080,false,false,false,PRIME_PROPAGATION_ELIGIBLE
16,MULTIPLICATIVE_DAG,cold-leaves-balanced-products,BIN_PRIME_FRONTIER_PROP_K,BIN_FRONTIER_NOPROP_K,4,0,-1,-1,9,15540,false,false,false,PRIME_PROPAGATION_ELIGIBLE
16,MULTIPLICATIVE_DAG,cold-leaves-balanced-products,BIN_PRIME_FRONTIER_SPEC_B1_K,BIN_PRIME_FRONTIER_PROP_K,4,1,-1,-1,34,63225,false,false,false,PRIME_PROPAGATION_ELIGIBLE
16,MULTIPLICATIVE_DAG,cold-leaves-balanced-products,BIN_PRIME_FRONTIER_SPEC_B4_K,BIN_PRIME_FRONTIER_PROP_K,4,4,-1,-1,516,710885,false,false,false,PRIME_PROPAGATION_ELIGIBLE
16,PRODUCER_FACTORED,known-prime-constructor,BIN_CONTENT_ANSWER_LRU_K,BIN_DIRECT_BEST,1,0,-1,-1,5,5460,false,false,false,GENERIC_MEMOIZATION
16,PRODUCER_FACTORED,known-prime-constructor,BIN_FRONTIER_NOPROP_K,BIN_DIRECT_BEST,1,0,-1,-1,11,8736,false,false,false,GENERIC_CHECKPOINT
16,PRODUCER_FACTORED,known-prime-constructor,BIN_PRIME_FRONTIER_PROP_K,BIN_DIRECT_BEST,1,0,-1,-1,29,16380,false,false,false,GENERIC_OR_UNATTRIBUTED
16,PRODUCER_FACTORED,known-prime-constructor,BIN_PRIME_FRONTIER_PROP_K,BIN_CONTENT_ANSWER_LRU_K,1,0,-1,-1,24,10920,false,false,false,GENERIC_OR_UNATTRIBUTED
16,PRODUCER_FACTORED,known-prime-constructor,BIN_PRIME_FRONTIER_PROP_K,BIN_FRONTIER_NOPROP_K,1,0,-1,-1,18,7644,false,false,false,GENERIC_OR_UNATTRIBUTED
16,PRODUCER_FACTORED,known-prime-constructor,BIN_PRIME_FRONTIER_SPEC_B1_K,BIN_PRIME_FRONTIER_PROP_K,1,1,-1,-1,116,135700,false,false,false,GENERIC_OR_UNATTRIBUTED
16,PRODUCER_FACTORED,known-prime-constructor,BIN_PRIME_FRONTIER_SPEC_B4_K,BIN_PRIME_FRONTIER_PROP_K,1,4,-1,-1,401,474510,false,false,false,GENERIC_OR_UNATTRIBUTED
16,PRODUCER_FACTORED,known-prime-constructor,BIN_CONTENT_ANSWER_LRU_K,BIN_DIRECT_BEST,2,0,-1,-1,5,10970,false,false,false,GENERIC_MEMOIZATION
16,PRODUCER_FACTORED,known-prime-constructor,BIN_FRONTIER_NOPROP_K,BIN_DIRECT_BEST,2,0,-1,-1,11,17552,false,false,false,GENERIC_CHECKPOINT
16,PRODUCER_FACTORED,known-prime-constructor,BIN_PRIME_FRONTIER_PROP_K,BIN_DIRECT_BEST,2,0,-1,-1,35,36201,false,false,false,GENERIC_OR_UNATTRIBUTED
16,PRODUCER_FACTORED,known-prime-constructor,BIN_PRIME_FRONTIER_PROP_K,BIN_CONTENT_ANSWER_LRU_K,2,0,-1,-1,30,25231,false,false,false,GENERIC_OR_UNATTRIBUTED
16,PRODUCER_FACTORED,known-prime-constructor,BIN_PRIME_FRONTIER_PROP_K,BIN_FRONTIER_NOPROP_K,2,0,-1,-1,24,18649,false,false,false,GENERIC_OR_UNATTRIBUTED
16,PRODUCER_FACTORED,known-prime-constructor,BIN_PRIME_FRONTIER_SPEC_B1_K,BIN_PRIME_FRONTIER_PROP_K,2,1,-1,-1,104,137091,false,false,false,GENERIC_OR_UNATTRIBUTED
16,PRODUCER_FACTORED,known-prime-constructor,BIN_PRIME_FRONTIER_SPEC_B4_K,BIN_PRIME_FRONTIER_PROP_K,2,4,-1,-1,404,508667,false,false,false,GENERIC_OR_UNATTRIBUTED
16,PRODUCER_FACTORED,known-prime-constructor,BIN_CONTENT_ANSWER_LRU_K,BIN_DIRECT_BEST,4,0,-1,-1,5,22200,false,false,false,GENERIC_MEMOIZATION
16,PRODUCER_FACTORED,known-prime-constructor,BIN_FRONTIER_NOPROP_K,BIN_DIRECT_BEST,4,0,-1,-1,11,35520,false,false,false,GENERIC_CHECKPOINT
16,PRODUCER_FACTORED,known-prime-constructor,BIN_PRIME_FRONTIER_PROP_K,BIN_DIRECT_BEST,4,0,-1,-1,41,79920,false,false,false,GENERIC_OR_UNATTRIBUTED
16,PRODUCER_FACTORED,known-prime-constructor,BIN_PRIME_FRONTIER_PROP_K,BIN_CONTENT_ANSWER_LRU_K,4,0,-1,-1,36,57720,false,false,false,GENERIC_OR_UNATTRIBUTED
16,PRODUCER_FACTORED,known-prime-constructor,BIN_PRIME_FRONTIER_PROP_K,BIN_FRONTIER_NOPROP_K,4,0,-1,-1,30,44400,false,false,false,GENERIC_OR_UNATTRIBUTED
16,PRODUCER_FACTORED,known-prime-constructor,BIN_PRIME_FRONTIER_SPEC_B1_K,BIN_PRIME_FRONTIER_PROP_K,4,1,-1,-1,141,230845,false,false,false,GENERIC_OR_UNATTRIBUTED
16,PRODUCER_FACTORED,known-prime-constructor,BIN_PRIME_FRONTIER_SPEC_B4_K,BIN_PRIME_FRONTIER_PROP_K,4,4,-1,-1,426,618830,false,false,false,GENERIC_OR_UNATTRIBUTED
16,ADDITION_MUTATION,query-then-increment,BIN_CONTENT_ANSWER_LRU_K,BIN_DIRECT_BEST,1,0,-1,-1,48,52416,false,false,false,GENERIC_MEMOIZATION
16,ADDITION_MUTATION,query-then-increment,BIN_FRONTIER_NOPROP_K,BIN_DIRECT_BEST,1,0,-1,-1,98,79716,false,false,false,GENERIC_CHECKPOINT
16,ADDITION_MUTATION,query-then-increment,BIN_PRIME_FRONTIER_PROP_K,BIN_DIRECT_BEST,1,0,-1,-1,98,79716,false,false,false,GENERIC_OR_UNATTRIBUTED
16,ADDITION_MUTATION,query-then-increment,BIN_PRIME_FRONTIER_PROP_K,BIN_CONTENT_ANSWER_LRU_K,1,0,-1,-1,50,27300,false,false,false,GENERIC_OR_UNATTRIBUTED
16,ADDITION_MUTATION,query-then-increment,BIN_PRIME_FRONTIER_PROP_K,BIN_FRONTIER_NOPROP_K,1,0,0,0,0,0,true,false,false,GENERIC_OR_UNATTRIBUTED
16,ADDITION_MUTATION,query-then-increment,BIN_PRIME_FRONTIER_SPEC_B1_K,BIN_PRIME_FRONTIER_PROP_K,1,1,-1,-1,120,149651,false,false,false,GENERIC_OR_UNATTRIBUTED
16,ADDITION_MUTATION,query-then-increment,BIN_PRIME_FRONTIER_SPEC_B4_K,BIN_PRIME_FRONTIER_PROP_K,1,4,-1,-1,3744,4462142,false,false,false,GENERIC_OR_UNATTRIBUTED
16,ADDITION_MUTATION,query-then-increment,BIN_CONTENT_ANSWER_LRU_K,BIN_DIRECT_BEST,2,0,-1,-1,48,105312,false,false,false,GENERIC_MEMOIZATION
16,ADDITION_MUTATION,query-then-increment,BIN_FRONTIER_NOPROP_K,BIN_DIRECT_BEST,2,0,-1,-1,98,160162,false,false,false,GENERIC_CHECKPOINT
16,ADDITION_MUTATION,query-then-increment,BIN_PRIME_FRONTIER_PROP_K,BIN_DIRECT_BEST,2,0,-1,-1,98,160162,false,false,false,GENERIC_OR_UNATTRIBUTED
16,ADDITION_MUTATION,query-then-increment,BIN_PRIME_FRONTIER_PROP_K,BIN_CONTENT_ANSWER_LRU_K,2,0,-1,-1,50,54850,false,false,false,GENERIC_OR_UNATTRIBUTED
16,ADDITION_MUTATION,query-then-increment,BIN_PRIME_FRONTIER_PROP_K,BIN_FRONTIER_NOPROP_K,2,0,0,0,0,0,true,false,false,GENERIC_OR_UNATTRIBUTED
16,ADDITION_MUTATION,query-then-increment,BIN_PRIME_FRONTIER_SPEC_B1_K,BIN_PRIME_FRONTIER_PROP_K,2,1,-1,-1,120,197037,false,false,false,GENERIC_OR_UNATTRIBUTED
16,ADDITION_MUTATION,query-then-increment,BIN_PRIME_FRONTIER_SPEC_B4_K,BIN_PRIME_FRONTIER_PROP_K,2,4,-1,-1,3744,4689154,false,false,false,GENERIC_OR_UNATTRIBUTED
16,ADDITION_MUTATION,query-then-increment,BIN_CONTENT_ANSWER_LRU_K,BIN_DIRECT_BEST,4,0,-1,-1,48,213120,false,false,false,GENERIC_MEMOIZATION
16,ADDITION_MUTATION,query-then-increment,BIN_FRONTIER_NOPROP_K,BIN_DIRECT_BEST,4,0,-1,-1,98,324120,false,false,false,GENERIC_CHECKPOINT
16,ADDITION_MUTATION,query-then-increment,BIN_PRIME_FRONTIER_PROP_K,BIN_DIRECT_BEST,4,0,-1,-1,98,324120,false,false,false,GENERIC_OR_UNATTRIBUTED
16,ADDITION_MUTATION,query-then-increment,BIN_PRIME_FRONTIER_PROP_K,BIN_CONTENT_ANSWER_LRU_K,4,0,-1,-1,50,111000,false,false,false,GENERIC_OR_UNATTRIBUTED
16,ADDITION_MUTATION,query-then-increment,BIN_PRIME_FRONTIER_PROP_K,BIN_FRONTIER_NOPROP_K,4,0,0,0,0,0,true,false,false,GENERIC_OR_UNATTRIBUTED
16,ADDITION_MUTATION,query-then-increment,BIN_PRIME_FRONTIER_SPEC_B1_K,BIN_PRIME_FRONTIER_PROP_K,4,1,-1,-1,120,293615,false,false,false,GENERIC_OR_UNATTRIBUTED
16,ADDITION_MUTATION,query-then-increment,BIN_PRIME_FRONTIER_SPEC_B4_K,BIN_PRIME_FRONTIER_PROP_K,4,4,-1,-1,2913,4116350,false,false,false,GENERIC_OR_UNATTRIBUTED
16,PHASE_SHIFT,locality-to-stream,BIN_CONTENT_ANSWER_LRU_K,BIN_DIRECT_BEST,1,0,2,2,-9574,-11529462,true,true,false,GENERIC_MEMOIZATION
16,PHASE_SHIFT,locality-to-stream,BIN_FRONTIER_NOPROP_K,BIN_DIRECT_BEST,1,0,2,2,-9509,-11493972,true,true,false,GENERIC_CHECKPOINT
16,PHASE_SHIFT,locality-to-stream,BIN_PRIME_FRONTIER_PROP_K,BIN_DIRECT_BEST,1,0,2,2,-9509,-11493972,true,true,false,GENERIC_OR_UNATTRIBUTED
16,PHASE_SHIFT,locality-to-stream,BIN_PRIME_FRONTIER_PROP_K,BIN_CONTENT_ANSWER_LRU_K,1,0,-1,-1,65,35490,false,false,false,GENERIC_OR_UNATTRIBUTED
16,PHASE_SHIFT,locality-to-stream,BIN_PRIME_FRONTIER_PROP_K,BIN_FRONTIER_NOPROP_K,1,0,0,0,0,0,true,false,false,GENERIC_OR_UNATTRIBUTED
16,PHASE_SHIFT,locality-to-stream,BIN_PRIME_FRONTIER_SPEC_B1_K,BIN_PRIME_FRONTIER_PROP_K,1,1,-1,-1,1183,1410599,false,false,false,GENERIC_OR_UNATTRIBUTED
16,PHASE_SHIFT,locality-to-stream,BIN_PRIME_FRONTIER_SPEC_B4_K,BIN_PRIME_FRONTIER_PROP_K,1,4,-1,-1,4887,5828168,false,false,false,GENERIC_OR_UNATTRIBUTED
16,PHASE_SHIFT,locality-to-stream,BIN_CONTENT_ANSWER_LRU_K,BIN_DIRECT_BEST,2,0,2,2,-9574,-11423119,true,true,false,GENERIC_MEMOIZATION
16,PHASE_SHIFT,locality-to-stream,BIN_FRONTIER_NOPROP_K,BIN_DIRECT_BEST,2,0,2,2,-9509,-11351814,true,true,false,GENERIC_CHECKPOINT
16,PHASE_SHIFT,locality-to-stream,BIN_PRIME_FRONTIER_PROP_K,BIN_DIRECT_BEST,2,0,2,2,-9509,-11351814,true,true,false,GENERIC_OR_UNATTRIBUTED
16,PHASE_SHIFT,locality-to-stream,BIN_PRIME_FRONTIER_PROP_K,BIN_CONTENT_ANSWER_LRU_K,2,0,-1,-1,65,71305,false,false,false,GENERIC_OR_UNATTRIBUTED
16,PHASE_SHIFT,locality-to-stream,BIN_PRIME_FRONTIER_PROP_K,BIN_FRONTIER_NOPROP_K,2,0,0,0,0,0,true,false,false,GENERIC_OR_UNATTRIBUTED
16,PHASE_SHIFT,locality-to-stream,BIN_PRIME_FRONTIER_SPEC_B1_K,BIN_PRIME_FRONTIER_PROP_K,2,1,-1,-1,1183,1481678,false,false,false,GENERIC_OR_UNATTRIBUTED
16,PHASE_SHIFT,locality-to-stream,BIN_PRIME_FRONTIER_SPEC_B4_K,BIN_PRIME_FRONTIER_PROP_K,2,4,-1,-1,4762,5963364,false,false,false,GENERIC_OR_UNATTRIBUTED
16,PHASE_SHIFT,locality-to-stream,BIN_CONTENT_ANSWER_LRU_K,BIN_DIRECT_BEST,4,0,2,2,-9574,-11206380,true,true,false,GENERIC_MEMOIZATION
16,PHASE_SHIFT,locality-to-stream,BIN_FRONTIER_NOPROP_K,BIN_DIRECT_BEST,4,0,2,2,-9509,-11062080,true,true,false,GENERIC_CHECKPOINT
16,PHASE_SHIFT,locality-to-stream,BIN_PRIME_FRONTIER_PROP_K,BIN_DIRECT_BEST,4,0,2,2,-9509,-11062080,true,true,false,GENERIC_OR_UNATTRIBUTED
16,PHASE_SHIFT,locality-to-stream,BIN_PRIME_FRONTIER_PROP_K,BIN_CONTENT_ANSWER_LRU_K,4,0,-1,-1,65,144300,false,false,false,GENERIC_OR_UNATTRIBUTED
16,PHASE_SHIFT,locality-to-stream,BIN_PRIME_FRONTIER_PROP_K,BIN_FRONTIER_NOPROP_K,4,0,0,0,0,0,true,false,false,GENERIC_OR_UNATTRIBUTED
16,PHASE_SHIFT,locality-to-stream,BIN_PRIME_FRONTIER_SPEC_B1_K,BIN_PRIME_FRONTIER_PROP_K,4,1,-1,-1,1183,1626545,false,false,false,GENERIC_OR_UNATTRIBUTED
16,PHASE_SHIFT,locality-to-stream,BIN_PRIME_FRONTIER_SPEC_B4_K,BIN_PRIME_FRONTIER_PROP_K,4,4,-1,-1,4497,6208340,false,false,false,GENERIC_OR_UNATTRIBUTED
16,COMPOSITE_CONTROL,size-matched-divisors-and-2x3-counterexample,BIN_CONTENT_ANSWER_LRU_K,BIN_DIRECT_BEST,1,0,-1,-1,11,12012,false,false,false,GENERIC_MEMOIZATION
16,COMPOSITE_CONTROL,size-matched-divisors-and-2x3-counterexample,BIN_FRONTIER_NOPROP_K,BIN_DIRECT_BEST,1,0,-1,-1,13,13104,false,false,false,GENERIC_CHECKPOINT
16,COMPOSITE_CONTROL,size-matched-divisors-and-2x3-counterexample,BIN_PRIME_FRONTIER_PROP_K,BIN_DIRECT_BEST,1,0,-1,-1,13,13104,false,false,false,GENERIC_OR_UNATTRIBUTED
16,COMPOSITE_CONTROL,size-matched-divisors-and-2x3-counterexample,BIN_PRIME_FRONTIER_PROP_K,BIN_CONTENT_ANSWER_LRU_K,1,0,-1,-1,2,1092,false,false,false,GENERIC_OR_UNATTRIBUTED
16,COMPOSITE_CONTROL,size-matched-divisors-and-2x3-counterexample,BIN_PRIME_FRONTIER_PROP_K,BIN_FRONTIER_NOPROP_K,1,0,0,0,0,0,true,false,false,GENERIC_OR_UNATTRIBUTED
16,COMPOSITE_CONTROL,size-matched-divisors-and-2x3-counterexample,BIN_PRIME_FRONTIER_SPEC_B1_K,BIN_PRIME_FRONTIER_PROP_K,1,1,0,0,0,0,true,false,false,GENERIC_OR_UNATTRIBUTED
16,COMPOSITE_CONTROL,size-matched-divisors-and-2x3-counterexample,BIN_PRIME_FRONTIER_SPEC_B4_K,BIN_PRIME_FRONTIER_PROP_K,1,4,0,0,0,0,true,false,false,GENERIC_OR_UNATTRIBUTED
16,COMPOSITE_CONTROL,size-matched-divisors-and-2x3-counterexample,BIN_CONTENT_ANSWER_LRU_K,BIN_DIRECT_BEST,2,0,-1,-1,11,24134,false,false,false,GENERIC_MEMOIZATION
16,COMPOSITE_CONTROL,size-matched-divisors-and-2x3-counterexample,BIN_FRONTIER_NOPROP_K,BIN_DIRECT_BEST,2,0,-1,-1,13,26328,false,false,false,GENERIC_CHECKPOINT
16,COMPOSITE_CONTROL,size-matched-divisors-and-2x3-counterexample,BIN_PRIME_FRONTIER_PROP_K,BIN_DIRECT_BEST,2,0,-1,-1,13,26328,false,false,false,GENERIC_OR_UNATTRIBUTED
16,COMPOSITE_CONTROL,size-matched-divisors-and-2x3-counterexample,BIN_PRIME_FRONTIER_PROP_K,BIN_CONTENT_ANSWER_LRU_K,2,0,-1,-1,2,2194,false,false,false,GENERIC_OR_UNATTRIBUTED
16,COMPOSITE_CONTROL,size-matched-divisors-and-2x3-counterexample,BIN_PRIME_FRONTIER_PROP_K,BIN_FRONTIER_NOPROP_K,2,0,0,0,0,0,true,false,false,GENERIC_OR_UNATTRIBUTED
16,COMPOSITE_CONTROL,size-matched-divisors-and-2x3-counterexample,BIN_PRIME_FRONTIER_SPEC_B1_K,BIN_PRIME_FRONTIER_PROP_K,2,1,0,0,0,0,true,false,false,GENERIC_OR_UNATTRIBUTED
16,COMPOSITE_CONTROL,size-matched-divisors-and-2x3-counterexample,BIN_PRIME_FRONTIER_SPEC_B4_K,BIN_PRIME_FRONTIER_PROP_K,2,4,0,0,0,0,true,false,false,GENERIC_OR_UNATTRIBUTED
16,COMPOSITE_CONTROL,size-matched-divisors-and-2x3-counterexample,BIN_CONTENT_ANSWER_LRU_K,BIN_DIRECT_BEST,4,0,-1,-1,11,48840,false,false,false,GENERIC_MEMOIZATION
16,COMPOSITE_CONTROL,size-matched-divisors-and-2x3-counterexample,BIN_FRONTIER_NOPROP_K,BIN_DIRECT_BEST,4,0,-1,-1,13,53280,false,false,false,GENERIC_CHECKPOINT
16,COMPOSITE_CONTROL,size-matched-divisors-and-2x3-counterexample,BIN_PRIME_FRONTIER_PROP_K,BIN_DIRECT_BEST,4,0,-1,-1,13,53280,false,false,false,GENERIC_OR_UNATTRIBUTED
16,COMPOSITE_CONTROL,size-matched-divisors-and-2x3-counterexample,BIN_PRIME_FRONTIER_PROP_K,BIN_CONTENT_ANSWER_LRU_K,4,0,-1,-1,2,4440,false,false,false,GENERIC_OR_UNATTRIBUTED
16,COMPOSITE_CONTROL,size-matched-divisors-and-2x3-counterexample,BIN_PRIME_FRONTIER_PROP_K,BIN_FRONTIER_NOPROP_K,4,0,0,0,0,0,true,false,false,GENERIC_OR_UNATTRIBUTED
16,COMPOSITE_CONTROL,size-matched-divisors-and-2x3-counterexample,BIN_PRIME_FRONTIER_SPEC_B1_K,BIN_PRIME_FRONTIER_PROP_K,4,1,0,0,0,0,true,false,false,GENERIC_OR_UNATTRIBUTED
16,COMPOSITE_CONTROL,size-matched-divisors-and-2x3-counterexample,BIN_PRIME_FRONTIER_SPEC_B4_K,BIN_PRIME_FRONTIER_PROP_K,4,4,0,0,0,0,true,false,false,GENERIC_OR_UNATTRIBUTED
16,RADIX_V2,ctz-isolated,BIN_CONTENT_ANSWER_LRU_K,BIN_DIRECT_BEST,1,0,-1,-1,64,69888,false,false,false,GENERIC_MEMOIZATION
16,RADIX_V2,ctz-isolated,BIN_FRONTIER_NOPROP_K,BIN_DIRECT_BEST,1,0,-1,-1,128,104832,false,false,false,GENERIC_CHECKPOINT
16,RADIX_V2,ctz-isolated,BIN_PRIME_FRONTIER_PROP_K,BIN_DIRECT_BEST,1,0,-1,-1,128,104832,false,false,false,GENERIC_OR_UNATTRIBUTED
16,RADIX_V2,ctz-isolated,BIN_PRIME_FRONTIER_PROP_K,BIN_CONTENT_ANSWER_LRU_K,1,0,-1,-1,64,34944,false,false,false,GENERIC_OR_UNATTRIBUTED
16,RADIX_V2,ctz-isolated,BIN_PRIME_FRONTIER_PROP_K,BIN_FRONTIER_NOPROP_K,1,0,0,0,0,0,true,false,false,GENERIC_OR_UNATTRIBUTED
16,RADIX_V2,ctz-isolated,BIN_PRIME_FRONTIER_SPEC_B1_K,BIN_PRIME_FRONTIER_PROP_K,1,1,-1,-1,1218,1447474,false,false,false,GENERIC_OR_UNATTRIBUTED
16,RADIX_V2,ctz-isolated,BIN_PRIME_FRONTIER_SPEC_B4_K,BIN_PRIME_FRONTIER_PROP_K,1,4,-1,-1,4752,5661676,false,false,false,GENERIC_OR_UNATTRIBUTED
16,RADIX_V2,ctz-isolated,BIN_CONTENT_ANSWER_LRU_K,BIN_DIRECT_BEST,2,0,-1,-1,64,140416,false,false,false,GENERIC_MEMOIZATION
16,RADIX_V2,ctz-isolated,BIN_FRONTIER_NOPROP_K,BIN_DIRECT_BEST,2,0,-1,-1,128,210624,false,false,false,GENERIC_CHECKPOINT
16,RADIX_V2,ctz-isolated,BIN_PRIME_FRONTIER_PROP_K,BIN_DIRECT_BEST,2,0,-1,-1,128,210624,false,false,false,GENERIC_OR_UNATTRIBUTED
16,RADIX_V2,ctz-isolated,BIN_PRIME_FRONTIER_PROP_K,BIN_CONTENT_ANSWER_LRU_K,2,0,-1,-1,64,70208,false,false,false,GENERIC_OR_UNATTRIBUTED
16,RADIX_V2,ctz-isolated,BIN_PRIME_FRONTIER_PROP_K,BIN_FRONTIER_NOPROP_K,2,0,0,0,0,0,true,false,false,GENERIC_OR_UNATTRIBUTED
16,RADIX_V2,ctz-isolated,BIN_PRIME_FRONTIER_SPEC_B1_K,BIN_PRIME_FRONTIER_PROP_K,2,1,-1,-1,1218,1537838,false,false,false,GENERIC_OR_UNATTRIBUTED
16,RADIX_V2,ctz-isolated,BIN_PRIME_FRONTIER_SPEC_B4_K,BIN_PRIME_FRONTIER_PROP_K,2,4,-1,-1,4752,5957012,false,false,false,GENERIC_OR_UNATTRIBUTED
16,RADIX_V2,ctz-isolated,BIN_CONTENT_ANSWER_LRU_K,BIN_DIRECT_BEST,4,0,-1,-1,64,284160,false,false,false,GENERIC_MEMOIZATION
16,RADIX_V2,ctz-isolated,BIN_FRONTIER_NOPROP_K,BIN_DIRECT_BEST,4,0,-1,-1,128,426240,false,false,false,GENERIC_CHECKPOINT
16,RADIX_V2,ctz-isolated,BIN_PRIME_FRONTIER_PROP_K,BIN_DIRECT_BEST,4,0,-1,-1,128,426240,false,false,false,GENERIC_OR_UNATTRIBUTED
16,RADIX_V2,ctz-isolated,BIN_PRIME_FRONTIER_PROP_K,BIN_CONTENT_ANSWER_LRU_K,4,0,-1,-1,64,142080,false,false,false,GENERIC_OR_UNATTRIBUTED
16,RADIX_V2,ctz-isolated,BIN_PRIME_FRONTIER_PROP_K,BIN_FRONTIER_NOPROP_K,4,0,0,0,0,0,true,false,false,GENERIC_OR_UNATTRIBUTED
16,RADIX_V2,ctz-isolated,BIN_PRIME_FRONTIER_SPEC_B1_K,BIN_PRIME_FRONTIER_PROP_K,4,1,-1,-1,1218,1722010,false,false,false,GENERIC_OR_UNATTRIBUTED
16,RADIX_V2,ctz-isolated,BIN_PRIME_FRONTIER_SPEC_B4_K,BIN_PRIME_FRONTIER_PROP_K,4,4,-1,-1,4752,6558940,false,false,false,GENERIC_OR_UNATTRIBUTED
16,HOSTILE_SLOT_THRASH,four-slots,BIN_CONTENT_ANSWER_LRU_K,BIN_DIRECT_BEST,1,0,-1,-1,64,69888,false,false,false,GENERIC_MEMOIZATION
16,HOSTILE_SLOT_THRASH,four-slots,BIN_FRONTIER_NOPROP_K,BIN_DIRECT_BEST,1,0,-1,-1,68,72072,false,false,false,GENERIC_CHECKPOINT
16,HOSTILE_SLOT_THRASH,four-slots,BIN_PRIME_FRONTIER_PROP_K,BIN_DIRECT_BEST,1,0,-1,-1,68,72072,false,false,false,GENERIC_OR_UNATTRIBUTED
16,HOSTILE_SLOT_THRASH,four-slots,BIN_PRIME_FRONTIER_PROP_K,BIN_CONTENT_ANSWER_LRU_K,1,0,-1,-1,4,2184,false,false,false,GENERIC_OR_UNATTRIBUTED
16,HOSTILE_SLOT_THRASH,four-slots,BIN_PRIME_FRONTIER_PROP_K,BIN_FRONTIER_NOPROP_K,1,0,0,0,0,0,true,false,false,GENERIC_OR_UNATTRIBUTED
16,HOSTILE_SLOT_THRASH,four-slots,BIN_PRIME_FRONTIER_SPEC_B1_K,BIN_PRIME_FRONTIER_PROP_K,1,1,-1,-1,76,90628,false,false,false,GENERIC_OR_UNATTRIBUTED
16,HOSTILE_SLOT_THRASH,four-slots,BIN_PRIME_FRONTIER_SPEC_B4_K,BIN_PRIME_FRONTIER_PROP_K,1,4,-1,-1,304,362512,false,false,false,GENERIC_OR_UNATTRIBUTED
16,HOSTILE_SLOT_THRASH,four-slots,BIN_CONTENT_ANSWER_LRU_K,BIN_DIRECT_BEST,2,0,-1,-1,64,140416,false,false,false,GENERIC_MEMOIZATION
16,HOSTILE_SLOT_THRASH,four-slots,BIN_FRONTIER_NOPROP_K,BIN_DIRECT_BEST,2,0,-1,-1,68,144804,false,false,false,GENERIC_CHECKPOINT
16,HOSTILE_SLOT_THRASH,four-slots,BIN_PRIME_FRONTIER_PROP_K,BIN_DIRECT_BEST,2,0,-1,-1,68,144804,false,false,false,GENERIC_OR_UNATTRIBUTED
16,HOSTILE_SLOT_THRASH,four-slots,BIN_PRIME_FRONTIER_PROP_K,BIN_CONTENT_ANSWER_LRU_K,2,0,-1,-1,4,4388,false,false,false,GENERIC_OR_UNATTRIBUTED
16,HOSTILE_SLOT_THRASH,four-slots,BIN_PRIME_FRONTIER_PROP_K,BIN_FRONTIER_NOPROP_K,2,0,0,0,0,0,true,false,false,GENERIC_OR_UNATTRIBUTED
16,HOSTILE_SLOT_THRASH,four-slots,BIN_PRIME_FRONTIER_SPEC_B1_K,BIN_PRIME_FRONTIER_PROP_K,2,1,-1,-1,76,95036,false,false,false,GENERIC_OR_UNATTRIBUTED
16,HOSTILE_SLOT_THRASH,four-slots,BIN_PRIME_FRONTIER_SPEC_B4_K,BIN_PRIME_FRONTIER_PROP_K,2,4,-1,-1,304,380144,false,false,false,GENERIC_OR_UNATTRIBUTED
16,HOSTILE_SLOT_THRASH,four-slots,BIN_CONTENT_ANSWER_LRU_K,BIN_DIRECT_BEST,4,0,8,8,-1781,-2003640,true,true,false,GENERIC_MEMOIZATION
16,HOSTILE_SLOT_THRASH,four-slots,BIN_FRONTIER_NOPROP_K,BIN_DIRECT_BEST,4,0,8,8,-1777,-1994760,true,true,false,GENERIC_CHECKPOINT
16,HOSTILE_SLOT_THRASH,four-slots,BIN_PRIME_FRONTIER_PROP_K,BIN_DIRECT_BEST,4,0,8,8,-1777,-1994760,true,true,false,GENERIC_OR_UNATTRIBUTED
16,HOSTILE_SLOT_THRASH,four-slots,BIN_PRIME_FRONTIER_PROP_K,BIN_CONTENT_ANSWER_LRU_K,4,0,-1,-1,4,8880,false,false,false,GENERIC_OR_UNATTRIBUTED
16,HOSTILE_SLOT_THRASH,four-slots,BIN_PRIME_FRONTIER_PROP_K,BIN_FRONTIER_NOPROP_K,4,0,0,0,0,0,true,false,false,GENERIC_OR_UNATTRIBUTED
16,HOSTILE_SLOT_THRASH,four-slots,BIN_PRIME_FRONTIER_SPEC_B1_K,BIN_PRIME_FRONTIER_PROP_K,4,1,-1,-1,6,17500,false,false,false,GENERIC_OR_UNATTRIBUTED
16,HOSTILE_SLOT_THRASH,four-slots,BIN_PRIME_FRONTIER_SPEC_B4_K,BIN_PRIME_FRONTIER_PROP_K,4,4,-1,-1,304,416080,false,false,false,GENERIC_OR_UNATTRIBUTED
16,HOSTILE_PRIME_THRASH,five-prime-rotation,BIN_CONTENT_ANSWER_LRU_K,BIN_DIRECT_BEST,1,0,-1,-1,40,43680,false,false,false,GENERIC_MEMOIZATION
16,HOSTILE_PRIME_THRASH,five-prime-rotation,BIN_FRONTIER_NOPROP_K,BIN_DIRECT_BEST,1,0,-1,-1,41,44226,false,false,false,GENERIC_CHECKPOINT
16,HOSTILE_PRIME_THRASH,five-prime-rotation,BIN_PRIME_FRONTIER_PROP_K,BIN_DIRECT_BEST,1,0,-1,-1,41,44226,false,false,false,GENERIC_OR_UNATTRIBUTED
16,HOSTILE_PRIME_THRASH,five-prime-rotation,BIN_PRIME_FRONTIER_PROP_K,BIN_CONTENT_ANSWER_LRU_K,1,0,-1,-1,1,546,false,false,false,GENERIC_OR_UNATTRIBUTED
16,HOSTILE_PRIME_THRASH,five-prime-rotation,BIN_PRIME_FRONTIER_PROP_K,BIN_FRONTIER_NOPROP_K,1,0,0,0,0,0,true,false,false,GENERIC_OR_UNATTRIBUTED
16,HOSTILE_PRIME_THRASH,five-prime-rotation,BIN_PRIME_FRONTIER_SPEC_B1_K,BIN_PRIME_FRONTIER_PROP_K,1,1,-1,-1,19,22657,false,false,false,GENERIC_OR_UNATTRIBUTED
16,HOSTILE_PRIME_THRASH,five-prime-rotation,BIN_PRIME_FRONTIER_SPEC_B4_K,BIN_PRIME_FRONTIER_PROP_K,1,4,-1,-1,76,90628,false,false,false,GENERIC_OR_UNATTRIBUTED
16,HOSTILE_PRIME_THRASH,five-prime-rotation,BIN_CONTENT_ANSWER_LRU_K,BIN_DIRECT_BEST,2,0,-1,-1,40,87760,false,false,false,GENERIC_MEMOIZATION
16,HOSTILE_PRIME_THRASH,five-prime-rotation,BIN_FRONTIER_NOPROP_K,BIN_DIRECT_BEST,2,0,-1,-1,41,88857,false,false,false,GENERIC_CHECKPOINT
16,HOSTILE_PRIME_THRASH,five-prime-rotation,BIN_PRIME_FRONTIER_PROP_K,BIN_DIRECT_BEST,2,0,-1,-1,41,88857,false,false,false,GENERIC_OR_UNATTRIBUTED
16,HOSTILE_PRIME_THRASH,five-prime-rotation,BIN_PRIME_FRONTIER_PROP_K,BIN_CONTENT_ANSWER_LRU_K,2,0,-1,-1,1,1097,false,false,false,GENERIC_OR_UNATTRIBUTED
16,HOSTILE_PRIME_THRASH,five-prime-rotation,BIN_PRIME_FRONTIER_PROP_K,BIN_FRONTIER_NOPROP_K,2,0,0,0,0,0,true,false,false,GENERIC_OR_UNATTRIBUTED
16,HOSTILE_PRIME_THRASH,five-prime-rotation,BIN_PRIME_FRONTIER_SPEC_B1_K,BIN_PRIME_FRONTIER_PROP_K,2,1,-1,-1,2,3239,false,false,false,GENERIC_OR_UNATTRIBUTED
16,HOSTILE_PRIME_THRASH,five-prime-rotation,BIN_PRIME_FRONTIER_SPEC_B4_K,BIN_PRIME_FRONTIER_PROP_K,2,4,-1,-1,76,95036,false,false,false,GENERIC_OR_UNATTRIBUTED
16,HOSTILE_PRIME_THRASH,five-prime-rotation,BIN_CONTENT_ANSWER_LRU_K,BIN_DIRECT_BEST,4,0,-1,-1,40,177600,false,false,false,GENERIC_MEMOIZATION
16,HOSTILE_PRIME_THRASH,five-prime-rotation,BIN_FRONTIER_NOPROP_K,BIN_DIRECT_BEST,4,0,-1,-1,41,179820,false,false,false,GENERIC_CHECKPOINT
16,HOSTILE_PRIME_THRASH,five-prime-rotation,BIN_PRIME_FRONTIER_PROP_K,BIN_DIRECT_BEST,4,0,-1,-1,41,179820,false,false,false,GENERIC_OR_UNATTRIBUTED
16,HOSTILE_PRIME_THRASH,five-prime-rotation,BIN_PRIME_FRONTIER_PROP_K,BIN_CONTENT_ANSWER_LRU_K,4,0,-1,-1,1,2220,false,false,false,GENERIC_OR_UNATTRIBUTED
16,HOSTILE_PRIME_THRASH,five-prime-rotation,BIN_PRIME_FRONTIER_PROP_K,BIN_FRONTIER_NOPROP_K,4,0,0,0,0,0,true,false,false,GENERIC_OR_UNATTRIBUTED
16,HOSTILE_PRIME_THRASH,five-prime-rotation,BIN_PRIME_FRONTIER_SPEC_B1_K,BIN_PRIME_FRONTIER_PROP_K,4,1,-1,-1,2,5485,false,false,false,GENERIC_OR_UNATTRIBUTED
16,HOSTILE_PRIME_THRASH,five-prime-rotation,BIN_PRIME_FRONTIER_SPEC_B4_K,BIN_PRIME_FRONTIER_PROP_K,4,4,-1,-1,76,104020,false,false,false,GENERIC_OR_UNATTRIBUTED
16,HOSTILE_MUTATE_AFTER_FILL,fill-then-discard,BIN_CONTENT_ANSWER_LRU_K,BIN_DIRECT_BEST,1,0,3,3,-12,-18426,true,true,false,GENERIC_MEMOIZATION
16,HOSTILE_MUTATE_AFTER_FILL,fill-then-discard,BIN_FRONTIER_NOPROP_K,BIN_DIRECT_BEST,1,0,-1,-1,81,66066,false,false,false,GENERIC_CHECKPOINT
16,HOSTILE_MUTATE_AFTER_FILL,fill-then-discard,BIN_PRIME_FRONTIER_PROP_K,BIN_DIRECT_BEST,1,0,-1,-1,81,66066,false,false,false,GENERIC_OR_UNATTRIBUTED
16,HOSTILE_MUTATE_AFTER_FILL,fill-then-discard,BIN_PRIME_FRONTIER_PROP_K,BIN_CONTENT_ANSWER_LRU_K,1,0,-1,-1,93,84492,false,false,false,GENERIC_OR_UNATTRIBUTED
16,HOSTILE_MUTATE_AFTER_FILL,fill-then-discard,BIN_PRIME_FRONTIER_PROP_K,BIN_FRONTIER_NOPROP_K,1,0,0,0,0,0,true,false,false,GENERIC_OR_UNATTRIBUTED
16,HOSTILE_MUTATE_AFTER_FILL,fill-then-discard,BIN_PRIME_FRONTIER_SPEC_B1_K,BIN_PRIME_FRONTIER_PROP_K,1,1,-1,-1,80,97763,false,false,false,GENERIC_OR_UNATTRIBUTED
16,HOSTILE_MUTATE_AFTER_FILL,fill-then-discard,BIN_PRIME_FRONTIER_SPEC_B4_K,BIN_PRIME_FRONTIER_PROP_K,1,4,-1,-1,3116,3715748,false,false,false,GENERIC_OR_UNATTRIBUTED
16,HOSTILE_MUTATE_AFTER_FILL,fill-then-discard,BIN_CONTENT_ANSWER_LRU_K,BIN_DIRECT_BEST,2,0,3,3,-1324,-1554486,true,true,false,GENERIC_MEMOIZATION
16,HOSTILE_MUTATE_AFTER_FILL,fill-then-discard,BIN_FRONTIER_NOPROP_K,BIN_DIRECT_BEST,2,0,-1,-1,81,132737,false,false,false,GENERIC_CHECKPOINT
16,HOSTILE_MUTATE_AFTER_FILL,fill-then-discard,BIN_PRIME_FRONTIER_PROP_K,BIN_DIRECT_BEST,2,0,-1,-1,81,132737,false,false,false,GENERIC_OR_UNATTRIBUTED
16,HOSTILE_MUTATE_AFTER_FILL,fill-then-discard,BIN_PRIME_FRONTIER_PROP_K,BIN_CONTENT_ANSWER_LRU_K,2,0,-1,-1,1405,1687223,false,false,false,GENERIC_OR_UNATTRIBUTED
16,HOSTILE_MUTATE_AFTER_FILL,fill-then-discard,BIN_PRIME_FRONTIER_PROP_K,BIN_FRONTIER_NOPROP_K,2,0,0,0,0,0,true,false,false,GENERIC_OR_UNATTRIBUTED
16,HOSTILE_MUTATE_AFTER_FILL,fill-then-discard,BIN_PRIME_FRONTIER_SPEC_B1_K,BIN_PRIME_FRONTIER_PROP_K,2,1,-1,-1,80,132476,false,false,false,GENERIC_OR_UNATTRIBUTED
16,HOSTILE_MUTATE_AFTER_FILL,fill-then-discard,BIN_PRIME_FRONTIER_SPEC_B4_K,BIN_PRIME_FRONTIER_PROP_K,2,4,-1,-1,3116,3896476,false,false,false,GENERIC_OR_UNATTRIBUTED
16,HOSTILE_MUTATE_AFTER_FILL,fill-then-discard,BIN_CONTENT_ANSWER_LRU_K,BIN_DIRECT_BEST,4,0,3,3,-1324,-1507320,true,true,false,GENERIC_MEMOIZATION
16,HOSTILE_MUTATE_AFTER_FILL,fill-then-discard,BIN_FRONTIER_NOPROP_K,BIN_DIRECT_BEST,4,0,-1,-1,81,268620,false,false,false,GENERIC_CHECKPOINT
16,HOSTILE_MUTATE_AFTER_FILL,fill-then-discard,BIN_PRIME_FRONTIER_PROP_K,BIN_DIRECT_BEST,4,0,-1,-1,81,268620,false,false,false,GENERIC_OR_UNATTRIBUTED
16,HOSTILE_MUTATE_AFTER_FILL,fill-then-discard,BIN_PRIME_FRONTIER_PROP_K,BIN_CONTENT_ANSWER_LRU_K,4,0,-1,-1,1405,1775940,false,false,false,GENERIC_OR_UNATTRIBUTED
16,HOSTILE_MUTATE_AFTER_FILL,fill-then-discard,BIN_PRIME_FRONTIER_PROP_K,BIN_FRONTIER_NOPROP_K,4,0,0,0,0,0,true,false,false,GENERIC_OR_UNATTRIBUTED
16,HOSTILE_MUTATE_AFTER_FILL,fill-then-discard,BIN_PRIME_FRONTIER_SPEC_B1_K,BIN_PRIME_FRONTIER_PROP_K,4,1,-1,-1,80,203225,false,false,false,GENERIC_OR_UNATTRIBUTED
16,HOSTILE_MUTATE_AFTER_FILL,fill-then-discard,BIN_PRIME_FRONTIER_SPEC_B4_K,BIN_PRIME_FRONTIER_PROP_K,4,4,-1,-1,2417,3401840,false,false,false,GENERIC_OR_UNATTRIBUTED
16,HOSTILE_SPECULATION_POISON,request-last-prime-only,BIN_CONTENT_ANSWER_LRU_K,BIN_DIRECT_BEST,1,0,-1,-1,64,69888,false,false,false,GENERIC_MEMOIZATION
16,HOSTILE_SPECULATION_POISON,request-last-prime-only,BIN_FRONTIER_NOPROP_K,BIN_DIRECT_BEST,1,0,-1,-1,128,104832,false,false,false,GENERIC_CHECKPOINT
16,HOSTILE_SPECULATION_POISON,request-last-prime-only,BIN_PRIME_FRONTIER_PROP_K,BIN_DIRECT_BEST,1,0,-1,-1,128,104832,false,false,false,GENERIC_OR_UNATTRIBUTED
16,HOSTILE_SPECULATION_POISON,request-last-prime-only,BIN_PRIME_FRONTIER_PROP_K,BIN_CONTENT_ANSWER_LRU_K,1,0,-1,-1,64,34944,false,false,false,GENERIC_OR_UNATTRIBUTED
16,HOSTILE_SPECULATION_POISON,request-last-prime-only,BIN_PRIME_FRONTIER_PROP_K,BIN_FRONTIER_NOPROP_K,1,0,0,0,0,0,true,false,false,GENERIC_OR_UNATTRIBUTED
16,HOSTILE_SPECULATION_POISON,request-last-prime-only,BIN_PRIME_FRONTIER_SPEC_B1_K,BIN_PRIME_FRONTIER_PROP_K,1,1,-1,-1,1216,1450048,false,false,false,GENERIC_OR_UNATTRIBUTED
16,HOSTILE_SPECULATION_POISON,request-last-prime-only,BIN_PRIME_FRONTIER_SPEC_B4_K,BIN_PRIME_FRONTIER_PROP_K,1,4,-1,-1,4864,5800192,false,false,false,GENERIC_OR_UNATTRIBUTED
16,HOSTILE_SPECULATION_POISON,request-last-prime-only,BIN_CONTENT_ANSWER_LRU_K,BIN_DIRECT_BEST,2,0,-1,-1,64,140416,false,false,false,GENERIC_MEMOIZATION
16,HOSTILE_SPECULATION_POISON,request-last-prime-only,BIN_FRONTIER_NOPROP_K,BIN_DIRECT_BEST,2,0,-1,-1,128,210624,false,false,false,GENERIC_CHECKPOINT
16,HOSTILE_SPECULATION_POISON,request-last-prime-only,BIN_PRIME_FRONTIER_PROP_K,BIN_DIRECT_BEST,2,0,-1,-1,128,210624,false,false,false,GENERIC_OR_UNATTRIBUTED
16,HOSTILE_SPECULATION_POISON,request-last-prime-only,BIN_PRIME_FRONTIER_PROP_K,BIN_CONTENT_ANSWER_LRU_K,2,0,-1,-1,64,70208,false,false,false,GENERIC_OR_UNATTRIBUTED
16,HOSTILE_SPECULATION_POISON,request-last-prime-only,BIN_PRIME_FRONTIER_PROP_K,BIN_FRONTIER_NOPROP_K,2,0,0,0,0,0,true,false,false,GENERIC_OR_UNATTRIBUTED
16,HOSTILE_SPECULATION_POISON,request-last-prime-only,BIN_PRIME_FRONTIER_SPEC_B1_K,BIN_PRIME_FRONTIER_PROP_K,2,1,-1,-1,1216,1520576,false,false,false,GENERIC_OR_UNATTRIBUTED
16,HOSTILE_SPECULATION_POISON,request-last-prime-only,BIN_PRIME_FRONTIER_SPEC_B4_K,BIN_PRIME_FRONTIER_PROP_K,2,4,-1,-1,4864,6082304,false,false,false,GENERIC_OR_UNATTRIBUTED
16,HOSTILE_SPECULATION_POISON,request-last-prime-only,BIN_CONTENT_ANSWER_LRU_K,BIN_DIRECT_BEST,4,0,-1,-1,64,284160,false,false,false,GENERIC_MEMOIZATION
16,HOSTILE_SPECULATION_POISON,request-last-prime-only,BIN_FRONTIER_NOPROP_K,BIN_DIRECT_BEST,4,0,-1,-1,128,426240,false,false,false,GENERIC_CHECKPOINT
16,HOSTILE_SPECULATION_POISON,request-last-prime-only,BIN_PRIME_FRONTIER_PROP_K,BIN_DIRECT_BEST,4,0,-1,-1,128,426240,false,false,false,GENERIC_OR_UNATTRIBUTED
16,HOSTILE_SPECULATION_POISON,request-last-prime-only,BIN_PRIME_FRONTIER_PROP_K,BIN_CONTENT_ANSWER_LRU_K,4,0,-1,-1,64,142080,false,false,false,GENERIC_OR_UNATTRIBUTED
16,HOSTILE_SPECULATION_POISON,request-last-prime-only,BIN_PRIME_FRONTIER_PROP_K,BIN_FRONTIER_NOPROP_K,4,0,0,0,0,0,true,false,false,GENERIC_OR_UNATTRIBUTED
16,HOSTILE_SPECULATION_POISON,request-last-prime-only,BIN_PRIME_FRONTIER_SPEC_B1_K,BIN_PRIME_FRONTIER_PROP_K,4,1,-1,-1,1216,1664320,false,false,false,GENERIC_OR_UNATTRIBUTED
16,HOSTILE_SPECULATION_POISON,request-last-prime-only,BIN_PRIME_FRONTIER_SPEC_B4_K,BIN_PRIME_FRONTIER_PROP_K,4,4,-1,-1,4864,6657280,false,false,false,GENERIC_OR_UNATTRIBUTED
16,HOSTILE_BOUNDARY_FAILURE,zero-one-max-overflow-alias,BIN_CONTENT_ANSWER_LRU_K,BIN_DIRECT_BEST,1,0,-1,-1,4,4368,false,false,false,GENERIC_MEMOIZATION
16,HOSTILE_BOUNDARY_FAILURE,zero-one-max-overflow-alias,BIN_FRONTIER_NOPROP_K,BIN_DIRECT_BEST,1,0,-1,-1,8,6552,false,false,false,GENERIC_CHECKPOINT
16,HOSTILE_BOUNDARY_FAILURE,zero-one-max-overflow-alias,BIN_PRIME_FRONTIER_PROP_K,BIN_DIRECT_BEST,1,0,-1,-1,8,6552,false,false,false,GENERIC_OR_UNATTRIBUTED
16,HOSTILE_BOUNDARY_FAILURE,zero-one-max-overflow-alias,BIN_PRIME_FRONTIER_PROP_K,BIN_CONTENT_ANSWER_LRU_K,1,0,-1,-1,4,2184,false,false,false,GENERIC_OR_UNATTRIBUTED
16,HOSTILE_BOUNDARY_FAILURE,zero-one-max-overflow-alias,BIN_PRIME_FRONTIER_PROP_K,BIN_FRONTIER_NOPROP_K,1,0,0,0,0,0,true,false,false,GENERIC_OR_UNATTRIBUTED
16,HOSTILE_BOUNDARY_FAILURE,zero-one-max-overflow-alias,BIN_PRIME_FRONTIER_SPEC_B1_K,BIN_PRIME_FRONTIER_PROP_K,1,1,-1,-1,78,88054,false,false,false,GENERIC_OR_UNATTRIBUTED
16,HOSTILE_BOUNDARY_FAILURE,zero-one-max-overflow-alias,BIN_PRIME_FRONTIER_SPEC_B4_K,BIN_PRIME_FRONTIER_PROP_K,1,4,-1,-1,192,223996,false,false,false,GENERIC_OR_UNATTRIBUTED
16,HOSTILE_BOUNDARY_FAILURE,zero-one-max-overflow-alias,BIN_CONTENT_ANSWER_LRU_K,BIN_DIRECT_BEST,2,0,-1,-1,4,8776,false,false,false,GENERIC_MEMOIZATION
16,HOSTILE_BOUNDARY_FAILURE,zero-one-max-overflow-alias,BIN_FRONTIER_NOPROP_K,BIN_DIRECT_BEST,2,0,-1,-1,8,13164,false,false,false,GENERIC_CHECKPOINT
16,HOSTILE_BOUNDARY_FAILURE,zero-one-max-overflow-alias,BIN_PRIME_FRONTIER_PROP_K,BIN_DIRECT_BEST,2,0,-1,-1,8,13164,false,false,false,GENERIC_OR_UNATTRIBUTED
16,HOSTILE_BOUNDARY_FAILURE,zero-one-max-overflow-alias,BIN_PRIME_FRONTIER_PROP_K,BIN_CONTENT_ANSWER_LRU_K,2,0,-1,-1,4,4388,false,false,false,GENERIC_OR_UNATTRIBUTED
16,HOSTILE_BOUNDARY_FAILURE,zero-one-max-overflow-alias,BIN_PRIME_FRONTIER_PROP_K,BIN_FRONTIER_NOPROP_K,2,0,0,0,0,0,true,false,false,GENERIC_OR_UNATTRIBUTED
16,HOSTILE_BOUNDARY_FAILURE,zero-one-max-overflow-alias,BIN_PRIME_FRONTIER_SPEC_B1_K,BIN_PRIME_FRONTIER_PROP_K,2,1,-1,-1,77,111201,false,false,false,GENERIC_OR_UNATTRIBUTED
16,HOSTILE_BOUNDARY_FAILURE,zero-one-max-overflow-alias,BIN_PRIME_FRONTIER_SPEC_B4_K,BIN_PRIME_FRONTIER_PROP_K,2,4,-1,-1,191,253755,false,false,false,GENERIC_OR_UNATTRIBUTED
16,HOSTILE_BOUNDARY_FAILURE,zero-one-max-overflow-alias,BIN_CONTENT_ANSWER_LRU_K,BIN_DIRECT_BEST,4,0,-1,-1,4,17760,false,false,false,GENERIC_MEMOIZATION
16,HOSTILE_BOUNDARY_FAILURE,zero-one-max-overflow-alias,BIN_FRONTIER_NOPROP_K,BIN_DIRECT_BEST,4,0,-1,-1,8,26640,false,false,false,GENERIC_CHECKPOINT
16,HOSTILE_BOUNDARY_FAILURE,zero-one-max-overflow-alias,BIN_PRIME_FRONTIER_PROP_K,BIN_DIRECT_BEST,4,0,-1,-1,8,26640,false,false,false,GENERIC_OR_UNATTRIBUTED
16,HOSTILE_BOUNDARY_FAILURE,zero-one-max-overflow-alias,BIN_PRIME_FRONTIER_PROP_K,BIN_CONTENT_ANSWER_LRU_K,4,0,-1,-1,4,8880,false,false,false,GENERIC_OR_UNATTRIBUTED
16,HOSTILE_BOUNDARY_FAILURE,zero-one-max-overflow-alias,BIN_PRIME_FRONTIER_PROP_K,BIN_FRONTIER_NOPROP_K,4,0,0,0,0,0,true,false,false,GENERIC_OR_UNATTRIBUTED
16,HOSTILE_BOUNDARY_FAILURE,zero-one-max-overflow-alias,BIN_PRIME_FRONTIER_SPEC_B1_K,BIN_PRIME_FRONTIER_PROP_K,4,1,-1,-1,77,159490,false,false,false,GENERIC_OR_UNATTRIBUTED
16,HOSTILE_BOUNDARY_FAILURE,zero-one-max-overflow-alias,BIN_PRIME_FRONTIER_SPEC_B4_K,BIN_PRIME_FRONTIER_PROP_K,4,4,-1,-1,191,315520,false,false,false,GENERIC_OR_UNATTRIBUTED
16,HOSTILE_GENERATION_WRAP,full-flush-before-tag-reuse,BIN_CONTENT_ANSWER_LRU_K,BIN_DIRECT_BEST,1,0,-1,-1,2,2184,false,false,false,GENERIC_MEMOIZATION
16,HOSTILE_GENERATION_WRAP,full-flush-before-tag-reuse,BIN_FRONTIER_NOPROP_K,BIN_DIRECT_BEST,1,0,-1,-1,259,142506,false,false,false,GENERIC_CHECKPOINT
16,HOSTILE_GENERATION_WRAP,full-flush-before-tag-reuse,BIN_PRIME_FRONTIER_PROP_K,BIN_DIRECT_BEST,1,0,-1,-1,259,142506,false,false,false,GENERIC_OR_UNATTRIBUTED
16,HOSTILE_GENERATION_WRAP,full-flush-before-tag-reuse,BIN_PRIME_FRONTIER_PROP_K,BIN_CONTENT_ANSWER_LRU_K,1,0,-1,-1,257,140322,false,false,false,GENERIC_OR_UNATTRIBUTED
16,HOSTILE_GENERATION_WRAP,full-flush-before-tag-reuse,BIN_PRIME_FRONTIER_PROP_K,BIN_FRONTIER_NOPROP_K,1,0,0,0,0,0,true,false,false,GENERIC_OR_UNATTRIBUTED
16,HOSTILE_GENERATION_WRAP,full-flush-before-tag-reuse,BIN_PRIME_FRONTIER_SPEC_B1_K,BIN_PRIME_FRONTIER_PROP_K,1,1,-1,-1,4848,5781263,false,false,false,GENERIC_OR_UNATTRIBUTED
16,HOSTILE_GENERATION_WRAP,full-flush-before-tag-reuse,BIN_PRIME_FRONTIER_SPEC_B4_K,BIN_PRIME_FRONTIER_PROP_K,1,4,-1,-1,19532,23291396,false,false,false,GENERIC_OR_UNATTRIBUTED
16,HOSTILE_GENERATION_WRAP,full-flush-before-tag-reuse,BIN_CONTENT_ANSWER_LRU_K,BIN_DIRECT_BEST,2,0,-1,-1,2,4388,false,false,false,GENERIC_MEMOIZATION
16,HOSTILE_GENERATION_WRAP,full-flush-before-tag-reuse,BIN_FRONTIER_NOPROP_K,BIN_DIRECT_BEST,2,0,-1,-1,259,286317,false,false,false,GENERIC_CHECKPOINT
16,HOSTILE_GENERATION_WRAP,full-flush-before-tag-reuse,BIN_PRIME_FRONTIER_PROP_K,BIN_DIRECT_BEST,2,0,-1,-1,259,286317,false,false,false,GENERIC_OR_UNATTRIBUTED
16,HOSTILE_GENERATION_WRAP,full-flush-before-tag-reuse,BIN_PRIME_FRONTIER_PROP_K,BIN_CONTENT_ANSWER_LRU_K,2,0,-1,-1,257,281929,false,false,false,GENERIC_OR_UNATTRIBUTED
16,HOSTILE_GENERATION_WRAP,full-flush-before-tag-reuse,BIN_PRIME_FRONTIER_PROP_K,BIN_FRONTIER_NOPROP_K,2,0,0,0,0,0,true,false,false,GENERIC_OR_UNATTRIBUTED
16,HOSTILE_GENERATION_WRAP,full-flush-before-tag-reuse,BIN_PRIME_FRONTIER_SPEC_B1_K,BIN_PRIME_FRONTIER_PROP_K,2,1,-1,-1,4848,6063926,false,false,false,GENERIC_OR_UNATTRIBUTED
16,HOSTILE_GENERATION_WRAP,full-flush-before-tag-reuse,BIN_PRIME_FRONTIER_SPEC_B4_K,BIN_PRIME_FRONTIER_PROP_K,2,4,-1,-1,19532,24424252,false,false,false,GENERIC_OR_UNATTRIBUTED
16,HOSTILE_GENERATION_WRAP,full-flush-before-tag-reuse,BIN_CONTENT_ANSWER_LRU_K,BIN_DIRECT_BEST,4,0,-1,-1,2,8880,false,false,false,GENERIC_MEMOIZATION
16,HOSTILE_GENERATION_WRAP,full-flush-before-tag-reuse,BIN_FRONTIER_NOPROP_K,BIN_DIRECT_BEST,4,0,-1,-1,259,579420,false,false,false,GENERIC_CHECKPOINT
16,HOSTILE_GENERATION_WRAP,full-flush-before-tag-reuse,BIN_PRIME_FRONTIER_PROP_K,BIN_DIRECT_BEST,4,0,-1,-1,259,579420,false,false,false,GENERIC_OR_UNATTRIBUTED
16,HOSTILE_GENERATION_WRAP,full-flush-before-tag-reuse,BIN_PRIME_FRONTIER_PROP_K,BIN_CONTENT_ANSWER_LRU_K,4,0,-1,-1,257,570540,false,false,false,GENERIC_OR_UNATTRIBUTED
16,HOSTILE_GENERATION_WRAP,full-flush-before-tag-reuse,BIN_PRIME_FRONTIER_PROP_K,BIN_FRONTIER_NOPROP_K,4,0,0,0,0,0,true,false,false,GENERIC_OR_UNATTRIBUTED
16,HOSTILE_GENERATION_WRAP,full-flush-before-tag-reuse,BIN_PRIME_FRONTIER_SPEC_B1_K,BIN_PRIME_FRONTIER_PROP_K,4,1,-1,-1,4848,6640025,false,false,false,GENERIC_OR_UNATTRIBUTED
16,HOSTILE_GENERATION_WRAP,full-flush-before-tag-reuse,BIN_PRIME_FRONTIER_SPEC_B4_K,BIN_PRIME_FRONTIER_PROP_K,4,4,-1,-1,19497,26689880,false,false,false,GENERIC_OR_UNATTRIBUTED
32,STATIC_REUSE,unchanged-positive-and-negative-hits,BIN_CONTENT_ANSWER_LRU_K,BIN_DIRECT_BEST,1,0,3,3,-9634,-20681308,true,true,false,GENERIC_MEMOIZATION
32,STATIC_REUSE,unchanged-positive-and-negative-hits,BIN_FRONTIER_NOPROP_K,BIN_DIRECT_BEST,1,0,2,2,-9697,-20820906,true,true,false,GENERIC_CHECKPOINT
32,STATIC_REUSE,unchanged-positive-and-negative-hits,BIN_PRIME_FRONTIER_PROP_K,BIN_DIRECT_BEST,1,0,2,2,-9697,-20820906,true,true,false,GENERIC_OR_UNATTRIBUTED
32,STATIC_REUSE,unchanged-positive-and-negative-hits,BIN_PRIME_FRONTIER_PROP_K,BIN_CONTENT_ANSWER_LRU_K,1,0,2,2,-63,-139598,true,true,false,GENERIC_OR_UNATTRIBUTED
32,STATIC_REUSE,unchanged-positive-and-negative-hits,BIN_PRIME_FRONTIER_PROP_K,BIN_FRONTIER_NOPROP_K,1,0,0,0,0,0,true,false,false,GENERIC_OR_UNATTRIBUTED
32,STATIC_REUSE,unchanged-positive-and-negative-hits,BIN_PRIME_FRONTIER_SPEC_B1_K,BIN_PRIME_FRONTIER_PROP_K,1,1,-1,-1,37,77422,false,false,false,GENERIC_OR_UNATTRIBUTED
32,STATIC_REUSE,unchanged-positive-and-negative-hits,BIN_PRIME_FRONTIER_SPEC_B4_K,BIN_PRIME_FRONTIER_PROP_K,1,4,-1,-1,280,593384,false,false,false,GENERIC_OR_UNATTRIBUTED
32,STATIC_REUSE,unchanged-positive-and-negative-hits,BIN_CONTENT_ANSWER_LRU_K,BIN_DIRECT_BEST,2,0,3,3,-9634,-20652618,true,true,false,GENERIC_MEMOIZATION
32,STATIC_REUSE,unchanged-positive-and-negative-hits,BIN_FRONTIER_NOPROP_K,BIN_DIRECT_BEST,2,0,2,2,-9697,-20789951,true,true,false,GENERIC_CHECKPOINT
32,STATIC_REUSE,unchanged-positive-and-negative-hits,BIN_PRIME_FRONTIER_PROP_K,BIN_DIRECT_BEST,2,0,2,2,-9697,-20789951,true,true,false,GENERIC_OR_UNATTRIBUTED
32,STATIC_REUSE,unchanged-positive-and-negative-hits,BIN_PRIME_FRONTIER_PROP_K,BIN_CONTENT_ANSWER_LRU_K,2,0,2,2,-63,-137333,true,true,false,GENERIC_OR_UNATTRIBUTED
32,STATIC_REUSE,unchanged-positive-and-negative-hits,BIN_PRIME_FRONTIER_PROP_K,BIN_FRONTIER_NOPROP_K,2,0,0,0,0,0,true,false,false,GENERIC_OR_UNATTRIBUTED
32,STATIC_REUSE,unchanged-positive-and-negative-hits,BIN_PRIME_FRONTIER_SPEC_B1_K,BIN_PRIME_FRONTIER_PROP_K,2,1,-1,-1,37,80442,false,false,false,GENERIC_OR_UNATTRIBUTED
32,STATIC_REUSE,unchanged-positive-and-negative-hits,BIN_PRIME_FRONTIER_SPEC_B4_K,BIN_PRIME_FRONTIER_PROP_K,2,4,-1,-1,280,605464,false,false,false,GENERIC_OR_UNATTRIBUTED
32,STATIC_REUSE,unchanged-positive-and-negative-hits,BIN_CONTENT_ANSWER_LRU_K,BIN_DIRECT_BEST,4,0,3,3,-9634,-20594440,true,true,false,GENERIC_MEMOIZATION
32,STATIC_REUSE,unchanged-positive-and-negative-hits,BIN_FRONTIER_NOPROP_K,BIN_DIRECT_BEST,4,0,2,2,-9697,-20727180,true,true,false,GENERIC_CHECKPOINT
32,STATIC_REUSE,unchanged-positive-and-negative-hits,BIN_PRIME_FRONTIER_PROP_K,BIN_DIRECT_BEST,4,0,2,2,-9697,-20727180,true,true,false,GENERIC_OR_UNATTRIBUTED
32,STATIC_REUSE,unchanged-positive-and-negative-hits,BIN_PRIME_FRONTIER_PROP_K,BIN_CONTENT_ANSWER_LRU_K,4,0,2,2,-63,-132740,true,true,false,GENERIC_OR_UNATTRIBUTED
32,STATIC_REUSE,unchanged-positive-and-negative-hits,BIN_PRIME_FRONTIER_PROP_K,BIN_FRONTIER_NOPROP_K,4,0,0,0,0,0,true,false,false,GENERIC_OR_UNATTRIBUTED
32,STATIC_REUSE,unchanged-positive-and-negative-hits,BIN_PRIME_FRONTIER_SPEC_B1_K,BIN_PRIME_FRONTIER_PROP_K,4,1,-1,-1,37,86566,false,false,false,GENERIC_OR_UNATTRIBUTED
32,STATIC_REUSE,unchanged-positive-and-negative-hits,BIN_PRIME_FRONTIER_SPEC_B4_K,BIN_PRIME_FRONTIER_PROP_K,4,4,-1,-1,247,559036,false,false,false,GENERIC_OR_UNATTRIBUTED
32,THRESHOLD_STAIRCASE,ascending-descending-shuffled,BIN_CONTENT_ANSWER_LRU_K,BIN_DIRECT_BEST,1,0,20,20,-15047,-32294844,true,true,false,GENERIC_MEMOIZATION
32,THRESHOLD_STAIRCASE,ascending-descending-shuffled,BIN_FRONTIER_NOPROP_K,BIN_DIRECT_BEST,1,0,2,2,-20671,-44408598,true,true,false,GENERIC_CHECKPOINT
32,THRESHOLD_STAIRCASE,ascending-descending-shuffled,BIN_PRIME_FRONTIER_PROP_K,BIN_DIRECT_BEST,1,0,2,2,-20671,-44408598,true,true,false,GENERIC_OR_UNATTRIBUTED
32,THRESHOLD_STAIRCASE,ascending-descending-shuffled,BIN_PRIME_FRONTIER_PROP_K,BIN_CONTENT_ANSWER_LRU_K,1,0,2,2,-5624,-12113754,true,true,false,GENERIC_OR_UNATTRIBUTED
32,THRESHOLD_STAIRCASE,ascending-descending-shuffled,BIN_PRIME_FRONTIER_PROP_K,BIN_FRONTIER_NOPROP_K,1,0,0,0,0,0,true,false,false,GENERIC_OR_UNATTRIBUTED
32,THRESHOLD_STAIRCASE,ascending-descending-shuffled,BIN_PRIME_FRONTIER_SPEC_B1_K,BIN_PRIME_FRONTIER_PROP_K,1,1,-1,-1,1,2499,false,false,false,GENERIC_OR_UNATTRIBUTED
32,THRESHOLD_STAIRCASE,ascending-descending-shuffled,BIN_PRIME_FRONTIER_SPEC_B4_K,BIN_PRIME_FRONTIER_PROP_K,1,4,-1,-1,140,296692,false,false,false,GENERIC_OR_UNATTRIBUTED
32,THRESHOLD_STAIRCASE,ascending-descending-shuffled,BIN_CONTENT_ANSWER_LRU_K,BIN_DIRECT_BEST,2,0,20,20,-15047,-32248034,true,true,false,GENERIC_MEMOIZATION
32,THRESHOLD_STAIRCASE,ascending-descending-shuffled,BIN_FRONTIER_NOPROP_K,BIN_DIRECT_BEST,2,0,2,2,-20671,-44347443,true,true,false,GENERIC_CHECKPOINT
32,THRESHOLD_STAIRCASE,ascending-descending-shuffled,BIN_PRIME_FRONTIER_PROP_K,BIN_DIRECT_BEST,2,0,2,2,-20671,-44347443,true,true,false,GENERIC_OR_UNATTRIBUTED
32,THRESHOLD_STAIRCASE,ascending-descending-shuffled,BIN_PRIME_FRONTIER_PROP_K,BIN_CONTENT_ANSWER_LRU_K,2,0,2,2,-5624,-12099409,true,true,false,GENERIC_OR_UNATTRIBUTED
32,THRESHOLD_STAIRCASE,ascending-descending-shuffled,BIN_PRIME_FRONTIER_PROP_K,BIN_FRONTIER_NOPROP_K,2,0,0,0,0,0,true,false,false,GENERIC_OR_UNATTRIBUTED
32,THRESHOLD_STAIRCASE,ascending-descending-shuffled,BIN_PRIME_FRONTIER_SPEC_B1_K,BIN_PRIME_FRONTIER_PROP_K,2,1,-1,-1,1,3254,false,false,false,GENERIC_OR_UNATTRIBUTED
32,THRESHOLD_STAIRCASE,ascending-descending-shuffled,BIN_PRIME_FRONTIER_SPEC_B4_K,BIN_PRIME_FRONTIER_PROP_K,2,4,-1,-1,140,302732,false,false,false,GENERIC_OR_UNATTRIBUTED
32,THRESHOLD_STAIRCASE,ascending-descending-shuffled,BIN_CONTENT_ANSWER_LRU_K,BIN_DIRECT_BEST,4,0,20,20,-15047,-32153112,true,true,false,GENERIC_MEMOIZATION
32,THRESHOLD_STAIRCASE,ascending-descending-shuffled,BIN_FRONTIER_NOPROP_K,BIN_DIRECT_BEST,4,0,2,2,-20671,-44223432,true,true,false,GENERIC_CHECKPOINT
32,THRESHOLD_STAIRCASE,ascending-descending-shuffled,BIN_PRIME_FRONTIER_PROP_K,BIN_DIRECT_BEST,4,0,2,2,-20671,-44223432,true,true,false,GENERIC_OR_UNATTRIBUTED
32,THRESHOLD_STAIRCASE,ascending-descending-shuffled,BIN_PRIME_FRONTIER_PROP_K,BIN_CONTENT_ANSWER_LRU_K,4,0,2,2,-5624,-12070320,true,true,false,GENERIC_OR_UNATTRIBUTED
32,THRESHOLD_STAIRCASE,ascending-descending-shuffled,BIN_PRIME_FRONTIER_PROP_K,BIN_FRONTIER_NOPROP_K,4,0,0,0,0,0,true,false,false,GENERIC_OR_UNATTRIBUTED
32,THRESHOLD_STAIRCASE,ascending-descending-shuffled,BIN_PRIME_FRONTIER_SPEC_B1_K,BIN_PRIME_FRONTIER_PROP_K,4,1,-1,-1,1,4785,false,false,false,GENERIC_OR_UNATTRIBUTED
32,THRESHOLD_STAIRCASE,ascending-descending-shuffled,BIN_PRIME_FRONTIER_SPEC_B4_K,BIN_PRIME_FRONTIER_PROP_K,4,4,-1,-1,106,241020,false,false,false,GENERIC_OR_UNATTRIBUTED
32,RATIONAL_CANCEL,selected-primes-plus-full-gcd,BIN_CONTENT_ANSWER_LRU_K,BIN_DIRECT_BEST,1,0,-1,-1,16,24000,false,false,false,GENERIC_MEMOIZATION
32,RATIONAL_CANCEL,selected-primes-plus-full-gcd,BIN_FRONTIER_NOPROP_K,BIN_DIRECT_BEST,1,0,-1,-1,18,25500,false,false,false,GENERIC_CHECKPOINT
32,RATIONAL_CANCEL,selected-primes-plus-full-gcd,BIN_PRIME_FRONTIER_PROP_K,BIN_DIRECT_BEST,1,0,-1,-1,18,25500,false,false,false,GENERIC_OR_UNATTRIBUTED
32,RATIONAL_CANCEL,selected-primes-plus-full-gcd,BIN_PRIME_FRONTIER_PROP_K,BIN_CONTENT_ANSWER_LRU_K,1,0,-1,-1,2,1500,false,false,false,GENERIC_OR_UNATTRIBUTED
32,RATIONAL_CANCEL,selected-primes-plus-full-gcd,BIN_PRIME_FRONTIER_PROP_K,BIN_FRONTIER_NOPROP_K,1,0,0,0,0,0,true,false,false,GENERIC_OR_UNATTRIBUTED
32,RATIONAL_CANCEL,selected-primes-plus-full-gcd,BIN_PRIME_FRONTIER_SPEC_B1_K,BIN_PRIME_FRONTIER_PROP_K,1,1,-1,-1,70,148346,false,false,false,GENERIC_OR_UNATTRIBUTED
32,RATIONAL_CANCEL,selected-primes-plus-full-gcd,BIN_PRIME_FRONTIER_SPEC_B4_K,BIN_PRIME_FRONTIER_PROP_K,1,4,-1,-1,280,593384,false,false,false,GENERIC_OR_UNATTRIBUTED
32,RATIONAL_CANCEL,selected-primes-plus-full-gcd,BIN_CONTENT_ANSWER_LRU_K,BIN_DIRECT_BEST,2,0,8,8,-454,-962768,true,true,false,GENERIC_MEMOIZATION
32,RATIONAL_CANCEL,selected-primes-plus-full-gcd,BIN_FRONTIER_NOPROP_K,BIN_DIRECT_BEST,2,0,8,8,-452,-959758,true,true,false,GENERIC_CHECKPOINT
32,RATIONAL_CANCEL,selected-primes-plus-full-gcd,BIN_PRIME_FRONTIER_PROP_K,BIN_DIRECT_BEST,2,0,8,8,-452,-959758,true,true,false,GENERIC_OR_UNATTRIBUTED
32,RATIONAL_CANCEL,selected-primes-plus-full-gcd,BIN_PRIME_FRONTIER_PROP_K,BIN_CONTENT_ANSWER_LRU_K,2,0,-1,-1,2,3010,false,false,false,GENERIC_OR_UNATTRIBUTED
32,RATIONAL_CANCEL,selected-primes-plus-full-gcd,BIN_PRIME_FRONTIER_PROP_K,BIN_FRONTIER_NOPROP_K,2,0,0,0,0,0,true,false,false,GENERIC_OR_UNATTRIBUTED
32,RATIONAL_CANCEL,selected-primes-plus-full-gcd,BIN_PRIME_FRONTIER_SPEC_B1_K,BIN_PRIME_FRONTIER_PROP_K,2,1,-1,-1,70,151366,false,false,false,GENERIC_OR_UNATTRIBUTED
32,RATIONAL_CANCEL,selected-primes-plus-full-gcd,BIN_PRIME_FRONTIER_SPEC_B4_K,BIN_PRIME_FRONTIER_PROP_K,2,4,-1,-1,280,605464,false,false,false,GENERIC_OR_UNATTRIBUTED
32,RATIONAL_CANCEL,selected-primes-plus-full-gcd,BIN_CONTENT_ANSWER_LRU_K,BIN_DIRECT_BEST,4,0,8,8,-454,-926024,true,true,false,GENERIC_MEMOIZATION
32,RATIONAL_CANCEL,selected-primes-plus-full-gcd,BIN_FRONTIER_NOPROP_K,BIN_DIRECT_BEST,4,0,8,8,-452,-919952,true,true,false,GENERIC_CHECKPOINT
32,RATIONAL_CANCEL,selected-primes-plus-full-gcd,BIN_PRIME_FRONTIER_PROP_K,BIN_DIRECT_BEST,4,0,8,8,-452,-919952,true,true,false,GENERIC_OR_UNATTRIBUTED
32,RATIONAL_CANCEL,selected-primes-plus-full-gcd,BIN_PRIME_FRONTIER_PROP_K,BIN_CONTENT_ANSWER_LRU_K,4,0,-1,-1,2,6072,false,false,false,GENERIC_OR_UNATTRIBUTED
32,RATIONAL_CANCEL,selected-primes-plus-full-gcd,BIN_PRIME_FRONTIER_PROP_K,BIN_FRONTIER_NOPROP_K,4,0,0,0,0,0,true,false,false,GENERIC_OR_UNATTRIBUTED
32,RATIONAL_CANCEL,selected-primes-plus-full-gcd,BIN_PRIME_FRONTIER_SPEC_B1_K,BIN_PRIME_FRONTIER_PROP_K,4,1,-1,-1,4,15642,false,false,false,GENERIC_OR_UNATTRIBUTED
32,RATIONAL_CANCEL,selected-primes-plus-full-gcd,BIN_PRIME_FRONTIER_SPEC_B4_K,BIN_PRIME_FRONTIER_PROP_K,4,4,-1,-1,280,629960,false,false,false,GENERIC_OR_UNATTRIBUTED
32,DIVISIBILITY_FILTER_PERSISTENT,four-slot-reuse,BIN_CONTENT_ANSWER_LRU_K,BIN_DIRECT_BEST,1,0,-1,-1,76,110478,false,false,false,GENERIC_MEMOIZATION
32,DIVISIBILITY_FILTER_PERSISTENT,four-slot-reuse,BIN_FRONTIER_NOPROP_K,BIN_DIRECT_BEST,1,0,-1,-1,158,171978,false,false,false,GENERIC_CHECKPOINT
32,DIVISIBILITY_FILTER_PERSISTENT,four-slot-reuse,BIN_PRIME_FRONTIER_PROP_K,BIN_DIRECT_BEST,1,0,-1,-1,158,171978,false,false,false,GENERIC_OR_UNATTRIBUTED
32,DIVISIBILITY_FILTER_PERSISTENT,four-slot-reuse,BIN_PRIME_FRONTIER_PROP_K,BIN_CONTENT_ANSWER_LRU_K,1,0,-1,-1,82,61500,false,false,false,GENERIC_OR_UNATTRIBUTED
32,DIVISIBILITY_FILTER_PERSISTENT,four-slot-reuse,BIN_PRIME_FRONTIER_PROP_K,BIN_FRONTIER_NOPROP_K,1,0,0,0,0,0,true,false,false,GENERIC_OR_UNATTRIBUTED
32,DIVISIBILITY_FILTER_PERSISTENT,four-slot-reuse,BIN_PRIME_FRONTIER_SPEC_B1_K,BIN_PRIME_FRONTIER_PROP_K,1,1,-1,-1,140,296692,false,false,false,GENERIC_OR_UNATTRIBUTED
32,DIVISIBILITY_FILTER_PERSISTENT,four-slot-reuse,BIN_PRIME_FRONTIER_SPEC_B4_K,BIN_PRIME_FRONTIER_PROP_K,1,4,-1,-1,560,1186768,false,false,false,GENERIC_OR_UNATTRIBUTED
32,DIVISIBILITY_FILTER_PERSISTENT,four-slot-reuse,BIN_CONTENT_ANSWER_LRU_K,BIN_DIRECT_BEST,2,0,167,-1,-26,218596,false,true,false,GENERIC_MEMOIZATION
32,DIVISIBILITY_FILTER_PERSISTENT,four-slot-reuse,BIN_FRONTIER_NOPROP_K,BIN_DIRECT_BEST,2,0,-1,-1,90,414435,false,false,false,GENERIC_CHECKPOINT
32,DIVISIBILITY_FILTER_PERSISTENT,four-slot-reuse,BIN_PRIME_FRONTIER_PROP_K,BIN_DIRECT_BEST,2,0,-1,-1,90,414435,false,false,false,GENERIC_OR_UNATTRIBUTED
32,DIVISIBILITY_FILTER_PERSISTENT,four-slot-reuse,BIN_PRIME_FRONTIER_PROP_K,BIN_CONTENT_ANSWER_LRU_K,2,0,-1,-1,116,195839,false,false,false,GENERIC_OR_UNATTRIBUTED
32,DIVISIBILITY_FILTER_PERSISTENT,four-slot-reuse,BIN_PRIME_FRONTIER_PROP_K,BIN_FRONTIER_NOPROP_K,2,0,0,0,0,0,true,false,false,GENERIC_OR_UNATTRIBUTED
32,DIVISIBILITY_FILTER_PERSISTENT,four-slot-reuse,BIN_PRIME_FRONTIER_SPEC_B1_K,BIN_PRIME_FRONTIER_PROP_K,2,1,-1,-1,140,302732,false,false,false,GENERIC_OR_UNATTRIBUTED
32,DIVISIBILITY_FILTER_PERSISTENT,four-slot-reuse,BIN_PRIME_FRONTIER_SPEC_B4_K,BIN_PRIME_FRONTIER_PROP_K,2,4,-1,-1,560,1210928,false,false,false,GENERIC_OR_UNATTRIBUTED
32,DIVISIBILITY_FILTER_PERSISTENT,four-slot-reuse,BIN_CONTENT_ANSWER_LRU_K,BIN_DIRECT_BEST,4,0,9,66,-665,-510124,true,true,false,GENERIC_MEMOIZATION
32,DIVISIBILITY_FILTER_PERSISTENT,four-slot-reuse,BIN_FRONTIER_NOPROP_K,BIN_DIRECT_BEST,4,0,35,-1,-212,543280,false,true,false,GENERIC_CHECKPOINT
32,DIVISIBILITY_FILTER_PERSISTENT,four-slot-reuse,BIN_PRIME_FRONTIER_PROP_K,BIN_DIRECT_BEST,4,0,35,-1,-212,543280,false,true,false,GENERIC_OR_UNATTRIBUTED
32,DIVISIBILITY_FILTER_PERSISTENT,four-slot-reuse,BIN_PRIME_FRONTIER_PROP_K,BIN_CONTENT_ANSWER_LRU_K,4,0,-1,-1,453,1053404,false,false,false,GENERIC_OR_UNATTRIBUTED
32,DIVISIBILITY_FILTER_PERSISTENT,four-slot-reuse,BIN_PRIME_FRONTIER_PROP_K,BIN_FRONTIER_NOPROP_K,4,0,0,0,0,0,true,false,false,GENERIC_OR_UNATTRIBUTED
32,DIVISIBILITY_FILTER_PERSISTENT,four-slot-reuse,BIN_PRIME_FRONTIER_SPEC_B1_K,BIN_PRIME_FRONTIER_PROP_K,4,1,-1,-1,140,314980,false,false,false,GENERIC_OR_UNATTRIBUTED
32,DIVISIBILITY_FILTER_PERSISTENT,four-slot-reuse,BIN_PRIME_FRONTIER_SPEC_B4_K,BIN_PRIME_FRONTIER_PROP_K,4,4,-1,-1,560,1259920,false,false,false,GENERIC_OR_UNATTRIBUTED
32,DIVISIBILITY_FILTER_STREAM,one-query-per-value,BIN_CONTENT_ANSWER_LRU_K,BIN_DIRECT_BEST,1,0,-1,-1,109,177750,false,false,false,GENERIC_MEMOIZATION
32,DIVISIBILITY_FILTER_STREAM,one-query-per-value,BIN_FRONTIER_NOPROP_K,BIN_DIRECT_BEST,1,0,-1,-1,256,288000,false,false,false,GENERIC_CHECKPOINT
32,DIVISIBILITY_FILTER_STREAM,one-query-per-value,BIN_PRIME_FRONTIER_PROP_K,BIN_DIRECT_BEST,1,0,-1,-1,256,288000,false,false,false,GENERIC_OR_UNATTRIBUTED
32,DIVISIBILITY_FILTER_STREAM,one-query-per-value,BIN_PRIME_FRONTIER_PROP_K,BIN_CONTENT_ANSWER_LRU_K,1,0,-1,-1,147,110250,false,false,false,GENERIC_OR_UNATTRIBUTED
32,DIVISIBILITY_FILTER_STREAM,one-query-per-value,BIN_PRIME_FRONTIER_PROP_K,BIN_FRONTIER_NOPROP_K,1,0,0,0,0,0,true,false,false,GENERIC_OR_UNATTRIBUTED
32,DIVISIBILITY_FILTER_STREAM,one-query-per-value,BIN_PRIME_FRONTIER_SPEC_B1_K,BIN_PRIME_FRONTIER_PROP_K,1,1,-1,-1,4174,8849078,false,false,false,GENERIC_OR_UNATTRIBUTED
32,DIVISIBILITY_FILTER_STREAM,one-query-per-value,BIN_PRIME_FRONTIER_SPEC_B4_K,BIN_PRIME_FRONTIER_PROP_K,1,4,-1,-1,17512,37116488,false,false,false,GENERIC_OR_UNATTRIBUTED
32,DIVISIBILITY_FILTER_STREAM,one-query-per-value,BIN_CONTENT_ANSWER_LRU_K,BIN_DIRECT_BEST,2,0,-1,-1,109,356685,false,false,false,GENERIC_MEMOIZATION
32,DIVISIBILITY_FILTER_STREAM,one-query-per-value,BIN_FRONTIER_NOPROP_K,BIN_DIRECT_BEST,2,0,-1,-1,256,577920,false,false,false,GENERIC_CHECKPOINT
32,DIVISIBILITY_FILTER_STREAM,one-query-per-value,BIN_PRIME_FRONTIER_PROP_K,BIN_DIRECT_BEST,2,0,-1,-1,256,577920,false,false,false,GENERIC_OR_UNATTRIBUTED
32,DIVISIBILITY_FILTER_STREAM,one-query-per-value,BIN_PRIME_FRONTIER_PROP_K,BIN_CONTENT_ANSWER_LRU_K,2,0,-1,-1,147,221235,false,false,false,GENERIC_OR_UNATTRIBUTED
32,DIVISIBILITY_FILTER_STREAM,one-query-per-value,BIN_PRIME_FRONTIER_PROP_K,BIN_FRONTIER_NOPROP_K,2,0,0,0,0,0,true,false,false,GENERIC_OR_UNATTRIBUTED
32,DIVISIBILITY_FILTER_STREAM,one-query-per-value,BIN_PRIME_FRONTIER_SPEC_B1_K,BIN_PRIME_FRONTIER_PROP_K,2,1,-1,-1,4174,9035563,false,false,false,GENERIC_OR_UNATTRIBUTED
32,DIVISIBILITY_FILTER_STREAM,one-query-per-value,BIN_PRIME_FRONTIER_SPEC_B4_K,BIN_PRIME_FRONTIER_PROP_K,2,4,-1,-1,16934,36649255,false,false,false,GENERIC_OR_UNATTRIBUTED
32,DIVISIBILITY_FILTER_STREAM,one-query-per-value,BIN_CONTENT_ANSWER_LRU_K,BIN_DIRECT_BEST,4,0,-1,-1,109,719532,false,false,false,GENERIC_MEMOIZATION
32,DIVISIBILITY_FILTER_STREAM,one-query-per-value,BIN_FRONTIER_NOPROP_K,BIN_DIRECT_BEST,4,0,-1,-1,256,1165824,false,false,false,GENERIC_CHECKPOINT
32,DIVISIBILITY_FILTER_STREAM,one-query-per-value,BIN_PRIME_FRONTIER_PROP_K,BIN_DIRECT_BEST,4,0,-1,-1,256,1165824,false,false,false,GENERIC_OR_UNATTRIBUTED
32,DIVISIBILITY_FILTER_STREAM,one-query-per-value,BIN_PRIME_FRONTIER_PROP_K,BIN_CONTENT_ANSWER_LRU_K,4,0,-1,-1,147,446292,false,false,false,GENERIC_OR_UNATTRIBUTED
32,DIVISIBILITY_FILTER_STREAM,one-query-per-value,BIN_PRIME_FRONTIER_PROP_K,BIN_FRONTIER_NOPROP_K,4,0,0,0,0,0,true,false,false,GENERIC_OR_UNATTRIBUTED
32,DIVISIBILITY_FILTER_STREAM,one-query-per-value,BIN_PRIME_FRONTIER_SPEC_B1_K,BIN_PRIME_FRONTIER_PROP_K,4,1,-1,-1,4174,9413720,false,false,false,GENERIC_OR_UNATTRIBUTED
32,DIVISIBILITY_FILTER_STREAM,one-query-per-value,BIN_PRIME_FRONTIER_SPEC_B4_K,BIN_PRIME_FRONTIER_PROP_K,4,4,-1,-1,16084,36323600,false,false,false,GENERIC_OR_UNATTRIBUTED
32,SMOOTH_STRIP,smooth-near-smooth-rough,BIN_CONTENT_ANSWER_LRU_K,BIN_DIRECT_BEST,1,0,-1,-1,209,313500,false,false,false,GENERIC_MEMOIZATION
32,SMOOTH_STRIP,smooth-near-smooth-rough,BIN_FRONTIER_NOPROP_K,BIN_DIRECT_BEST,1,0,-1,-1,228,327750,false,false,false,GENERIC_CHECKPOINT
32,SMOOTH_STRIP,smooth-near-smooth-rough,BIN_PRIME_FRONTIER_PROP_K,BIN_DIRECT_BEST,1,0,-1,-1,228,327750,false,false,false,GENERIC_OR_UNATTRIBUTED
32,SMOOTH_STRIP,smooth-near-smooth-rough,BIN_PRIME_FRONTIER_PROP_K,BIN_CONTENT_ANSWER_LRU_K,1,0,-1,-1,19,14250,false,false,false,GENERIC_OR_UNATTRIBUTED
32,SMOOTH_STRIP,smooth-near-smooth-rough,BIN_PRIME_FRONTIER_PROP_K,BIN_FRONTIER_NOPROP_K,1,0,0,0,0,0,true,false,false,GENERIC_OR_UNATTRIBUTED
32,SMOOTH_STRIP,smooth-near-smooth-rough,BIN_PRIME_FRONTIER_SPEC_B1_K,BIN_PRIME_FRONTIER_PROP_K,1,1,-1,-1,635,1325921,false,false,false,GENERIC_OR_UNATTRIBUTED
32,SMOOTH_STRIP,smooth-near-smooth-rough,BIN_PRIME_FRONTIER_SPEC_B4_K,BIN_PRIME_FRONTIER_PROP_K,1,4,-1,-1,2420,5108744,false,false,false,GENERIC_OR_UNATTRIBUTED
32,SMOOTH_STRIP,smooth-near-smooth-rough,BIN_CONTENT_ANSWER_LRU_K,BIN_DIRECT_BEST,2,0,-1,-1,209,629090,false,false,false,GENERIC_MEMOIZATION
32,SMOOTH_STRIP,smooth-near-smooth-rough,BIN_FRONTIER_NOPROP_K,BIN_DIRECT_BEST,2,0,-1,-1,228,657685,false,false,false,GENERIC_CHECKPOINT
32,SMOOTH_STRIP,smooth-near-smooth-rough,BIN_PRIME_FRONTIER_PROP_K,BIN_DIRECT_BEST,2,0,-1,-1,228,657685,false,false,false,GENERIC_OR_UNATTRIBUTED
32,SMOOTH_STRIP,smooth-near-smooth-rough,BIN_PRIME_FRONTIER_PROP_K,BIN_CONTENT_ANSWER_LRU_K,2,0,-1,-1,19,28595,false,false,false,GENERIC_OR_UNATTRIBUTED
32,SMOOTH_STRIP,smooth-near-smooth-rough,BIN_PRIME_FRONTIER_PROP_K,BIN_FRONTIER_NOPROP_K,2,0,0,0,0,0,true,false,false,GENERIC_OR_UNATTRIBUTED
32,SMOOTH_STRIP,smooth-near-smooth-rough,BIN_PRIME_FRONTIER_SPEC_B1_K,BIN_PRIME_FRONTIER_PROP_K,2,1,-1,-1,65,162538,false,false,false,GENERIC_OR_UNATTRIBUTED
32,SMOOTH_STRIP,smooth-near-smooth-rough,BIN_PRIME_FRONTIER_SPEC_B4_K,BIN_PRIME_FRONTIER_PROP_K,2,4,-1,-1,2420,5241624,false,false,false,GENERIC_OR_UNATTRIBUTED
32,SMOOTH_STRIP,smooth-near-smooth-rough,BIN_CONTENT_ANSWER_LRU_K,BIN_DIRECT_BEST,4,0,-1,-1,209,1269048,false,false,false,GENERIC_MEMOIZATION
32,SMOOTH_STRIP,smooth-near-smooth-rough,BIN_FRONTIER_NOPROP_K,BIN_DIRECT_BEST,4,0,-1,-1,228,1326732,false,false,false,GENERIC_CHECKPOINT
32,SMOOTH_STRIP,smooth-near-smooth-rough,BIN_PRIME_FRONTIER_PROP_K,BIN_DIRECT_BEST,4,0,-1,-1,228,1326732,false,false,false,GENERIC_OR_UNATTRIBUTED
32,SMOOTH_STRIP,smooth-near-smooth-rough,BIN_PRIME_FRONTIER_PROP_K,BIN_CONTENT_ANSWER_LRU_K,4,0,-1,-1,19,57684,false,false,false,GENERIC_OR_UNATTRIBUTED
32,SMOOTH_STRIP,smooth-near-smooth-rough,BIN_PRIME_FRONTIER_PROP_K,BIN_FRONTIER_NOPROP_K,4,0,0,0,0,0,true,false,false,GENERIC_OR_UNATTRIBUTED
32,SMOOTH_STRIP,smooth-near-smooth-rough,BIN_PRIME_FRONTIER_SPEC_B1_K,BIN_PRIME_FRONTIER_PROP_K,4,1,-1,-1,65,262053,false,false,false,GENERIC_OR_UNATTRIBUTED
32,SMOOTH_STRIP,smooth-near-smooth-rough,BIN_PRIME_FRONTIER_SPEC_B4_K,BIN_PRIME_FRONTIER_PROP_K,4,4,-1,-1,2420,5511080,false,false,false,GENERIC_OR_UNATTRIBUTED
32,MULTIPLICATIVE_DAG,cold-leaves-balanced-products,BIN_CONTENT_ANSWER_LRU_K,BIN_DIRECT_BEST,1,0,-1,-1,5,7500,false,false,false,GENERIC_MEMOIZATION
32,MULTIPLICATIVE_DAG,cold-leaves-balanced-products,BIN_FRONTIER_NOPROP_K,BIN_DIRECT_BEST,1,0,-1,-1,12,12750,false,false,false,GENERIC_CHECKPOINT
32,MULTIPLICATIVE_DAG,cold-leaves-balanced-products,BIN_PRIME_FRONTIER_PROP_K,BIN_DIRECT_BEST,1,0,-1,-1,18,17250,false,false,false,PRIME_PROPAGATION_ELIGIBLE
32,MULTIPLICATIVE_DAG,cold-leaves-balanced-products,BIN_PRIME_FRONTIER_PROP_K,BIN_CONTENT_ANSWER_LRU_K,1,0,-1,-1,13,9750,false,false,false,PRIME_PROPAGATION_ELIGIBLE
32,MULTIPLICATIVE_DAG,cold-leaves-balanced-products,BIN_PRIME_FRONTIER_PROP_K,BIN_FRONTIER_NOPROP_K,1,0,-1,-1,6,4500,false,false,false,PRIME_PROPAGATION_ELIGIBLE
32,MULTIPLICATIVE_DAG,cold-leaves-balanced-products,BIN_PRIME_FRONTIER_SPEC_B1_K,BIN_PRIME_FRONTIER_PROP_K,1,1,-1,-1,212,448287,false,false,false,PRIME_PROPAGATION_ELIGIBLE
32,MULTIPLICATIVE_DAG,cold-leaves-balanced-products,BIN_PRIME_FRONTIER_SPEC_B4_K,BIN_PRIME_FRONTIER_PROP_K,1,4,-1,-1,980,2076844,false,false,false,PRIME_PROPAGATION_ELIGIBLE
32,MULTIPLICATIVE_DAG,cold-leaves-balanced-products,BIN_CONTENT_ANSWER_LRU_K,BIN_DIRECT_BEST,2,0,-1,-1,5,15050,false,false,false,GENERIC_MEMOIZATION
32,MULTIPLICATIVE_DAG,cold-leaves-balanced-products,BIN_FRONTIER_NOPROP_K,BIN_DIRECT_BEST,2,0,-1,-1,12,25585,false,false,false,GENERIC_CHECKPOINT
32,MULTIPLICATIVE_DAG,cold-leaves-balanced-products,BIN_PRIME_FRONTIER_PROP_K,BIN_DIRECT_BEST,2,0,-1,-1,21,36120,false,false,false,PRIME_PROPAGATION_ELIGIBLE
32,MULTIPLICATIVE_DAG,cold-leaves-balanced-products,BIN_PRIME_FRONTIER_PROP_K,BIN_CONTENT_ANSWER_LRU_K,2,0,-1,-1,16,21070,false,false,false,PRIME_PROPAGATION_ELIGIBLE
32,MULTIPLICATIVE_DAG,cold-leaves-balanced-products,BIN_PRIME_FRONTIER_PROP_K,BIN_FRONTIER_NOPROP_K,2,0,-1,-1,9,10535,false,false,false,PRIME_PROPAGATION_ELIGIBLE
32,MULTIPLICATIVE_DAG,cold-leaves-balanced-products,BIN_PRIME_FRONTIER_SPEC_B1_K,BIN_PRIME_FRONTIER_PROP_K,2,1,-1,-1,209,457352,false,false,false,PRIME_PROPAGATION_ELIGIBLE
32,MULTIPLICATIVE_DAG,cold-leaves-balanced-products,BIN_PRIME_FRONTIER_SPEC_B4_K,BIN_PRIME_FRONTIER_PROP_K,2,4,-1,-1,977,2117619,false,false,false,PRIME_PROPAGATION_ELIGIBLE
32,MULTIPLICATIVE_DAG,cold-leaves-balanced-products,BIN_CONTENT_ANSWER_LRU_K,BIN_DIRECT_BEST,4,0,-1,-1,5,30360,false,false,false,GENERIC_MEMOIZATION
32,MULTIPLICATIVE_DAG,cold-leaves-balanced-products,BIN_FRONTIER_NOPROP_K,BIN_DIRECT_BEST,4,0,-1,-1,12,51612,false,false,false,GENERIC_CHECKPOINT
32,MULTIPLICATIVE_DAG,cold-leaves-balanced-products,BIN_PRIME_FRONTIER_PROP_K,BIN_DIRECT_BEST,4,0,-1,-1,21,72864,false,false,false,PRIME_PROPAGATION_ELIGIBLE
32,MULTIPLICATIVE_DAG,cold-leaves-balanced-products,BIN_PRIME_FRONTIER_PROP_K,BIN_CONTENT_ANSWER_LRU_K,4,0,-1,-1,16,42504,false,false,false,PRIME_PROPAGATION_ELIGIBLE
32,MULTIPLICATIVE_DAG,cold-leaves-balanced-products,BIN_PRIME_FRONTIER_PROP_K,BIN_FRONTIER_NOPROP_K,4,0,-1,-1,9,21252,false,false,false,PRIME_PROPAGATION_ELIGIBLE
32,MULTIPLICATIVE_DAG,cold-leaves-balanced-products,BIN_PRIME_FRONTIER_SPEC_B1_K,BIN_PRIME_FRONTIER_PROP_K,4,1,-1,-1,50,132205,false,false,false,PRIME_PROPAGATION_ELIGIBLE
32,MULTIPLICATIVE_DAG,cold-leaves-balanced-products,BIN_PRIME_FRONTIER_SPEC_B4_K,BIN_PRIME_FRONTIER_PROP_K,4,4,-1,-1,948,2138721,false,false,false,PRIME_PROPAGATION_ELIGIBLE
32,PRODUCER_FACTORED,known-prime-constructor,BIN_CONTENT_ANSWER_LRU_K,BIN_DIRECT_BEST,1,0,-1,-1,5,7500,false,false,false,GENERIC_MEMOIZATION
32,PRODUCER_FACTORED,known-prime-constructor,BIN_FRONTIER_NOPROP_K,BIN_DIRECT_BEST,1,0,-1,-1,11,12000,false,false,false,GENERIC_CHECKPOINT
32,PRODUCER_FACTORED,known-prime-constructor,BIN_PRIME_FRONTIER_PROP_K,BIN_DIRECT_BEST,1,0,-1,-1,29,22500,false,false,false,GENERIC_OR_UNATTRIBUTED
32,PRODUCER_FACTORED,known-prime-constructor,BIN_PRIME_FRONTIER_PROP_K,BIN_CONTENT_ANSWER_LRU_K,1,0,-1,-1,24,15000,false,false,false,GENERIC_OR_UNATTRIBUTED
32,PRODUCER_FACTORED,known-prime-constructor,BIN_PRIME_FRONTIER_PROP_K,BIN_FRONTIER_NOPROP_K,1,0,-1,-1,18,10500,false,false,false,GENERIC_OR_UNATTRIBUTED
32,PRODUCER_FACTORED,known-prime-constructor,BIN_PRIME_FRONTIER_SPEC_B1_K,BIN_PRIME_FRONTIER_PROP_K,1,1,-1,-1,196,405104,false,false,false,GENERIC_OR_UNATTRIBUTED
32,PRODUCER_FACTORED,known-prime-constructor,BIN_PRIME_FRONTIER_SPEC_B4_K,BIN_PRIME_FRONTIER_PROP_K,1,4,-1,-1,721,1515950,false,false,false,GENERIC_OR_UNATTRIBUTED
32,PRODUCER_FACTORED,known-prime-constructor,BIN_CONTENT_ANSWER_LRU_K,BIN_DIRECT_BEST,2,0,-1,-1,5,15050,false,false,false,GENERIC_MEMOIZATION
32,PRODUCER_FACTORED,known-prime-constructor,BIN_FRONTIER_NOPROP_K,BIN_DIRECT_BEST,2,0,-1,-1,11,24080,false,false,false,GENERIC_CHECKPOINT
32,PRODUCER_FACTORED,known-prime-constructor,BIN_PRIME_FRONTIER_PROP_K,BIN_DIRECT_BEST,2,0,-1,-1,35,49665,false,false,false,GENERIC_OR_UNATTRIBUTED
32,PRODUCER_FACTORED,known-prime-constructor,BIN_PRIME_FRONTIER_PROP_K,BIN_CONTENT_ANSWER_LRU_K,2,0,-1,-1,30,34615,false,false,false,GENERIC_OR_UNATTRIBUTED
32,PRODUCER_FACTORED,known-prime-constructor,BIN_PRIME_FRONTIER_PROP_K,BIN_FRONTIER_NOPROP_K,2,0,-1,-1,24,25585,false,false,false,GENERIC_OR_UNATTRIBUTED
32,PRODUCER_FACTORED,known-prime-constructor,BIN_PRIME_FRONTIER_SPEC_B1_K,BIN_PRIME_FRONTIER_PROP_K,2,1,-1,-1,168,364843,false,false,false,GENERIC_OR_UNATTRIBUTED
32,PRODUCER_FACTORED,known-prime-constructor,BIN_PRIME_FRONTIER_SPEC_B4_K,BIN_PRIME_FRONTIER_PROP_K,2,4,-1,-1,724,1562755,false,false,false,GENERIC_OR_UNATTRIBUTED
32,PRODUCER_FACTORED,known-prime-constructor,BIN_CONTENT_ANSWER_LRU_K,BIN_DIRECT_BEST,4,0,-1,-1,5,30360,false,false,false,GENERIC_MEMOIZATION
32,PRODUCER_FACTORED,known-prime-constructor,BIN_FRONTIER_NOPROP_K,BIN_DIRECT_BEST,4,0,-1,-1,11,48576,false,false,false,GENERIC_CHECKPOINT
32,PRODUCER_FACTORED,known-prime-constructor,BIN_PRIME_FRONTIER_PROP_K,BIN_DIRECT_BEST,4,0,-1,-1,41,109296,false,false,false,GENERIC_OR_UNATTRIBUTED
32,PRODUCER_FACTORED,known-prime-constructor,BIN_PRIME_FRONTIER_PROP_K,BIN_CONTENT_ANSWER_LRU_K,4,0,-1,-1,36,78936,false,false,false,GENERIC_OR_UNATTRIBUTED
32,PRODUCER_FACTORED,known-prime-constructor,BIN_PRIME_FRONTIER_PROP_K,BIN_FRONTIER_NOPROP_K,4,0,-1,-1,30,60720,false,false,false,GENERIC_OR_UNATTRIBUTED
32,PRODUCER_FACTORED,known-prime-constructor,BIN_PRIME_FRONTIER_SPEC_B1_K,BIN_PRIME_FRONTIER_PROP_K,4,1,-1,-1,221,538001,false,false,false,GENERIC_OR_UNATTRIBUTED
32,PRODUCER_FACTORED,known-prime-constructor,BIN_PRIME_FRONTIER_SPEC_B4_K,BIN_PRIME_FRONTIER_PROP_K,4,4,-1,-1,746,1715678,false,false,false,GENERIC_OR_UNATTRIBUTED
32,ADDITION_MUTATION,query-then-increment,BIN_CONTENT_ANSWER_LRU_K,BIN_DIRECT_BEST,1,0,-1,-1,48,72000,false,false,false,GENERIC_MEMOIZATION
32,ADDITION_MUTATION,query-then-increment,BIN_FRONTIER_NOPROP_K,BIN_DIRECT_BEST,1,0,-1,-1,98,109500,false,false,false,GENERIC_CHECKPOINT
32,ADDITION_MUTATION,query-then-increment,BIN_PRIME_FRONTIER_PROP_K,BIN_DIRECT_BEST,1,0,-1,-1,98,109500,false,false,false,GENERIC_OR_UNATTRIBUTED
32,ADDITION_MUTATION,query-then-increment,BIN_PRIME_FRONTIER_PROP_K,BIN_CONTENT_ANSWER_LRU_K,1,0,-1,-1,50,37500,false,false,false,GENERIC_OR_UNATTRIBUTED
32,ADDITION_MUTATION,query-then-increment,BIN_PRIME_FRONTIER_PROP_K,BIN_FRONTIER_NOPROP_K,1,0,0,0,0,0,true,false,false,GENERIC_OR_UNATTRIBUTED
32,ADDITION_MUTATION,query-then-increment,BIN_PRIME_FRONTIER_SPEC_B1_K,BIN_PRIME_FRONTIER_PROP_K,1,1,-1,-1,152,309539,false,false,false,GENERIC_OR_UNATTRIBUTED
32,ADDITION_MUTATION,query-then-increment,BIN_PRIME_FRONTIER_SPEC_B4_K,BIN_PRIME_FRONTIER_PROP_K,1,4,-1,-1,6880,14570398,false,false,false,GENERIC_OR_UNATTRIBUTED
32,ADDITION_MUTATION,query-then-increment,BIN_CONTENT_ANSWER_LRU_K,BIN_DIRECT_BEST,2,0,-1,-1,48,144480,false,false,false,GENERIC_MEMOIZATION
32,ADDITION_MUTATION,query-then-increment,BIN_FRONTIER_NOPROP_K,BIN_DIRECT_BEST,2,0,-1,-1,98,219730,false,false,false,GENERIC_CHECKPOINT
32,ADDITION_MUTATION,query-then-increment,BIN_PRIME_FRONTIER_PROP_K,BIN_DIRECT_BEST,2,0,-1,-1,98,219730,false,false,false,GENERIC_OR_UNATTRIBUTED
32,ADDITION_MUTATION,query-then-increment,BIN_PRIME_FRONTIER_PROP_K,BIN_CONTENT_ANSWER_LRU_K,2,0,-1,-1,50,75250,false,false,false,GENERIC_OR_UNATTRIBUTED
32,ADDITION_MUTATION,query-then-increment,BIN_PRIME_FRONTIER_PROP_K,BIN_FRONTIER_NOPROP_K,2,0,0,0,0,0,true,false,false,GENERIC_OR_UNATTRIBUTED
32,ADDITION_MUTATION,query-then-increment,BIN_PRIME_FRONTIER_SPEC_B1_K,BIN_PRIME_FRONTIER_PROP_K,2,1,-1,-1,152,374469,false,false,false,GENERIC_OR_UNATTRIBUTED
32,ADDITION_MUTATION,query-then-increment,BIN_PRIME_FRONTIER_SPEC_B4_K,BIN_PRIME_FRONTIER_PROP_K,2,4,-1,-1,6880,14881458,false,false,false,GENERIC_OR_UNATTRIBUTED
32,ADDITION_MUTATION,query-then-increment,BIN_CONTENT_ANSWER_LRU_K,BIN_DIRECT_BEST,4,0,-1,-1,48,291456,false,false,false,GENERIC_MEMOIZATION
32,ADDITION_MUTATION,query-then-increment,BIN_FRONTIER_NOPROP_K,BIN_DIRECT_BEST,4,0,-1,-1,98,443256,false,false,false,GENERIC_CHECKPOINT
32,ADDITION_MUTATION,query-then-increment,BIN_PRIME_FRONTIER_PROP_K,BIN_DIRECT_BEST,4,0,-1,-1,98,443256,false,false,false,GENERIC_OR_UNATTRIBUTED
32,ADDITION_MUTATION,query-then-increment,BIN_PRIME_FRONTIER_PROP_K,BIN_CONTENT_ANSWER_LRU_K,4,0,-1,-1,50,151800,false,false,false,GENERIC_OR_UNATTRIBUTED
32,ADDITION_MUTATION,query-then-increment,BIN_PRIME_FRONTIER_PROP_K,BIN_FRONTIER_NOPROP_K,4,0,0,0,0,0,true,false,false,GENERIC_OR_UNATTRIBUTED
32,ADDITION_MUTATION,query-then-increment,BIN_PRIME_FRONTIER_SPEC_B1_K,BIN_PRIME_FRONTIER_PROP_K,4,1,-1,-1,152,506135,false,false,false,GENERIC_OR_UNATTRIBUTED
32,ADDITION_MUTATION,query-then-increment,BIN_PRIME_FRONTIER_SPEC_B4_K,BIN_PRIME_FRONTIER_PROP_K,4,4,-1,-1,5297,12081650,false,false,false,GENERIC_OR_UNATTRIBUTED
32,PHASE_SHIFT,locality-to-stream,BIN_CONTENT_ANSWER_LRU_K,BIN_DIRECT_BEST,1,0,2,2,-18646,-40069158,true,true,false,GENERIC_MEMOIZATION
32,PHASE_SHIFT,locality-to-stream,BIN_FRONTIER_NOPROP_K,BIN_DIRECT_BEST,1,0,2,2,-18581,-40020408,true,true,false,GENERIC_CHECKPOINT
32,PHASE_SHIFT,locality-to-stream,BIN_PRIME_FRONTIER_PROP_K,BIN_DIRECT_BEST,1,0,2,2,-18581,-40020408,true,true,false,GENERIC_OR_UNATTRIBUTED
32,PHASE_SHIFT,locality-to-stream,BIN_PRIME_FRONTIER_PROP_K,BIN_CONTENT_ANSWER_LRU_K,1,0,-1,-1,65,48750,false,false,false,GENERIC_OR_UNATTRIBUTED
32,PHASE_SHIFT,locality-to-stream,BIN_PRIME_FRONTIER_PROP_K,BIN_FRONTIER_NOPROP_K,1,0,0,0,0,0,true,false,false,GENERIC_OR_UNATTRIBUTED
32,PHASE_SHIFT,locality-to-stream,BIN_PRIME_FRONTIER_SPEC_B1_K,BIN_PRIME_FRONTIER_PROP_K,1,1,-1,-1,2004,4248603,false,false,false,GENERIC_OR_UNATTRIBUTED
32,PHASE_SHIFT,locality-to-stream,BIN_PRIME_FRONTIER_SPEC_B4_K,BIN_PRIME_FRONTIER_PROP_K,1,4,-1,-1,8897,18855686,false,false,false,GENERIC_OR_UNATTRIBUTED
32,PHASE_SHIFT,locality-to-stream,BIN_CONTENT_ANSWER_LRU_K,BIN_DIRECT_BEST,2,0,2,2,-18646,-39923443,true,true,false,GENERIC_MEMOIZATION
32,PHASE_SHIFT,locality-to-stream,BIN_FRONTIER_NOPROP_K,BIN_DIRECT_BEST,2,0,2,2,-18581,-39825618,true,true,false,GENERIC_CHECKPOINT
32,PHASE_SHIFT,locality-to-stream,BIN_PRIME_FRONTIER_PROP_K,BIN_DIRECT_BEST,2,0,2,2,-18581,-39825618,true,true,false,GENERIC_OR_UNATTRIBUTED
32,PHASE_SHIFT,locality-to-stream,BIN_PRIME_FRONTIER_PROP_K,BIN_CONTENT_ANSWER_LRU_K,2,0,-1,-1,65,97825,false,false,false,GENERIC_OR_UNATTRIBUTED
32,PHASE_SHIFT,locality-to-stream,BIN_PRIME_FRONTIER_PROP_K,BIN_FRONTIER_NOPROP_K,2,0,0,0,0,0,true,false,false,GENERIC_OR_UNATTRIBUTED
32,PHASE_SHIFT,locality-to-stream,BIN_PRIME_FRONTIER_SPEC_B1_K,BIN_PRIME_FRONTIER_PROP_K,2,1,-1,-1,2004,4341468,false,false,false,GENERIC_OR_UNATTRIBUTED
32,PHASE_SHIFT,locality-to-stream,BIN_PRIME_FRONTIER_SPEC_B4_K,BIN_PRIME_FRONTIER_PROP_K,2,4,-1,-1,8660,18739013,false,false,false,GENERIC_OR_UNATTRIBUTED
32,PHASE_SHIFT,locality-to-stream,BIN_CONTENT_ANSWER_LRU_K,BIN_DIRECT_BEST,4,0,2,2,-18646,-39627960,true,true,false,GENERIC_MEMOIZATION
32,PHASE_SHIFT,locality-to-stream,BIN_FRONTIER_NOPROP_K,BIN_DIRECT_BEST,4,0,2,2,-18581,-39430620,true,true,false,GENERIC_CHECKPOINT
32,PHASE_SHIFT,locality-to-stream,BIN_PRIME_FRONTIER_PROP_K,BIN_DIRECT_BEST,4,0,2,2,-18581,-39430620,true,true,false,GENERIC_OR_UNATTRIBUTED
32,PHASE_SHIFT,locality-to-stream,BIN_PRIME_FRONTIER_PROP_K,BIN_CONTENT_ANSWER_LRU_K,4,0,-1,-1,65,197340,false,false,false,GENERIC_OR_UNATTRIBUTED
32,PHASE_SHIFT,locality-to-stream,BIN_PRIME_FRONTIER_PROP_K,BIN_FRONTIER_NOPROP_K,4,0,0,0,0,0,true,false,false,GENERIC_OR_UNATTRIBUTED
32,PHASE_SHIFT,locality-to-stream,BIN_PRIME_FRONTIER_SPEC_B1_K,BIN_PRIME_FRONTIER_PROP_K,4,1,-1,-1,2004,4529781,false,false,false,GENERIC_OR_UNATTRIBUTED
32,PHASE_SHIFT,locality-to-stream,BIN_PRIME_FRONTIER_SPEC_B4_K,BIN_PRIME_FRONTIER_PROP_K,4,4,-1,-1,8188,18494996,false,false,false,GENERIC_OR_UNATTRIBUTED
32,COMPOSITE_CONTROL,size-matched-divisors-and-2x3-counterexample,BIN_CONTENT_ANSWER_LRU_K,BIN_DIRECT_BEST,1,0,-1,-1,11,16500,false,false,false,GENERIC_MEMOIZATION
32,COMPOSITE_CONTROL,size-matched-divisors-and-2x3-counterexample,BIN_FRONTIER_NOPROP_K,BIN_DIRECT_BEST,1,0,-1,-1,13,18000,false,false,false,GENERIC_CHECKPOINT
32,COMPOSITE_CONTROL,size-matched-divisors-and-2x3-counterexample,BIN_PRIME_FRONTIER_PROP_K,BIN_DIRECT_BEST,1,0,-1,-1,13,18000,false,false,false,GENERIC_OR_UNATTRIBUTED
32,COMPOSITE_CONTROL,size-matched-divisors-and-2x3-counterexample,BIN_PRIME_FRONTIER_PROP_K,BIN_CONTENT_ANSWER_LRU_K,1,0,-1,-1,2,1500,false,false,false,GENERIC_OR_UNATTRIBUTED
32,COMPOSITE_CONTROL,size-matched-divisors-and-2x3-counterexample,BIN_PRIME_FRONTIER_PROP_K,BIN_FRONTIER_NOPROP_K,1,0,0,0,0,0,true,false,false,GENERIC_OR_UNATTRIBUTED
32,COMPOSITE_CONTROL,size-matched-divisors-and-2x3-counterexample,BIN_PRIME_FRONTIER_SPEC_B1_K,BIN_PRIME_FRONTIER_PROP_K,1,1,0,0,0,0,true,false,false,GENERIC_OR_UNATTRIBUTED
32,COMPOSITE_CONTROL,size-matched-divisors-and-2x3-counterexample,BIN_PRIME_FRONTIER_SPEC_B4_K,BIN_PRIME_FRONTIER_PROP_K,1,4,0,0,0,0,true,false,false,GENERIC_OR_UNATTRIBUTED
32,COMPOSITE_CONTROL,size-matched-divisors-and-2x3-counterexample,BIN_CONTENT_ANSWER_LRU_K,BIN_DIRECT_BEST,2,0,-1,-1,11,33110,false,false,false,GENERIC_MEMOIZATION
32,COMPOSITE_CONTROL,size-matched-divisors-and-2x3-counterexample,BIN_FRONTIER_NOPROP_K,BIN_DIRECT_BEST,2,0,-1,-1,13,36120,false,false,false,GENERIC_CHECKPOINT
32,COMPOSITE_CONTROL,size-matched-divisors-and-2x3-counterexample,BIN_PRIME_FRONTIER_PROP_K,BIN_DIRECT_BEST,2,0,-1,-1,13,36120,false,false,false,GENERIC_OR_UNATTRIBUTED
32,COMPOSITE_CONTROL,size-matched-divisors-and-2x3-counterexample,BIN_PRIME_FRONTIER_PROP_K,BIN_CONTENT_ANSWER_LRU_K,2,0,-1,-1,2,3010,false,false,false,GENERIC_OR_UNATTRIBUTED
32,COMPOSITE_CONTROL,size-matched-divisors-and-2x3-counterexample,BIN_PRIME_FRONTIER_PROP_K,BIN_FRONTIER_NOPROP_K,2,0,0,0,0,0,true,false,false,GENERIC_OR_UNATTRIBUTED
32,COMPOSITE_CONTROL,size-matched-divisors-and-2x3-counterexample,BIN_PRIME_FRONTIER_SPEC_B1_K,BIN_PRIME_FRONTIER_PROP_K,2,1,0,0,0,0,true,false,false,GENERIC_OR_UNATTRIBUTED
32,COMPOSITE_CONTROL,size-matched-divisors-and-2x3-counterexample,BIN_PRIME_FRONTIER_SPEC_B4_K,BIN_PRIME_FRONTIER_PROP_K,2,4,0,0,0,0,true,false,false,GENERIC_OR_UNATTRIBUTED
32,COMPOSITE_CONTROL,size-matched-divisors-and-2x3-counterexample,BIN_CONTENT_ANSWER_LRU_K,BIN_DIRECT_BEST,4,0,-1,-1,11,66792,false,false,false,GENERIC_MEMOIZATION
32,COMPOSITE_CONTROL,size-matched-divisors-and-2x3-counterexample,BIN_FRONTIER_NOPROP_K,BIN_DIRECT_BEST,4,0,-1,-1,13,72864,false,false,false,GENERIC_CHECKPOINT
32,COMPOSITE_CONTROL,size-matched-divisors-and-2x3-counterexample,BIN_PRIME_FRONTIER_PROP_K,BIN_DIRECT_BEST,4,0,-1,-1,13,72864,false,false,false,GENERIC_OR_UNATTRIBUTED
32,COMPOSITE_CONTROL,size-matched-divisors-and-2x3-counterexample,BIN_PRIME_FRONTIER_PROP_K,BIN_CONTENT_ANSWER_LRU_K,4,0,-1,-1,2,6072,false,false,false,GENERIC_OR_UNATTRIBUTED
32,COMPOSITE_CONTROL,size-matched-divisors-and-2x3-counterexample,BIN_PRIME_FRONTIER_PROP_K,BIN_FRONTIER_NOPROP_K,4,0,0,0,0,0,true,false,false,GENERIC_OR_UNATTRIBUTED
32,COMPOSITE_CONTROL,size-matched-divisors-and-2x3-counterexample,BIN_PRIME_FRONTIER_SPEC_B1_K,BIN_PRIME_FRONTIER_PROP_K,4,1,0,0,0,0,true,false,false,GENERIC_OR_UNATTRIBUTED
32,COMPOSITE_CONTROL,size-matched-divisors-and-2x3-counterexample,BIN_PRIME_FRONTIER_SPEC_B4_K,BIN_PRIME_FRONTIER_PROP_K,4,4,0,0,0,0,true,false,false,GENERIC_OR_UNATTRIBUTED
32,RADIX_V2,ctz-isolated,BIN_CONTENT_ANSWER_LRU_K,BIN_DIRECT_BEST,1,0,-1,-1,64,96000,false,false,false,GENERIC_MEMOIZATION
32,RADIX_V2,ctz-isolated,BIN_FRONTIER_NOPROP_K,BIN_DIRECT_BEST,1,0,-1,-1,128,144000,false,false,false,GENERIC_CHECKPOINT
32,RADIX_V2,ctz-isolated,BIN_PRIME_FRONTIER_PROP_K,BIN_DIRECT_BEST,1,0,-1,-1,128,144000,false,false,false,GENERIC_OR_UNATTRIBUTED
32,RADIX_V2,ctz-isolated,BIN_PRIME_FRONTIER_PROP_K,BIN_CONTENT_ANSWER_LRU_K,1,0,-1,-1,64,48000,false,false,false,GENERIC_OR_UNATTRIBUTED
32,RADIX_V2,ctz-isolated,BIN_PRIME_FRONTIER_PROP_K,BIN_FRONTIER_NOPROP_K,1,0,0,0,0,0,true,false,false,GENERIC_OR_UNATTRIBUTED
32,RADIX_V2,ctz-isolated,BIN_PRIME_FRONTIER_SPEC_B1_K,BIN_PRIME_FRONTIER_PROP_K,1,1,-1,-1,2210,4663706,false,false,false,GENERIC_OR_UNATTRIBUTED
32,RADIX_V2,ctz-isolated,BIN_PRIME_FRONTIER_SPEC_B4_K,BIN_PRIME_FRONTIER_PROP_K,1,4,-1,-1,8720,18459884,false,false,false,GENERIC_OR_UNATTRIBUTED
32,RADIX_V2,ctz-isolated,BIN_CONTENT_ANSWER_LRU_K,BIN_DIRECT_BEST,2,0,-1,-1,64,192640,false,false,false,GENERIC_MEMOIZATION
32,RADIX_V2,ctz-isolated,BIN_FRONTIER_NOPROP_K,BIN_DIRECT_BEST,2,0,-1,-1,128,288960,false,false,false,GENERIC_CHECKPOINT
32,RADIX_V2,ctz-isolated,BIN_PRIME_FRONTIER_PROP_K,BIN_DIRECT_BEST,2,0,-1,-1,128,288960,false,false,false,GENERIC_OR_UNATTRIBUTED
32,RADIX_V2,ctz-isolated,BIN_PRIME_FRONTIER_PROP_K,BIN_CONTENT_ANSWER_LRU_K,2,0,-1,-1,64,96320,false,false,false,GENERIC_OR_UNATTRIBUTED
32,RADIX_V2,ctz-isolated,BIN_PRIME_FRONTIER_PROP_K,BIN_FRONTIER_NOPROP_K,2,0,0,0,0,0,true,false,false,GENERIC_OR_UNATTRIBUTED
32,RADIX_V2,ctz-isolated,BIN_PRIME_FRONTIER_SPEC_B1_K,BIN_PRIME_FRONTIER_PROP_K,2,1,-1,-1,2210,4787526,false,false,false,GENERIC_OR_UNATTRIBUTED
32,RADIX_V2,ctz-isolated,BIN_PRIME_FRONTIER_SPEC_B4_K,BIN_PRIME_FRONTIER_PROP_K,2,4,-1,-1,8720,18864564,false,false,false,GENERIC_OR_UNATTRIBUTED
32,RADIX_V2,ctz-isolated,BIN_CONTENT_ANSWER_LRU_K,BIN_DIRECT_BEST,4,0,-1,-1,64,388608,false,false,false,GENERIC_MEMOIZATION
32,RADIX_V2,ctz-isolated,BIN_FRONTIER_NOPROP_K,BIN_DIRECT_BEST,4,0,-1,-1,128,582912,false,false,false,GENERIC_CHECKPOINT
32,RADIX_V2,ctz-isolated,BIN_PRIME_FRONTIER_PROP_K,BIN_DIRECT_BEST,4,0,-1,-1,128,582912,false,false,false,GENERIC_OR_UNATTRIBUTED
32,RADIX_V2,ctz-isolated,BIN_PRIME_FRONTIER_PROP_K,BIN_CONTENT_ANSWER_LRU_K,4,0,-1,-1,64,194304,false,false,false,GENERIC_OR_UNATTRIBUTED
32,RADIX_V2,ctz-isolated,BIN_PRIME_FRONTIER_PROP_K,BIN_FRONTIER_NOPROP_K,4,0,0,0,0,0,true,false,false,GENERIC_OR_UNATTRIBUTED
32,RADIX_V2,ctz-isolated,BIN_PRIME_FRONTIER_SPEC_B1_K,BIN_PRIME_FRONTIER_PROP_K,4,1,-1,-1,2210,5038610,false,false,false,GENERIC_OR_UNATTRIBUTED
32,RADIX_V2,ctz-isolated,BIN_PRIME_FRONTIER_SPEC_B4_K,BIN_PRIME_FRONTIER_PROP_K,4,4,-1,-1,8720,19685180,false,false,false,GENERIC_OR_UNATTRIBUTED
32,HOSTILE_SLOT_THRASH,four-slots,BIN_CONTENT_ANSWER_LRU_K,BIN_DIRECT_BEST,1,0,-1,-1,64,96000,false,false,false,GENERIC_MEMOIZATION
32,HOSTILE_SLOT_THRASH,four-slots,BIN_FRONTIER_NOPROP_K,BIN_DIRECT_BEST,1,0,-1,-1,68,99000,false,false,false,GENERIC_CHECKPOINT
32,HOSTILE_SLOT_THRASH,four-slots,BIN_PRIME_FRONTIER_PROP_K,BIN_DIRECT_BEST,1,0,-1,-1,68,99000,false,false,false,GENERIC_OR_UNATTRIBUTED
32,HOSTILE_SLOT_THRASH,four-slots,BIN_PRIME_FRONTIER_PROP_K,BIN_CONTENT_ANSWER_LRU_K,1,0,-1,-1,4,3000,false,false,false,GENERIC_OR_UNATTRIBUTED
32,HOSTILE_SLOT_THRASH,four-slots,BIN_PRIME_FRONTIER_PROP_K,BIN_FRONTIER_NOPROP_K,1,0,0,0,0,0,true,false,false,GENERIC_OR_UNATTRIBUTED
32,HOSTILE_SLOT_THRASH,four-slots,BIN_PRIME_FRONTIER_SPEC_B1_K,BIN_PRIME_FRONTIER_PROP_K,1,1,-1,-1,140,296692,false,false,false,GENERIC_OR_UNATTRIBUTED
32,HOSTILE_SLOT_THRASH,four-slots,BIN_PRIME_FRONTIER_SPEC_B4_K,BIN_PRIME_FRONTIER_PROP_K,1,4,-1,-1,560,1186768,false,false,false,GENERIC_OR_UNATTRIBUTED
32,HOSTILE_SLOT_THRASH,four-slots,BIN_CONTENT_ANSWER_LRU_K,BIN_DIRECT_BEST,2,0,-1,-1,64,192640,false,false,false,GENERIC_MEMOIZATION
32,HOSTILE_SLOT_THRASH,four-slots,BIN_FRONTIER_NOPROP_K,BIN_DIRECT_BEST,2,0,-1,-1,68,198660,false,false,false,GENERIC_CHECKPOINT
32,HOSTILE_SLOT_THRASH,four-slots,BIN_PRIME_FRONTIER_PROP_K,BIN_DIRECT_BEST,2,0,-1,-1,68,198660,false,false,false,GENERIC_OR_UNATTRIBUTED
32,HOSTILE_SLOT_THRASH,four-slots,BIN_PRIME_FRONTIER_PROP_K,BIN_CONTENT_ANSWER_LRU_K,2,0,-1,-1,4,6020,false,false,false,GENERIC_OR_UNATTRIBUTED
32,HOSTILE_SLOT_THRASH,four-slots,BIN_PRIME_FRONTIER_PROP_K,BIN_FRONTIER_NOPROP_K,2,0,0,0,0,0,true,false,false,GENERIC_OR_UNATTRIBUTED
32,HOSTILE_SLOT_THRASH,four-slots,BIN_PRIME_FRONTIER_SPEC_B1_K,BIN_PRIME_FRONTIER_PROP_K,2,1,-1,-1,140,302732,false,false,false,GENERIC_OR_UNATTRIBUTED
32,HOSTILE_SLOT_THRASH,four-slots,BIN_PRIME_FRONTIER_SPEC_B4_K,BIN_PRIME_FRONTIER_PROP_K,2,4,-1,-1,560,1210928,false,false,false,GENERIC_OR_UNATTRIBUTED
32,HOSTILE_SLOT_THRASH,four-slots,BIN_CONTENT_ANSWER_LRU_K,BIN_DIRECT_BEST,4,0,8,8,-3461,-7240572,true,true,false,GENERIC_MEMOIZATION
32,HOSTILE_SLOT_THRASH,four-slots,BIN_FRONTIER_NOPROP_K,BIN_DIRECT_BEST,4,0,8,8,-3457,-7228428,true,true,false,GENERIC_CHECKPOINT
32,HOSTILE_SLOT_THRASH,four-slots,BIN_PRIME_FRONTIER_PROP_K,BIN_DIRECT_BEST,4,0,8,8,-3457,-7228428,true,true,false,GENERIC_OR_UNATTRIBUTED
32,HOSTILE_SLOT_THRASH,four-slots,BIN_PRIME_FRONTIER_PROP_K,BIN_CONTENT_ANSWER_LRU_K,4,0,-1,-1,4,12144,false,false,false,GENERIC_OR_UNATTRIBUTED
32,HOSTILE_SLOT_THRASH,four-slots,BIN_PRIME_FRONTIER_PROP_K,BIN_FRONTIER_NOPROP_K,4,0,0,0,0,0,true,false,false,GENERIC_OR_UNATTRIBUTED
32,HOSTILE_SLOT_THRASH,four-slots,BIN_PRIME_FRONTIER_SPEC_B1_K,BIN_PRIME_FRONTIER_PROP_K,4,1,-1,-1,6,25212,false,false,false,GENERIC_OR_UNATTRIBUTED
32,HOSTILE_SLOT_THRASH,four-slots,BIN_PRIME_FRONTIER_SPEC_B4_K,BIN_PRIME_FRONTIER_PROP_K,4,4,-1,-1,560,1259920,false,false,false,GENERIC_OR_UNATTRIBUTED
32,HOSTILE_PRIME_THRASH,five-prime-rotation,BIN_CONTENT_ANSWER_LRU_K,BIN_DIRECT_BEST,1,0,-1,-1,40,60000,false,false,false,GENERIC_MEMOIZATION
32,HOSTILE_PRIME_THRASH,five-prime-rotation,BIN_FRONTIER_NOPROP_K,BIN_DIRECT_BEST,1,0,-1,-1,41,60750,false,false,false,GENERIC_CHECKPOINT
32,HOSTILE_PRIME_THRASH,five-prime-rotation,BIN_PRIME_FRONTIER_PROP_K,BIN_DIRECT_BEST,1,0,-1,-1,41,60750,false,false,false,GENERIC_OR_UNATTRIBUTED
32,HOSTILE_PRIME_THRASH,five-prime-rotation,BIN_PRIME_FRONTIER_PROP_K,BIN_CONTENT_ANSWER_LRU_K,1,0,-1,-1,1,750,false,false,false,GENERIC_OR_UNATTRIBUTED
32,HOSTILE_PRIME_THRASH,five-prime-rotation,BIN_PRIME_FRONTIER_PROP_K,BIN_FRONTIER_NOPROP_K,1,0,0,0,0,0,true,false,false,GENERIC_OR_UNATTRIBUTED
32,HOSTILE_PRIME_THRASH,five-prime-rotation,BIN_PRIME_FRONTIER_SPEC_B1_K,BIN_PRIME_FRONTIER_PROP_K,1,1,-1,-1,35,74173,false,false,false,GENERIC_OR_UNATTRIBUTED
32,HOSTILE_PRIME_THRASH,five-prime-rotation,BIN_PRIME_FRONTIER_SPEC_B4_K,BIN_PRIME_FRONTIER_PROP_K,1,4,-1,-1,140,296692,false,false,false,GENERIC_OR_UNATTRIBUTED
32,HOSTILE_PRIME_THRASH,five-prime-rotation,BIN_CONTENT_ANSWER_LRU_K,BIN_DIRECT_BEST,2,0,-1,-1,40,120400,false,false,false,GENERIC_MEMOIZATION
32,HOSTILE_PRIME_THRASH,five-prime-rotation,BIN_FRONTIER_NOPROP_K,BIN_DIRECT_BEST,2,0,-1,-1,41,121905,false,false,false,GENERIC_CHECKPOINT
32,HOSTILE_PRIME_THRASH,five-prime-rotation,BIN_PRIME_FRONTIER_PROP_K,BIN_DIRECT_BEST,2,0,-1,-1,41,121905,false,false,false,GENERIC_OR_UNATTRIBUTED
32,HOSTILE_PRIME_THRASH,five-prime-rotation,BIN_PRIME_FRONTIER_PROP_K,BIN_CONTENT_ANSWER_LRU_K,2,0,-1,-1,1,1505,false,false,false,GENERIC_OR_UNATTRIBUTED
32,HOSTILE_PRIME_THRASH,five-prime-rotation,BIN_PRIME_FRONTIER_PROP_K,BIN_FRONTIER_NOPROP_K,2,0,0,0,0,0,true,false,false,GENERIC_OR_UNATTRIBUTED
32,HOSTILE_PRIME_THRASH,five-prime-rotation,BIN_PRIME_FRONTIER_SPEC_B1_K,BIN_PRIME_FRONTIER_PROP_K,2,1,-1,-1,2,4759,false,false,false,GENERIC_OR_UNATTRIBUTED
32,HOSTILE_PRIME_THRASH,five-prime-rotation,BIN_PRIME_FRONTIER_SPEC_B4_K,BIN_PRIME_FRONTIER_PROP_K,2,4,-1,-1,140,302732,false,false,false,GENERIC_OR_UNATTRIBUTED
32,HOSTILE_PRIME_THRASH,five-prime-rotation,BIN_CONTENT_ANSWER_LRU_K,BIN_DIRECT_BEST,4,0,-1,-1,40,242880,false,false,false,GENERIC_MEMOIZATION
32,HOSTILE_PRIME_THRASH,five-prime-rotation,BIN_FRONTIER_NOPROP_K,BIN_DIRECT_BEST,4,0,-1,-1,41,245916,false,false,false,GENERIC_CHECKPOINT
32,HOSTILE_PRIME_THRASH,five-prime-rotation,BIN_PRIME_FRONTIER_PROP_K,BIN_DIRECT_BEST,4,0,-1,-1,41,245916,false,false,false,GENERIC_OR_UNATTRIBUTED
32,HOSTILE_PRIME_THRASH,five-prime-rotation,BIN_PRIME_FRONTIER_PROP_K,BIN_CONTENT_ANSWER_LRU_K,4,0,-1,-1,1,3036,false,false,false,GENERIC_OR_UNATTRIBUTED
32,HOSTILE_PRIME_THRASH,five-prime-rotation,BIN_PRIME_FRONTIER_PROP_K,BIN_FRONTIER_NOPROP_K,4,0,0,0,0,0,true,false,false,GENERIC_OR_UNATTRIBUTED
32,HOSTILE_PRIME_THRASH,five-prime-rotation,BIN_PRIME_FRONTIER_SPEC_B1_K,BIN_PRIME_FRONTIER_PROP_K,4,1,-1,-1,2,7821,false,false,false,GENERIC_OR_UNATTRIBUTED
32,HOSTILE_PRIME_THRASH,five-prime-rotation,BIN_PRIME_FRONTIER_SPEC_B4_K,BIN_PRIME_FRONTIER_PROP_K,4,4,-1,-1,140,314980,false,false,false,GENERIC_OR_UNATTRIBUTED
32,HOSTILE_MUTATE_AFTER_FILL,fill-then-discard,BIN_CONTENT_ANSWER_LRU_K,BIN_DIRECT_BEST,1,0,3,3,-60,-153522,true,true,false,GENERIC_MEMOIZATION
32,HOSTILE_MUTATE_AFTER_FILL,fill-then-discard,BIN_FRONTIER_NOPROP_K,BIN_DIRECT_BEST,1,0,-1,-1,81,90750,false,false,false,GENERIC_CHECKPOINT
32,HOSTILE_MUTATE_AFTER_FILL,fill-then-discard,BIN_PRIME_FRONTIER_PROP_K,BIN_DIRECT_BEST,1,0,-1,-1,81,90750,false,false,false,GENERIC_OR_UNATTRIBUTED
32,HOSTILE_MUTATE_AFTER_FILL,fill-then-discard,BIN_PRIME_FRONTIER_PROP_K,BIN_CONTENT_ANSWER_LRU_K,1,0,-1,-1,141,244272,false,false,false,GENERIC_OR_UNATTRIBUTED
32,HOSTILE_MUTATE_AFTER_FILL,fill-then-discard,BIN_PRIME_FRONTIER_PROP_K,BIN_FRONTIER_NOPROP_K,1,0,0,0,0,0,true,false,false,GENERIC_OR_UNATTRIBUTED
32,HOSTILE_MUTATE_AFTER_FILL,fill-then-discard,BIN_PRIME_FRONTIER_SPEC_B1_K,BIN_PRIME_FRONTIER_PROP_K,1,1,-1,-1,96,189883,false,false,false,GENERIC_OR_UNATTRIBUTED
32,HOSTILE_MUTATE_AFTER_FILL,fill-then-discard,BIN_PRIME_FRONTIER_SPEC_B4_K,BIN_PRIME_FRONTIER_PROP_K,1,4,-1,-1,5740,12164372,false,false,false,GENERIC_OR_UNATTRIBUTED
32,HOSTILE_MUTATE_AFTER_FILL,fill-then-discard,BIN_CONTENT_ANSWER_LRU_K,BIN_DIRECT_BEST,2,0,3,3,-2572,-5468862,true,true,false,GENERIC_MEMOIZATION
32,HOSTILE_MUTATE_AFTER_FILL,fill-then-discard,BIN_FRONTIER_NOPROP_K,BIN_DIRECT_BEST,2,0,-1,-1,81,182105,false,false,false,GENERIC_CHECKPOINT
32,HOSTILE_MUTATE_AFTER_FILL,fill-then-discard,BIN_PRIME_FRONTIER_PROP_K,BIN_DIRECT_BEST,2,0,-1,-1,81,182105,false,false,false,GENERIC_OR_UNATTRIBUTED
32,HOSTILE_MUTATE_AFTER_FILL,fill-then-discard,BIN_PRIME_FRONTIER_PROP_K,BIN_CONTENT_ANSWER_LRU_K,2,0,-1,-1,2653,5650967,false,false,false,GENERIC_OR_UNATTRIBUTED
32,HOSTILE_MUTATE_AFTER_FILL,fill-then-discard,BIN_PRIME_FRONTIER_PROP_K,BIN_FRONTIER_NOPROP_K,2,0,0,0,0,0,true,false,false,GENERIC_OR_UNATTRIBUTED
32,HOSTILE_MUTATE_AFTER_FILL,fill-then-discard,BIN_PRIME_FRONTIER_SPEC_B1_K,BIN_PRIME_FRONTIER_PROP_K,2,1,-1,-1,96,237448,false,false,false,GENERIC_OR_UNATTRIBUTED
32,HOSTILE_MUTATE_AFTER_FILL,fill-then-discard,BIN_PRIME_FRONTIER_SPEC_B4_K,BIN_PRIME_FRONTIER_PROP_K,2,4,-1,-1,5740,12412012,false,false,false,GENERIC_OR_UNATTRIBUTED
32,HOSTILE_MUTATE_AFTER_FILL,fill-then-discard,BIN_CONTENT_ANSWER_LRU_K,BIN_DIRECT_BEST,4,0,3,3,-2572,-5404560,true,true,false,GENERIC_MEMOIZATION
32,HOSTILE_MUTATE_AFTER_FILL,fill-then-discard,BIN_FRONTIER_NOPROP_K,BIN_DIRECT_BEST,4,0,-1,-1,81,367356,false,false,false,GENERIC_CHECKPOINT
32,HOSTILE_MUTATE_AFTER_FILL,fill-then-discard,BIN_PRIME_FRONTIER_PROP_K,BIN_DIRECT_BEST,4,0,-1,-1,81,367356,false,false,false,GENERIC_OR_UNATTRIBUTED
32,HOSTILE_MUTATE_AFTER_FILL,fill-then-discard,BIN_PRIME_FRONTIER_PROP_K,BIN_CONTENT_ANSWER_LRU_K,4,0,-1,-1,2653,5771916,false,false,false,GENERIC_OR_UNATTRIBUTED
32,HOSTILE_MUTATE_AFTER_FILL,fill-then-discard,BIN_PRIME_FRONTIER_PROP_K,BIN_FRONTIER_NOPROP_K,4,0,0,0,0,0,true,false,false,GENERIC_OR_UNATTRIBUTED
32,HOSTILE_MUTATE_AFTER_FILL,fill-then-discard,BIN_PRIME_FRONTIER_SPEC_B1_K,BIN_PRIME_FRONTIER_PROP_K,4,1,-1,-1,96,333901,false,false,false,GENERIC_OR_UNATTRIBUTED
32,HOSTILE_MUTATE_AFTER_FILL,fill-then-discard,BIN_PRIME_FRONTIER_SPEC_B4_K,BIN_PRIME_FRONTIER_PROP_K,4,4,-1,-1,4401,10019536,false,false,false,GENERIC_OR_UNATTRIBUTED
32,HOSTILE_SPECULATION_POISON,request-last-prime-only,BIN_CONTENT_ANSWER_LRU_K,BIN_DIRECT_BEST,1,0,-1,-1,64,96000,false,false,false,GENERIC_MEMOIZATION
32,HOSTILE_SPECULATION_POISON,request-last-prime-only,BIN_FRONTIER_NOPROP_K,BIN_DIRECT_BEST,1,0,-1,-1,128,144000,false,false,false,GENERIC_CHECKPOINT
32,HOSTILE_SPECULATION_POISON,request-last-prime-only,BIN_PRIME_FRONTIER_PROP_K,BIN_DIRECT_BEST,1,0,-1,-1,128,144000,false,false,false,GENERIC_OR_UNATTRIBUTED
32,HOSTILE_SPECULATION_POISON,request-last-prime-only,BIN_PRIME_FRONTIER_PROP_K,BIN_CONTENT_ANSWER_LRU_K,1,0,-1,-1,64,48000,false,false,false,GENERIC_OR_UNATTRIBUTED
32,HOSTILE_SPECULATION_POISON,request-last-prime-only,BIN_PRIME_FRONTIER_PROP_K,BIN_FRONTIER_NOPROP_K,1,0,0,0,0,0,true,false,false,GENERIC_OR_UNATTRIBUTED
32,HOSTILE_SPECULATION_POISON,request-last-prime-only,BIN_PRIME_FRONTIER_SPEC_B1_K,BIN_PRIME_FRONTIER_PROP_K,1,1,-1,-1,2240,4747072,false,false,false,GENERIC_OR_UNATTRIBUTED
32,HOSTILE_SPECULATION_POISON,request-last-prime-only,BIN_PRIME_FRONTIER_SPEC_B4_K,BIN_PRIME_FRONTIER_PROP_K,1,4,-1,-1,8960,18988288,false,false,false,GENERIC_OR_UNATTRIBUTED
32,HOSTILE_SPECULATION_POISON,request-last-prime-only,BIN_CONTENT_ANSWER_LRU_K,BIN_DIRECT_BEST,2,0,-1,-1,64,192640,false,false,false,GENERIC_MEMOIZATION
32,HOSTILE_SPECULATION_POISON,request-last-prime-only,BIN_FRONTIER_NOPROP_K,BIN_DIRECT_BEST,2,0,-1,-1,128,288960,false,false,false,GENERIC_CHECKPOINT
32,HOSTILE_SPECULATION_POISON,request-last-prime-only,BIN_PRIME_FRONTIER_PROP_K,BIN_DIRECT_BEST,2,0,-1,-1,128,288960,false,false,false,GENERIC_OR_UNATTRIBUTED
32,HOSTILE_SPECULATION_POISON,request-last-prime-only,BIN_PRIME_FRONTIER_PROP_K,BIN_CONTENT_ANSWER_LRU_K,2,0,-1,-1,64,96320,false,false,false,GENERIC_OR_UNATTRIBUTED
32,HOSTILE_SPECULATION_POISON,request-last-prime-only,BIN_PRIME_FRONTIER_PROP_K,BIN_FRONTIER_NOPROP_K,2,0,0,0,0,0,true,false,false,GENERIC_OR_UNATTRIBUTED
32,HOSTILE_SPECULATION_POISON,request-last-prime-only,BIN_PRIME_FRONTIER_SPEC_B1_K,BIN_PRIME_FRONTIER_PROP_K,2,1,-1,-1,2240,4843712,false,false,false,GENERIC_OR_UNATTRIBUTED
32,HOSTILE_SPECULATION_POISON,request-last-prime-only,BIN_PRIME_FRONTIER_SPEC_B4_K,BIN_PRIME_FRONTIER_PROP_K,2,4,-1,-1,8960,19374848,false,false,false,GENERIC_OR_UNATTRIBUTED
32,HOSTILE_SPECULATION_POISON,request-last-prime-only,BIN_CONTENT_ANSWER_LRU_K,BIN_DIRECT_BEST,4,0,-1,-1,64,388608,false,false,false,GENERIC_MEMOIZATION
32,HOSTILE_SPECULATION_POISON,request-last-prime-only,BIN_FRONTIER_NOPROP_K,BIN_DIRECT_BEST,4,0,-1,-1,128,582912,false,false,false,GENERIC_CHECKPOINT
32,HOSTILE_SPECULATION_POISON,request-last-prime-only,BIN_PRIME_FRONTIER_PROP_K,BIN_DIRECT_BEST,4,0,-1,-1,128,582912,false,false,false,GENERIC_OR_UNATTRIBUTED
32,HOSTILE_SPECULATION_POISON,request-last-prime-only,BIN_PRIME_FRONTIER_PROP_K,BIN_CONTENT_ANSWER_LRU_K,4,0,-1,-1,64,194304,false,false,false,GENERIC_OR_UNATTRIBUTED
32,HOSTILE_SPECULATION_POISON,request-last-prime-only,BIN_PRIME_FRONTIER_PROP_K,BIN_FRONTIER_NOPROP_K,4,0,0,0,0,0,true,false,false,GENERIC_OR_UNATTRIBUTED
32,HOSTILE_SPECULATION_POISON,request-last-prime-only,BIN_PRIME_FRONTIER_SPEC_B1_K,BIN_PRIME_FRONTIER_PROP_K,4,1,-1,-1,2240,5039680,false,false,false,GENERIC_OR_UNATTRIBUTED
32,HOSTILE_SPECULATION_POISON,request-last-prime-only,BIN_PRIME_FRONTIER_SPEC_B4_K,BIN_PRIME_FRONTIER_PROP_K,4,4,-1,-1,8960,20158720,false,false,false,GENERIC_OR_UNATTRIBUTED
32,HOSTILE_BOUNDARY_FAILURE,zero-one-max-overflow-alias,BIN_CONTENT_ANSWER_LRU_K,BIN_DIRECT_BEST,1,0,-1,-1,4,6000,false,false,false,GENERIC_MEMOIZATION
32,HOSTILE_BOUNDARY_FAILURE,zero-one-max-overflow-alias,BIN_FRONTIER_NOPROP_K,BIN_DIRECT_BEST,1,0,-1,-1,8,9000,false,false,false,GENERIC_CHECKPOINT
32,HOSTILE_BOUNDARY_FAILURE,zero-one-max-overflow-alias,BIN_PRIME_FRONTIER_PROP_K,BIN_DIRECT_BEST,1,0,-1,-1,8,9000,false,false,false,GENERIC_OR_UNATTRIBUTED
32,HOSTILE_BOUNDARY_FAILURE,zero-one-max-overflow-alias,BIN_PRIME_FRONTIER_PROP_K,BIN_CONTENT_ANSWER_LRU_K,1,0,-1,-1,4,3000,false,false,false,GENERIC_OR_UNATTRIBUTED
32,HOSTILE_BOUNDARY_FAILURE,zero-one-max-overflow-alias,BIN_PRIME_FRONTIER_PROP_K,BIN_FRONTIER_NOPROP_K,1,0,0,0,0,0,true,false,false,GENERIC_OR_UNATTRIBUTED
32,HOSTILE_BOUNDARY_FAILURE,zero-one-max-overflow-alias,BIN_PRIME_FRONTIER_SPEC_B1_K,BIN_PRIME_FRONTIER_PROP_K,1,1,-1,-1,110,213326,false,false,false,GENERIC_OR_UNATTRIBUTED
32,HOSTILE_BOUNDARY_FAILURE,zero-one-max-overflow-alias,BIN_PRIME_FRONTIER_SPEC_B4_K,BIN_PRIME_FRONTIER_PROP_K,1,4,-1,-1,320,658364,false,false,false,GENERIC_OR_UNATTRIBUTED
32,HOSTILE_BOUNDARY_FAILURE,zero-one-max-overflow-alias,BIN_CONTENT_ANSWER_LRU_K,BIN_DIRECT_BEST,2,0,-1,-1,4,12040,false,false,false,GENERIC_MEMOIZATION
32,HOSTILE_BOUNDARY_FAILURE,zero-one-max-overflow-alias,BIN_FRONTIER_NOPROP_K,BIN_DIRECT_BEST,2,0,-1,-1,8,18060,false,false,false,GENERIC_CHECKPOINT
32,HOSTILE_BOUNDARY_FAILURE,zero-one-max-overflow-alias,BIN_PRIME_FRONTIER_PROP_K,BIN_DIRECT_BEST,2,0,-1,-1,8,18060,false,false,false,GENERIC_OR_UNATTRIBUTED
32,HOSTILE_BOUNDARY_FAILURE,zero-one-max-overflow-alias,BIN_PRIME_FRONTIER_PROP_K,BIN_CONTENT_ANSWER_LRU_K,2,0,-1,-1,4,6020,false,false,false,GENERIC_OR_UNATTRIBUTED
32,HOSTILE_BOUNDARY_FAILURE,zero-one-max-overflow-alias,BIN_PRIME_FRONTIER_PROP_K,BIN_FRONTIER_NOPROP_K,2,0,0,0,0,0,true,false,false,GENERIC_OR_UNATTRIBUTED
32,HOSTILE_BOUNDARY_FAILURE,zero-one-max-overflow-alias,BIN_PRIME_FRONTIER_SPEC_B1_K,BIN_PRIME_FRONTIER_PROP_K,2,1,-1,-1,109,245041,false,false,false,GENERIC_OR_UNATTRIBUTED
32,HOSTILE_BOUNDARY_FAILURE,zero-one-max-overflow-alias,BIN_PRIME_FRONTIER_SPEC_B4_K,BIN_PRIME_FRONTIER_PROP_K,2,4,-1,-1,319,699139,false,false,false,GENERIC_OR_UNATTRIBUTED
32,HOSTILE_BOUNDARY_FAILURE,zero-one-max-overflow-alias,BIN_CONTENT_ANSWER_LRU_K,BIN_DIRECT_BEST,4,0,-1,-1,4,24288,false,false,false,GENERIC_MEMOIZATION
32,HOSTILE_BOUNDARY_FAILURE,zero-one-max-overflow-alias,BIN_FRONTIER_NOPROP_K,BIN_DIRECT_BEST,4,0,-1,-1,8,36432,false,false,false,GENERIC_CHECKPOINT
32,HOSTILE_BOUNDARY_FAILURE,zero-one-max-overflow-alias,BIN_PRIME_FRONTIER_PROP_K,BIN_DIRECT_BEST,4,0,-1,-1,8,36432,false,false,false,GENERIC_OR_UNATTRIBUTED
32,HOSTILE_BOUNDARY_FAILURE,zero-one-max-overflow-alias,BIN_PRIME_FRONTIER_PROP_K,BIN_CONTENT_ANSWER_LRU_K,4,0,-1,-1,4,12144,false,false,false,GENERIC_OR_UNATTRIBUTED
32,HOSTILE_BOUNDARY_FAILURE,zero-one-max-overflow-alias,BIN_PRIME_FRONTIER_PROP_K,BIN_FRONTIER_NOPROP_K,4,0,0,0,0,0,true,false,false,GENERIC_OR_UNATTRIBUTED
32,HOSTILE_BOUNDARY_FAILURE,zero-one-max-overflow-alias,BIN_PRIME_FRONTIER_SPEC_B1_K,BIN_PRIME_FRONTIER_PROP_K,4,1,-1,-1,109,310874,false,false,false,GENERIC_OR_UNATTRIBUTED
32,HOSTILE_BOUNDARY_FAILURE,zero-one-max-overflow-alias,BIN_PRIME_FRONTIER_SPEC_B4_K,BIN_PRIME_FRONTIER_PROP_K,4,4,-1,-1,319,783344,false,false,false,GENERIC_OR_UNATTRIBUTED
32,HOSTILE_GENERATION_WRAP,full-flush-before-tag-reuse,BIN_CONTENT_ANSWER_LRU_K,BIN_DIRECT_BEST,1,0,-1,-1,2,3000,false,false,false,GENERIC_MEMOIZATION
32,HOSTILE_GENERATION_WRAP,full-flush-before-tag-reuse,BIN_FRONTIER_NOPROP_K,BIN_DIRECT_BEST,1,0,-1,-1,259,195750,false,false,false,GENERIC_CHECKPOINT
32,HOSTILE_GENERATION_WRAP,full-flush-before-tag-reuse,BIN_PRIME_FRONTIER_PROP_K,BIN_DIRECT_BEST,1,0,-1,-1,259,195750,false,false,false,GENERIC_OR_UNATTRIBUTED
32,HOSTILE_GENERATION_WRAP,full-flush-before-tag-reuse,BIN_PRIME_FRONTIER_PROP_K,BIN_CONTENT_ANSWER_LRU_K,1,0,-1,-1,257,192750,false,false,false,GENERIC_OR_UNATTRIBUTED
32,HOSTILE_GENERATION_WRAP,full-flush-before-tag-reuse,BIN_PRIME_FRONTIER_PROP_K,BIN_FRONTIER_NOPROP_K,1,0,0,0,0,0,true,false,false,GENERIC_OR_UNATTRIBUTED
32,HOSTILE_GENERATION_WRAP,full-flush-before-tag-reuse,BIN_PRIME_FRONTIER_SPEC_B1_K,BIN_PRIME_FRONTIER_PROP_K,1,1,-1,-1,8928,18919863,false,false,false,GENERIC_OR_UNATTRIBUTED
32,HOSTILE_GENERATION_WRAP,full-flush-before-tag-reuse,BIN_PRIME_FRONTIER_SPEC_B4_K,BIN_PRIME_FRONTIER_PROP_K,1,4,-1,-1,35980,76249844,false,false,false,GENERIC_OR_UNATTRIBUTED
32,HOSTILE_GENERATION_WRAP,full-flush-before-tag-reuse,BIN_CONTENT_ANSWER_LRU_K,BIN_DIRECT_BEST,2,0,-1,-1,2,6020,false,false,false,GENERIC_MEMOIZATION
32,HOSTILE_GENERATION_WRAP,full-flush-before-tag-reuse,BIN_FRONTIER_NOPROP_K,BIN_DIRECT_BEST,2,0,-1,-1,259,392805,false,false,false,GENERIC_CHECKPOINT
32,HOSTILE_GENERATION_WRAP,full-flush-before-tag-reuse,BIN_PRIME_FRONTIER_PROP_K,BIN_DIRECT_BEST,2,0,-1,-1,259,392805,false,false,false,GENERIC_OR_UNATTRIBUTED
32,HOSTILE_GENERATION_WRAP,full-flush-before-tag-reuse,BIN_PRIME_FRONTIER_PROP_K,BIN_CONTENT_ANSWER_LRU_K,2,0,-1,-1,257,386785,false,false,false,GENERIC_OR_UNATTRIBUTED
32,HOSTILE_GENERATION_WRAP,full-flush-before-tag-reuse,BIN_PRIME_FRONTIER_PROP_K,BIN_FRONTIER_NOPROP_K,2,0,0,0,0,0,true,false,false,GENERIC_OR_UNATTRIBUTED
32,HOSTILE_GENERATION_WRAP,full-flush-before-tag-reuse,BIN_PRIME_FRONTIER_SPEC_B1_K,BIN_PRIME_FRONTIER_PROP_K,2,1,-1,-1,8928,19307178,false,false,false,GENERIC_OR_UNATTRIBUTED
32,HOSTILE_GENERATION_WRAP,full-flush-before-tag-reuse,BIN_PRIME_FRONTIER_SPEC_B4_K,BIN_PRIME_FRONTIER_PROP_K,2,4,-1,-1,35980,77802124,false,false,false,GENERIC_OR_UNATTRIBUTED
32,HOSTILE_GENERATION_WRAP,full-flush-before-tag-reuse,BIN_CONTENT_ANSWER_LRU_K,BIN_DIRECT_BEST,4,0,-1,-1,2,12144,false,false,false,GENERIC_MEMOIZATION
32,HOSTILE_GENERATION_WRAP,full-flush-before-tag-reuse,BIN_FRONTIER_NOPROP_K,BIN_DIRECT_BEST,4,0,-1,-1,259,792396,false,false,false,GENERIC_CHECKPOINT
32,HOSTILE_GENERATION_WRAP,full-flush-before-tag-reuse,BIN_PRIME_FRONTIER_PROP_K,BIN_DIRECT_BEST,4,0,-1,-1,259,792396,false,false,false,GENERIC_OR_UNATTRIBUTED
32,HOSTILE_GENERATION_WRAP,full-flush-before-tag-reuse,BIN_PRIME_FRONTIER_PROP_K,BIN_CONTENT_ANSWER_LRU_K,4,0,-1,-1,257,780252,false,false,false,GENERIC_OR_UNATTRIBUTED
32,HOSTILE_GENERATION_WRAP,full-flush-before-tag-reuse,BIN_PRIME_FRONTIER_PROP_K,BIN_FRONTIER_NOPROP_K,4,0,0,0,0,0,true,false,false,GENERIC_OR_UNATTRIBUTED
32,HOSTILE_GENERATION_WRAP,full-flush-before-tag-reuse,BIN_PRIME_FRONTIER_SPEC_B1_K,BIN_PRIME_FRONTIER_PROP_K,4,1,-1,-1,8928,20092581,false,false,false,GENERIC_OR_UNATTRIBUTED
32,HOSTILE_GENERATION_WRAP,full-flush-before-tag-reuse,BIN_PRIME_FRONTIER_SPEC_B4_K,BIN_PRIME_FRONTIER_PROP_K,4,4,-1,-1,35913,80804976,false,false,false,GENERIC_OR_UNATTRIBUTED
