protocol_id,width,family,trace_id,trace_sha256,source_regime,output_obligation,hostile,prime_attribution_eligible,search_repayment_eligible,policy,cache_capacity,speculation_budget,requested_instructions,ctz_calls,ctz_bit_inspections,divmod_calls,exact_divisions,failed_divisibility_probes,frontier_refinements,cache_lookups,cache_tag_comparisons,cache_hits,positive_cache_hits,negative_cache_hits,cache_misses,cache_fills,cache_updates,cache_evictions,cache_invalidations,cache_transfers,stale_hit_rejections,generation_wrap_flushes,terminal_certificates_earned,lower_bound_certificates_earned,terminal_certificates_propagated,lower_bound_certificates_propagated,propagation_exponent_adds,propagation_residual_multiplies,query_requests,speculation_queries,speculation_divmod_steps,useful_speculations,wasted_speculations,search_to_first_use_distance_total,search_to_first_use_distance_maximum,gcd_calls,gcd_modulo_steps,grouped_screen_remainders,composite_divmod_calls,magnitude_outputs,shared_magnitude_cycles,propagation_arithmetic_cycles,query_issue_cycles,odd_divmod_cycles,cache_maintenance_cycles,total_modeled_cycles,catalogue_nand_evaluations,ctz_nand_evaluations,odd_divmod_nand_evaluations,cache_nand_evaluations,total_modeled_service_nand_evaluations,modeled_evidence_class,excluded_shared_cost,correctness_checks,correctness_failures,status
PAH-BUILD005-DEMAND-VALUATION-0001,8,STATIC_REUSE,unchanged-positive-and-negative-hits,B6BF33525A2B9B829DF5FAD06137BC46E7087DDD1FAA5127A26E8D961D4C0486,COLD_MAG,MAGNITUDE_FINAL,false,false,true,BIN_DIRECT_BEST,0,0,38,0,0,100,68,32,36,0,0,0,0,0,0,0,0,0,0,0,0,0,32,4,0,0,0,0,36,0,0,0,0,0,0,0,0,0,0,1,2,0,36,900,0,938,24948,0,650000,0,674948,EXPLORATORY_COMPONENT_PROXY__NOT_DECISION_ELIGIBLE,AUTHORITATIVE_W_BIT_LOAD_ADD_MUL_OUTPUT_DATAPATH_NOT_REBUILT_AT_W16_W32; EXACT_OPERATION_COUNTS_AND_IDENTICAL_MAGNITUDES_RETAINED; PROPAGATION_COMBINER_AND_POLICY_MATCHED_CONTENT_CACHE_LOGIC_NOT_IN_NAND_TOTAL,375,0,IMPLEMENTED_TRACE_PASS
PAH-BUILD005-DEMAND-VALUATION-0001,8,STATIC_REUSE,unchanged-positive-and-negative-hits,B6BF33525A2B9B829DF5FAD06137BC46E7087DDD1FAA5127A26E8D961D4C0486,COLD_MAG,MAGNITUDE_FINAL,false,false,true,BIN_CONTENT_ANSWER_LRU_K,1,0,38,0,0,7,5,2,3,36,34,33,3,4,3,2,0,1,0,0,0,0,2,1,0,0,0,0,36,0,0,0,0,0,0,0,0,0,0,1,2,0,36,63,2,103,24948,0,45500,16644,87092,EXPLORATORY_COMPONENT_PROXY__NOT_DECISION_ELIGIBLE,AUTHORITATIVE_W_BIT_LOAD_ADD_MUL_OUTPUT_DATAPATH_NOT_REBUILT_AT_W16_W32; EXACT_OPERATION_COUNTS_AND_IDENTICAL_MAGNITUDES_RETAINED; PROPAGATION_COMBINER_AND_POLICY_MATCHED_CONTENT_CACHE_LOGIC_NOT_IN_NAND_TOTAL,375,0,IMPLEMENTED_TRACE_PASS
PAH-BUILD005-DEMAND-VALUATION-0001,8,STATIC_REUSE,unchanged-positive-and-negative-hits,B6BF33525A2B9B829DF5FAD06137BC46E7087DDD1FAA5127A26E8D961D4C0486,COLD_MAG,MAGNITUDE_FINAL,false,false,true,BIN_FRONTIER_NOPROP_K,1,0,38,0,0,5,3,2,3,36,35,34,3,4,2,2,1,1,1,0,0,0,2,1,0,0,0,0,36,0,0,0,0,0,0,0,0,0,0,1,2,0,36,45,5,88,24948,0,32500,17958,75406,EXPLORATORY_COMPONENT_PROXY__NOT_DECISION_ELIGIBLE,AUTHORITATIVE_W_BIT_LOAD_ADD_MUL_OUTPUT_DATAPATH_NOT_REBUILT_AT_W16_W32; EXACT_OPERATION_COUNTS_AND_IDENTICAL_MAGNITUDES_RETAINED; PROPAGATION_COMBINER_AND_POLICY_MATCHED_CONTENT_CACHE_LOGIC_NOT_IN_NAND_TOTAL,375,0,IMPLEMENTED_TRACE_PASS
PAH-BUILD005-DEMAND-VALUATION-0001,8,STATIC_REUSE,unchanged-positive-and-negative-hits,B6BF33525A2B9B829DF5FAD06137BC46E7087DDD1FAA5127A26E8D961D4C0486,COLD_MAG,MAGNITUDE_FINAL,false,false,true,BIN_PRIME_FRONTIER_PROP_K,1,0,38,0,0,5,3,2,3,36,35,34,3,4,2,2,1,1,1,0,0,0,2,1,0,0,0,0,36,0,0,0,0,0,0,0,0,0,0,1,2,0,36,45,5,88,24948,0,32500,17958,75406,EXPLORATORY_COMPONENT_PROXY__NOT_DECISION_ELIGIBLE,AUTHORITATIVE_W_BIT_LOAD_ADD_MUL_OUTPUT_DATAPATH_NOT_REBUILT_AT_W16_W32; EXACT_OPERATION_COUNTS_AND_IDENTICAL_MAGNITUDES_RETAINED; PROPAGATION_COMBINER_AND_POLICY_MATCHED_CONTENT_CACHE_LOGIC_NOT_IN_NAND_TOTAL,375,0,IMPLEMENTED_TRACE_PASS
PAH-BUILD005-DEMAND-VALUATION-0001,8,STATIC_REUSE,unchanged-positive-and-negative-hits,B6BF33525A2B9B829DF5FAD06137BC46E7087DDD1FAA5127A26E8D961D4C0486,COLD_MAG,MAGNITUDE_FINAL,false,false,true,BIN_PRIME_FRONTIER_SPEC_B1_K,1,1,40,0,0,6,4,2,5,38,37,35,3,4,3,3,2,2,1,0,1,0,2,3,0,0,0,0,36,2,2,1,1,1,1,0,0,0,0,1,2,0,38,54,7,101,26334,0,39000,19710,85044,EXPLORATORY_COMPONENT_PROXY__NOT_DECISION_ELIGIBLE,AUTHORITATIVE_W_BIT_LOAD_ADD_MUL_OUTPUT_DATAPATH_NOT_REBUILT_AT_W16_W32; EXACT_OPERATION_COUNTS_AND_IDENTICAL_MAGNITUDES_RETAINED; PROPAGATION_COMBINER_AND_POLICY_MATCHED_CONTENT_CACHE_LOGIC_NOT_IN_NAND_TOTAL,379,0,IMPLEMENTED_TRACE_PASS
PAH-BUILD005-DEMAND-VALUATION-0001,8,STATIC_REUSE,unchanged-positive-and-negative-hits,B6BF33525A2B9B829DF5FAD06137BC46E7087DDD1FAA5127A26E8D961D4C0486,COLD_MAG,MAGNITUDE_FINAL,false,false,true,BIN_PRIME_FRONTIER_SPEC_B4_K,1,4,46,0,0,13,7,6,11,44,43,34,3,4,10,10,1,9,1,0,1,0,6,5,0,0,0,0,36,8,8,1,7,1,1,0,0,0,0,1,2,0,44,117,13,176,30492,0,84500,24966,139958,EXPLORATORY_COMPONENT_PROXY__NOT_DECISION_ELIGIBLE,AUTHORITATIVE_W_BIT_LOAD_ADD_MUL_OUTPUT_DATAPATH_NOT_REBUILT_AT_W16_W32; EXACT_OPERATION_COUNTS_AND_IDENTICAL_MAGNITUDES_RETAINED; PROPAGATION_COMBINER_AND_POLICY_MATCHED_CONTENT_CACHE_LOGIC_NOT_IN_NAND_TOTAL,391,0,IMPLEMENTED_TRACE_PASS
PAH-BUILD005-DEMAND-VALUATION-0001,8,STATIC_REUSE,unchanged-positive-and-negative-hits,B6BF33525A2B9B829DF5FAD06137BC46E7087DDD1FAA5127A26E8D961D4C0486,COLD_MAG,MAGNITUDE_FINAL,false,false,true,BIN_CONTENT_ANSWER_LRU_K,2,0,38,0,0,7,5,2,3,36,45,33,3,4,3,2,0,0,0,0,0,0,2,1,0,0,0,0,36,0,0,0,0,0,0,0,0,0,0,1,2,0,36,63,2,103,24948,0,45500,33478,103926,EXPLORATORY_COMPONENT_PROXY__NOT_DECISION_ELIGIBLE,AUTHORITATIVE_W_BIT_LOAD_ADD_MUL_OUTPUT_DATAPATH_NOT_REBUILT_AT_W16_W32; EXACT_OPERATION_COUNTS_AND_IDENTICAL_MAGNITUDES_RETAINED; PROPAGATION_COMBINER_AND_POLICY_MATCHED_CONTENT_CACHE_LOGIC_NOT_IN_NAND_TOTAL,375,0,IMPLEMENTED_TRACE_PASS
PAH-BUILD005-DEMAND-VALUATION-0001,8,STATIC_REUSE,unchanged-positive-and-negative-hits,B6BF33525A2B9B829DF5FAD06137BC46E7087DDD1FAA5127A26E8D961D4C0486,COLD_MAG,MAGNITUDE_FINAL,false,false,true,BIN_FRONTIER_NOPROP_K,2,0,38,0,0,5,3,2,3,36,46,34,3,4,2,2,1,0,1,0,0,0,2,1,0,0,0,0,36,0,0,0,0,0,0,0,0,0,0,1,2,0,36,45,5,88,24948,0,32500,36121,93569,EXPLORATORY_COMPONENT_PROXY__NOT_DECISION_ELIGIBLE,AUTHORITATIVE_W_BIT_LOAD_ADD_MUL_OUTPUT_DATAPATH_NOT_REBUILT_AT_W16_W32; EXACT_OPERATION_COUNTS_AND_IDENTICAL_MAGNITUDES_RETAINED; PROPAGATION_COMBINER_AND_POLICY_MATCHED_CONTENT_CACHE_LOGIC_NOT_IN_NAND_TOTAL,375,0,IMPLEMENTED_TRACE_PASS
PAH-BUILD005-DEMAND-VALUATION-0001,8,STATIC_REUSE,unchanged-positive-and-negative-hits,B6BF33525A2B9B829DF5FAD06137BC46E7087DDD1FAA5127A26E8D961D4C0486,COLD_MAG,MAGNITUDE_FINAL,false,false,true,BIN_PRIME_FRONTIER_PROP_K,2,0,38,0,0,5,3,2,3,36,46,34,3,4,2,2,1,0,1,0,0,0,2,1,0,0,0,0,36,0,0,0,0,0,0,0,0,0,0,1,2,0,36,45,5,88,24948,0,32500,36121,93569,EXPLORATORY_COMPONENT_PROXY__NOT_DECISION_ELIGIBLE,AUTHORITATIVE_W_BIT_LOAD_ADD_MUL_OUTPUT_DATAPATH_NOT_REBUILT_AT_W16_W32; EXACT_OPERATION_COUNTS_AND_IDENTICAL_MAGNITUDES_RETAINED; PROPAGATION_COMBINER_AND_POLICY_MATCHED_CONTENT_CACHE_LOGIC_NOT_IN_NAND_TOTAL,375,0,IMPLEMENTED_TRACE_PASS
PAH-BUILD005-DEMAND-VALUATION-0001,8,STATIC_REUSE,unchanged-positive-and-negative-hits,B6BF33525A2B9B829DF5FAD06137BC46E7087DDD1FAA5127A26E8D961D4C0486,COLD_MAG,MAGNITUDE_FINAL,false,false,true,BIN_PRIME_FRONTIER_SPEC_B1_K,2,1,40,0,0,6,4,2,5,38,49,35,3,4,3,3,2,1,1,0,1,0,2,3,0,0,0,0,36,2,2,1,1,1,1,0,0,0,0,1,2,0,38,54,7,101,26334,0,39000,39645,104979,EXPLORATORY_COMPONENT_PROXY__NOT_DECISION_ELIGIBLE,AUTHORITATIVE_W_BIT_LOAD_ADD_MUL_OUTPUT_DATAPATH_NOT_REBUILT_AT_W16_W32; EXACT_OPERATION_COUNTS_AND_IDENTICAL_MAGNITUDES_RETAINED; PROPAGATION_COMBINER_AND_POLICY_MATCHED_CONTENT_CACHE_LOGIC_NOT_IN_NAND_TOTAL,379,0,IMPLEMENTED_TRACE_PASS
PAH-BUILD005-DEMAND-VALUATION-0001,8,STATIC_REUSE,unchanged-positive-and-negative-hits,B6BF33525A2B9B829DF5FAD06137BC46E7087DDD1FAA5127A26E8D961D4C0486,COLD_MAG,MAGNITUDE_FINAL,false,false,true,BIN_PRIME_FRONTIER_SPEC_B4_K,2,4,46,0,0,13,7,6,11,44,85,34,3,4,10,10,1,8,2,0,1,0,6,5,0,0,0,0,36,8,8,1,7,1,1,0,0,0,0,1,2,0,44,117,13,176,30492,0,84500,50217,165209,EXPLORATORY_COMPONENT_PROXY__NOT_DECISION_ELIGIBLE,AUTHORITATIVE_W_BIT_LOAD_ADD_MUL_OUTPUT_DATAPATH_NOT_REBUILT_AT_W16_W32; EXACT_OPERATION_COUNTS_AND_IDENTICAL_MAGNITUDES_RETAINED; PROPAGATION_COMBINER_AND_POLICY_MATCHED_CONTENT_CACHE_LOGIC_NOT_IN_NAND_TOTAL,391,0,IMPLEMENTED_TRACE_PASS
PAH-BUILD005-DEMAND-VALUATION-0001,8,STATIC_REUSE,unchanged-positive-and-negative-hits,B6BF33525A2B9B829DF5FAD06137BC46E7087DDD1FAA5127A26E8D961D4C0486,COLD_MAG,MAGNITUDE_FINAL,false,false,true,BIN_CONTENT_ANSWER_LRU_K,4,0,38,0,0,7,5,2,3,36,45,33,3,4,3,2,0,0,0,0,0,0,2,1,0,0,0,0,36,0,0,0,0,0,0,0,0,0,0,1,2,0,36,63,2,103,24948,0,45500,67944,138392,EXPLORATORY_COMPONENT_PROXY__NOT_DECISION_ELIGIBLE,AUTHORITATIVE_W_BIT_LOAD_ADD_MUL_OUTPUT_DATAPATH_NOT_REBUILT_AT_W16_W32; EXACT_OPERATION_COUNTS_AND_IDENTICAL_MAGNITUDES_RETAINED; PROPAGATION_COMBINER_AND_POLICY_MATCHED_CONTENT_CACHE_LOGIC_NOT_IN_NAND_TOTAL,375,0,IMPLEMENTED_TRACE_PASS
PAH-BUILD005-DEMAND-VALUATION-0001,8,STATIC_REUSE,unchanged-positive-and-negative-hits,B6BF33525A2B9B829DF5FAD06137BC46E7087DDD1FAA5127A26E8D961D4C0486,COLD_MAG,MAGNITUDE_FINAL,false,false,true,BIN_FRONTIER_NOPROP_K,4,0,38,0,0,5,3,2,3,36,46,34,3,4,2,2,1,0,1,0,0,0,2,1,0,0,0,0,36,0,0,0,0,0,0,0,0,0,0,1,2,0,36,45,5,88,24948,0,32500,73308,130756,EXPLORATORY_COMPONENT_PROXY__NOT_DECISION_ELIGIBLE,AUTHORITATIVE_W_BIT_LOAD_ADD_MUL_OUTPUT_DATAPATH_NOT_REBUILT_AT_W16_W32; EXACT_OPERATION_COUNTS_AND_IDENTICAL_MAGNITUDES_RETAINED; PROPAGATION_COMBINER_AND_POLICY_MATCHED_CONTENT_CACHE_LOGIC_NOT_IN_NAND_TOTAL,375,0,IMPLEMENTED_TRACE_PASS
PAH-BUILD005-DEMAND-VALUATION-0001,8,STATIC_REUSE,unchanged-positive-and-negative-hits,B6BF33525A2B9B829DF5FAD06137BC46E7087DDD1FAA5127A26E8D961D4C0486,COLD_MAG,MAGNITUDE_FINAL,false,false,true,BIN_PRIME_FRONTIER_PROP_K,4,0,38,0,0,5,3,2,3,36,46,34,3,4,2,2,1,0,1,0,0,0,2,1,0,0,0,0,36,0,0,0,0,0,0,0,0,0,0,1,2,0,36,45,5,88,24948,0,32500,73308,130756,EXPLORATORY_COMPONENT_PROXY__NOT_DECISION_ELIGIBLE,AUTHORITATIVE_W_BIT_LOAD_ADD_MUL_OUTPUT_DATAPATH_NOT_REBUILT_AT_W16_W32; EXACT_OPERATION_COUNTS_AND_IDENTICAL_MAGNITUDES_RETAINED; PROPAGATION_COMBINER_AND_POLICY_MATCHED_CONTENT_CACHE_LOGIC_NOT_IN_NAND_TOTAL,375,0,IMPLEMENTED_TRACE_PASS
PAH-BUILD005-DEMAND-VALUATION-0001,8,STATIC_REUSE,unchanged-positive-and-negative-hits,B6BF33525A2B9B829DF5FAD06137BC46E7087DDD1FAA5127A26E8D961D4C0486,COLD_MAG,MAGNITUDE_FINAL,false,false,true,BIN_PRIME_FRONTIER_SPEC_B1_K,4,1,40,0,0,6,4,2,5,38,60,35,3,4,3,3,2,0,1,0,1,0,2,3,0,0,0,0,36,2,2,1,1,1,1,0,0,0,0,1,2,0,38,54,7,101,26334,0,39000,80460,145794,EXPLORATORY_COMPONENT_PROXY__NOT_DECISION_ELIGIBLE,AUTHORITATIVE_W_BIT_LOAD_ADD_MUL_OUTPUT_DATAPATH_NOT_REBUILT_AT_W16_W32; EXACT_OPERATION_COUNTS_AND_IDENTICAL_MAGNITUDES_RETAINED; PROPAGATION_COMBINER_AND_POLICY_MATCHED_CONTENT_CACHE_LOGIC_NOT_IN_NAND_TOTAL,379,0,IMPLEMENTED_TRACE_PASS
PAH-BUILD005-DEMAND-VALUATION-0001,8,STATIC_REUSE,unchanged-positive-and-negative-hits,B6BF33525A2B9B829DF5FAD06137BC46E7087DDD1FAA5127A26E8D961D4C0486,COLD_MAG,MAGNITUDE_FINAL,false,false,true,BIN_PRIME_FRONTIER_SPEC_B4_K,4,4,46,0,0,12,6,6,11,44,166,35,3,4,9,9,2,5,4,0,1,0,6,5,0,0,0,0,36,8,8,1,7,1,1,0,0,0,0,1,2,0,44,108,13,167,30492,0,78000,101916,210408,EXPLORATORY_COMPONENT_PROXY__NOT_DECISION_ELIGIBLE,AUTHORITATIVE_W_BIT_LOAD_ADD_MUL_OUTPUT_DATAPATH_NOT_REBUILT_AT_W16_W32; EXACT_OPERATION_COUNTS_AND_IDENTICAL_MAGNITUDES_RETAINED; PROPAGATION_COMBINER_AND_POLICY_MATCHED_CONTENT_CACHE_LOGIC_NOT_IN_NAND_TOTAL,391,0,IMPLEMENTED_TRACE_PASS
PAH-BUILD005-DEMAND-VALUATION-0001,8,THRESHOLD_STAIRCASE,ascending-descending-shuffled,C30EC52736D9BB862A885DE8B7CA3ECB1243E2978F09CFC432B887853500439A,COLD_MAG,MAGNITUDE_FINAL,false,false,true,BIN_DIRECT_BEST,0,0,23,0,0,87,80,7,22,0,0,0,0,0,0,0,0,0,0,0,0,0,7,15,0,0,0,0,22,0,0,0,0,0,0,0,0,0,0,1,1,0,22,783,0,806,15246,0,565500,0,580746,EXPLORATORY_COMPONENT_PROXY__NOT_DECISION_ELIGIBLE,AUTHORITATIVE_W_BIT_LOAD_ADD_MUL_OUTPUT_DATAPATH_NOT_REBUILT_AT_W16_W32; EXACT_OPERATION_COUNTS_AND_IDENTICAL_MAGNITUDES_RETAINED; PROPAGATION_COMBINER_AND_POLICY_MATCHED_CONTENT_CACHE_LOGIC_NOT_IN_NAND_TOTAL,228,0,IMPLEMENTED_TRACE_PASS
PAH-BUILD005-DEMAND-VALUATION-0001,8,THRESHOLD_STAIRCASE,ascending-descending-shuffled,C30EC52736D9BB862A885DE8B7CA3ECB1243E2978F09CFC432B887853500439A,COLD_MAG,MAGNITUDE_FINAL,false,false,true,BIN_CONTENT_ANSWER_LRU_K,1,0,23,0,0,21,20,1,6,22,16,16,10,5,6,1,0,0,0,0,0,0,1,5,0,0,0,0,22,0,0,0,0,0,0,0,0,0,0,1,1,0,22,189,1,213,15246,0,136500,10074,161820,EXPLORATORY_COMPONENT_PROXY__NOT_DECISION_ELIGIBLE,AUTHORITATIVE_W_BIT_LOAD_ADD_MUL_OUTPUT_DATAPATH_NOT_REBUILT_AT_W16_W32; EXACT_OPERATION_COUNTS_AND_IDENTICAL_MAGNITUDES_RETAINED; PROPAGATION_COMBINER_AND_POLICY_MATCHED_CONTENT_CACHE_LOGIC_NOT_IN_NAND_TOTAL,228,0,IMPLEMENTED_TRACE_PASS
PAH-BUILD005-DEMAND-VALUATION-0001,8,THRESHOLD_STAIRCASE,ascending-descending-shuffled,C30EC52736D9BB862A885DE8B7CA3ECB1243E2978F09CFC432B887853500439A,COLD_MAG,MAGNITUDE_FINAL,false,false,true,BIN_FRONTIER_NOPROP_K,1,0,23,0,0,6,5,1,6,22,21,21,10,5,1,1,5,0,0,0,0,0,1,5,0,0,0,0,22,0,0,0,0,0,0,0,0,0,0,1,1,0,22,54,7,84,15246,0,39000,12702,66948,EXPLORATORY_COMPONENT_PROXY__NOT_DECISION_ELIGIBLE,AUTHORITATIVE_W_BIT_LOAD_ADD_MUL_OUTPUT_DATAPATH_NOT_REBUILT_AT_W16_W32; EXACT_OPERATION_COUNTS_AND_IDENTICAL_MAGNITUDES_RETAINED; PROPAGATION_COMBINER_AND_POLICY_MATCHED_CONTENT_CACHE_LOGIC_NOT_IN_NAND_TOTAL,228,0,IMPLEMENTED_TRACE_PASS
PAH-BUILD005-DEMAND-VALUATION-0001,8,THRESHOLD_STAIRCASE,ascending-descending-shuffled,C30EC52736D9BB862A885DE8B7CA3ECB1243E2978F09CFC432B887853500439A,COLD_MAG,MAGNITUDE_FINAL,false,false,true,BIN_PRIME_FRONTIER_PROP_K,1,0,23,0,0,6,5,1,6,22,21,21,10,5,1,1,5,0,0,0,0,0,1,5,0,0,0,0,22,0,0,0,0,0,0,0,0,0,0,1,1,0,22,54,7,84,15246,0,39000,12702,66948,EXPLORATORY_COMPONENT_PROXY__NOT_DECISION_ELIGIBLE,AUTHORITATIVE_W_BIT_LOAD_ADD_MUL_OUTPUT_DATAPATH_NOT_REBUILT_AT_W16_W32; EXACT_OPERATION_COUNTS_AND_IDENTICAL_MAGNITUDES_RETAINED; PROPAGATION_COMBINER_AND_POLICY_MATCHED_CONTENT_CACHE_LOGIC_NOT_IN_NAND_TOTAL,228,0,IMPLEMENTED_TRACE_PASS
PAH-BUILD005-DEMAND-VALUATION-0001,8,THRESHOLD_STAIRCASE,ascending-descending-shuffled,C30EC52736D9BB862A885DE8B7CA3ECB1243E2978F09CFC432B887853500439A,COLD_MAG,MAGNITUDE_FINAL,false,false,true,BIN_PRIME_FRONTIER_SPEC_B1_K,1,1,24,0,0,6,5,1,6,23,22,22,11,5,1,1,5,0,0,0,0,0,1,5,0,0,0,0,22,1,1,1,0,1,1,0,0,0,0,1,1,0,23,54,7,85,15939,0,39000,13140,68079,EXPLORATORY_COMPONENT_PROXY__NOT_DECISION_ELIGIBLE,AUTHORITATIVE_W_BIT_LOAD_ADD_MUL_OUTPUT_DATAPATH_NOT_REBUILT_AT_W16_W32; EXACT_OPERATION_COUNTS_AND_IDENTICAL_MAGNITUDES_RETAINED; PROPAGATION_COMBINER_AND_POLICY_MATCHED_CONTENT_CACHE_LOGIC_NOT_IN_NAND_TOTAL,230,0,IMPLEMENTED_TRACE_PASS
PAH-BUILD005-DEMAND-VALUATION-0001,8,THRESHOLD_STAIRCASE,ascending-descending-shuffled,C30EC52736D9BB862A885DE8B7CA3ECB1243E2978F09CFC432B887853500439A,COLD_MAG,MAGNITUDE_FINAL,false,false,true,BIN_PRIME_FRONTIER_SPEC_B4_K,1,4,27,0,0,10,6,4,10,26,25,21,10,5,5,5,5,4,0,0,0,0,4,6,0,0,0,0,22,4,4,1,3,1,1,0,0,0,0,1,1,0,26,90,11,128,18018,0,65000,16206,99224,EXPLORATORY_COMPONENT_PROXY__NOT_DECISION_ELIGIBLE,AUTHORITATIVE_W_BIT_LOAD_ADD_MUL_OUTPUT_DATAPATH_NOT_REBUILT_AT_W16_W32; EXACT_OPERATION_COUNTS_AND_IDENTICAL_MAGNITUDES_RETAINED; PROPAGATION_COMBINER_AND_POLICY_MATCHED_CONTENT_CACHE_LOGIC_NOT_IN_NAND_TOTAL,236,0,IMPLEMENTED_TRACE_PASS
PAH-BUILD005-DEMAND-VALUATION-0001,8,THRESHOLD_STAIRCASE,ascending-descending-shuffled,C30EC52736D9BB862A885DE8B7CA3ECB1243E2978F09CFC432B887853500439A,COLD_MAG,MAGNITUDE_FINAL,false,false,true,BIN_CONTENT_ANSWER_LRU_K,2,0,23,0,0,21,20,1,6,22,16,16,10,5,6,1,0,0,0,0,0,0,1,5,0,0,0,0,22,0,0,0,0,0,0,0,0,0,0,1,1,0,22,189,1,213,15246,0,136500,20263,172009,EXPLORATORY_COMPONENT_PROXY__NOT_DECISION_ELIGIBLE,AUTHORITATIVE_W_BIT_LOAD_ADD_MUL_OUTPUT_DATAPATH_NOT_REBUILT_AT_W16_W32; EXACT_OPERATION_COUNTS_AND_IDENTICAL_MAGNITUDES_RETAINED; PROPAGATION_COMBINER_AND_POLICY_MATCHED_CONTENT_CACHE_LOGIC_NOT_IN_NAND_TOTAL,228,0,IMPLEMENTED_TRACE_PASS
PAH-BUILD005-DEMAND-VALUATION-0001,8,THRESHOLD_STAIRCASE,ascending-descending-shuffled,C30EC52736D9BB862A885DE8B7CA3ECB1243E2978F09CFC432B887853500439A,COLD_MAG,MAGNITUDE_FINAL,false,false,true,BIN_FRONTIER_NOPROP_K,2,0,23,0,0,6,5,1,6,22,21,21,10,5,1,1,5,0,0,0,0,0,1,5,0,0,0,0,22,0,0,0,0,0,0,0,0,0,0,1,1,0,22,54,7,84,15246,0,39000,25549,79795,EXPLORATORY_COMPONENT_PROXY__NOT_DECISION_ELIGIBLE,AUTHORITATIVE_W_BIT_LOAD_ADD_MUL_OUTPUT_DATAPATH_NOT_REBUILT_AT_W16_W32; EXACT_OPERATION_COUNTS_AND_IDENTICAL_MAGNITUDES_RETAINED; PROPAGATION_COMBINER_AND_POLICY_MATCHED_CONTENT_CACHE_LOGIC_NOT_IN_NAND_TOTAL,228,0,IMPLEMENTED_TRACE_PASS
PAH-BUILD005-DEMAND-VALUATION-0001,8,THRESHOLD_STAIRCASE,ascending-descending-shuffled,C30EC52736D9BB862A885DE8B7CA3ECB1243E2978F09CFC432B887853500439A,COLD_MAG,MAGNITUDE_FINAL,false,false,true,BIN_PRIME_FRONTIER_PROP_K,2,0,23,0,0,6,5,1,6,22,21,21,10,5,1,1,5,0,0,0,0,0,1,5,0,0,0,0,22,0,0,0,0,0,0,0,0,0,0,1,1,0,22,54,7,84,15246,0,39000,25549,79795,EXPLORATORY_COMPONENT_PROXY__NOT_DECISION_ELIGIBLE,AUTHORITATIVE_W_BIT_LOAD_ADD_MUL_OUTPUT_DATAPATH_NOT_REBUILT_AT_W16_W32; EXACT_OPERATION_COUNTS_AND_IDENTICAL_MAGNITUDES_RETAINED; PROPAGATION_COMBINER_AND_POLICY_MATCHED_CONTENT_CACHE_LOGIC_NOT_IN_NAND_TOTAL,228,0,IMPLEMENTED_TRACE_PASS
PAH-BUILD005-DEMAND-VALUATION-0001,8,THRESHOLD_STAIRCASE,ascending-descending-shuffled,C30EC52736D9BB862A885DE8B7CA3ECB1243E2978F09CFC432B887853500439A,COLD_MAG,MAGNITUDE_FINAL,false,false,true,BIN_PRIME_FRONTIER_SPEC_B1_K,2,1,24,0,0,6,5,1,6,23,22,22,11,5,1,1,5,0,0,0,0,0,1,5,0,0,0,0,22,1,1,1,0,1,1,0,0,0,0,1,1,0,23,54,7,85,15939,0,39000,26430,81369,EXPLORATORY_COMPONENT_PROXY__NOT_DECISION_ELIGIBLE,AUTHORITATIVE_W_BIT_LOAD_ADD_MUL_OUTPUT_DATAPATH_NOT_REBUILT_AT_W16_W32; EXACT_OPERATION_COUNTS_AND_IDENTICAL_MAGNITUDES_RETAINED; PROPAGATION_COMBINER_AND_POLICY_MATCHED_CONTENT_CACHE_LOGIC_NOT_IN_NAND_TOTAL,230,0,IMPLEMENTED_TRACE_PASS
PAH-BUILD005-DEMAND-VALUATION-0001,8,THRESHOLD_STAIRCASE,ascending-descending-shuffled,C30EC52736D9BB862A885DE8B7CA3ECB1243E2978F09CFC432B887853500439A,COLD_MAG,MAGNITUDE_FINAL,false,false,true,BIN_PRIME_FRONTIER_SPEC_B4_K,2,4,27,0,0,10,6,4,10,26,49,21,10,5,5,5,5,3,0,0,0,0,4,6,0,0,0,0,22,4,4,1,3,1,1,0,0,0,0,1,1,0,26,90,11,128,18018,0,65000,32597,115615,EXPLORATORY_COMPONENT_PROXY__NOT_DECISION_ELIGIBLE,AUTHORITATIVE_W_BIT_LOAD_ADD_MUL_OUTPUT_DATAPATH_NOT_REBUILT_AT_W16_W32; EXACT_OPERATION_COUNTS_AND_IDENTICAL_MAGNITUDES_RETAINED; PROPAGATION_COMBINER_AND_POLICY_MATCHED_CONTENT_CACHE_LOGIC_NOT_IN_NAND_TOTAL,236,0,IMPLEMENTED_TRACE_PASS
PAH-BUILD005-DEMAND-VALUATION-0001,8,THRESHOLD_STAIRCASE,ascending-descending-shuffled,C30EC52736D9BB862A885DE8B7CA3ECB1243E2978F09CFC432B887853500439A,COLD_MAG,MAGNITUDE_FINAL,false,false,true,BIN_CONTENT_ANSWER_LRU_K,4,0,23,0,0,21,20,1,6,22,16,16,10,5,6,1,0,0,0,0,0,0,1,5,0,0,0,0,22,0,0,0,0,0,0,0,0,0,0,1,1,0,22,189,1,213,15246,0,136500,41124,192870,EXPLORATORY_COMPONENT_PROXY__NOT_DECISION_ELIGIBLE,AUTHORITATIVE_W_BIT_LOAD_ADD_MUL_OUTPUT_DATAPATH_NOT_REBUILT_AT_W16_W32; EXACT_OPERATION_COUNTS_AND_IDENTICAL_MAGNITUDES_RETAINED; PROPAGATION_COMBINER_AND_POLICY_MATCHED_CONTENT_CACHE_LOGIC_NOT_IN_NAND_TOTAL,228,0,IMPLEMENTED_TRACE_PASS
PAH-BUILD005-DEMAND-VALUATION-0001,8,THRESHOLD_STAIRCASE,ascending-descending-shuffled,C30EC52736D9BB862A885DE8B7CA3ECB1243E2978F09CFC432B887853500439A,COLD_MAG,MAGNITUDE_FINAL,false,false,true,BIN_FRONTIER_NOPROP_K,4,0,23,0,0,6,5,1,6,22,21,21,10,5,1,1,5,0,0,0,0,0,1,5,0,0,0,0,22,0,0,0,0,0,0,0,0,0,0,1,1,0,22,54,7,84,15246,0,39000,51852,106098,EXPLORATORY_COMPONENT_PROXY__NOT_DECISION_ELIGIBLE,AUTHORITATIVE_W_BIT_LOAD_ADD_MUL_OUTPUT_DATAPATH_NOT_REBUILT_AT_W16_W32; EXACT_OPERATION_COUNTS_AND_IDENTICAL_MAGNITUDES_RETAINED; PROPAGATION_COMBINER_AND_POLICY_MATCHED_CONTENT_CACHE_LOGIC_NOT_IN_NAND_TOTAL,228,0,IMPLEMENTED_TRACE_PASS
PAH-BUILD005-DEMAND-VALUATION-0001,8,THRESHOLD_STAIRCASE,ascending-descending-shuffled,C30EC52736D9BB862A885DE8B7CA3ECB1243E2978F09CFC432B887853500439A,COLD_MAG,MAGNITUDE_FINAL,false,false,true,BIN_PRIME_FRONTIER_PROP_K,4,0,23,0,0,6,5,1,6,22,21,21,10,5,1,1,5,0,0,0,0,0,1,5,0,0,0,0,22,0,0,0,0,0,0,0,0,0,0,1,1,0,22,54,7,84,15246,0,39000,51852,106098,EXPLORATORY_COMPONENT_PROXY__NOT_DECISION_ELIGIBLE,AUTHORITATIVE_W_BIT_LOAD_ADD_MUL_OUTPUT_DATAPATH_NOT_REBUILT_AT_W16_W32; EXACT_OPERATION_COUNTS_AND_IDENTICAL_MAGNITUDES_RETAINED; PROPAGATION_COMBINER_AND_POLICY_MATCHED_CONTENT_CACHE_LOGIC_NOT_IN_NAND_TOTAL,228,0,IMPLEMENTED_TRACE_PASS
PAH-BUILD005-DEMAND-VALUATION-0001,8,THRESHOLD_STAIRCASE,ascending-descending-shuffled,C30EC52736D9BB862A885DE8B7CA3ECB1243E2978F09CFC432B887853500439A,COLD_MAG,MAGNITUDE_FINAL,false,false,true,BIN_PRIME_FRONTIER_SPEC_B1_K,4,1,24,0,0,6,5,1,6,23,22,22,11,5,1,1,5,0,0,0,0,0,1,5,0,0,0,0,22,1,1,1,0,1,1,0,0,0,0,1,1,0,23,54,7,85,15939,0,39000,53640,108579,EXPLORATORY_COMPONENT_PROXY__NOT_DECISION_ELIGIBLE,AUTHORITATIVE_W_BIT_LOAD_ADD_MUL_OUTPUT_DATAPATH_NOT_REBUILT_AT_W16_W32; EXACT_OPERATION_COUNTS_AND_IDENTICAL_MAGNITUDES_RETAINED; PROPAGATION_COMBINER_AND_POLICY_MATCHED_CONTENT_CACHE_LOGIC_NOT_IN_NAND_TOTAL,230,0,IMPLEMENTED_TRACE_PASS
PAH-BUILD005-DEMAND-VALUATION-0001,8,THRESHOLD_STAIRCASE,ascending-descending-shuffled,C30EC52736D9BB862A885DE8B7CA3ECB1243E2978F09CFC432B887853500439A,COLD_MAG,MAGNITUDE_FINAL,false,false,true,BIN_PRIME_FRONTIER_SPEC_B4_K,4,4,27,0,0,9,5,4,9,26,94,22,11,5,4,4,5,0,0,0,0,0,4,5,0,0,0,0,22,4,4,1,3,1,1,0,0,0,0,1,1,0,26,81,10,118,18018,0,58500,64368,140886,EXPLORATORY_COMPONENT_PROXY__NOT_DECISION_ELIGIBLE,AUTHORITATIVE_W_BIT_LOAD_ADD_MUL_OUTPUT_DATAPATH_NOT_REBUILT_AT_W16_W32; EXACT_OPERATION_COUNTS_AND_IDENTICAL_MAGNITUDES_RETAINED; PROPAGATION_COMBINER_AND_POLICY_MATCHED_CONTENT_CACHE_LOGIC_NOT_IN_NAND_TOTAL,236,0,IMPLEMENTED_TRACE_PASS
PAH-BUILD005-DEMAND-VALUATION-0001,8,RATIONAL_CANCEL,selected-primes-plus-full-gcd,6EF2EA5204F74F225A8281EEFFA966D83C3AB4EBAFD190923107DF8B6307A7B2,COLD_MAG,MAGNITUDE_FINAL,false,false,true,BIN_DIRECT_BEST,0,0,18,4,12,20,16,16,16,0,0,0,0,0,0,0,0,0,0,0,0,0,16,0,0,0,0,0,16,0,0,0,0,0,0,1,4,0,0,2,2,0,16,180,0,198,11088,2016,130000,0,143104,EXPLORATORY_COMPONENT_PROXY__NOT_DECISION_ELIGIBLE,AUTHORITATIVE_W_BIT_LOAD_ADD_MUL_OUTPUT_DATAPATH_NOT_REBUILT_AT_W16_W32; EXACT_OPERATION_COUNTS_AND_IDENTICAL_MAGNITUDES_RETAINED; PROPAGATION_COMBINER_AND_POLICY_MATCHED_CONTENT_CACHE_LOGIC_NOT_IN_NAND_TOTAL,201,0,IMPLEMENTED_TRACE_PASS
PAH-BUILD005-DEMAND-VALUATION-0001,8,RATIONAL_CANCEL,selected-primes-plus-full-gcd,6EF2EA5204F74F225A8281EEFFA966D83C3AB4EBAFD190923107DF8B6307A7B2,COLD_MAG,MAGNITUDE_FINAL,false,false,true,BIN_CONTENT_ANSWER_LRU_K,1,0,18,4,12,20,16,16,16,16,15,0,0,0,16,16,0,15,0,0,0,0,16,0,0,0,0,0,16,0,0,0,0,0,0,1,4,0,0,2,2,0,16,180,16,214,11088,2016,130000,14016,157120,EXPLORATORY_COMPONENT_PROXY__NOT_DECISION_ELIGIBLE,AUTHORITATIVE_W_BIT_LOAD_ADD_MUL_OUTPUT_DATAPATH_NOT_REBUILT_AT_W16_W32; EXACT_OPERATION_COUNTS_AND_IDENTICAL_MAGNITUDES_RETAINED; PROPAGATION_COMBINER_AND_POLICY_MATCHED_CONTENT_CACHE_LOGIC_NOT_IN_NAND_TOTAL,201,0,IMPLEMENTED_TRACE_PASS
PAH-BUILD005-DEMAND-VALUATION-0001,8,RATIONAL_CANCEL,selected-primes-plus-full-gcd,6EF2EA5204F74F225A8281EEFFA966D83C3AB4EBAFD190923107DF8B6307A7B2,COLD_MAG,MAGNITUDE_FINAL,false,false,true,BIN_FRONTIER_NOPROP_K,1,0,18,4,12,20,16,16,16,16,15,0,0,0,16,16,0,15,0,0,0,0,16,0,0,0,0,0,16,0,0,0,0,0,0,1,4,0,0,2,2,0,16,180,18,216,11088,2016,130000,14892,157996,EXPLORATORY_COMPONENT_PROXY__NOT_DECISION_ELIGIBLE,AUTHORITATIVE_W_BIT_LOAD_ADD_MUL_OUTPUT_DATAPATH_NOT_REBUILT_AT_W16_W32; EXACT_OPERATION_COUNTS_AND_IDENTICAL_MAGNITUDES_RETAINED; PROPAGATION_COMBINER_AND_POLICY_MATCHED_CONTENT_CACHE_LOGIC_NOT_IN_NAND_TOTAL,201,0,IMPLEMENTED_TRACE_PASS
PAH-BUILD005-DEMAND-VALUATION-0001,8,RATIONAL_CANCEL,selected-primes-plus-full-gcd,6EF2EA5204F74F225A8281EEFFA966D83C3AB4EBAFD190923107DF8B6307A7B2,COLD_MAG,MAGNITUDE_FINAL,false,false,true,BIN_PRIME_FRONTIER_PROP_K,1,0,18,4,12,20,16,16,16,16,15,0,0,0,16,16,0,15,0,0,0,0,16,0,0,0,0,0,16,0,0,0,0,0,0,1,4,0,0,2,2,0,16,180,18,216,11088,2016,130000,14892,157996,EXPLORATORY_COMPONENT_PROXY__NOT_DECISION_ELIGIBLE,AUTHORITATIVE_W_BIT_LOAD_ADD_MUL_OUTPUT_DATAPATH_NOT_REBUILT_AT_W16_W32; EXACT_OPERATION_COUNTS_AND_IDENTICAL_MAGNITUDES_RETAINED; PROPAGATION_COMBINER_AND_POLICY_MATCHED_CONTENT_CACHE_LOGIC_NOT_IN_NAND_TOTAL,201,0,IMPLEMENTED_TRACE_PASS
PAH-BUILD005-DEMAND-VALUATION-0001,8,RATIONAL_CANCEL,selected-primes-plus-full-gcd,6EF2EA5204F74F225A8281EEFFA966D83C3AB4EBAFD190923107DF8B6307A7B2,COLD_MAG,MAGNITUDE_FINAL,false,false,true,BIN_PRIME_FRONTIER_SPEC_B1_K,1,1,20,4,12,22,18,16,18,18,17,0,0,0,18,18,0,17,0,0,0,0,16,2,0,0,0,0,16,2,2,2,0,12,6,1,4,0,0,2,2,0,18,198,20,238,12474,2016,143000,16644,174134,EXPLORATORY_COMPONENT_PROXY__NOT_DECISION_ELIGIBLE,AUTHORITATIVE_W_BIT_LOAD_ADD_MUL_OUTPUT_DATAPATH_NOT_REBUILT_AT_W16_W32; EXACT_OPERATION_COUNTS_AND_IDENTICAL_MAGNITUDES_RETAINED; PROPAGATION_COMBINER_AND_POLICY_MATCHED_CONTENT_CACHE_LOGIC_NOT_IN_NAND_TOTAL,205,0,IMPLEMENTED_TRACE_PASS
PAH-BUILD005-DEMAND-VALUATION-0001,8,RATIONAL_CANCEL,selected-primes-plus-full-gcd,6EF2EA5204F74F225A8281EEFFA966D83C3AB4EBAFD190923107DF8B6307A7B2,COLD_MAG,MAGNITUDE_FINAL,false,false,true,BIN_PRIME_FRONTIER_SPEC_B4_K,1,4,26,4,12,28,20,20,24,24,23,0,0,0,24,24,0,23,0,0,0,0,20,4,0,0,0,0,16,8,8,6,2,60,14,1,4,0,0,2,2,0,24,252,26,304,16632,2016,182000,21900,222548,EXPLORATORY_COMPONENT_PROXY__NOT_DECISION_ELIGIBLE,AUTHORITATIVE_W_BIT_LOAD_ADD_MUL_OUTPUT_DATAPATH_NOT_REBUILT_AT_W16_W32; EXACT_OPERATION_COUNTS_AND_IDENTICAL_MAGNITUDES_RETAINED; PROPAGATION_COMBINER_AND_POLICY_MATCHED_CONTENT_CACHE_LOGIC_NOT_IN_NAND_TOTAL,217,0,IMPLEMENTED_TRACE_PASS
PAH-BUILD005-DEMAND-VALUATION-0001,8,RATIONAL_CANCEL,selected-primes-plus-full-gcd,6EF2EA5204F74F225A8281EEFFA966D83C3AB4EBAFD190923107DF8B6307A7B2,COLD_MAG,MAGNITUDE_FINAL,false,false,true,BIN_CONTENT_ANSWER_LRU_K,2,0,18,2,6,10,8,8,8,16,29,8,0,0,8,8,0,6,0,0,0,0,8,0,0,0,0,0,16,0,0,0,0,0,0,1,4,0,0,2,2,0,16,90,8,116,11088,1008,65000,21144,98240,EXPLORATORY_COMPONENT_PROXY__NOT_DECISION_ELIGIBLE,AUTHORITATIVE_W_BIT_LOAD_ADD_MUL_OUTPUT_DATAPATH_NOT_REBUILT_AT_W16_W32; EXACT_OPERATION_COUNTS_AND_IDENTICAL_MAGNITUDES_RETAINED; PROPAGATION_COMBINER_AND_POLICY_MATCHED_CONTENT_CACHE_LOGIC_NOT_IN_NAND_TOTAL,201,0,IMPLEMENTED_TRACE_PASS
PAH-BUILD005-DEMAND-VALUATION-0001,8,RATIONAL_CANCEL,selected-primes-plus-full-gcd,6EF2EA5204F74F225A8281EEFFA966D83C3AB4EBAFD190923107DF8B6307A7B2,COLD_MAG,MAGNITUDE_FINAL,false,false,true,BIN_FRONTIER_NOPROP_K,2,0,18,2,6,10,8,8,8,16,29,8,0,0,8,8,0,6,0,0,0,0,8,0,0,0,0,0,16,0,0,0,0,0,0,1,4,0,0,2,2,0,16,90,10,118,11088,1008,65000,22906,100002,EXPLORATORY_COMPONENT_PROXY__NOT_DECISION_ELIGIBLE,AUTHORITATIVE_W_BIT_LOAD_ADD_MUL_OUTPUT_DATAPATH_NOT_REBUILT_AT_W16_W32; EXACT_OPERATION_COUNTS_AND_IDENTICAL_MAGNITUDES_RETAINED; PROPAGATION_COMBINER_AND_POLICY_MATCHED_CONTENT_CACHE_LOGIC_NOT_IN_NAND_TOTAL,201,0,IMPLEMENTED_TRACE_PASS
PAH-BUILD005-DEMAND-VALUATION-0001,8,RATIONAL_CANCEL,selected-primes-plus-full-gcd,6EF2EA5204F74F225A8281EEFFA966D83C3AB4EBAFD190923107DF8B6307A7B2,COLD_MAG,MAGNITUDE_FINAL,false,false,true,BIN_PRIME_FRONTIER_PROP_K,2,0,18,2,6,10,8,8,8,16,29,8,0,0,8,8,0,6,0,0,0,0,8,0,0,0,0,0,16,0,0,0,0,0,0,1,4,0,0,2,2,0,16,90,10,118,11088,1008,65000,22906,100002,EXPLORATORY_COMPONENT_PROXY__NOT_DECISION_ELIGIBLE,AUTHORITATIVE_W_BIT_LOAD_ADD_MUL_OUTPUT_DATAPATH_NOT_REBUILT_AT_W16_W32; EXACT_OPERATION_COUNTS_AND_IDENTICAL_MAGNITUDES_RETAINED; PROPAGATION_COMBINER_AND_POLICY_MATCHED_CONTENT_CACHE_LOGIC_NOT_IN_NAND_TOTAL,201,0,IMPLEMENTED_TRACE_PASS
PAH-BUILD005-DEMAND-VALUATION-0001,8,RATIONAL_CANCEL,selected-primes-plus-full-gcd,6EF2EA5204F74F225A8281EEFFA966D83C3AB4EBAFD190923107DF8B6307A7B2,COLD_MAG,MAGNITUDE_FINAL,false,false,true,BIN_PRIME_FRONTIER_SPEC_B1_K,2,1,20,2,6,12,10,8,10,18,33,8,0,0,10,10,0,8,0,0,0,0,8,2,0,0,0,0,16,2,2,2,0,12,6,1,4,0,0,2,2,0,18,108,12,140,12474,1008,78000,26430,117912,EXPLORATORY_COMPONENT_PROXY__NOT_DECISION_ELIGIBLE,AUTHORITATIVE_W_BIT_LOAD_ADD_MUL_OUTPUT_DATAPATH_NOT_REBUILT_AT_W16_W32; EXACT_OPERATION_COUNTS_AND_IDENTICAL_MAGNITUDES_RETAINED; PROPAGATION_COMBINER_AND_POLICY_MATCHED_CONTENT_CACHE_LOGIC_NOT_IN_NAND_TOTAL,205,0,IMPLEMENTED_TRACE_PASS
PAH-BUILD005-DEMAND-VALUATION-0001,8,RATIONAL_CANCEL,selected-primes-plus-full-gcd,6EF2EA5204F74F225A8281EEFFA966D83C3AB4EBAFD190923107DF8B6307A7B2,COLD_MAG,MAGNITUDE_FINAL,false,false,true,BIN_PRIME_FRONTIER_SPEC_B4_K,2,4,26,2,6,18,12,12,16,24,45,8,0,0,16,16,0,14,0,0,0,0,12,4,0,0,0,0,16,8,8,6,2,60,14,1,4,0,0,2,2,0,24,162,18,206,16632,1008,117000,37002,171642,EXPLORATORY_COMPONENT_PROXY__NOT_DECISION_ELIGIBLE,AUTHORITATIVE_W_BIT_LOAD_ADD_MUL_OUTPUT_DATAPATH_NOT_REBUILT_AT_W16_W32; EXACT_OPERATION_COUNTS_AND_IDENTICAL_MAGNITUDES_RETAINED; PROPAGATION_COMBINER_AND_POLICY_MATCHED_CONTENT_CACHE_LOGIC_NOT_IN_NAND_TOTAL,217,0,IMPLEMENTED_TRACE_PASS
PAH-BUILD005-DEMAND-VALUATION-0001,8,RATIONAL_CANCEL,selected-primes-plus-full-gcd,6EF2EA5204F74F225A8281EEFFA966D83C3AB4EBAFD190923107DF8B6307A7B2,COLD_MAG,MAGNITUDE_FINAL,false,false,true,BIN_CONTENT_ANSWER_LRU_K,4,0,18,2,6,10,8,8,8,16,50,8,0,0,8,8,0,4,0,0,0,0,8,0,0,0,0,0,16,0,0,0,0,0,0,1,4,0,0,2,2,0,16,90,8,116,11088,1008,65000,42912,120008,EXPLORATORY_COMPONENT_PROXY__NOT_DECISION_ELIGIBLE,AUTHORITATIVE_W_BIT_LOAD_ADD_MUL_OUTPUT_DATAPATH_NOT_REBUILT_AT_W16_W32; EXACT_OPERATION_COUNTS_AND_IDENTICAL_MAGNITUDES_RETAINED; PROPAGATION_COMBINER_AND_POLICY_MATCHED_CONTENT_CACHE_LOGIC_NOT_IN_NAND_TOTAL,201,0,IMPLEMENTED_TRACE_PASS
PAH-BUILD005-DEMAND-VALUATION-0001,8,RATIONAL_CANCEL,selected-primes-plus-full-gcd,6EF2EA5204F74F225A8281EEFFA966D83C3AB4EBAFD190923107DF8B6307A7B2,COLD_MAG,MAGNITUDE_FINAL,false,false,true,BIN_FRONTIER_NOPROP_K,4,0,18,2,6,10,8,8,8,16,50,8,0,0,8,8,0,4,0,0,0,0,8,0,0,0,0,0,16,0,0,0,0,0,0,1,4,0,0,2,2,0,16,90,10,118,11088,1008,65000,46488,123584,EXPLORATORY_COMPONENT_PROXY__NOT_DECISION_ELIGIBLE,AUTHORITATIVE_W_BIT_LOAD_ADD_MUL_OUTPUT_DATAPATH_NOT_REBUILT_AT_W16_W32; EXACT_OPERATION_COUNTS_AND_IDENTICAL_MAGNITUDES_RETAINED; PROPAGATION_COMBINER_AND_POLICY_MATCHED_CONTENT_CACHE_LOGIC_NOT_IN_NAND_TOTAL,201,0,IMPLEMENTED_TRACE_PASS
PAH-BUILD005-DEMAND-VALUATION-0001,8,RATIONAL_CANCEL,selected-primes-plus-full-gcd,6EF2EA5204F74F225A8281EEFFA966D83C3AB4EBAFD190923107DF8B6307A7B2,COLD_MAG,MAGNITUDE_FINAL,false,false,true,BIN_PRIME_FRONTIER_PROP_K,4,0,18,2,6,10,8,8,8,16,50,8,0,0,8,8,0,4,0,0,0,0,8,0,0,0,0,0,16,0,0,0,0,0,0,1,4,0,0,2,2,0,16,90,10,118,11088,1008,65000,46488,123584,EXPLORATORY_COMPONENT_PROXY__NOT_DECISION_ELIGIBLE,AUTHORITATIVE_W_BIT_LOAD_ADD_MUL_OUTPUT_DATAPATH_NOT_REBUILT_AT_W16_W32; EXACT_OPERATION_COUNTS_AND_IDENTICAL_MAGNITUDES_RETAINED; PROPAGATION_COMBINER_AND_POLICY_MATCHED_CONTENT_CACHE_LOGIC_NOT_IN_NAND_TOTAL,201,0,IMPLEMENTED_TRACE_PASS
PAH-BUILD005-DEMAND-VALUATION-0001,8,RATIONAL_CANCEL,selected-primes-plus-full-gcd,6EF2EA5204F74F225A8281EEFFA966D83C3AB4EBAFD190923107DF8B6307A7B2,COLD_MAG,MAGNITUDE_FINAL,false,false,true,BIN_PRIME_FRONTIER_SPEC_B1_K,4,1,20,2,6,10,8,8,10,18,62,10,0,0,8,8,2,4,0,0,0,0,8,2,0,0,0,0,16,2,2,2,0,12,6,1,4,0,0,2,2,0,18,90,12,122,12474,1008,65000,53640,132122,EXPLORATORY_COMPONENT_PROXY__NOT_DECISION_ELIGIBLE,AUTHORITATIVE_W_BIT_LOAD_ADD_MUL_OUTPUT_DATAPATH_NOT_REBUILT_AT_W16_W32; EXACT_OPERATION_COUNTS_AND_IDENTICAL_MAGNITUDES_RETAINED; PROPAGATION_COMBINER_AND_POLICY_MATCHED_CONTENT_CACHE_LOGIC_NOT_IN_NAND_TOTAL,205,0,IMPLEMENTED_TRACE_PASS
PAH-BUILD005-DEMAND-VALUATION-0001,8,RATIONAL_CANCEL,selected-primes-plus-full-gcd,6EF2EA5204F74F225A8281EEFFA966D83C3AB4EBAFD190923107DF8B6307A7B2,COLD_MAG,MAGNITUDE_FINAL,false,false,true,BIN_PRIME_FRONTIER_SPEC_B4_K,4,4,26,2,6,18,12,12,16,24,86,8,0,0,16,16,0,12,0,0,0,0,12,4,0,0,0,0,16,8,8,6,2,60,14,1,4,0,0,2,2,0,24,162,18,206,16632,1008,117000,75096,209736,EXPLORATORY_COMPONENT_PROXY__NOT_DECISION_ELIGIBLE,AUTHORITATIVE_W_BIT_LOAD_ADD_MUL_OUTPUT_DATAPATH_NOT_REBUILT_AT_W16_W32; EXACT_OPERATION_COUNTS_AND_IDENTICAL_MAGNITUDES_RETAINED; PROPAGATION_COMBINER_AND_POLICY_MATCHED_CONTENT_CACHE_LOGIC_NOT_IN_NAND_TOTAL,217,0,IMPLEMENTED_TRACE_PASS
PAH-BUILD005-DEMAND-VALUATION-0001,8,DIVISIBILITY_FILTER_PERSISTENT,four-slot-reuse,5F1C858CE0589070DBD6B65104D8513B65427331D0A48611E044E53F8E0205AC,COLD_MAG,MAGNITUDE_FINAL,false,false,true,BIN_DIRECT_BEST,0,0,260,34,44,254,64,234,256,0,0,0,0,0,0,0,0,0,0,0,0,0,234,22,0,0,0,0,256,0,0,0,0,0,0,0,0,0,0,4,4,0,256,2286,0,2546,177408,17136,1651000,0,1845544,EXPLORATORY_COMPONENT_PROXY__NOT_DECISION_ELIGIBLE,AUTHORITATIVE_W_BIT_LOAD_ADD_MUL_OUTPUT_DATAPATH_NOT_REBUILT_AT_W16_W32; EXACT_OPERATION_COUNTS_AND_IDENTICAL_MAGNITUDES_RETAINED; PROPAGATION_COMBINER_AND_POLICY_MATCHED_CONTENT_CACHE_LOGIC_NOT_IN_NAND_TOTAL,3366,0,IMPLEMENTED_TRACE_PASS
PAH-BUILD005-DEMAND-VALUATION-0001,8,DIVISIBILITY_FILTER_PERSISTENT,four-slot-reuse,5F1C858CE0589070DBD6B65104D8513B65427331D0A48611E044E53F8E0205AC,COLD_MAG,MAGNITUDE_FINAL,false,false,true,BIN_CONTENT_ANSWER_LRU_K,1,0,260,34,44,248,64,228,250,256,255,6,0,6,250,228,0,227,0,0,0,0,228,22,0,0,0,0,256,0,0,0,0,0,0,0,0,0,0,4,4,0,256,2232,228,2720,177408,17136,1612000,211992,2018536,EXPLORATORY_COMPONENT_PROXY__NOT_DECISION_ELIGIBLE,AUTHORITATIVE_W_BIT_LOAD_ADD_MUL_OUTPUT_DATAPATH_NOT_REBUILT_AT_W16_W32; EXACT_OPERATION_COUNTS_AND_IDENTICAL_MAGNITUDES_RETAINED; PROPAGATION_COMBINER_AND_POLICY_MATCHED_CONTENT_CACHE_LOGIC_NOT_IN_NAND_TOTAL,3366,0,IMPLEMENTED_TRACE_PASS
PAH-BUILD005-DEMAND-VALUATION-0001,8,DIVISIBILITY_FILTER_PERSISTENT,four-slot-reuse,5F1C858CE0589070DBD6B65104D8513B65427331D0A48611E044E53F8E0205AC,COLD_MAG,MAGNITUDE_FINAL,false,false,true,BIN_FRONTIER_NOPROP_K,1,0,260,34,44,248,64,228,250,256,255,6,0,6,250,250,0,249,0,0,0,0,228,22,0,0,0,0,256,0,0,0,0,0,0,0,0,0,0,4,4,0,256,2232,254,2746,177408,17136,1612000,223380,2029924,EXPLORATORY_COMPONENT_PROXY__NOT_DECISION_ELIGIBLE,AUTHORITATIVE_W_BIT_LOAD_ADD_MUL_OUTPUT_DATAPATH_NOT_REBUILT_AT_W16_W32; EXACT_OPERATION_COUNTS_AND_IDENTICAL_MAGNITUDES_RETAINED; PROPAGATION_COMBINER_AND_POLICY_MATCHED_CONTENT_CACHE_LOGIC_NOT_IN_NAND_TOTAL,3366,0,IMPLEMENTED_TRACE_PASS
PAH-BUILD005-DEMAND-VALUATION-0001,8,DIVISIBILITY_FILTER_PERSISTENT,four-slot-reuse,5F1C858CE0589070DBD6B65104D8513B65427331D0A48611E044E53F8E0205AC,COLD_MAG,MAGNITUDE_FINAL,false,false,true,BIN_PRIME_FRONTIER_PROP_K,1,0,260,34,44,248,64,228,250,256,255,6,0,6,250,250,0,249,0,0,0,0,228,22,0,0,0,0,256,0,0,0,0,0,0,0,0,0,0,4,4,0,256,2232,254,2746,177408,17136,1612000,223380,2029924,EXPLORATORY_COMPONENT_PROXY__NOT_DECISION_ELIGIBLE,AUTHORITATIVE_W_BIT_LOAD_ADD_MUL_OUTPUT_DATAPATH_NOT_REBUILT_AT_W16_W32; EXACT_OPERATION_COUNTS_AND_IDENTICAL_MAGNITUDES_RETAINED; PROPAGATION_COMBINER_AND_POLICY_MATCHED_CONTENT_CACHE_LOGIC_NOT_IN_NAND_TOTAL,3366,0,IMPLEMENTED_TRACE_PASS
PAH-BUILD005-DEMAND-VALUATION-0001,8,DIVISIBILITY_FILTER_PERSISTENT,four-slot-reuse,5F1C858CE0589070DBD6B65104D8513B65427331D0A48611E044E53F8E0205AC,COLD_MAG,MAGNITUDE_FINAL,false,false,true,BIN_PRIME_FRONTIER_SPEC_B1_K,1,1,264,34,44,252,66,230,254,260,259,6,0,6,254,254,0,253,0,0,0,0,230,24,0,0,0,0,256,4,4,4,0,197,107,0,0,0,0,4,4,0,260,2268,258,2790,180180,17136,1638000,226884,2062200,EXPLORATORY_COMPONENT_PROXY__NOT_DECISION_ELIGIBLE,AUTHORITATIVE_W_BIT_LOAD_ADD_MUL_OUTPUT_DATAPATH_NOT_REBUILT_AT_W16_W32; EXACT_OPERATION_COUNTS_AND_IDENTICAL_MAGNITUDES_RETAINED; PROPAGATION_COMBINER_AND_POLICY_MATCHED_CONTENT_CACHE_LOGIC_NOT_IN_NAND_TOTAL,3374,0,IMPLEMENTED_TRACE_PASS
PAH-BUILD005-DEMAND-VALUATION-0001,8,DIVISIBILITY_FILTER_PERSISTENT,four-slot-reuse,5F1C858CE0589070DBD6B65104D8513B65427331D0A48611E044E53F8E0205AC,COLD_MAG,MAGNITUDE_FINAL,false,false,true,BIN_PRIME_FRONTIER_SPEC_B4_K,1,4,276,34,44,264,69,239,266,272,271,6,0,6,266,266,0,265,0,0,0,0,239,27,0,0,0,0,256,16,16,16,0,766,223,0,0,0,0,4,4,0,272,2376,270,2922,188496,17136,1716000,237396,2159028,EXPLORATORY_COMPONENT_PROXY__NOT_DECISION_ELIGIBLE,AUTHORITATIVE_W_BIT_LOAD_ADD_MUL_OUTPUT_DATAPATH_NOT_REBUILT_AT_W16_W32; EXACT_OPERATION_COUNTS_AND_IDENTICAL_MAGNITUDES_RETAINED; PROPAGATION_COMBINER_AND_POLICY_MATCHED_CONTENT_CACHE_LOGIC_NOT_IN_NAND_TOTAL,3398,0,IMPLEMENTED_TRACE_PASS
PAH-BUILD005-DEMAND-VALUATION-0001,8,DIVISIBILITY_FILTER_PERSISTENT,four-slot-reuse,5F1C858CE0589070DBD6B65104D8513B65427331D0A48611E044E53F8E0205AC,COLD_MAG,MAGNITUDE_FINAL,false,false,true,BIN_CONTENT_ANSWER_LRU_K,2,0,260,33,42,242,63,221,243,256,509,13,0,13,243,221,0,219,0,0,0,0,221,22,0,0,0,0,256,0,0,0,0,0,0,0,0,0,0,4,4,0,256,2178,221,2659,177408,16632,1573000,420237,2187277,EXPLORATORY_COMPONENT_PROXY__NOT_DECISION_ELIGIBLE,AUTHORITATIVE_W_BIT_LOAD_ADD_MUL_OUTPUT_DATAPATH_NOT_REBUILT_AT_W16_W32; EXACT_OPERATION_COUNTS_AND_IDENTICAL_MAGNITUDES_RETAINED; PROPAGATION_COMBINER_AND_POLICY_MATCHED_CONTENT_CACHE_LOGIC_NOT_IN_NAND_TOTAL,3366,0,IMPLEMENTED_TRACE_PASS
PAH-BUILD005-DEMAND-VALUATION-0001,8,DIVISIBILITY_FILTER_PERSISTENT,four-slot-reuse,5F1C858CE0589070DBD6B65104D8513B65427331D0A48611E044E53F8E0205AC,COLD_MAG,MAGNITUDE_FINAL,false,false,true,BIN_FRONTIER_NOPROP_K,2,0,260,32,41,242,62,221,242,256,509,14,1,13,242,242,0,240,0,0,0,0,221,21,0,0,0,0,256,0,0,0,0,0,0,0,0,0,0,4,4,0,256,2178,246,2684,177408,16128,1573000,442262,2208798,EXPLORATORY_COMPONENT_PROXY__NOT_DECISION_ELIGIBLE,AUTHORITATIVE_W_BIT_LOAD_ADD_MUL_OUTPUT_DATAPATH_NOT_REBUILT_AT_W16_W32; EXACT_OPERATION_COUNTS_AND_IDENTICAL_MAGNITUDES_RETAINED; PROPAGATION_COMBINER_AND_POLICY_MATCHED_CONTENT_CACHE_LOGIC_NOT_IN_NAND_TOTAL,3366,0,IMPLEMENTED_TRACE_PASS
PAH-BUILD005-DEMAND-VALUATION-0001,8,DIVISIBILITY_FILTER_PERSISTENT,four-slot-reuse,5F1C858CE0589070DBD6B65104D8513B65427331D0A48611E044E53F8E0205AC,COLD_MAG,MAGNITUDE_FINAL,false,false,true,BIN_PRIME_FRONTIER_PROP_K,2,0,260,32,41,242,62,221,242,256,509,14,1,13,242,242,0,240,0,0,0,0,221,21,0,0,0,0,256,0,0,0,0,0,0,0,0,0,0,4,4,0,256,2178,246,2684,177408,16128,1573000,442262,2208798,EXPLORATORY_COMPONENT_PROXY__NOT_DECISION_ELIGIBLE,AUTHORITATIVE_W_BIT_LOAD_ADD_MUL_OUTPUT_DATAPATH_NOT_REBUILT_AT_W16_W32; EXACT_OPERATION_COUNTS_AND_IDENTICAL_MAGNITUDES_RETAINED; PROPAGATION_COMBINER_AND_POLICY_MATCHED_CONTENT_CACHE_LOGIC_NOT_IN_NAND_TOTAL,3366,0,IMPLEMENTED_TRACE_PASS
PAH-BUILD005-DEMAND-VALUATION-0001,8,DIVISIBILITY_FILTER_PERSISTENT,four-slot-reuse,5F1C858CE0589070DBD6B65104D8513B65427331D0A48611E044E53F8E0205AC,COLD_MAG,MAGNITUDE_FINAL,false,false,true,BIN_PRIME_FRONTIER_SPEC_B1_K,2,1,264,32,41,246,64,223,246,260,517,14,1,13,246,246,0,244,0,0,0,0,223,23,0,0,0,0,256,4,4,4,0,197,107,0,0,0,0,4,4,0,260,2214,250,2728,180180,16128,1599000,449310,2244618,EXPLORATORY_COMPONENT_PROXY__NOT_DECISION_ELIGIBLE,AUTHORITATIVE_W_BIT_LOAD_ADD_MUL_OUTPUT_DATAPATH_NOT_REBUILT_AT_W16_W32; EXACT_OPERATION_COUNTS_AND_IDENTICAL_MAGNITUDES_RETAINED; PROPAGATION_COMBINER_AND_POLICY_MATCHED_CONTENT_CACHE_LOGIC_NOT_IN_NAND_TOTAL,3374,0,IMPLEMENTED_TRACE_PASS
PAH-BUILD005-DEMAND-VALUATION-0001,8,DIVISIBILITY_FILTER_PERSISTENT,four-slot-reuse,5F1C858CE0589070DBD6B65104D8513B65427331D0A48611E044E53F8E0205AC,COLD_MAG,MAGNITUDE_FINAL,false,false,true,BIN_PRIME_FRONTIER_SPEC_B4_K,2,4,276,32,41,258,67,232,258,272,541,14,1,13,258,258,0,256,0,0,0,0,232,26,0,0,0,0,256,16,16,16,0,766,223,0,0,0,0,4,4,0,272,2322,262,2860,188496,16128,1677000,470454,2352078,EXPLORATORY_COMPONENT_PROXY__NOT_DECISION_ELIGIBLE,AUTHORITATIVE_W_BIT_LOAD_ADD_MUL_OUTPUT_DATAPATH_NOT_REBUILT_AT_W16_W32; EXACT_OPERATION_COUNTS_AND_IDENTICAL_MAGNITUDES_RETAINED; PROPAGATION_COMBINER_AND_POLICY_MATCHED_CONTENT_CACHE_LOGIC_NOT_IN_NAND_TOTAL,3398,0,IMPLEMENTED_TRACE_PASS
PAH-BUILD005-DEMAND-VALUATION-0001,8,DIVISIBILITY_FILTER_PERSISTENT,four-slot-reuse,5F1C858CE0589070DBD6B65104D8513B65427331D0A48611E044E53F8E0205AC,COLD_MAG,MAGNITUDE_FINAL,false,false,true,BIN_CONTENT_ANSWER_LRU_K,4,0,260,32,41,233,59,215,234,256,1014,22,3,19,234,215,0,211,0,0,0,0,215,19,0,0,0,0,256,0,0,0,0,0,0,0,0,0,0,4,4,0,256,2097,215,2572,177408,16128,1514500,842148,2550184,EXPLORATORY_COMPONENT_PROXY__NOT_DECISION_ELIGIBLE,AUTHORITATIVE_W_BIT_LOAD_ADD_MUL_OUTPUT_DATAPATH_NOT_REBUILT_AT_W16_W32; EXACT_OPERATION_COUNTS_AND_IDENTICAL_MAGNITUDES_RETAINED; PROPAGATION_COMBINER_AND_POLICY_MATCHED_CONTENT_CACHE_LOGIC_NOT_IN_NAND_TOTAL,3366,0,IMPLEMENTED_TRACE_PASS
PAH-BUILD005-DEMAND-VALUATION-0001,8,DIVISIBILITY_FILTER_PERSISTENT,four-slot-reuse,5F1C858CE0589070DBD6B65104D8513B65427331D0A48611E044E53F8E0205AC,COLD_MAG,MAGNITUDE_FINAL,false,false,true,BIN_FRONTIER_NOPROP_K,4,0,260,31,40,233,58,215,233,256,1014,23,4,19,233,233,0,229,0,0,0,0,215,18,0,0,0,0,256,0,0,0,0,0,0,0,0,0,0,4,4,0,256,2097,237,2594,177408,15624,1514500,881484,2589016,EXPLORATORY_COMPONENT_PROXY__NOT_DECISION_ELIGIBLE,AUTHORITATIVE_W_BIT_LOAD_ADD_MUL_OUTPUT_DATAPATH_NOT_REBUILT_AT_W16_W32; EXACT_OPERATION_COUNTS_AND_IDENTICAL_MAGNITUDES_RETAINED; PROPAGATION_COMBINER_AND_POLICY_MATCHED_CONTENT_CACHE_LOGIC_NOT_IN_NAND_TOTAL,3366,0,IMPLEMENTED_TRACE_PASS
PAH-BUILD005-DEMAND-VALUATION-0001,8,DIVISIBILITY_FILTER_PERSISTENT,four-slot-reuse,5F1C858CE0589070DBD6B65104D8513B65427331D0A48611E044E53F8E0205AC,COLD_MAG,MAGNITUDE_FINAL,false,false,true,BIN_PRIME_FRONTIER_PROP_K,4,0,260,31,40,233,58,215,233,256,1014,23,4,19,233,233,0,229,0,0,0,0,215,18,0,0,0,0,256,0,0,0,0,0,0,0,0,0,0,4,4,0,256,2097,237,2594,177408,15624,1514500,881484,2589016,EXPLORATORY_COMPONENT_PROXY__NOT_DECISION_ELIGIBLE,AUTHORITATIVE_W_BIT_LOAD_ADD_MUL_OUTPUT_DATAPATH_NOT_REBUILT_AT_W16_W32; EXACT_OPERATION_COUNTS_AND_IDENTICAL_MAGNITUDES_RETAINED; PROPAGATION_COMBINER_AND_POLICY_MATCHED_CONTENT_CACHE_LOGIC_NOT_IN_NAND_TOTAL,3366,0,IMPLEMENTED_TRACE_PASS
PAH-BUILD005-DEMAND-VALUATION-0001,8,DIVISIBILITY_FILTER_PERSISTENT,four-slot-reuse,5F1C858CE0589070DBD6B65104D8513B65427331D0A48611E044E53F8E0205AC,COLD_MAG,MAGNITUDE_FINAL,false,false,true,BIN_PRIME_FRONTIER_SPEC_B1_K,4,1,264,31,40,237,60,217,237,260,1030,23,4,19,237,237,0,233,0,0,0,0,217,20,0,0,0,0,256,4,4,4,0,197,107,0,0,0,0,4,4,0,260,2133,241,2638,180180,15624,1540500,895788,2632092,EXPLORATORY_COMPONENT_PROXY__NOT_DECISION_ELIGIBLE,AUTHORITATIVE_W_BIT_LOAD_ADD_MUL_OUTPUT_DATAPATH_NOT_REBUILT_AT_W16_W32; EXACT_OPERATION_COUNTS_AND_IDENTICAL_MAGNITUDES_RETAINED; PROPAGATION_COMBINER_AND_POLICY_MATCHED_CONTENT_CACHE_LOGIC_NOT_IN_NAND_TOTAL,3374,0,IMPLEMENTED_TRACE_PASS
PAH-BUILD005-DEMAND-VALUATION-0001,8,DIVISIBILITY_FILTER_PERSISTENT,four-slot-reuse,5F1C858CE0589070DBD6B65104D8513B65427331D0A48611E044E53F8E0205AC,COLD_MAG,MAGNITUDE_FINAL,false,false,true,BIN_PRIME_FRONTIER_SPEC_B4_K,4,4,276,31,40,248,63,225,248,272,1078,24,4,20,248,248,0,244,0,0,0,0,225,23,0,0,0,0,256,16,16,16,0,766,223,0,0,0,0,4,4,0,272,2232,252,2760,188496,15624,1612000,936912,2753032,EXPLORATORY_COMPONENT_PROXY__NOT_DECISION_ELIGIBLE,AUTHORITATIVE_W_BIT_LOAD_ADD_MUL_OUTPUT_DATAPATH_NOT_REBUILT_AT_W16_W32; EXACT_OPERATION_COUNTS_AND_IDENTICAL_MAGNITUDES_RETAINED; PROPAGATION_COMBINER_AND_POLICY_MATCHED_CONTENT_CACHE_LOGIC_NOT_IN_NAND_TOTAL,3398,0,IMPLEMENTED_TRACE_PASS
PAH-BUILD005-DEMAND-VALUATION-0001,8,DIVISIBILITY_FILTER_STREAM,one-query-per-value,83AF7B47D5CC874F3D14E4270FCB0A65ED2652013D4CFC77745EDA4C76CB7FC4,COLD_MAG,MAGNITUDE_FINAL,false,false,true,BIN_DIRECT_BEST,0,0,256,9,9,119,17,111,128,0,0,0,0,0,0,0,0,0,0,0,0,0,111,17,0,0,0,0,128,0,0,0,0,0,0,0,0,0,0,1,128,0,128,1071,0,1327,88704,4536,773500,0,866740,EXPLORATORY_COMPONENT_PROXY__NOT_DECISION_ELIGIBLE,AUTHORITATIVE_W_BIT_LOAD_ADD_MUL_OUTPUT_DATAPATH_NOT_REBUILT_AT_W16_W32; EXACT_OPERATION_COUNTS_AND_IDENTICAL_MAGNITUDES_RETAINED; PROPAGATION_COMBINER_AND_POLICY_MATCHED_CONTENT_CACHE_LOGIC_NOT_IN_NAND_TOTAL,2177,0,IMPLEMENTED_TRACE_PASS
PAH-BUILD005-DEMAND-VALUATION-0001,8,DIVISIBILITY_FILTER_STREAM,one-query-per-value,83AF7B47D5CC874F3D14E4270FCB0A65ED2652013D4CFC77745EDA4C76CB7FC4,COLD_MAG,MAGNITUDE_FINAL,false,false,true,BIN_CONTENT_ANSWER_LRU_K,1,0,256,9,9,119,17,111,128,128,127,0,0,0,128,111,0,110,0,0,0,0,111,17,0,0,0,0,128,0,0,0,0,0,0,0,0,0,0,1,128,0,128,1071,111,1438,88704,4536,773500,104682,971422,EXPLORATORY_COMPONENT_PROXY__NOT_DECISION_ELIGIBLE,AUTHORITATIVE_W_BIT_LOAD_ADD_MUL_OUTPUT_DATAPATH_NOT_REBUILT_AT_W16_W32; EXACT_OPERATION_COUNTS_AND_IDENTICAL_MAGNITUDES_RETAINED; PROPAGATION_COMBINER_AND_POLICY_MATCHED_CONTENT_CACHE_LOGIC_NOT_IN_NAND_TOTAL,2177,0,IMPLEMENTED_TRACE_PASS
PAH-BUILD005-DEMAND-VALUATION-0001,8,DIVISIBILITY_FILTER_STREAM,one-query-per-value,83AF7B47D5CC874F3D14E4270FCB0A65ED2652013D4CFC77745EDA4C76CB7FC4,COLD_MAG,MAGNITUDE_FINAL,false,false,true,BIN_FRONTIER_NOPROP_K,1,0,256,9,9,119,17,111,128,128,127,0,0,0,128,128,0,127,127,0,13,0,111,17,0,0,0,0,128,0,0,0,0,0,0,0,0,0,0,1,128,0,128,1071,256,1583,88704,4536,773500,168192,1034932,EXPLORATORY_COMPONENT_PROXY__NOT_DECISION_ELIGIBLE,AUTHORITATIVE_W_BIT_LOAD_ADD_MUL_OUTPUT_DATAPATH_NOT_REBUILT_AT_W16_W32; EXACT_OPERATION_COUNTS_AND_IDENTICAL_MAGNITUDES_RETAINED; PROPAGATION_COMBINER_AND_POLICY_MATCHED_CONTENT_CACHE_LOGIC_NOT_IN_NAND_TOTAL,2177,0,IMPLEMENTED_TRACE_PASS
PAH-BUILD005-DEMAND-VALUATION-0001,8,DIVISIBILITY_FILTER_STREAM,one-query-per-value,83AF7B47D5CC874F3D14E4270FCB0A65ED2652013D4CFC77745EDA4C76CB7FC4,COLD_MAG,MAGNITUDE_FINAL,false,false,true,BIN_PRIME_FRONTIER_PROP_K,1,0,256,9,9,119,17,111,128,128,127,0,0,0,128,128,0,127,127,0,13,0,111,17,0,0,0,0,128,0,0,0,0,0,0,0,0,0,0,1,128,0,128,1071,256,1583,88704,4536,773500,168192,1034932,EXPLORATORY_COMPONENT_PROXY__NOT_DECISION_ELIGIBLE,AUTHORITATIVE_W_BIT_LOAD_ADD_MUL_OUTPUT_DATAPATH_NOT_REBUILT_AT_W16_W32; EXACT_OPERATION_COUNTS_AND_IDENTICAL_MAGNITUDES_RETAINED; PROPAGATION_COMBINER_AND_POLICY_MATCHED_CONTENT_CACHE_LOGIC_NOT_IN_NAND_TOTAL,2177,0,IMPLEMENTED_TRACE_PASS
PAH-BUILD005-DEMAND-VALUATION-0001,8,DIVISIBILITY_FILTER_STREAM,one-query-per-value,83AF7B47D5CC874F3D14E4270FCB0A65ED2652013D4CFC77745EDA4C76CB7FC4,COLD_MAG,MAGNITUDE_FINAL,false,false,true,BIN_PRIME_FRONTIER_SPEC_B1_K,1,1,384,9,9,235,50,194,244,256,255,12,4,8,244,244,0,243,127,0,12,0,194,50,0,0,0,0,128,128,128,12,116,12,1,0,0,0,0,1,128,0,256,2115,372,2871,177408,4536,1527500,275064,1984508,EXPLORATORY_COMPONENT_PROXY__NOT_DECISION_ELIGIBLE,AUTHORITATIVE_W_BIT_LOAD_ADD_MUL_OUTPUT_DATAPATH_NOT_REBUILT_AT_W16_W32; EXACT_OPERATION_COUNTS_AND_IDENTICAL_MAGNITUDES_RETAINED; PROPAGATION_COMBINER_AND_POLICY_MATCHED_CONTENT_CACHE_LOGIC_NOT_IN_NAND_TOTAL,2433,0,IMPLEMENTED_TRACE_PASS
PAH-BUILD005-DEMAND-VALUATION-0001,8,DIVISIBILITY_FILTER_STREAM,one-query-per-value,83AF7B47D5CC874F3D14E4270FCB0A65ED2652013D4CFC77745EDA4C76CB7FC4,COLD_MAG,MAGNITUDE_FINAL,false,false,true,BIN_PRIME_FRONTIER_SPEC_B4_K,1,4,768,9,9,620,105,524,629,640,639,11,0,11,629,629,0,628,127,0,12,0,524,105,0,0,0,0,128,512,512,51,461,51,1,0,0,0,0,1,128,0,640,5580,757,7105,443520,4536,4030000,611886,5089942,EXPLORATORY_COMPONENT_PROXY__NOT_DECISION_ELIGIBLE,AUTHORITATIVE_W_BIT_LOAD_ADD_MUL_OUTPUT_DATAPATH_NOT_REBUILT_AT_W16_W32; EXACT_OPERATION_COUNTS_AND_IDENTICAL_MAGNITUDES_RETAINED; PROPAGATION_COMBINER_AND_POLICY_MATCHED_CONTENT_CACHE_LOGIC_NOT_IN_NAND_TOTAL,3201,0,IMPLEMENTED_TRACE_PASS
PAH-BUILD005-DEMAND-VALUATION-0001,8,DIVISIBILITY_FILTER_STREAM,one-query-per-value,83AF7B47D5CC874F3D14E4270FCB0A65ED2652013D4CFC77745EDA4C76CB7FC4,COLD_MAG,MAGNITUDE_FINAL,false,false,true,BIN_CONTENT_ANSWER_LRU_K,2,0,256,9,9,119,17,111,128,128,253,0,0,0,128,111,0,109,0,0,0,0,111,17,0,0,0,0,128,0,0,0,0,0,0,0,0,0,0,1,128,0,128,1071,111,1438,88704,4536,773500,210559,1077299,EXPLORATORY_COMPONENT_PROXY__NOT_DECISION_ELIGIBLE,AUTHORITATIVE_W_BIT_LOAD_ADD_MUL_OUTPUT_DATAPATH_NOT_REBUILT_AT_W16_W32; EXACT_OPERATION_COUNTS_AND_IDENTICAL_MAGNITUDES_RETAINED; PROPAGATION_COMBINER_AND_POLICY_MATCHED_CONTENT_CACHE_LOGIC_NOT_IN_NAND_TOTAL,2177,0,IMPLEMENTED_TRACE_PASS
PAH-BUILD005-DEMAND-VALUATION-0001,8,DIVISIBILITY_FILTER_STREAM,one-query-per-value,83AF7B47D5CC874F3D14E4270FCB0A65ED2652013D4CFC77745EDA4C76CB7FC4,COLD_MAG,MAGNITUDE_FINAL,false,false,true,BIN_FRONTIER_NOPROP_K,2,0,256,9,9,119,17,111,128,128,253,0,0,0,128,128,0,126,127,0,30,0,111,17,0,0,0,0,128,0,0,0,0,0,0,0,0,0,0,1,128,0,128,1071,256,1583,88704,4536,773500,338304,1205044,EXPLORATORY_COMPONENT_PROXY__NOT_DECISION_ELIGIBLE,AUTHORITATIVE_W_BIT_LOAD_ADD_MUL_OUTPUT_DATAPATH_NOT_REBUILT_AT_W16_W32; EXACT_OPERATION_COUNTS_AND_IDENTICAL_MAGNITUDES_RETAINED; PROPAGATION_COMBINER_AND_POLICY_MATCHED_CONTENT_CACHE_LOGIC_NOT_IN_NAND_TOTAL,2177,0,IMPLEMENTED_TRACE_PASS
PAH-BUILD005-DEMAND-VALUATION-0001,8,DIVISIBILITY_FILTER_STREAM,one-query-per-value,83AF7B47D5CC874F3D14E4270FCB0A65ED2652013D4CFC77745EDA4C76CB7FC4,COLD_MAG,MAGNITUDE_FINAL,false,false,true,BIN_PRIME_FRONTIER_PROP_K,2,0,256,9,9,119,17,111,128,128,253,0,0,0,128,128,0,126,127,0,30,0,111,17,0,0,0,0,128,0,0,0,0,0,0,0,0,0,0,1,128,0,128,1071,256,1583,88704,4536,773500,338304,1205044,EXPLORATORY_COMPONENT_PROXY__NOT_DECISION_ELIGIBLE,AUTHORITATIVE_W_BIT_LOAD_ADD_MUL_OUTPUT_DATAPATH_NOT_REBUILT_AT_W16_W32; EXACT_OPERATION_COUNTS_AND_IDENTICAL_MAGNITUDES_RETAINED; PROPAGATION_COMBINER_AND_POLICY_MATCHED_CONTENT_CACHE_LOGIC_NOT_IN_NAND_TOTAL,2177,0,IMPLEMENTED_TRACE_PASS
PAH-BUILD005-DEMAND-VALUATION-0001,8,DIVISIBILITY_FILTER_STREAM,one-query-per-value,83AF7B47D5CC874F3D14E4270FCB0A65ED2652013D4CFC77745EDA4C76CB7FC4,COLD_MAG,MAGNITUDE_FINAL,false,false,true,BIN_PRIME_FRONTIER_SPEC_B1_K,2,1,384,9,9,235,50,194,244,256,509,12,4,8,244,244,0,242,242,0,142,0,194,50,0,0,0,0,128,128,128,12,116,12,1,0,0,0,0,1,128,0,256,2115,372,2871,177408,4536,1527500,553268,2262712,EXPLORATORY_COMPONENT_PROXY__NOT_DECISION_ELIGIBLE,AUTHORITATIVE_W_BIT_LOAD_ADD_MUL_OUTPUT_DATAPATH_NOT_REBUILT_AT_W16_W32; EXACT_OPERATION_COUNTS_AND_IDENTICAL_MAGNITUDES_RETAINED; PROPAGATION_COMBINER_AND_POLICY_MATCHED_CONTENT_CACHE_LOGIC_NOT_IN_NAND_TOTAL,2433,0,IMPLEMENTED_TRACE_PASS
PAH-BUILD005-DEMAND-VALUATION-0001,8,DIVISIBILITY_FILTER_STREAM,one-query-per-value,83AF7B47D5CC874F3D14E4270FCB0A65ED2652013D4CFC77745EDA4C76CB7FC4,COLD_MAG,MAGNITUDE_FINAL,false,false,true,BIN_PRIME_FRONTIER_SPEC_B4_K,2,4,768,9,9,608,102,515,617,640,1277,23,3,20,617,617,0,615,254,0,28,0,515,102,0,0,0,0,128,512,512,51,461,51,1,0,0,0,0,1,128,0,640,5472,745,6985,443520,4536,3952000,1220185,5620241,EXPLORATORY_COMPONENT_PROXY__NOT_DECISION_ELIGIBLE,AUTHORITATIVE_W_BIT_LOAD_ADD_MUL_OUTPUT_DATAPATH_NOT_REBUILT_AT_W16_W32; EXACT_OPERATION_COUNTS_AND_IDENTICAL_MAGNITUDES_RETAINED; PROPAGATION_COMBINER_AND_POLICY_MATCHED_CONTENT_CACHE_LOGIC_NOT_IN_NAND_TOTAL,3201,0,IMPLEMENTED_TRACE_PASS
PAH-BUILD005-DEMAND-VALUATION-0001,8,DIVISIBILITY_FILTER_STREAM,one-query-per-value,83AF7B47D5CC874F3D14E4270FCB0A65ED2652013D4CFC77745EDA4C76CB7FC4,COLD_MAG,MAGNITUDE_FINAL,false,false,true,BIN_CONTENT_ANSWER_LRU_K,4,0,256,9,9,119,17,111,128,128,500,0,0,0,128,111,0,107,0,0,0,0,111,17,0,0,0,0,128,0,0,0,0,0,0,0,0,0,0,1,128,0,128,1071,111,1438,88704,4536,773500,427332,1294072,EXPLORATORY_COMPONENT_PROXY__NOT_DECISION_ELIGIBLE,AUTHORITATIVE_W_BIT_LOAD_ADD_MUL_OUTPUT_DATAPATH_NOT_REBUILT_AT_W16_W32; EXACT_OPERATION_COUNTS_AND_IDENTICAL_MAGNITUDES_RETAINED; PROPAGATION_COMBINER_AND_POLICY_MATCHED_CONTENT_CACHE_LOGIC_NOT_IN_NAND_TOTAL,2177,0,IMPLEMENTED_TRACE_PASS
PAH-BUILD005-DEMAND-VALUATION-0001,8,DIVISIBILITY_FILTER_STREAM,one-query-per-value,83AF7B47D5CC874F3D14E4270FCB0A65ED2652013D4CFC77745EDA4C76CB7FC4,COLD_MAG,MAGNITUDE_FINAL,false,false,true,BIN_FRONTIER_NOPROP_K,4,0,256,9,9,119,17,111,128,128,502,0,0,0,128,128,0,124,127,0,59,0,111,17,0,0,0,0,128,0,0,0,0,0,0,0,0,0,0,1,128,0,128,1071,256,1583,88704,4536,773500,686592,1553332,EXPLORATORY_COMPONENT_PROXY__NOT_DECISION_ELIGIBLE,AUTHORITATIVE_W_BIT_LOAD_ADD_MUL_OUTPUT_DATAPATH_NOT_REBUILT_AT_W16_W32; EXACT_OPERATION_COUNTS_AND_IDENTICAL_MAGNITUDES_RETAINED; PROPAGATION_COMBINER_AND_POLICY_MATCHED_CONTENT_CACHE_LOGIC_NOT_IN_NAND_TOTAL,2177,0,IMPLEMENTED_TRACE_PASS
PAH-BUILD005-DEMAND-VALUATION-0001,8,DIVISIBILITY_FILTER_STREAM,one-query-per-value,83AF7B47D5CC874F3D14E4270FCB0A65ED2652013D4CFC77745EDA4C76CB7FC4,COLD_MAG,MAGNITUDE_FINAL,false,false,true,BIN_PRIME_FRONTIER_PROP_K,4,0,256,9,9,119,17,111,128,128,502,0,0,0,128,128,0,124,127,0,59,0,111,17,0,0,0,0,128,0,0,0,0,0,0,0,0,0,0,1,128,0,128,1071,256,1583,88704,4536,773500,686592,1553332,EXPLORATORY_COMPONENT_PROXY__NOT_DECISION_ELIGIBLE,AUTHORITATIVE_W_BIT_LOAD_ADD_MUL_OUTPUT_DATAPATH_NOT_REBUILT_AT_W16_W32; EXACT_OPERATION_COUNTS_AND_IDENTICAL_MAGNITUDES_RETAINED; PROPAGATION_COMBINER_AND_POLICY_MATCHED_CONTENT_CACHE_LOGIC_NOT_IN_NAND_TOTAL,2177,0,IMPLEMENTED_TRACE_PASS
PAH-BUILD005-DEMAND-VALUATION-0001,8,DIVISIBILITY_FILTER_STREAM,one-query-per-value,83AF7B47D5CC874F3D14E4270FCB0A65ED2652013D4CFC77745EDA4C76CB7FC4,COLD_MAG,MAGNITUDE_FINAL,false,false,true,BIN_PRIME_FRONTIER_SPEC_B1_K,4,1,384,9,9,235,50,194,244,256,1014,12,4,8,244,244,0,240,242,0,297,0,194,50,0,0,0,0,128,128,128,12,116,12,1,0,0,0,0,1,128,0,256,2115,372,2871,177408,4536,1527500,1122864,2832308,EXPLORATORY_COMPONENT_PROXY__NOT_DECISION_ELIGIBLE,AUTHORITATIVE_W_BIT_LOAD_ADD_MUL_OUTPUT_DATAPATH_NOT_REBUILT_AT_W16_W32; EXACT_OPERATION_COUNTS_AND_IDENTICAL_MAGNITUDES_RETAINED; PROPAGATION_COMBINER_AND_POLICY_MATCHED_CONTENT_CACHE_LOGIC_NOT_IN_NAND_TOTAL,2433,0,IMPLEMENTED_TRACE_PASS
PAH-BUILD005-DEMAND-VALUATION-0001,8,DIVISIBILITY_FILTER_STREAM,one-query-per-value,83AF7B47D5CC874F3D14E4270FCB0A65ED2652013D4CFC77745EDA4C76CB7FC4,COLD_MAG,MAGNITUDE_FINAL,false,false,true,BIN_PRIME_FRONTIER_SPEC_B4_K,4,4,768,9,9,580,95,494,589,640,2550,51,10,41,589,589,0,585,508,0,124,0,494,95,0,0,0,0,128,512,512,51,461,51,1,0,0,0,0,1,128,0,640,5220,717,6705,443520,4536,3770000,2426316,6644372,EXPLORATORY_COMPONENT_PROXY__NOT_DECISION_ELIGIBLE,AUTHORITATIVE_W_BIT_LOAD_ADD_MUL_OUTPUT_DATAPATH_NOT_REBUILT_AT_W16_W32; EXACT_OPERATION_COUNTS_AND_IDENTICAL_MAGNITUDES_RETAINED; PROPAGATION_COMBINER_AND_POLICY_MATCHED_CONTENT_CACHE_LOGIC_NOT_IN_NAND_TOTAL,3201,0,IMPLEMENTED_TRACE_PASS
PAH-BUILD005-DEMAND-VALUATION-0001,8,SMOOTH_STRIP,smooth-near-smooth-rough,89B515E9CBAE11155F6E6E28A89C24E5E80DD9B21A0E41B4999A38F70F98403D,COLD_MAG,MAGNITUDE_FINAL,false,false,true,BIN_DIRECT_BEST,0,0,144,10,20,115,25,110,110,0,0,0,0,0,0,0,0,0,0,0,0,0,132,0,0,0,0,0,132,0,0,0,0,0,0,0,0,36,0,1,12,0,132,1035,0,1179,91476,5040,747500,0,844016,EXPLORATORY_COMPONENT_PROXY__NOT_DECISION_ELIGIBLE,AUTHORITATIVE_W_BIT_LOAD_ADD_MUL_OUTPUT_DATAPATH_NOT_REBUILT_AT_W16_W32; EXACT_OPERATION_COUNTS_AND_IDENTICAL_MAGNITUDES_RETAINED; PROPAGATION_COMBINER_AND_POLICY_MATCHED_CONTENT_CACHE_LOGIC_NOT_IN_NAND_TOTAL,1405,0,IMPLEMENTED_TRACE_PASS
PAH-BUILD005-DEMAND-VALUATION-0001,8,SMOOTH_STRIP,smooth-near-smooth-rough,89B515E9CBAE11155F6E6E28A89C24E5E80DD9B21A0E41B4999A38F70F98403D,COLD_MAG,MAGNITUDE_FINAL,false,false,true,BIN_CONTENT_ANSWER_LRU_K,1,0,144,10,20,115,25,110,110,132,131,0,0,0,132,132,0,131,0,0,0,0,132,0,0,0,0,0,132,0,0,0,0,0,0,0,0,36,0,1,12,0,132,1035,132,1311,91476,5040,747500,115632,959648,EXPLORATORY_COMPONENT_PROXY__NOT_DECISION_ELIGIBLE,AUTHORITATIVE_W_BIT_LOAD_ADD_MUL_OUTPUT_DATAPATH_NOT_REBUILT_AT_W16_W32; EXACT_OPERATION_COUNTS_AND_IDENTICAL_MAGNITUDES_RETAINED; PROPAGATION_COMBINER_AND_POLICY_MATCHED_CONTENT_CACHE_LOGIC_NOT_IN_NAND_TOTAL,1405,0,IMPLEMENTED_TRACE_PASS
PAH-BUILD005-DEMAND-VALUATION-0001,8,SMOOTH_STRIP,smooth-near-smooth-rough,89B515E9CBAE11155F6E6E28A89C24E5E80DD9B21A0E41B4999A38F70F98403D,COLD_MAG,MAGNITUDE_FINAL,false,false,true,BIN_FRONTIER_NOPROP_K,1,0,144,10,20,115,25,110,110,132,131,0,0,0,132,132,0,131,11,0,0,0,132,0,0,0,0,0,132,0,0,0,0,0,0,0,0,36,0,1,12,0,132,1035,144,1323,91476,5040,747500,120888,964904,EXPLORATORY_COMPONENT_PROXY__NOT_DECISION_ELIGIBLE,AUTHORITATIVE_W_BIT_LOAD_ADD_MUL_OUTPUT_DATAPATH_NOT_REBUILT_AT_W16_W32; EXACT_OPERATION_COUNTS_AND_IDENTICAL_MAGNITUDES_RETAINED; PROPAGATION_COMBINER_AND_POLICY_MATCHED_CONTENT_CACHE_LOGIC_NOT_IN_NAND_TOTAL,1405,0,IMPLEMENTED_TRACE_PASS
PAH-BUILD005-DEMAND-VALUATION-0001,8,SMOOTH_STRIP,smooth-near-smooth-rough,89B515E9CBAE11155F6E6E28A89C24E5E80DD9B21A0E41B4999A38F70F98403D,COLD_MAG,MAGNITUDE_FINAL,false,false,true,BIN_PRIME_FRONTIER_PROP_K,1,0,144,10,20,115,25,110,110,132,131,0,0,0,132,132,0,131,11,0,0,0,132,0,0,0,0,0,132,0,0,0,0,0,0,0,0,36,0,1,12,0,132,1035,144,1323,91476,5040,747500,120888,964904,EXPLORATORY_COMPONENT_PROXY__NOT_DECISION_ELIGIBLE,AUTHORITATIVE_W_BIT_LOAD_ADD_MUL_OUTPUT_DATAPATH_NOT_REBUILT_AT_W16_W32; EXACT_OPERATION_COUNTS_AND_IDENTICAL_MAGNITUDES_RETAINED; PROPAGATION_COMBINER_AND_POLICY_MATCHED_CONTENT_CACHE_LOGIC_NOT_IN_NAND_TOTAL,1405,0,IMPLEMENTED_TRACE_PASS
PAH-BUILD005-DEMAND-VALUATION-0001,8,SMOOTH_STRIP,smooth-near-smooth-rough,89B515E9CBAE11155F6E6E28A89C24E5E80DD9B21A0E41B4999A38F70F98403D,COLD_MAG,MAGNITUDE_FINAL,false,false,true,BIN_PRIME_FRONTIER_SPEC_B1_K,1,1,174,10,20,125,31,114,120,162,161,0,0,0,162,162,0,161,11,0,0,0,156,6,0,0,0,0,132,30,10,30,0,150,11,0,0,36,0,1,12,0,162,1125,174,1473,112266,5040,812500,147168,1076974,EXPLORATORY_COMPONENT_PROXY__NOT_DECISION_ELIGIBLE,AUTHORITATIVE_W_BIT_LOAD_ADD_MUL_OUTPUT_DATAPATH_NOT_REBUILT_AT_W16_W32; EXACT_OPERATION_COUNTS_AND_IDENTICAL_MAGNITUDES_RETAINED; PROPAGATION_COMBINER_AND_POLICY_MATCHED_CONTENT_CACHE_LOGIC_NOT_IN_NAND_TOTAL,1465,0,IMPLEMENTED_TRACE_PASS
PAH-BUILD005-DEMAND-VALUATION-0001,8,SMOOTH_STRIP,smooth-near-smooth-rough,89B515E9CBAE11155F6E6E28A89C24E5E80DD9B21A0E41B4999A38F70F98403D,COLD_MAG,MAGNITUDE_FINAL,false,false,true,BIN_PRIME_FRONTIER_SPEC_B4_K,1,4,204,10,20,155,38,137,150,192,191,0,0,0,192,192,0,191,11,0,0,0,179,13,0,0,0,0,132,60,40,60,0,270,11,0,0,36,0,1,12,0,192,1395,204,1803,133056,5040,1007500,173448,1319044,EXPLORATORY_COMPONENT_PROXY__NOT_DECISION_ELIGIBLE,AUTHORITATIVE_W_BIT_LOAD_ADD_MUL_OUTPUT_DATAPATH_NOT_REBUILT_AT_W16_W32; EXACT_OPERATION_COUNTS_AND_IDENTICAL_MAGNITUDES_RETAINED; PROPAGATION_COMBINER_AND_POLICY_MATCHED_CONTENT_CACHE_LOGIC_NOT_IN_NAND_TOTAL,1525,0,IMPLEMENTED_TRACE_PASS
PAH-BUILD005-DEMAND-VALUATION-0001,8,SMOOTH_STRIP,smooth-near-smooth-rough,89B515E9CBAE11155F6E6E28A89C24E5E80DD9B21A0E41B4999A38F70F98403D,COLD_MAG,MAGNITUDE_FINAL,false,false,true,BIN_CONTENT_ANSWER_LRU_K,2,0,144,10,20,115,25,110,110,132,261,0,0,0,132,132,0,130,0,0,0,0,132,0,0,0,0,0,132,0,0,0,0,0,0,0,0,36,0,1,12,0,132,1035,132,1311,91476,5040,747500,232584,1076600,EXPLORATORY_COMPONENT_PROXY__NOT_DECISION_ELIGIBLE,AUTHORITATIVE_W_BIT_LOAD_ADD_MUL_OUTPUT_DATAPATH_NOT_REBUILT_AT_W16_W32; EXACT_OPERATION_COUNTS_AND_IDENTICAL_MAGNITUDES_RETAINED; PROPAGATION_COMBINER_AND_POLICY_MATCHED_CONTENT_CACHE_LOGIC_NOT_IN_NAND_TOTAL,1405,0,IMPLEMENTED_TRACE_PASS
PAH-BUILD005-DEMAND-VALUATION-0001,8,SMOOTH_STRIP,smooth-near-smooth-rough,89B515E9CBAE11155F6E6E28A89C24E5E80DD9B21A0E41B4999A38F70F98403D,COLD_MAG,MAGNITUDE_FINAL,false,false,true,BIN_FRONTIER_NOPROP_K,2,0,144,10,20,115,25,110,110,132,261,0,0,0,132,132,0,130,22,0,0,0,132,0,0,0,0,0,132,0,0,0,0,0,0,0,0,36,0,1,12,0,132,1035,144,1323,91476,5040,747500,243156,1087172,EXPLORATORY_COMPONENT_PROXY__NOT_DECISION_ELIGIBLE,AUTHORITATIVE_W_BIT_LOAD_ADD_MUL_OUTPUT_DATAPATH_NOT_REBUILT_AT_W16_W32; EXACT_OPERATION_COUNTS_AND_IDENTICAL_MAGNITUDES_RETAINED; PROPAGATION_COMBINER_AND_POLICY_MATCHED_CONTENT_CACHE_LOGIC_NOT_IN_NAND_TOTAL,1405,0,IMPLEMENTED_TRACE_PASS
PAH-BUILD005-DEMAND-VALUATION-0001,8,SMOOTH_STRIP,smooth-near-smooth-rough,89B515E9CBAE11155F6E6E28A89C24E5E80DD9B21A0E41B4999A38F70F98403D,COLD_MAG,MAGNITUDE_FINAL,false,false,true,BIN_PRIME_FRONTIER_PROP_K,2,0,144,10,20,115,25,110,110,132,261,0,0,0,132,132,0,130,22,0,0,0,132,0,0,0,0,0,132,0,0,0,0,0,0,0,0,36,0,1,12,0,132,1035,144,1323,91476,5040,747500,243156,1087172,EXPLORATORY_COMPONENT_PROXY__NOT_DECISION_ELIGIBLE,AUTHORITATIVE_W_BIT_LOAD_ADD_MUL_OUTPUT_DATAPATH_NOT_REBUILT_AT_W16_W32; EXACT_OPERATION_COUNTS_AND_IDENTICAL_MAGNITUDES_RETAINED; PROPAGATION_COMBINER_AND_POLICY_MATCHED_CONTENT_CACHE_LOGIC_NOT_IN_NAND_TOTAL,1405,0,IMPLEMENTED_TRACE_PASS
PAH-BUILD005-DEMAND-VALUATION-0001,8,SMOOTH_STRIP,smooth-near-smooth-rough,89B515E9CBAE11155F6E6E28A89C24E5E80DD9B21A0E41B4999A38F70F98403D,COLD_MAG,MAGNITUDE_FINAL,false,false,true,BIN_PRIME_FRONTIER_SPEC_B1_K,2,1,174,10,20,115,25,110,116,162,321,10,0,0,152,152,6,150,22,0,0,0,152,6,0,0,0,0,132,30,10,30,0,150,11,0,0,36,0,1,12,0,162,1035,170,1379,112266,5040,747500,292492,1157298,EXPLORATORY_COMPONENT_PROXY__NOT_DECISION_ELIGIBLE,AUTHORITATIVE_W_BIT_LOAD_ADD_MUL_OUTPUT_DATAPATH_NOT_REBUILT_AT_W16_W32; EXACT_OPERATION_COUNTS_AND_IDENTICAL_MAGNITUDES_RETAINED; PROPAGATION_COMBINER_AND_POLICY_MATCHED_CONTENT_CACHE_LOGIC_NOT_IN_NAND_TOTAL,1465,0,IMPLEMENTED_TRACE_PASS
PAH-BUILD005-DEMAND-VALUATION-0001,8,SMOOTH_STRIP,smooth-near-smooth-rough,89B515E9CBAE11155F6E6E28A89C24E5E80DD9B21A0E41B4999A38F70F98403D,COLD_MAG,MAGNITUDE_FINAL,false,false,true,BIN_PRIME_FRONTIER_SPEC_B4_K,2,4,204,10,20,155,38,137,150,192,381,0,0,0,192,192,0,190,22,0,0,0,179,13,0,0,0,0,132,60,40,60,0,270,11,0,0,36,0,1,12,0,192,1395,204,1803,133056,5040,1007500,348876,1494472,EXPLORATORY_COMPONENT_PROXY__NOT_DECISION_ELIGIBLE,AUTHORITATIVE_W_BIT_LOAD_ADD_MUL_OUTPUT_DATAPATH_NOT_REBUILT_AT_W16_W32; EXACT_OPERATION_COUNTS_AND_IDENTICAL_MAGNITUDES_RETAINED; PROPAGATION_COMBINER_AND_POLICY_MATCHED_CONTENT_CACHE_LOGIC_NOT_IN_NAND_TOTAL,1525,0,IMPLEMENTED_TRACE_PASS
PAH-BUILD005-DEMAND-VALUATION-0001,8,SMOOTH_STRIP,smooth-near-smooth-rough,89B515E9CBAE11155F6E6E28A89C24E5E80DD9B21A0E41B4999A38F70F98403D,COLD_MAG,MAGNITUDE_FINAL,false,false,true,BIN_CONTENT_ANSWER_LRU_K,4,0,144,10,20,115,25,110,110,132,518,0,0,0,132,132,0,128,0,0,0,0,132,0,0,0,0,0,132,0,0,0,0,0,0,0,0,36,0,1,12,0,132,1035,132,1311,91476,5040,747500,472032,1316048,EXPLORATORY_COMPONENT_PROXY__NOT_DECISION_ELIGIBLE,AUTHORITATIVE_W_BIT_LOAD_ADD_MUL_OUTPUT_DATAPATH_NOT_REBUILT_AT_W16_W32; EXACT_OPERATION_COUNTS_AND_IDENTICAL_MAGNITUDES_RETAINED; PROPAGATION_COMBINER_AND_POLICY_MATCHED_CONTENT_CACHE_LOGIC_NOT_IN_NAND_TOTAL,1405,0,IMPLEMENTED_TRACE_PASS
PAH-BUILD005-DEMAND-VALUATION-0001,8,SMOOTH_STRIP,smooth-near-smooth-rough,89B515E9CBAE11155F6E6E28A89C24E5E80DD9B21A0E41B4999A38F70F98403D,COLD_MAG,MAGNITUDE_FINAL,false,false,true,BIN_FRONTIER_NOPROP_K,4,0,144,10,20,115,25,110,110,132,518,0,0,0,132,132,0,128,44,0,0,0,132,0,0,0,0,0,132,0,0,0,0,0,0,0,0,36,0,1,12,0,132,1035,144,1323,91476,5040,747500,493488,1337504,EXPLORATORY_COMPONENT_PROXY__NOT_DECISION_ELIGIBLE,AUTHORITATIVE_W_BIT_LOAD_ADD_MUL_OUTPUT_DATAPATH_NOT_REBUILT_AT_W16_W32; EXACT_OPERATION_COUNTS_AND_IDENTICAL_MAGNITUDES_RETAINED; PROPAGATION_COMBINER_AND_POLICY_MATCHED_CONTENT_CACHE_LOGIC_NOT_IN_NAND_TOTAL,1405,0,IMPLEMENTED_TRACE_PASS
PAH-BUILD005-DEMAND-VALUATION-0001,8,SMOOTH_STRIP,smooth-near-smooth-rough,89B515E9CBAE11155F6E6E28A89C24E5E80DD9B21A0E41B4999A38F70F98403D,COLD_MAG,MAGNITUDE_FINAL,false,false,true,BIN_PRIME_FRONTIER_PROP_K,4,0,144,10,20,115,25,110,110,132,518,0,0,0,132,132,0,128,44,0,0,0,132,0,0,0,0,0,132,0,0,0,0,0,0,0,0,36,0,1,12,0,132,1035,144,1323,91476,5040,747500,493488,1337504,EXPLORATORY_COMPONENT_PROXY__NOT_DECISION_ELIGIBLE,AUTHORITATIVE_W_BIT_LOAD_ADD_MUL_OUTPUT_DATAPATH_NOT_REBUILT_AT_W16_W32; EXACT_OPERATION_COUNTS_AND_IDENTICAL_MAGNITUDES_RETAINED; PROPAGATION_COMBINER_AND_POLICY_MATCHED_CONTENT_CACHE_LOGIC_NOT_IN_NAND_TOTAL,1405,0,IMPLEMENTED_TRACE_PASS
PAH-BUILD005-DEMAND-VALUATION-0001,8,SMOOTH_STRIP,smooth-near-smooth-rough,89B515E9CBAE11155F6E6E28A89C24E5E80DD9B21A0E41B4999A38F70F98403D,COLD_MAG,MAGNITUDE_FINAL,false,false,true,BIN_PRIME_FRONTIER_SPEC_B1_K,4,1,174,10,20,115,25,110,116,162,638,10,0,0,152,152,6,148,44,0,0,0,152,6,0,0,0,0,132,30,10,30,0,150,11,0,0,36,0,1,12,0,162,1035,170,1379,112266,5040,747500,593616,1458422,EXPLORATORY_COMPONENT_PROXY__NOT_DECISION_ELIGIBLE,AUTHORITATIVE_W_BIT_LOAD_ADD_MUL_OUTPUT_DATAPATH_NOT_REBUILT_AT_W16_W32; EXACT_OPERATION_COUNTS_AND_IDENTICAL_MAGNITUDES_RETAINED; PROPAGATION_COMBINER_AND_POLICY_MATCHED_CONTENT_CACHE_LOGIC_NOT_IN_NAND_TOTAL,1465,0,IMPLEMENTED_TRACE_PASS
PAH-BUILD005-DEMAND-VALUATION-0001,8,SMOOTH_STRIP,smooth-near-smooth-rough,89B515E9CBAE11155F6E6E28A89C24E5E80DD9B21A0E41B4999A38F70F98403D,COLD_MAG,MAGNITUDE_FINAL,false,false,true,BIN_PRIME_FRONTIER_SPEC_B4_K,4,4,204,10,20,155,38,137,150,192,758,0,0,0,192,192,0,188,44,0,0,0,179,13,0,0,0,0,132,60,40,60,0,270,11,0,0,36,0,1,12,0,192,1395,204,1803,133056,5040,1007500,708048,1853644,EXPLORATORY_COMPONENT_PROXY__NOT_DECISION_ELIGIBLE,AUTHORITATIVE_W_BIT_LOAD_ADD_MUL_OUTPUT_DATAPATH_NOT_REBUILT_AT_W16_W32; EXACT_OPERATION_COUNTS_AND_IDENTICAL_MAGNITUDES_RETAINED; PROPAGATION_COMBINER_AND_POLICY_MATCHED_CONTENT_CACHE_LOGIC_NOT_IN_NAND_TOTAL,1525,0,IMPLEMENTED_TRACE_PASS
PAH-BUILD005-DEMAND-VALUATION-0001,8,MULTIPLICATIVE_DAG,cold-leaves-balanced-products,A0FB38354D3D73A687C426CC79EE15A61D191F68ED621831207B279535EFCEC9,COLD_MAG,MAGNITUDE_FINAL,false,true,true,BIN_DIRECT_BEST,0,0,12,0,0,8,3,5,5,0,0,0,0,0,0,0,0,0,0,0,0,0,5,0,0,0,0,0,5,0,0,0,0,0,0,0,0,0,0,4,7,0,5,72,0,84,3465,0,52000,0,55465,EXPLORATORY_COMPONENT_PROXY__NOT_DECISION_ELIGIBLE,AUTHORITATIVE_W_BIT_LOAD_ADD_MUL_OUTPUT_DATAPATH_NOT_REBUILT_AT_W16_W32; EXACT_OPERATION_COUNTS_AND_IDENTICAL_MAGNITUDES_RETAINED; PROPAGATION_COMBINER_AND_POLICY_MATCHED_CONTENT_CACHE_LOGIC_NOT_IN_NAND_TOTAL,134,0,IMPLEMENTED_TRACE_PASS
PAH-BUILD005-DEMAND-VALUATION-0001,8,MULTIPLICATIVE_DAG,cold-leaves-balanced-products,A0FB38354D3D73A687C426CC79EE15A61D191F68ED621831207B279535EFCEC9,COLD_MAG,MAGNITUDE_FINAL,false,true,true,BIN_CONTENT_ANSWER_LRU_K,1,0,12,0,0,8,3,5,5,5,4,0,0,0,5,5,0,4,0,0,0,0,5,0,0,0,0,0,5,0,0,0,0,0,0,0,0,0,0,4,7,0,5,72,5,89,3465,0,52000,4380,59845,EXPLORATORY_COMPONENT_PROXY__NOT_DECISION_ELIGIBLE,AUTHORITATIVE_W_BIT_LOAD_ADD_MUL_OUTPUT_DATAPATH_NOT_REBUILT_AT_W16_W32; EXACT_OPERATION_COUNTS_AND_IDENTICAL_MAGNITUDES_RETAINED; PROPAGATION_COMBINER_AND_POLICY_MATCHED_CONTENT_CACHE_LOGIC_NOT_IN_NAND_TOTAL,134,0,IMPLEMENTED_TRACE_PASS
PAH-BUILD005-DEMAND-VALUATION-0001,8,MULTIPLICATIVE_DAG,cold-leaves-balanced-products,A0FB38354D3D73A687C426CC79EE15A61D191F68ED621831207B279535EFCEC9,COLD_MAG,MAGNITUDE_FINAL,false,true,true,BIN_FRONTIER_NOPROP_K,1,0,12,0,0,8,3,5,5,5,4,0,0,0,5,5,0,4,0,0,0,0,5,0,0,0,0,0,5,0,0,0,0,0,0,0,0,0,0,4,7,0,5,72,11,95,3465,0,52000,7008,62473,EXPLORATORY_COMPONENT_PROXY__NOT_DECISION_ELIGIBLE,AUTHORITATIVE_W_BIT_LOAD_ADD_MUL_OUTPUT_DATAPATH_NOT_REBUILT_AT_W16_W32; EXACT_OPERATION_COUNTS_AND_IDENTICAL_MAGNITUDES_RETAINED; PROPAGATION_COMBINER_AND_POLICY_MATCHED_CONTENT_CACHE_LOGIC_NOT_IN_NAND_TOTAL,134,0,IMPLEMENTED_TRACE_PASS
PAH-BUILD005-DEMAND-VALUATION-0001,8,MULTIPLICATIVE_DAG,cold-leaves-balanced-products,A0FB38354D3D73A687C426CC79EE15A61D191F68ED621831207B279535EFCEC9,COLD_MAG,MAGNITUDE_FINAL,false,true,true,BIN_PRIME_FRONTIER_PROP_K,1,0,12,0,0,8,3,5,5,9,8,1,0,0,8,5,0,4,0,0,0,0,5,0,0,0,0,0,5,0,0,0,0,0,0,0,0,0,0,4,7,0,5,72,15,99,3465,0,52000,8760,64225,EXPLORATORY_COMPONENT_PROXY__NOT_DECISION_ELIGIBLE,AUTHORITATIVE_W_BIT_LOAD_ADD_MUL_OUTPUT_DATAPATH_NOT_REBUILT_AT_W16_W32; EXACT_OPERATION_COUNTS_AND_IDENTICAL_MAGNITUDES_RETAINED; PROPAGATION_COMBINER_AND_POLICY_MATCHED_CONTENT_CACHE_LOGIC_NOT_IN_NAND_TOTAL,134,0,IMPLEMENTED_TRACE_PASS
PAH-BUILD005-DEMAND-VALUATION-0001,8,MULTIPLICATIVE_DAG,cold-leaves-balanced-products,A0FB38354D3D73A687C426CC79EE15A61D191F68ED621831207B279535EFCEC9,COLD_MAG,MAGNITUDE_FINAL,false,true,true,BIN_PRIME_FRONTIER_SPEC_B1_K,1,1,18,0,0,14,7,7,11,15,14,0,0,0,15,11,0,10,0,0,0,0,7,4,0,0,0,0,5,6,6,5,1,19,4,0,0,0,0,4,7,0,11,126,21,165,7623,0,91000,14016,112639,EXPLORATORY_COMPONENT_PROXY__NOT_DECISION_ELIGIBLE,AUTHORITATIVE_W_BIT_LOAD_ADD_MUL_OUTPUT_DATAPATH_NOT_REBUILT_AT_W16_W32; EXACT_OPERATION_COUNTS_AND_IDENTICAL_MAGNITUDES_RETAINED; PROPAGATION_COMBINER_AND_POLICY_MATCHED_CONTENT_CACHE_LOGIC_NOT_IN_NAND_TOTAL,146,0,IMPLEMENTED_TRACE_PASS
PAH-BUILD005-DEMAND-VALUATION-0001,8,MULTIPLICATIVE_DAG,cold-leaves-balanced-products,A0FB38354D3D73A687C426CC79EE15A61D191F68ED621831207B279535EFCEC9,COLD_MAG,MAGNITUDE_FINAL,false,true,true,BIN_PRIME_FRONTIER_SPEC_B4_K,1,4,36,0,0,32,13,19,29,33,32,0,0,0,33,29,0,28,0,0,0,0,19,10,0,0,0,0,5,24,24,5,19,19,4,0,0,0,0,4,7,0,29,288,39,363,20097,0,208000,29784,257881,EXPLORATORY_COMPONENT_PROXY__NOT_DECISION_ELIGIBLE,AUTHORITATIVE_W_BIT_LOAD_ADD_MUL_OUTPUT_DATAPATH_NOT_REBUILT_AT_W16_W32; EXACT_OPERATION_COUNTS_AND_IDENTICAL_MAGNITUDES_RETAINED; PROPAGATION_COMBINER_AND_POLICY_MATCHED_CONTENT_CACHE_LOGIC_NOT_IN_NAND_TOTAL,182,0,IMPLEMENTED_TRACE_PASS
PAH-BUILD005-DEMAND-VALUATION-0001,8,MULTIPLICATIVE_DAG,cold-leaves-balanced-products,A0FB38354D3D73A687C426CC79EE15A61D191F68ED621831207B279535EFCEC9,COLD_MAG,MAGNITUDE_FINAL,false,true,true,BIN_CONTENT_ANSWER_LRU_K,2,0,12,0,0,8,3,5,5,5,7,0,0,0,5,5,0,3,0,0,0,0,5,0,0,0,0,0,5,0,0,0,0,0,0,0,0,0,0,4,7,0,5,72,5,89,3465,0,52000,8810,64275,EXPLORATORY_COMPONENT_PROXY__NOT_DECISION_ELIGIBLE,AUTHORITATIVE_W_BIT_LOAD_ADD_MUL_OUTPUT_DATAPATH_NOT_REBUILT_AT_W16_W32; EXACT_OPERATION_COUNTS_AND_IDENTICAL_MAGNITUDES_RETAINED; PROPAGATION_COMBINER_AND_POLICY_MATCHED_CONTENT_CACHE_LOGIC_NOT_IN_NAND_TOTAL,134,0,IMPLEMENTED_TRACE_PASS
PAH-BUILD005-DEMAND-VALUATION-0001,8,MULTIPLICATIVE_DAG,cold-leaves-balanced-products,A0FB38354D3D73A687C426CC79EE15A61D191F68ED621831207B279535EFCEC9,COLD_MAG,MAGNITUDE_FINAL,false,true,true,BIN_FRONTIER_NOPROP_K,2,0,12,0,0,8,3,5,5,5,7,0,0,0,5,5,0,3,1,0,0,0,5,0,0,0,0,0,5,0,0,0,0,0,0,0,0,0,0,4,7,0,5,72,11,95,3465,0,52000,14096,69561,EXPLORATORY_COMPONENT_PROXY__NOT_DECISION_ELIGIBLE,AUTHORITATIVE_W_BIT_LOAD_ADD_MUL_OUTPUT_DATAPATH_NOT_REBUILT_AT_W16_W32; EXACT_OPERATION_COUNTS_AND_IDENTICAL_MAGNITUDES_RETAINED; PROPAGATION_COMBINER_AND_POLICY_MATCHED_CONTENT_CACHE_LOGIC_NOT_IN_NAND_TOTAL,134,0,IMPLEMENTED_TRACE_PASS
PAH-BUILD005-DEMAND-VALUATION-0001,8,MULTIPLICATIVE_DAG,cold-leaves-balanced-products,A0FB38354D3D73A687C426CC79EE15A61D191F68ED621831207B279535EFCEC9,COLD_MAG,MAGNITUDE_FINAL,false,true,true,BIN_PRIME_FRONTIER_PROP_K,2,0,12,0,0,8,3,5,5,9,15,2,0,0,7,6,0,4,1,1,0,0,5,0,1,0,1,1,5,0,0,0,0,0,0,0,0,0,0,4,7,2,5,72,16,102,3465,0,52000,18501,73966,EXPLORATORY_COMPONENT_PROXY__NOT_DECISION_ELIGIBLE,AUTHORITATIVE_W_BIT_LOAD_ADD_MUL_OUTPUT_DATAPATH_NOT_REBUILT_AT_W16_W32; EXACT_OPERATION_COUNTS_AND_IDENTICAL_MAGNITUDES_RETAINED; PROPAGATION_COMBINER_AND_POLICY_MATCHED_CONTENT_CACHE_LOGIC_NOT_IN_NAND_TOTAL,134,0,IMPLEMENTED_TRACE_PASS
PAH-BUILD005-DEMAND-VALUATION-0001,8,MULTIPLICATIVE_DAG,cold-leaves-balanced-products,A0FB38354D3D73A687C426CC79EE15A61D191F68ED621831207B279535EFCEC9,COLD_MAG,MAGNITUDE_FINAL,false,true,true,BIN_PRIME_FRONTIER_SPEC_B1_K,2,1,18,0,0,14,7,7,11,15,27,1,0,0,14,11,0,9,0,0,0,0,7,4,0,0,0,0,5,6,6,5,1,19,4,0,0,0,0,4,7,0,11,126,21,165,7623,0,91000,28192,126815,EXPLORATORY_COMPONENT_PROXY__NOT_DECISION_ELIGIBLE,AUTHORITATIVE_W_BIT_LOAD_ADD_MUL_OUTPUT_DATAPATH_NOT_REBUILT_AT_W16_W32; EXACT_OPERATION_COUNTS_AND_IDENTICAL_MAGNITUDES_RETAINED; PROPAGATION_COMBINER_AND_POLICY_MATCHED_CONTENT_CACHE_LOGIC_NOT_IN_NAND_TOTAL,146,0,IMPLEMENTED_TRACE_PASS
PAH-BUILD005-DEMAND-VALUATION-0001,8,MULTIPLICATIVE_DAG,cold-leaves-balanced-products,A0FB38354D3D73A687C426CC79EE15A61D191F68ED621831207B279535EFCEC9,COLD_MAG,MAGNITUDE_FINAL,false,true,true,BIN_PRIME_FRONTIER_SPEC_B4_K,2,4,36,0,0,32,13,19,29,33,63,0,0,0,33,29,0,27,0,0,0,0,19,10,0,0,0,0,5,24,24,5,19,19,4,0,0,0,0,4,7,0,29,288,39,363,20097,0,208000,59908,288005,EXPLORATORY_COMPONENT_PROXY__NOT_DECISION_ELIGIBLE,AUTHORITATIVE_W_BIT_LOAD_ADD_MUL_OUTPUT_DATAPATH_NOT_REBUILT_AT_W16_W32; EXACT_OPERATION_COUNTS_AND_IDENTICAL_MAGNITUDES_RETAINED; PROPAGATION_COMBINER_AND_POLICY_MATCHED_CONTENT_CACHE_LOGIC_NOT_IN_NAND_TOTAL,182,0,IMPLEMENTED_TRACE_PASS
PAH-BUILD005-DEMAND-VALUATION-0001,8,MULTIPLICATIVE_DAG,cold-leaves-balanced-products,A0FB38354D3D73A687C426CC79EE15A61D191F68ED621831207B279535EFCEC9,COLD_MAG,MAGNITUDE_FINAL,false,true,true,BIN_CONTENT_ANSWER_LRU_K,4,0,12,0,0,8,3,5,5,5,10,0,0,0,5,5,0,1,0,0,0,0,5,0,0,0,0,0,5,0,0,0,0,0,0,0,0,0,0,4,7,0,5,72,5,89,3465,0,52000,17880,73345,EXPLORATORY_COMPONENT_PROXY__NOT_DECISION_ELIGIBLE,AUTHORITATIVE_W_BIT_LOAD_ADD_MUL_OUTPUT_DATAPATH_NOT_REBUILT_AT_W16_W32; EXACT_OPERATION_COUNTS_AND_IDENTICAL_MAGNITUDES_RETAINED; PROPAGATION_COMBINER_AND_POLICY_MATCHED_CONTENT_CACHE_LOGIC_NOT_IN_NAND_TOTAL,134,0,IMPLEMENTED_TRACE_PASS
PAH-BUILD005-DEMAND-VALUATION-0001,8,MULTIPLICATIVE_DAG,cold-leaves-balanced-products,A0FB38354D3D73A687C426CC79EE15A61D191F68ED621831207B279535EFCEC9,COLD_MAG,MAGNITUDE_FINAL,false,true,true,BIN_FRONTIER_NOPROP_K,4,0,12,0,0,8,3,5,5,5,10,0,0,0,5,5,0,1,2,0,1,0,5,0,0,0,0,0,5,0,0,0,0,0,0,0,0,0,0,4,7,0,5,72,11,95,3465,0,52000,28608,84073,EXPLORATORY_COMPONENT_PROXY__NOT_DECISION_ELIGIBLE,AUTHORITATIVE_W_BIT_LOAD_ADD_MUL_OUTPUT_DATAPATH_NOT_REBUILT_AT_W16_W32; EXACT_OPERATION_COUNTS_AND_IDENTICAL_MAGNITUDES_RETAINED; PROPAGATION_COMBINER_AND_POLICY_MATCHED_CONTENT_CACHE_LOGIC_NOT_IN_NAND_TOTAL,134,0,IMPLEMENTED_TRACE_PASS
PAH-BUILD005-DEMAND-VALUATION-0001,8,MULTIPLICATIVE_DAG,cold-leaves-balanced-products,A0FB38354D3D73A687C426CC79EE15A61D191F68ED621831207B279535EFCEC9,COLD_MAG,MAGNITUDE_FINAL,false,true,true,BIN_PRIME_FRONTIER_PROP_K,4,0,12,0,0,6,2,4,4,9,26,4,0,0,5,5,0,1,1,1,1,0,4,0,1,0,1,1,5,0,0,0,0,0,0,0,0,0,0,4,7,2,5,54,15,83,3465,0,39000,35760,78225,EXPLORATORY_COMPONENT_PROXY__NOT_DECISION_ELIGIBLE,AUTHORITATIVE_W_BIT_LOAD_ADD_MUL_OUTPUT_DATAPATH_NOT_REBUILT_AT_W16_W32; EXACT_OPERATION_COUNTS_AND_IDENTICAL_MAGNITUDES_RETAINED; PROPAGATION_COMBINER_AND_POLICY_MATCHED_CONTENT_CACHE_LOGIC_NOT_IN_NAND_TOTAL,134,0,IMPLEMENTED_TRACE_PASS
PAH-BUILD005-DEMAND-VALUATION-0001,8,MULTIPLICATIVE_DAG,cold-leaves-balanced-products,A0FB38354D3D73A687C426CC79EE15A61D191F68ED621831207B279535EFCEC9,COLD_MAG,MAGNITUDE_FINAL,false,true,true,BIN_PRIME_FRONTIER_SPEC_B1_K,4,1,19,0,0,8,4,4,8,16,54,8,1,0,8,7,2,3,1,1,1,0,4,4,1,0,1,1,5,7,6,5,2,19,4,0,0,0,0,4,7,2,12,72,19,112,8316,0,52000,55428,115744,EXPLORATORY_COMPONENT_PROXY__NOT_DECISION_ELIGIBLE,AUTHORITATIVE_W_BIT_LOAD_ADD_MUL_OUTPUT_DATAPATH_NOT_REBUILT_AT_W16_W32; EXACT_OPERATION_COUNTS_AND_IDENTICAL_MAGNITUDES_RETAINED; PROPAGATION_COMBINER_AND_POLICY_MATCHED_CONTENT_CACHE_LOGIC_NOT_IN_NAND_TOTAL,148,0,IMPLEMENTED_TRACE_PASS
PAH-BUILD005-DEMAND-VALUATION-0001,8,MULTIPLICATIVE_DAG,cold-leaves-balanced-products,A0FB38354D3D73A687C426CC79EE15A61D191F68ED621831207B279535EFCEC9,COLD_MAG,MAGNITUDE_FINAL,false,true,true,BIN_PRIME_FRONTIER_SPEC_B4_K,4,4,37,0,0,32,12,20,29,34,126,3,1,0,31,30,0,26,1,1,1,0,20,9,1,0,1,1,5,25,24,5,20,19,4,0,0,0,0,4,7,2,30,288,40,367,20790,0,208000,125160,353950,EXPLORATORY_COMPONENT_PROXY__NOT_DECISION_ELIGIBLE,AUTHORITATIVE_W_BIT_LOAD_ADD_MUL_OUTPUT_DATAPATH_NOT_REBUILT_AT_W16_W32; EXACT_OPERATION_COUNTS_AND_IDENTICAL_MAGNITUDES_RETAINED; PROPAGATION_COMBINER_AND_POLICY_MATCHED_CONTENT_CACHE_LOGIC_NOT_IN_NAND_TOTAL,184,0,IMPLEMENTED_TRACE_PASS
PAH-BUILD005-DEMAND-VALUATION-0001,8,PRODUCER_FACTORED,known-prime-constructor,E043F59081363A430FE8C7B33FE29A64D7F4D50A83B404FC5AF583063B7FF6C9,PRODUCER_GENERATED,MAGNITUDE_FINAL,false,false,false,BIN_DIRECT_BEST,0,0,11,1,2,7,4,5,5,0,0,0,0,0,0,0,0,0,0,0,0,0,5,0,0,0,0,0,5,0,0,0,0,0,0,0,0,0,0,1,6,0,5,63,0,74,3465,504,45500,0,49469,EXPLORATORY_COMPONENT_PROXY__NOT_DECISION_ELIGIBLE,AUTHORITATIVE_W_BIT_LOAD_ADD_MUL_OUTPUT_DATAPATH_NOT_REBUILT_AT_W16_W32; EXACT_OPERATION_COUNTS_AND_IDENTICAL_MAGNITUDES_RETAINED; PROPAGATION_COMBINER_AND_POLICY_MATCHED_CONTENT_CACHE_LOGIC_NOT_IN_NAND_TOTAL,94,0,IMPLEMENTED_TRACE_PASS
PAH-BUILD005-DEMAND-VALUATION-0001,8,PRODUCER_FACTORED,known-prime-constructor,E043F59081363A430FE8C7B33FE29A64D7F4D50A83B404FC5AF583063B7FF6C9,PRODUCER_GENERATED,MAGNITUDE_FINAL,false,false,false,BIN_CONTENT_ANSWER_LRU_K,1,0,11,1,2,7,4,5,5,5,4,0,0,0,5,5,0,4,0,0,0,0,5,0,0,0,0,0,5,0,0,0,0,0,0,0,0,0,0,1,6,0,5,63,5,79,3465,504,45500,4380,53849,EXPLORATORY_COMPONENT_PROXY__NOT_DECISION_ELIGIBLE,AUTHORITATIVE_W_BIT_LOAD_ADD_MUL_OUTPUT_DATAPATH_NOT_REBUILT_AT_W16_W32; EXACT_OPERATION_COUNTS_AND_IDENTICAL_MAGNITUDES_RETAINED; PROPAGATION_COMBINER_AND_POLICY_MATCHED_CONTENT_CACHE_LOGIC_NOT_IN_NAND_TOTAL,94,0,IMPLEMENTED_TRACE_PASS
PAH-BUILD005-DEMAND-VALUATION-0001,8,PRODUCER_FACTORED,known-prime-constructor,E043F59081363A430FE8C7B33FE29A64D7F4D50A83B404FC5AF583063B7FF6C9,PRODUCER_GENERATED,MAGNITUDE_FINAL,false,false,false,BIN_FRONTIER_NOPROP_K,1,0,11,1,2,7,4,5,5,5,4,0,0,0,5,5,0,4,0,0,0,0,5,0,0,0,0,0,5,0,0,0,0,0,0,0,0,0,0,1,6,0,5,63,10,84,3465,504,45500,6570,56039,EXPLORATORY_COMPONENT_PROXY__NOT_DECISION_ELIGIBLE,AUTHORITATIVE_W_BIT_LOAD_ADD_MUL_OUTPUT_DATAPATH_NOT_REBUILT_AT_W16_W32; EXACT_OPERATION_COUNTS_AND_IDENTICAL_MAGNITUDES_RETAINED; PROPAGATION_COMBINER_AND_POLICY_MATCHED_CONTENT_CACHE_LOGIC_NOT_IN_NAND_TOTAL,94,0,IMPLEMENTED_TRACE_PASS
PAH-BUILD005-DEMAND-VALUATION-0001,8,PRODUCER_FACTORED,known-prime-constructor,E043F59081363A430FE8C7B33FE29A64D7F4D50A83B404FC5AF583063B7FF6C9,PRODUCER_GENERATED,MAGNITUDE_FINAL,false,false,false,BIN_PRIME_FRONTIER_PROP_K,1,0,11,1,2,7,4,5,5,9,8,3,0,0,6,12,0,11,3,7,0,0,5,0,0,7,0,3,5,0,0,0,0,0,0,0,0,0,0,1,6,3,5,63,21,98,3465,504,45500,11388,60857,EXPLORATORY_COMPONENT_PROXY__NOT_DECISION_ELIGIBLE,AUTHORITATIVE_W_BIT_LOAD_ADD_MUL_OUTPUT_DATAPATH_NOT_REBUILT_AT_W16_W32; EXACT_OPERATION_COUNTS_AND_IDENTICAL_MAGNITUDES_RETAINED; PROPAGATION_COMBINER_AND_POLICY_MATCHED_CONTENT_CACHE_LOGIC_NOT_IN_NAND_TOTAL,94,0,IMPLEMENTED_TRACE_PASS
PAH-BUILD005-DEMAND-VALUATION-0001,8,PRODUCER_FACTORED,known-prime-constructor,E043F59081363A430FE8C7B33FE29A64D7F4D50A83B404FC5AF583063B7FF6C9,PRODUCER_GENERATED,MAGNITUDE_FINAL,false,false,false,BIN_PRIME_FRONTIER_SPEC_B1_K,1,1,26,1,2,11,6,7,9,24,23,5,1,0,19,25,0,24,4,6,0,0,17,2,3,3,2,2,5,15,4,1,14,3,3,0,0,0,0,1,6,4,20,99,34,163,13860,504,71500,23652,109516,EXPLORATORY_COMPONENT_PROXY__NOT_DECISION_ELIGIBLE,AUTHORITATIVE_W_BIT_LOAD_ADD_MUL_OUTPUT_DATAPATH_NOT_REBUILT_AT_W16_W32; EXACT_OPERATION_COUNTS_AND_IDENTICAL_MAGNITUDES_RETAINED; PROPAGATION_COMBINER_AND_POLICY_MATCHED_CONTENT_CACHE_LOGIC_NOT_IN_NAND_TOTAL,124,0,IMPLEMENTED_TRACE_PASS
PAH-BUILD005-DEMAND-VALUATION-0001,8,PRODUCER_FACTORED,known-prime-constructor,E043F59081363A430FE8C7B33FE29A64D7F4D50A83B404FC5AF583063B7FF6C9,PRODUCER_GENERATED,MAGNITUDE_FINAL,false,false,false,BIN_PRIME_FRONTIER_SPEC_B4_K,1,4,37,1,2,23,10,15,21,35,34,4,0,0,31,39,0,38,4,8,0,0,25,6,4,4,0,4,5,26,16,4,22,18,6,0,0,0,0,1,6,4,31,207,48,296,21483,504,149500,34602,206089,EXPLORATORY_COMPONENT_PROXY__NOT_DECISION_ELIGIBLE,AUTHORITATIVE_W_BIT_LOAD_ADD_MUL_OUTPUT_DATAPATH_NOT_REBUILT_AT_W16_W32; EXACT_OPERATION_COUNTS_AND_IDENTICAL_MAGNITUDES_RETAINED; PROPAGATION_COMBINER_AND_POLICY_MATCHED_CONTENT_CACHE_LOGIC_NOT_IN_NAND_TOTAL,146,0,IMPLEMENTED_TRACE_PASS
PAH-BUILD005-DEMAND-VALUATION-0001,8,PRODUCER_FACTORED,known-prime-constructor,E043F59081363A430FE8C7B33FE29A64D7F4D50A83B404FC5AF583063B7FF6C9,PRODUCER_GENERATED,MAGNITUDE_FINAL,false,false,false,BIN_CONTENT_ANSWER_LRU_K,2,0,11,1,2,7,4,5,5,5,7,0,0,0,5,5,0,3,0,0,0,0,5,0,0,0,0,0,5,0,0,0,0,0,0,0,0,0,0,1,6,0,5,63,5,79,3465,504,45500,8810,58279,EXPLORATORY_COMPONENT_PROXY__NOT_DECISION_ELIGIBLE,AUTHORITATIVE_W_BIT_LOAD_ADD_MUL_OUTPUT_DATAPATH_NOT_REBUILT_AT_W16_W32; EXACT_OPERATION_COUNTS_AND_IDENTICAL_MAGNITUDES_RETAINED; PROPAGATION_COMBINER_AND_POLICY_MATCHED_CONTENT_CACHE_LOGIC_NOT_IN_NAND_TOTAL,94,0,IMPLEMENTED_TRACE_PASS
PAH-BUILD005-DEMAND-VALUATION-0001,8,PRODUCER_FACTORED,known-prime-constructor,E043F59081363A430FE8C7B33FE29A64D7F4D50A83B404FC5AF583063B7FF6C9,PRODUCER_GENERATED,MAGNITUDE_FINAL,false,false,false,BIN_FRONTIER_NOPROP_K,2,0,11,1,2,7,4,5,5,5,7,0,0,0,5,5,0,3,0,0,0,0,5,0,0,0,0,0,5,0,0,0,0,0,0,0,0,0,0,1,6,0,5,63,10,84,3465,504,45500,13215,62684,EXPLORATORY_COMPONENT_PROXY__NOT_DECISION_ELIGIBLE,AUTHORITATIVE_W_BIT_LOAD_ADD_MUL_OUTPUT_DATAPATH_NOT_REBUILT_AT_W16_W32; EXACT_OPERATION_COUNTS_AND_IDENTICAL_MAGNITUDES_RETAINED; PROPAGATION_COMBINER_AND_POLICY_MATCHED_CONTENT_CACHE_LOGIC_NOT_IN_NAND_TOTAL,94,0,IMPLEMENTED_TRACE_PASS
PAH-BUILD005-DEMAND-VALUATION-0001,8,PRODUCER_FACTORED,known-prime-constructor,E043F59081363A430FE8C7B33FE29A64D7F4D50A83B404FC5AF583063B7FF6C9,PRODUCER_GENERATED,MAGNITUDE_FINAL,false,false,false,BIN_PRIME_FRONTIER_PROP_K,2,0,11,1,2,7,4,5,5,9,15,3,0,0,6,14,0,12,5,9,0,0,5,0,0,9,0,5,5,0,0,0,0,0,0,0,0,0,0,1,6,5,5,63,23,102,3465,504,45500,24668,74137,EXPLORATORY_COMPONENT_PROXY__NOT_DECISION_ELIGIBLE,AUTHORITATIVE_W_BIT_LOAD_ADD_MUL_OUTPUT_DATAPATH_NOT_REBUILT_AT_W16_W32; EXACT_OPERATION_COUNTS_AND_IDENTICAL_MAGNITUDES_RETAINED; PROPAGATION_COMBINER_AND_POLICY_MATCHED_CONTENT_CACHE_LOGIC_NOT_IN_NAND_TOTAL,94,0,IMPLEMENTED_TRACE_PASS
PAH-BUILD005-DEMAND-VALUATION-0001,8,PRODUCER_FACTORED,known-prime-constructor,E043F59081363A430FE8C7B33FE29A64D7F4D50A83B404FC5AF583063B7FF6C9,PRODUCER_GENERATED,MAGNITUDE_FINAL,false,false,false,BIN_PRIME_FRONTIER_SPEC_B1_K,2,1,28,1,2,10,4,8,9,26,49,8,3,0,18,27,1,25,8,9,0,0,18,1,8,1,3,5,5,17,4,1,16,3,3,0,0,0,0,1,6,8,22,90,37,163,15246,504,65000,51979,132729,EXPLORATORY_COMPONENT_PROXY__NOT_DECISION_ELIGIBLE,AUTHORITATIVE_W_BIT_LOAD_ADD_MUL_OUTPUT_DATAPATH_NOT_REBUILT_AT_W16_W32; EXACT_OPERATION_COUNTS_AND_IDENTICAL_MAGNITUDES_RETAINED; PROPAGATION_COMBINER_AND_POLICY_MATCHED_CONTENT_CACHE_LOGIC_NOT_IN_NAND_TOTAL,128,0,IMPLEMENTED_TRACE_PASS
PAH-BUILD005-DEMAND-VALUATION-0001,8,PRODUCER_FACTORED,known-prime-constructor,E043F59081363A430FE8C7B33FE29A64D7F4D50A83B404FC5AF583063B7FF6C9,PRODUCER_GENERATED,MAGNITUDE_FINAL,false,false,false,BIN_PRIME_FRONTIER_SPEC_B4_K,2,4,37,1,2,23,10,15,21,35,67,4,0,0,31,42,0,40,8,11,0,0,25,6,8,3,1,7,5,26,16,4,22,18,6,0,0,0,0,1,6,8,31,207,51,303,21483,504,149500,72242,243729,EXPLORATORY_COMPONENT_PROXY__NOT_DECISION_ELIGIBLE,AUTHORITATIVE_W_BIT_LOAD_ADD_MUL_OUTPUT_DATAPATH_NOT_REBUILT_AT_W16_W32; EXACT_OPERATION_COUNTS_AND_IDENTICAL_MAGNITUDES_RETAINED; PROPAGATION_COMBINER_AND_POLICY_MATCHED_CONTENT_CACHE_LOGIC_NOT_IN_NAND_TOTAL,146,0,IMPLEMENTED_TRACE_PASS
PAH-BUILD005-DEMAND-VALUATION-0001,8,PRODUCER_FACTORED,known-prime-constructor,E043F59081363A430FE8C7B33FE29A64D7F4D50A83B404FC5AF583063B7FF6C9,PRODUCER_GENERATED,MAGNITUDE_FINAL,false,false,false,BIN_CONTENT_ANSWER_LRU_K,4,0,11,1,2,7,4,5,5,5,10,0,0,0,5,5,0,1,0,0,0,0,5,0,0,0,0,0,5,0,0,0,0,0,0,0,0,0,0,1,6,0,5,63,5,79,3465,504,45500,17880,67349,EXPLORATORY_COMPONENT_PROXY__NOT_DECISION_ELIGIBLE,AUTHORITATIVE_W_BIT_LOAD_ADD_MUL_OUTPUT_DATAPATH_NOT_REBUILT_AT_W16_W32; EXACT_OPERATION_COUNTS_AND_IDENTICAL_MAGNITUDES_RETAINED; PROPAGATION_COMBINER_AND_POLICY_MATCHED_CONTENT_CACHE_LOGIC_NOT_IN_NAND_TOTAL,94,0,IMPLEMENTED_TRACE_PASS
PAH-BUILD005-DEMAND-VALUATION-0001,8,PRODUCER_FACTORED,known-prime-constructor,E043F59081363A430FE8C7B33FE29A64D7F4D50A83B404FC5AF583063B7FF6C9,PRODUCER_GENERATED,MAGNITUDE_FINAL,false,false,false,BIN_FRONTIER_NOPROP_K,4,0,11,1,2,7,4,5,5,5,10,0,0,0,5,5,0,1,0,0,0,0,5,0,0,0,0,0,5,0,0,0,0,0,0,0,0,0,0,1,6,0,5,63,10,84,3465,504,45500,26820,76289,EXPLORATORY_COMPONENT_PROXY__NOT_DECISION_ELIGIBLE,AUTHORITATIVE_W_BIT_LOAD_ADD_MUL_OUTPUT_DATAPATH_NOT_REBUILT_AT_W16_W32; EXACT_OPERATION_COUNTS_AND_IDENTICAL_MAGNITUDES_RETAINED; PROPAGATION_COMBINER_AND_POLICY_MATCHED_CONTENT_CACHE_LOGIC_NOT_IN_NAND_TOTAL,94,0,IMPLEMENTED_TRACE_PASS
PAH-BUILD005-DEMAND-VALUATION-0001,8,PRODUCER_FACTORED,known-prime-constructor,E043F59081363A430FE8C7B33FE29A64D7F4D50A83B404FC5AF583063B7FF6C9,PRODUCER_GENERATED,MAGNITUDE_FINAL,false,false,false,BIN_PRIME_FRONTIER_PROP_K,4,0,11,1,1,4,0,5,5,9,28,7,0,0,2,11,4,7,6,10,2,0,5,0,0,10,0,6,5,0,0,0,0,0,0,0,0,0,0,1,6,6,5,36,24,77,3465,504,26000,51852,81821,EXPLORATORY_COMPONENT_PROXY__NOT_DECISION_ELIGIBLE,AUTHORITATIVE_W_BIT_LOAD_ADD_MUL_OUTPUT_DATAPATH_NOT_REBUILT_AT_W16_W32; EXACT_OPERATION_COUNTS_AND_IDENTICAL_MAGNITUDES_RETAINED; PROPAGATION_COMBINER_AND_POLICY_MATCHED_CONTENT_CACHE_LOGIC_NOT_IN_NAND_TOTAL,94,0,IMPLEMENTED_TRACE_PASS
PAH-BUILD005-DEMAND-VALUATION-0001,8,PRODUCER_FACTORED,known-prime-constructor,E043F59081363A430FE8C7B33FE29A64D7F4D50A83B404FC5AF583063B7FF6C9,PRODUCER_GENERATED,MAGNITUDE_FINAL,false,false,false,BIN_PRIME_FRONTIER_SPEC_B1_K,4,1,31,1,2,11,4,9,9,29,106,10,6,0,19,36,0,32,16,17,0,0,19,0,16,1,3,13,5,20,4,4,16,18,6,0,0,0,0,1,6,16,25,99,45,191,17325,504,71500,125160,214489,EXPLORATORY_COMPONENT_PROXY__NOT_DECISION_ELIGIBLE,AUTHORITATIVE_W_BIT_LOAD_ADD_MUL_OUTPUT_DATAPATH_NOT_REBUILT_AT_W16_W32; EXACT_OPERATION_COUNTS_AND_IDENTICAL_MAGNITUDES_RETAINED; PROPAGATION_COMBINER_AND_POLICY_MATCHED_CONTENT_CACHE_LOGIC_NOT_IN_NAND_TOTAL,134,0,IMPLEMENTED_TRACE_PASS
PAH-BUILD005-DEMAND-VALUATION-0001,8,PRODUCER_FACTORED,known-prime-constructor,E043F59081363A430FE8C7B33FE29A64D7F4D50A83B404FC5AF583063B7FF6C9,PRODUCER_GENERATED,MAGNITUDE_FINAL,false,false,false,BIN_PRIME_FRONTIER_SPEC_B4_K,4,4,45,1,2,23,6,19,21,43,162,12,4,4,31,49,0,45,16,18,0,0,29,2,14,4,2,14,5,34,16,4,30,18,6,0,0,0,0,1,6,16,39,207,58,326,27027,504,149500,173436,350467,EXPLORATORY_COMPONENT_PROXY__NOT_DECISION_ELIGIBLE,AUTHORITATIVE_W_BIT_LOAD_ADD_MUL_OUTPUT_DATAPATH_NOT_REBUILT_AT_W16_W32; EXACT_OPERATION_COUNTS_AND_IDENTICAL_MAGNITUDES_RETAINED; PROPAGATION_COMBINER_AND_POLICY_MATCHED_CONTENT_CACHE_LOGIC_NOT_IN_NAND_TOTAL,162,0,IMPLEMENTED_TRACE_PASS
PAH-BUILD005-DEMAND-VALUATION-0001,8,ADDITION_MUTATION,query-then-increment,2B0BB92382B42069DECDB1343DAF91BA59D96F8BEDAB0189B6513DD43762F068,COLD_MAG,MAGNITUDE_FINAL,true,false,true,BIN_DIRECT_BEST,0,0,98,0,0,70,22,48,48,0,0,0,0,0,0,0,0,0,0,0,0,0,48,0,0,0,0,0,48,0,0,0,0,0,0,0,0,0,0,2,50,0,48,630,0,728,33264,0,455000,0,488264,EXPLORATORY_COMPONENT_PROXY__NOT_DECISION_ELIGIBLE,AUTHORITATIVE_W_BIT_LOAD_ADD_MUL_OUTPUT_DATAPATH_NOT_REBUILT_AT_W16_W32; EXACT_OPERATION_COUNTS_AND_IDENTICAL_MAGNITUDES_RETAINED; PROPAGATION_COMBINER_AND_POLICY_MATCHED_CONTENT_CACHE_LOGIC_NOT_IN_NAND_TOTAL,929,0,IMPLEMENTED_TRACE_PASS
PAH-BUILD005-DEMAND-VALUATION-0001,8,ADDITION_MUTATION,query-then-increment,2B0BB92382B42069DECDB1343DAF91BA59D96F8BEDAB0189B6513DD43762F068,COLD_MAG,MAGNITUDE_FINAL,true,false,true,BIN_CONTENT_ANSWER_LRU_K,1,0,98,0,0,70,22,48,48,48,47,0,0,0,48,48,0,47,0,0,0,0,48,0,0,0,0,0,48,0,0,0,0,0,0,0,0,0,0,2,50,0,48,630,48,776,33264,0,455000,42048,530312,EXPLORATORY_COMPONENT_PROXY__NOT_DECISION_ELIGIBLE,AUTHORITATIVE_W_BIT_LOAD_ADD_MUL_OUTPUT_DATAPATH_NOT_REBUILT_AT_W16_W32; EXACT_OPERATION_COUNTS_AND_IDENTICAL_MAGNITUDES_RETAINED; PROPAGATION_COMBINER_AND_POLICY_MATCHED_CONTENT_CACHE_LOGIC_NOT_IN_NAND_TOTAL,929,0,IMPLEMENTED_TRACE_PASS
PAH-BUILD005-DEMAND-VALUATION-0001,8,ADDITION_MUTATION,query-then-increment,2B0BB92382B42069DECDB1343DAF91BA59D96F8BEDAB0189B6513DD43762F068,COLD_MAG,MAGNITUDE_FINAL,true,false,true,BIN_FRONTIER_NOPROP_K,1,0,98,0,0,70,22,48,48,48,47,0,0,0,48,48,0,47,48,0,47,0,48,0,0,0,0,0,48,0,0,0,0,0,0,0,0,0,0,2,50,0,48,630,98,826,33264,0,455000,63948,552212,EXPLORATORY_COMPONENT_PROXY__NOT_DECISION_ELIGIBLE,AUTHORITATIVE_W_BIT_LOAD_ADD_MUL_OUTPUT_DATAPATH_NOT_REBUILT_AT_W16_W32; EXACT_OPERATION_COUNTS_AND_IDENTICAL_MAGNITUDES_RETAINED; PROPAGATION_COMBINER_AND_POLICY_MATCHED_CONTENT_CACHE_LOGIC_NOT_IN_NAND_TOTAL,929,0,IMPLEMENTED_TRACE_PASS
PAH-BUILD005-DEMAND-VALUATION-0001,8,ADDITION_MUTATION,query-then-increment,2B0BB92382B42069DECDB1343DAF91BA59D96F8BEDAB0189B6513DD43762F068,COLD_MAG,MAGNITUDE_FINAL,true,false,true,BIN_PRIME_FRONTIER_PROP_K,1,0,98,0,0,70,22,48,48,48,47,0,0,0,48,48,0,47,48,0,47,0,48,0,0,0,0,0,48,0,0,0,0,0,0,0,0,0,0,2,50,0,48,630,98,826,33264,0,455000,63948,552212,EXPLORATORY_COMPONENT_PROXY__NOT_DECISION_ELIGIBLE,AUTHORITATIVE_W_BIT_LOAD_ADD_MUL_OUTPUT_DATAPATH_NOT_REBUILT_AT_W16_W32; EXACT_OPERATION_COUNTS_AND_IDENTICAL_MAGNITUDES_RETAINED; PROPAGATION_COMBINER_AND_POLICY_MATCHED_CONTENT_CACHE_LOGIC_NOT_IN_NAND_TOTAL,929,0,IMPLEMENTED_TRACE_PASS
PAH-BUILD005-DEMAND-VALUATION-0001,8,ADDITION_MUTATION,query-then-increment,2B0BB92382B42069DECDB1343DAF91BA59D96F8BEDAB0189B6513DD43762F068,COLD_MAG,MAGNITUDE_FINAL,true,false,true,BIN_PRIME_FRONTIER_SPEC_B1_K,1,1,157,0,0,72,24,48,65,107,106,47,0,0,60,60,15,59,48,0,48,0,58,17,0,0,0,0,48,59,49,48,11,49,2,0,0,0,0,2,50,0,107,648,125,930,74151,0,468000,101616,643767,EXPLORATORY_COMPONENT_PROXY__NOT_DECISION_ELIGIBLE,AUTHORITATIVE_W_BIT_LOAD_ADD_MUL_OUTPUT_DATAPATH_NOT_REBUILT_AT_W16_W32; EXACT_OPERATION_COUNTS_AND_IDENTICAL_MAGNITUDES_RETAINED; PROPAGATION_COMBINER_AND_POLICY_MATCHED_CONTENT_CACHE_LOGIC_NOT_IN_NAND_TOTAL,1047,0,IMPLEMENTED_TRACE_PASS
PAH-BUILD005-DEMAND-VALUATION-0001,8,ADDITION_MUTATION,query-then-increment,2B0BB92382B42069DECDB1343DAF91BA59D96F8BEDAB0189B6513DD43762F068,COLD_MAG,MAGNITUDE_FINAL,true,false,true,BIN_PRIME_FRONTIER_SPEC_B4_K,1,4,304,0,0,266,59,207,244,254,253,0,0,0,254,254,0,253,48,0,48,0,217,37,0,0,0,0,48,206,196,48,158,49,2,0,0,0,0,2,50,0,254,2394,304,3002,176022,0,1729000,244404,2149426,EXPLORATORY_COMPONENT_PROXY__NOT_DECISION_ELIGIBLE,AUTHORITATIVE_W_BIT_LOAD_ADD_MUL_OUTPUT_DATAPATH_NOT_REBUILT_AT_W16_W32; EXACT_OPERATION_COUNTS_AND_IDENTICAL_MAGNITUDES_RETAINED; PROPAGATION_COMBINER_AND_POLICY_MATCHED_CONTENT_CACHE_LOGIC_NOT_IN_NAND_TOTAL,1341,0,IMPLEMENTED_TRACE_PASS
PAH-BUILD005-DEMAND-VALUATION-0001,8,ADDITION_MUTATION,query-then-increment,2B0BB92382B42069DECDB1343DAF91BA59D96F8BEDAB0189B6513DD43762F068,COLD_MAG,MAGNITUDE_FINAL,true,false,true,BIN_CONTENT_ANSWER_LRU_K,2,0,98,0,0,70,22,48,48,48,93,0,0,0,48,48,0,46,0,0,0,0,48,0,0,0,0,0,48,0,0,0,0,0,0,0,0,0,0,2,50,0,48,630,48,776,33264,0,455000,84576,572840,EXPLORATORY_COMPONENT_PROXY__NOT_DECISION_ELIGIBLE,AUTHORITATIVE_W_BIT_LOAD_ADD_MUL_OUTPUT_DATAPATH_NOT_REBUILT_AT_W16_W32; EXACT_OPERATION_COUNTS_AND_IDENTICAL_MAGNITUDES_RETAINED; PROPAGATION_COMBINER_AND_POLICY_MATCHED_CONTENT_CACHE_LOGIC_NOT_IN_NAND_TOTAL,929,0,IMPLEMENTED_TRACE_PASS
PAH-BUILD005-DEMAND-VALUATION-0001,8,ADDITION_MUTATION,query-then-increment,2B0BB92382B42069DECDB1343DAF91BA59D96F8BEDAB0189B6513DD43762F068,COLD_MAG,MAGNITUDE_FINAL,true,false,true,BIN_FRONTIER_NOPROP_K,2,0,98,0,0,70,22,48,48,48,93,0,0,0,48,48,0,46,48,0,93,0,48,0,0,0,0,0,48,0,0,0,0,0,0,0,0,0,0,2,50,0,48,630,98,826,33264,0,455000,128626,616890,EXPLORATORY_COMPONENT_PROXY__NOT_DECISION_ELIGIBLE,AUTHORITATIVE_W_BIT_LOAD_ADD_MUL_OUTPUT_DATAPATH_NOT_REBUILT_AT_W16_W32; EXACT_OPERATION_COUNTS_AND_IDENTICAL_MAGNITUDES_RETAINED; PROPAGATION_COMBINER_AND_POLICY_MATCHED_CONTENT_CACHE_LOGIC_NOT_IN_NAND_TOTAL,929,0,IMPLEMENTED_TRACE_PASS
PAH-BUILD005-DEMAND-VALUATION-0001,8,ADDITION_MUTATION,query-then-increment,2B0BB92382B42069DECDB1343DAF91BA59D96F8BEDAB0189B6513DD43762F068,COLD_MAG,MAGNITUDE_FINAL,true,false,true,BIN_PRIME_FRONTIER_PROP_K,2,0,98,0,0,70,22,48,48,48,93,0,0,0,48,48,0,46,48,0,93,0,48,0,0,0,0,0,48,0,0,0,0,0,0,0,0,0,0,2,50,0,48,630,98,826,33264,0,455000,128626,616890,EXPLORATORY_COMPONENT_PROXY__NOT_DECISION_ELIGIBLE,AUTHORITATIVE_W_BIT_LOAD_ADD_MUL_OUTPUT_DATAPATH_NOT_REBUILT_AT_W16_W32; EXACT_OPERATION_COUNTS_AND_IDENTICAL_MAGNITUDES_RETAINED; PROPAGATION_COMBINER_AND_POLICY_MATCHED_CONTENT_CACHE_LOGIC_NOT_IN_NAND_TOTAL,929,0,IMPLEMENTED_TRACE_PASS
PAH-BUILD005-DEMAND-VALUATION-0001,8,ADDITION_MUTATION,query-then-increment,2B0BB92382B42069DECDB1343DAF91BA59D96F8BEDAB0189B6513DD43762F068,COLD_MAG,MAGNITUDE_FINAL,true,false,true,BIN_PRIME_FRONTIER_SPEC_B1_K,2,1,157,0,0,72,24,48,65,107,211,47,0,0,60,60,15,58,48,0,142,0,58,17,0,0,0,0,48,59,49,48,11,49,2,0,0,0,0,2,50,0,107,648,125,930,74151,0,468000,204392,746543,EXPLORATORY_COMPONENT_PROXY__NOT_DECISION_ELIGIBLE,AUTHORITATIVE_W_BIT_LOAD_ADD_MUL_OUTPUT_DATAPATH_NOT_REBUILT_AT_W16_W32; EXACT_OPERATION_COUNTS_AND_IDENTICAL_MAGNITUDES_RETAINED; PROPAGATION_COMBINER_AND_POLICY_MATCHED_CONTENT_CACHE_LOGIC_NOT_IN_NAND_TOTAL,1047,0,IMPLEMENTED_TRACE_PASS
PAH-BUILD005-DEMAND-VALUATION-0001,8,ADDITION_MUTATION,query-then-increment,2B0BB92382B42069DECDB1343DAF91BA59D96F8BEDAB0189B6513DD43762F068,COLD_MAG,MAGNITUDE_FINAL,true,false,true,BIN_PRIME_FRONTIER_SPEC_B4_K,2,4,304,0,0,266,59,207,244,254,505,0,0,0,254,254,0,252,95,0,48,0,217,37,0,0,0,0,48,206,196,48,158,49,2,0,0,0,0,2,50,0,254,2394,304,3002,176022,0,1729000,491598,2396620,EXPLORATORY_COMPONENT_PROXY__NOT_DECISION_ELIGIBLE,AUTHORITATIVE_W_BIT_LOAD_ADD_MUL_OUTPUT_DATAPATH_NOT_REBUILT_AT_W16_W32; EXACT_OPERATION_COUNTS_AND_IDENTICAL_MAGNITUDES_RETAINED; PROPAGATION_COMBINER_AND_POLICY_MATCHED_CONTENT_CACHE_LOGIC_NOT_IN_NAND_TOTAL,1341,0,IMPLEMENTED_TRACE_PASS
PAH-BUILD005-DEMAND-VALUATION-0001,8,ADDITION_MUTATION,query-then-increment,2B0BB92382B42069DECDB1343DAF91BA59D96F8BEDAB0189B6513DD43762F068,COLD_MAG,MAGNITUDE_FINAL,true,false,true,BIN_CONTENT_ANSWER_LRU_K,4,0,98,0,0,70,22,48,48,48,182,0,0,0,48,48,0,44,0,0,0,0,48,0,0,0,0,0,48,0,0,0,0,0,0,0,0,0,0,2,50,0,48,630,48,776,33264,0,455000,171648,659912,EXPLORATORY_COMPONENT_PROXY__NOT_DECISION_ELIGIBLE,AUTHORITATIVE_W_BIT_LOAD_ADD_MUL_OUTPUT_DATAPATH_NOT_REBUILT_AT_W16_W32; EXACT_OPERATION_COUNTS_AND_IDENTICAL_MAGNITUDES_RETAINED; PROPAGATION_COMBINER_AND_POLICY_MATCHED_CONTENT_CACHE_LOGIC_NOT_IN_NAND_TOTAL,929,0,IMPLEMENTED_TRACE_PASS
PAH-BUILD005-DEMAND-VALUATION-0001,8,ADDITION_MUTATION,query-then-increment,2B0BB92382B42069DECDB1343DAF91BA59D96F8BEDAB0189B6513DD43762F068,COLD_MAG,MAGNITUDE_FINAL,true,false,true,BIN_FRONTIER_NOPROP_K,4,0,98,0,0,70,22,48,48,48,182,0,0,0,48,48,0,44,48,0,182,0,48,0,0,0,0,0,48,0,0,0,0,0,0,0,0,0,0,2,50,0,48,630,98,826,33264,0,455000,261048,749312,EXPLORATORY_COMPONENT_PROXY__NOT_DECISION_ELIGIBLE,AUTHORITATIVE_W_BIT_LOAD_ADD_MUL_OUTPUT_DATAPATH_NOT_REBUILT_AT_W16_W32; EXACT_OPERATION_COUNTS_AND_IDENTICAL_MAGNITUDES_RETAINED; PROPAGATION_COMBINER_AND_POLICY_MATCHED_CONTENT_CACHE_LOGIC_NOT_IN_NAND_TOTAL,929,0,IMPLEMENTED_TRACE_PASS
PAH-BUILD005-DEMAND-VALUATION-0001,8,ADDITION_MUTATION,query-then-increment,2B0BB92382B42069DECDB1343DAF91BA59D96F8BEDAB0189B6513DD43762F068,COLD_MAG,MAGNITUDE_FINAL,true,false,true,BIN_PRIME_FRONTIER_PROP_K,4,0,98,0,0,70,22,48,48,48,182,0,0,0,48,48,0,44,48,0,182,0,48,0,0,0,0,0,48,0,0,0,0,0,0,0,0,0,0,2,50,0,48,630,98,826,33264,0,455000,261048,749312,EXPLORATORY_COMPONENT_PROXY__NOT_DECISION_ELIGIBLE,AUTHORITATIVE_W_BIT_LOAD_ADD_MUL_OUTPUT_DATAPATH_NOT_REBUILT_AT_W16_W32; EXACT_OPERATION_COUNTS_AND_IDENTICAL_MAGNITUDES_RETAINED; PROPAGATION_COMBINER_AND_POLICY_MATCHED_CONTENT_CACHE_LOGIC_NOT_IN_NAND_TOTAL,929,0,IMPLEMENTED_TRACE_PASS
PAH-BUILD005-DEMAND-VALUATION-0001,8,ADDITION_MUTATION,query-then-increment,2B0BB92382B42069DECDB1343DAF91BA59D96F8BEDAB0189B6513DD43762F068,COLD_MAG,MAGNITUDE_FINAL,true,false,true,BIN_PRIME_FRONTIER_SPEC_B1_K,4,1,157,0,0,72,24,48,65,107,418,47,0,0,60,60,15,56,48,0,324,0,58,17,0,0,0,0,48,59,49,48,11,49,2,0,0,0,0,2,50,0,107,648,125,930,74151,0,468000,414816,956967,EXPLORATORY_COMPONENT_PROXY__NOT_DECISION_ELIGIBLE,AUTHORITATIVE_W_BIT_LOAD_ADD_MUL_OUTPUT_DATAPATH_NOT_REBUILT_AT_W16_W32; EXACT_OPERATION_COUNTS_AND_IDENTICAL_MAGNITUDES_RETAINED; PROPAGATION_COMBINER_AND_POLICY_MATCHED_CONTENT_CACHE_LOGIC_NOT_IN_NAND_TOTAL,1047,0,IMPLEMENTED_TRACE_PASS
PAH-BUILD005-DEMAND-VALUATION-0001,8,ADDITION_MUTATION,query-then-increment,2B0BB92382B42069DECDB1343DAF91BA59D96F8BEDAB0189B6513DD43762F068,COLD_MAG,MAGNITUDE_FINAL,true,false,true,BIN_PRIME_FRONTIER_SPEC_B4_K,4,4,304,0,0,219,44,175,212,254,1006,47,0,0,207,207,15,203,189,0,48,0,185,37,0,0,0,0,48,206,196,48,158,49,2,0,0,0,0,2,50,0,254,1971,272,2547,176022,0,1423500,940488,2540010,EXPLORATORY_COMPONENT_PROXY__NOT_DECISION_ELIGIBLE,AUTHORITATIVE_W_BIT_LOAD_ADD_MUL_OUTPUT_DATAPATH_NOT_REBUILT_AT_W16_W32; EXACT_OPERATION_COUNTS_AND_IDENTICAL_MAGNITUDES_RETAINED; PROPAGATION_COMBINER_AND_POLICY_MATCHED_CONTENT_CACHE_LOGIC_NOT_IN_NAND_TOTAL,1341,0,IMPLEMENTED_TRACE_PASS
PAH-BUILD005-DEMAND-VALUATION-0001,8,PHASE_SHIFT,locality-to-stream,8A1E0577D8A537217FF3F1B818165C9DAD1BD8E4CA651BF50C88D5AED4A43F6C,COLD_MAG,MAGNITUDE_FINAL,true,false,true,BIN_DIRECT_BEST,0,0,193,2,2,390,264,128,128,0,0,0,0,0,0,0,0,0,0,0,0,0,128,0,0,0,0,0,128,0,0,0,0,0,0,0,0,0,0,1,65,0,128,3510,0,3703,88704,1008,2535000,0,2624712,EXPLORATORY_COMPONENT_PROXY__NOT_DECISION_ELIGIBLE,AUTHORITATIVE_W_BIT_LOAD_ADD_MUL_OUTPUT_DATAPATH_NOT_REBUILT_AT_W16_W32; EXACT_OPERATION_COUNTS_AND_IDENTICAL_MAGNITUDES_RETAINED; PROPAGATION_COMBINER_AND_POLICY_MATCHED_CONTENT_CACHE_LOGIC_NOT_IN_NAND_TOTAL,1736,0,IMPLEMENTED_TRACE_PASS
PAH-BUILD005-DEMAND-VALUATION-0001,8,PHASE_SHIFT,locality-to-stream,8A1E0577D8A537217FF3F1B818165C9DAD1BD8E4CA651BF50C88D5AED4A43F6C,COLD_MAG,MAGNITUDE_FINAL,true,false,true,BIN_CONTENT_ANSWER_LRU_K,1,0,193,2,2,75,12,65,65,128,127,63,0,0,65,65,0,64,0,0,0,0,65,0,0,0,0,0,128,0,0,0,0,0,0,0,0,0,0,1,65,0,128,675,65,933,88704,1008,487500,84534,661746,EXPLORATORY_COMPONENT_PROXY__NOT_DECISION_ELIGIBLE,AUTHORITATIVE_W_BIT_LOAD_ADD_MUL_OUTPUT_DATAPATH_NOT_REBUILT_AT_W16_W32; EXACT_OPERATION_COUNTS_AND_IDENTICAL_MAGNITUDES_RETAINED; PROPAGATION_COMBINER_AND_POLICY_MATCHED_CONTENT_CACHE_LOGIC_NOT_IN_NAND_TOTAL,1736,0,IMPLEMENTED_TRACE_PASS
PAH-BUILD005-DEMAND-VALUATION-0001,8,PHASE_SHIFT,locality-to-stream,8A1E0577D8A537217FF3F1B818165C9DAD1BD8E4CA651BF50C88D5AED4A43F6C,COLD_MAG,MAGNITUDE_FINAL,true,false,true,BIN_FRONTIER_NOPROP_K,1,0,193,2,2,75,12,65,65,128,127,63,0,0,65,65,0,64,64,0,5,0,65,0,0,0,0,0,128,0,0,0,0,0,0,0,0,0,0,1,65,0,128,675,130,998,88704,1008,487500,113004,690216,EXPLORATORY_COMPONENT_PROXY__NOT_DECISION_ELIGIBLE,AUTHORITATIVE_W_BIT_LOAD_ADD_MUL_OUTPUT_DATAPATH_NOT_REBUILT_AT_W16_W32; EXACT_OPERATION_COUNTS_AND_IDENTICAL_MAGNITUDES_RETAINED; PROPAGATION_COMBINER_AND_POLICY_MATCHED_CONTENT_CACHE_LOGIC_NOT_IN_NAND_TOTAL,1736,0,IMPLEMENTED_TRACE_PASS
PAH-BUILD005-DEMAND-VALUATION-0001,8,PHASE_SHIFT,locality-to-stream,8A1E0577D8A537217FF3F1B818165C9DAD1BD8E4CA651BF50C88D5AED4A43F6C,COLD_MAG,MAGNITUDE_FINAL,true,false,true,BIN_PRIME_FRONTIER_PROP_K,1,0,193,2,2,75,12,65,65,128,127,63,0,0,65,65,0,64,64,0,5,0,65,0,0,0,0,0,128,0,0,0,0,0,0,0,0,0,0,1,65,0,128,675,130,998,88704,1008,487500,113004,690216,EXPLORATORY_COMPONENT_PROXY__NOT_DECISION_ELIGIBLE,AUTHORITATIVE_W_BIT_LOAD_ADD_MUL_OUTPUT_DATAPATH_NOT_REBUILT_AT_W16_W32; EXACT_OPERATION_COUNTS_AND_IDENTICAL_MAGNITUDES_RETAINED; PROPAGATION_COMBINER_AND_POLICY_MATCHED_CONTENT_CACHE_LOGIC_NOT_IN_NAND_TOTAL,1736,0,IMPLEMENTED_TRACE_PASS
PAH-BUILD005-DEMAND-VALUATION-0001,8,PHASE_SHIFT,locality-to-stream,8A1E0577D8A537217FF3F1B818165C9DAD1BD8E4CA651BF50C88D5AED4A43F6C,COLD_MAG,MAGNITUDE_FINAL,true,false,true,BIN_PRIME_FRONTIER_SPEC_B1_K,1,1,258,2,2,130,32,100,124,193,192,73,0,0,120,120,4,119,64,0,9,0,100,24,0,0,0,0,128,65,65,10,55,10,1,0,0,0,0,1,65,0,193,1170,189,1617,133749,1008,845000,167316,1147073,EXPLORATORY_COMPONENT_PROXY__NOT_DECISION_ELIGIBLE,AUTHORITATIVE_W_BIT_LOAD_ADD_MUL_OUTPUT_DATAPATH_NOT_REBUILT_AT_W16_W32; EXACT_OPERATION_COUNTS_AND_IDENTICAL_MAGNITUDES_RETAINED; PROPAGATION_COMBINER_AND_POLICY_MATCHED_CONTENT_CACHE_LOGIC_NOT_IN_NAND_TOTAL,1866,0,IMPLEMENTED_TRACE_PASS
PAH-BUILD005-DEMAND-VALUATION-0001,8,PHASE_SHIFT,locality-to-stream,8A1E0577D8A537217FF3F1B818165C9DAD1BD8E4CA651BF50C88D5AED4A43F6C,COLD_MAG,MAGNITUDE_FINAL,true,false,true,BIN_PRIME_FRONTIER_SPEC_B4_K,1,4,453,2,2,332,69,265,323,388,387,66,0,0,322,322,1,321,64,0,9,0,265,58,0,0,0,0,128,260,260,25,235,25,1,0,0,0,0,1,65,0,388,2988,388,3829,268884,1008,2158000,339888,2767780,EXPLORATORY_COMPONENT_PROXY__NOT_DECISION_ELIGIBLE,AUTHORITATIVE_W_BIT_LOAD_ADD_MUL_OUTPUT_DATAPATH_NOT_REBUILT_AT_W16_W32; EXACT_OPERATION_COUNTS_AND_IDENTICAL_MAGNITUDES_RETAINED; PROPAGATION_COMBINER_AND_POLICY_MATCHED_CONTENT_CACHE_LOGIC_NOT_IN_NAND_TOTAL,2256,0,IMPLEMENTED_TRACE_PASS
PAH-BUILD005-DEMAND-VALUATION-0001,8,PHASE_SHIFT,locality-to-stream,8A1E0577D8A537217FF3F1B818165C9DAD1BD8E4CA651BF50C88D5AED4A43F6C,COLD_MAG,MAGNITUDE_FINAL,true,false,true,BIN_CONTENT_ANSWER_LRU_K,2,0,193,2,2,75,12,65,65,128,190,63,0,0,65,65,0,63,0,0,0,0,65,0,0,0,0,0,128,0,0,0,0,0,0,0,0,0,0,1,65,0,128,675,65,933,88704,1008,487500,170033,747245,EXPLORATORY_COMPONENT_PROXY__NOT_DECISION_ELIGIBLE,AUTHORITATIVE_W_BIT_LOAD_ADD_MUL_OUTPUT_DATAPATH_NOT_REBUILT_AT_W16_W32; EXACT_OPERATION_COUNTS_AND_IDENTICAL_MAGNITUDES_RETAINED; PROPAGATION_COMBINER_AND_POLICY_MATCHED_CONTENT_CACHE_LOGIC_NOT_IN_NAND_TOTAL,1736,0,IMPLEMENTED_TRACE_PASS
PAH-BUILD005-DEMAND-VALUATION-0001,8,PHASE_SHIFT,locality-to-stream,8A1E0577D8A537217FF3F1B818165C9DAD1BD8E4CA651BF50C88D5AED4A43F6C,COLD_MAG,MAGNITUDE_FINAL,true,false,true,BIN_FRONTIER_NOPROP_K,2,0,193,2,2,75,12,65,65,128,190,63,0,0,65,65,0,63,64,0,10,0,65,0,0,0,0,0,128,0,0,0,0,0,0,0,0,0,0,1,65,0,128,675,130,998,88704,1008,487500,227298,804510,EXPLORATORY_COMPONENT_PROXY__NOT_DECISION_ELIGIBLE,AUTHORITATIVE_W_BIT_LOAD_ADD_MUL_OUTPUT_DATAPATH_NOT_REBUILT_AT_W16_W32; EXACT_OPERATION_COUNTS_AND_IDENTICAL_MAGNITUDES_RETAINED; PROPAGATION_COMBINER_AND_POLICY_MATCHED_CONTENT_CACHE_LOGIC_NOT_IN_NAND_TOTAL,1736,0,IMPLEMENTED_TRACE_PASS
PAH-BUILD005-DEMAND-VALUATION-0001,8,PHASE_SHIFT,locality-to-stream,8A1E0577D8A537217FF3F1B818165C9DAD1BD8E4CA651BF50C88D5AED4A43F6C,COLD_MAG,MAGNITUDE_FINAL,true,false,true,BIN_PRIME_FRONTIER_PROP_K,2,0,193,2,2,75,12,65,65,128,190,63,0,0,65,65,0,63,64,0,10,0,65,0,0,0,0,0,128,0,0,0,0,0,0,0,0,0,0,1,65,0,128,675,130,998,88704,1008,487500,227298,804510,EXPLORATORY_COMPONENT_PROXY__NOT_DECISION_ELIGIBLE,AUTHORITATIVE_W_BIT_LOAD_ADD_MUL_OUTPUT_DATAPATH_NOT_REBUILT_AT_W16_W32; EXACT_OPERATION_COUNTS_AND_IDENTICAL_MAGNITUDES_RETAINED; PROPAGATION_COMBINER_AND_POLICY_MATCHED_CONTENT_CACHE_LOGIC_NOT_IN_NAND_TOTAL,1736,0,IMPLEMENTED_TRACE_PASS
PAH-BUILD005-DEMAND-VALUATION-0001,8,PHASE_SHIFT,locality-to-stream,8A1E0577D8A537217FF3F1B818165C9DAD1BD8E4CA651BF50C88D5AED4A43F6C,COLD_MAG,MAGNITUDE_FINAL,true,false,true,BIN_PRIME_FRONTIER_SPEC_B1_K,2,1,258,2,2,130,32,100,124,193,319,73,0,0,120,120,4,118,119,0,69,0,100,24,0,0,0,0,128,65,65,10,55,10,1,0,0,0,0,1,65,0,193,1170,189,1617,133749,1008,845000,336542,1316299,EXPLORATORY_COMPONENT_PROXY__NOT_DECISION_ELIGIBLE,AUTHORITATIVE_W_BIT_LOAD_ADD_MUL_OUTPUT_DATAPATH_NOT_REBUILT_AT_W16_W32; EXACT_OPERATION_COUNTS_AND_IDENTICAL_MAGNITUDES_RETAINED; PROPAGATION_COMBINER_AND_POLICY_MATCHED_CONTENT_CACHE_LOGIC_NOT_IN_NAND_TOTAL,1866,0,IMPLEMENTED_TRACE_PASS
PAH-BUILD005-DEMAND-VALUATION-0001,8,PHASE_SHIFT,locality-to-stream,8A1E0577D8A537217FF3F1B818165C9DAD1BD8E4CA651BF50C88D5AED4A43F6C,COLD_MAG,MAGNITUDE_FINAL,true,false,true,BIN_PRIME_FRONTIER_SPEC_B4_K,2,4,453,2,2,331,69,264,322,388,773,67,0,0,321,321,1,319,128,0,20,0,264,58,0,0,0,0,128,260,260,25,235,25,1,0,0,0,0,1,65,0,388,2979,387,3819,268884,1008,2151500,682775,3104167,EXPLORATORY_COMPONENT_PROXY__NOT_DECISION_ELIGIBLE,AUTHORITATIVE_W_BIT_LOAD_ADD_MUL_OUTPUT_DATAPATH_NOT_REBUILT_AT_W16_W32; EXACT_OPERATION_COUNTS_AND_IDENTICAL_MAGNITUDES_RETAINED; PROPAGATION_COMBINER_AND_POLICY_MATCHED_CONTENT_CACHE_LOGIC_NOT_IN_NAND_TOTAL,2256,0,IMPLEMENTED_TRACE_PASS
PAH-BUILD005-DEMAND-VALUATION-0001,8,PHASE_SHIFT,locality-to-stream,8A1E0577D8A537217FF3F1B818165C9DAD1BD8E4CA651BF50C88D5AED4A43F6C,COLD_MAG,MAGNITUDE_FINAL,true,false,true,BIN_CONTENT_ANSWER_LRU_K,4,0,193,2,2,75,12,65,65,128,313,63,0,0,65,65,0,61,0,0,0,0,65,0,0,0,0,0,128,0,0,0,0,0,0,0,0,0,0,1,65,0,128,675,65,933,88704,1008,487500,345084,922296,EXPLORATORY_COMPONENT_PROXY__NOT_DECISION_ELIGIBLE,AUTHORITATIVE_W_BIT_LOAD_ADD_MUL_OUTPUT_DATAPATH_NOT_REBUILT_AT_W16_W32; EXACT_OPERATION_COUNTS_AND_IDENTICAL_MAGNITUDES_RETAINED; PROPAGATION_COMBINER_AND_POLICY_MATCHED_CONTENT_CACHE_LOGIC_NOT_IN_NAND_TOTAL,1736,0,IMPLEMENTED_TRACE_PASS
PAH-BUILD005-DEMAND-VALUATION-0001,8,PHASE_SHIFT,locality-to-stream,8A1E0577D8A537217FF3F1B818165C9DAD1BD8E4CA651BF50C88D5AED4A43F6C,COLD_MAG,MAGNITUDE_FINAL,true,false,true,BIN_FRONTIER_NOPROP_K,4,0,193,2,2,75,12,65,65,128,313,63,0,0,65,65,0,61,64,0,30,0,65,0,0,0,0,0,128,0,0,0,0,0,0,0,0,0,0,1,65,0,128,675,130,998,88704,1008,487500,461304,1038516,EXPLORATORY_COMPONENT_PROXY__NOT_DECISION_ELIGIBLE,AUTHORITATIVE_W_BIT_LOAD_ADD_MUL_OUTPUT_DATAPATH_NOT_REBUILT_AT_W16_W32; EXACT_OPERATION_COUNTS_AND_IDENTICAL_MAGNITUDES_RETAINED; PROPAGATION_COMBINER_AND_POLICY_MATCHED_CONTENT_CACHE_LOGIC_NOT_IN_NAND_TOTAL,1736,0,IMPLEMENTED_TRACE_PASS
PAH-BUILD005-DEMAND-VALUATION-0001,8,PHASE_SHIFT,locality-to-stream,8A1E0577D8A537217FF3F1B818165C9DAD1BD8E4CA651BF50C88D5AED4A43F6C,COLD_MAG,MAGNITUDE_FINAL,true,false,true,BIN_PRIME_FRONTIER_PROP_K,4,0,193,2,2,75,12,65,65,128,313,63,0,0,65,65,0,61,64,0,30,0,65,0,0,0,0,0,128,0,0,0,0,0,0,0,0,0,0,1,65,0,128,675,130,998,88704,1008,487500,461304,1038516,EXPLORATORY_COMPONENT_PROXY__NOT_DECISION_ELIGIBLE,AUTHORITATIVE_W_BIT_LOAD_ADD_MUL_OUTPUT_DATAPATH_NOT_REBUILT_AT_W16_W32; EXACT_OPERATION_COUNTS_AND_IDENTICAL_MAGNITUDES_RETAINED; PROPAGATION_COMBINER_AND_POLICY_MATCHED_CONTENT_CACHE_LOGIC_NOT_IN_NAND_TOTAL,1736,0,IMPLEMENTED_TRACE_PASS
PAH-BUILD005-DEMAND-VALUATION-0001,8,PHASE_SHIFT,locality-to-stream,8A1E0577D8A537217FF3F1B818165C9DAD1BD8E4CA651BF50C88D5AED4A43F6C,COLD_MAG,MAGNITUDE_FINAL,true,false,true,BIN_PRIME_FRONTIER_SPEC_B1_K,4,1,258,2,2,130,32,100,124,193,570,73,0,0,120,120,4,116,119,0,147,0,100,24,0,0,0,0,128,65,65,10,55,10,1,0,0,0,0,1,65,0,193,1170,189,1617,133749,1008,845000,683016,1662773,EXPLORATORY_COMPONENT_PROXY__NOT_DECISION_ELIGIBLE,AUTHORITATIVE_W_BIT_LOAD_ADD_MUL_OUTPUT_DATAPATH_NOT_REBUILT_AT_W16_W32; EXACT_OPERATION_COUNTS_AND_IDENTICAL_MAGNITUDES_RETAINED; PROPAGATION_COMBINER_AND_POLICY_MATCHED_CONTENT_CACHE_LOGIC_NOT_IN_NAND_TOTAL,1866,0,IMPLEMENTED_TRACE_PASS
PAH-BUILD005-DEMAND-VALUATION-0001,8,PHASE_SHIFT,locality-to-stream,8A1E0577D8A537217FF3F1B818165C9DAD1BD8E4CA651BF50C88D5AED4A43F6C,COLD_MAG,MAGNITUDE_FINAL,true,false,true,BIN_PRIME_FRONTIER_SPEC_B4_K,4,4,453,2,2,310,65,247,305,388,1542,88,0,0,300,300,5,296,256,0,46,0,247,58,0,0,0,0,128,260,260,25,235,25,1,0,0,0,0,1,65,0,388,2790,370,3613,268884,1008,2015000,1355304,3640196,EXPLORATORY_COMPONENT_PROXY__NOT_DECISION_ELIGIBLE,AUTHORITATIVE_W_BIT_LOAD_ADD_MUL_OUTPUT_DATAPATH_NOT_REBUILT_AT_W16_W32; EXACT_OPERATION_COUNTS_AND_IDENTICAL_MAGNITUDES_RETAINED; PROPAGATION_COMBINER_AND_POLICY_MATCHED_CONTENT_CACHE_LOGIC_NOT_IN_NAND_TOTAL,2256,0,IMPLEMENTED_TRACE_PASS
PAH-BUILD005-DEMAND-VALUATION-0001,8,COMPOSITE_CONTROL,size-matched-divisors-and-2x3-counterexample,D519727FD8E3661F14A3697892527EBEF2832CACC43D91ED5CB3DB5A0C08C4F3,COLD_MAG,MAGNITUDE_FINAL,false,false,false,BIN_DIRECT_BEST,0,0,13,0,0,13,2,11,11,0,0,0,0,0,0,0,0,0,0,0,0,0,11,0,0,0,0,0,11,0,0,0,0,0,0,0,0,0,13,1,2,0,11,117,0,130,7623,0,84500,0,92123,EXPLORATORY_COMPONENT_PROXY__NOT_DECISION_ELIGIBLE,AUTHORITATIVE_W_BIT_LOAD_ADD_MUL_OUTPUT_DATAPATH_NOT_REBUILT_AT_W16_W32; EXACT_OPERATION_COUNTS_AND_IDENTICAL_MAGNITUDES_RETAINED; PROPAGATION_COMBINER_AND_POLICY_MATCHED_CONTENT_CACHE_LOGIC_NOT_IN_NAND_TOTAL,125,0,IMPLEMENTED_TRACE_PASS
PAH-BUILD005-DEMAND-VALUATION-0001,8,COMPOSITE_CONTROL,size-matched-divisors-and-2x3-counterexample,D519727FD8E3661F14A3697892527EBEF2832CACC43D91ED5CB3DB5A0C08C4F3,COLD_MAG,MAGNITUDE_FINAL,false,false,false,BIN_CONTENT_ANSWER_LRU_K,1,0,13,0,0,13,2,11,11,11,10,0,0,0,11,11,0,10,0,0,0,0,11,0,0,0,0,0,11,0,0,0,0,0,0,0,0,0,13,1,2,0,11,117,11,141,7623,0,84500,9636,101759,EXPLORATORY_COMPONENT_PROXY__NOT_DECISION_ELIGIBLE,AUTHORITATIVE_W_BIT_LOAD_ADD_MUL_OUTPUT_DATAPATH_NOT_REBUILT_AT_W16_W32; EXACT_OPERATION_COUNTS_AND_IDENTICAL_MAGNITUDES_RETAINED; PROPAGATION_COMBINER_AND_POLICY_MATCHED_CONTENT_CACHE_LOGIC_NOT_IN_NAND_TOTAL,125,0,IMPLEMENTED_TRACE_PASS
PAH-BUILD005-DEMAND-VALUATION-0001,8,COMPOSITE_CONTROL,size-matched-divisors-and-2x3-counterexample,D519727FD8E3661F14A3697892527EBEF2832CACC43D91ED5CB3DB5A0C08C4F3,COLD_MAG,MAGNITUDE_FINAL,false,false,false,BIN_FRONTIER_NOPROP_K,1,0,13,0,0,13,2,11,11,11,10,0,0,0,11,11,0,10,1,0,0,0,11,0,0,0,0,0,11,0,0,0,0,0,0,0,0,0,13,1,2,0,11,117,13,143,7623,0,84500,10512,102635,EXPLORATORY_COMPONENT_PROXY__NOT_DECISION_ELIGIBLE,AUTHORITATIVE_W_BIT_LOAD_ADD_MUL_OUTPUT_DATAPATH_NOT_REBUILT_AT_W16_W32; EXACT_OPERATION_COUNTS_AND_IDENTICAL_MAGNITUDES_RETAINED; PROPAGATION_COMBINER_AND_POLICY_MATCHED_CONTENT_CACHE_LOGIC_NOT_IN_NAND_TOTAL,125,0,IMPLEMENTED_TRACE_PASS
PAH-BUILD005-DEMAND-VALUATION-0001,8,COMPOSITE_CONTROL,size-matched-divisors-and-2x3-counterexample,D519727FD8E3661F14A3697892527EBEF2832CACC43D91ED5CB3DB5A0C08C4F3,COLD_MAG,MAGNITUDE_FINAL,false,false,false,BIN_PRIME_FRONTIER_PROP_K,1,0,13,0,0,13,2,11,11,11,10,0,0,0,11,11,0,10,1,0,0,0,11,0,0,0,0,0,11,0,0,0,0,0,0,0,0,0,13,1,2,0,11,117,13,143,7623,0,84500,10512,102635,EXPLORATORY_COMPONENT_PROXY__NOT_DECISION_ELIGIBLE,AUTHORITATIVE_W_BIT_LOAD_ADD_MUL_OUTPUT_DATAPATH_NOT_REBUILT_AT_W16_W32; EXACT_OPERATION_COUNTS_AND_IDENTICAL_MAGNITUDES_RETAINED; PROPAGATION_COMBINER_AND_POLICY_MATCHED_CONTENT_CACHE_LOGIC_NOT_IN_NAND_TOTAL,125,0,IMPLEMENTED_TRACE_PASS
PAH-BUILD005-DEMAND-VALUATION-0001,8,COMPOSITE_CONTROL,size-matched-divisors-and-2x3-counterexample,D519727FD8E3661F14A3697892527EBEF2832CACC43D91ED5CB3DB5A0C08C4F3,COLD_MAG,MAGNITUDE_FINAL,false,false,false,BIN_PRIME_FRONTIER_SPEC_B1_K,1,1,13,0,0,13,2,11,11,11,10,0,0,0,11,11,0,10,1,0,0,0,11,0,0,0,0,0,11,0,0,0,0,0,0,0,0,0,13,1,2,0,11,117,13,143,7623,0,84500,10512,102635,EXPLORATORY_COMPONENT_PROXY__NOT_DECISION_ELIGIBLE,AUTHORITATIVE_W_BIT_LOAD_ADD_MUL_OUTPUT_DATAPATH_NOT_REBUILT_AT_W16_W32; EXACT_OPERATION_COUNTS_AND_IDENTICAL_MAGNITUDES_RETAINED; PROPAGATION_COMBINER_AND_POLICY_MATCHED_CONTENT_CACHE_LOGIC_NOT_IN_NAND_TOTAL,125,0,IMPLEMENTED_TRACE_PASS
PAH-BUILD005-DEMAND-VALUATION-0001,8,COMPOSITE_CONTROL,size-matched-divisors-and-2x3-counterexample,D519727FD8E3661F14A3697892527EBEF2832CACC43D91ED5CB3DB5A0C08C4F3,COLD_MAG,MAGNITUDE_FINAL,false,false,false,BIN_PRIME_FRONTIER_SPEC_B4_K,1,4,13,0,0,13,2,11,11,11,10,0,0,0,11,11,0,10,1,0,0,0,11,0,0,0,0,0,11,0,0,0,0,0,0,0,0,0,13,1,2,0,11,117,13,143,7623,0,84500,10512,102635,EXPLORATORY_COMPONENT_PROXY__NOT_DECISION_ELIGIBLE,AUTHORITATIVE_W_BIT_LOAD_ADD_MUL_OUTPUT_DATAPATH_NOT_REBUILT_AT_W16_W32; EXACT_OPERATION_COUNTS_AND_IDENTICAL_MAGNITUDES_RETAINED; PROPAGATION_COMBINER_AND_POLICY_MATCHED_CONTENT_CACHE_LOGIC_NOT_IN_NAND_TOTAL,125,0,IMPLEMENTED_TRACE_PASS
PAH-BUILD005-DEMAND-VALUATION-0001,8,COMPOSITE_CONTROL,size-matched-divisors-and-2x3-counterexample,D519727FD8E3661F14A3697892527EBEF2832CACC43D91ED5CB3DB5A0C08C4F3,COLD_MAG,MAGNITUDE_FINAL,false,false,false,BIN_CONTENT_ANSWER_LRU_K,2,0,13,0,0,13,2,11,11,11,19,0,0,0,11,11,0,9,0,0,0,0,11,0,0,0,0,0,11,0,0,0,0,0,0,0,0,0,13,1,2,0,11,117,11,141,7623,0,84500,19382,111505,EXPLORATORY_COMPONENT_PROXY__NOT_DECISION_ELIGIBLE,AUTHORITATIVE_W_BIT_LOAD_ADD_MUL_OUTPUT_DATAPATH_NOT_REBUILT_AT_W16_W32; EXACT_OPERATION_COUNTS_AND_IDENTICAL_MAGNITUDES_RETAINED; PROPAGATION_COMBINER_AND_POLICY_MATCHED_CONTENT_CACHE_LOGIC_NOT_IN_NAND_TOTAL,125,0,IMPLEMENTED_TRACE_PASS
PAH-BUILD005-DEMAND-VALUATION-0001,8,COMPOSITE_CONTROL,size-matched-divisors-and-2x3-counterexample,D519727FD8E3661F14A3697892527EBEF2832CACC43D91ED5CB3DB5A0C08C4F3,COLD_MAG,MAGNITUDE_FINAL,false,false,false,BIN_FRONTIER_NOPROP_K,2,0,13,0,0,13,2,11,11,11,19,0,0,0,11,11,0,9,2,0,0,0,11,0,0,0,0,0,11,0,0,0,0,0,0,0,0,0,13,1,2,0,11,117,13,143,7623,0,84500,21144,113267,EXPLORATORY_COMPONENT_PROXY__NOT_DECISION_ELIGIBLE,AUTHORITATIVE_W_BIT_LOAD_ADD_MUL_OUTPUT_DATAPATH_NOT_REBUILT_AT_W16_W32; EXACT_OPERATION_COUNTS_AND_IDENTICAL_MAGNITUDES_RETAINED; PROPAGATION_COMBINER_AND_POLICY_MATCHED_CONTENT_CACHE_LOGIC_NOT_IN_NAND_TOTAL,125,0,IMPLEMENTED_TRACE_PASS
PAH-BUILD005-DEMAND-VALUATION-0001,8,COMPOSITE_CONTROL,size-matched-divisors-and-2x3-counterexample,D519727FD8E3661F14A3697892527EBEF2832CACC43D91ED5CB3DB5A0C08C4F3,COLD_MAG,MAGNITUDE_FINAL,false,false,false,BIN_PRIME_FRONTIER_PROP_K,2,0,13,0,0,13,2,11,11,11,19,0,0,0,11,11,0,9,2,0,0,0,11,0,0,0,0,0,11,0,0,0,0,0,0,0,0,0,13,1,2,0,11,117,13,143,7623,0,84500,21144,113267,EXPLORATORY_COMPONENT_PROXY__NOT_DECISION_ELIGIBLE,AUTHORITATIVE_W_BIT_LOAD_ADD_MUL_OUTPUT_DATAPATH_NOT_REBUILT_AT_W16_W32; EXACT_OPERATION_COUNTS_AND_IDENTICAL_MAGNITUDES_RETAINED; PROPAGATION_COMBINER_AND_POLICY_MATCHED_CONTENT_CACHE_LOGIC_NOT_IN_NAND_TOTAL,125,0,IMPLEMENTED_TRACE_PASS
PAH-BUILD005-DEMAND-VALUATION-0001,8,COMPOSITE_CONTROL,size-matched-divisors-and-2x3-counterexample,D519727FD8E3661F14A3697892527EBEF2832CACC43D91ED5CB3DB5A0C08C4F3,COLD_MAG,MAGNITUDE_FINAL,false,false,false,BIN_PRIME_FRONTIER_SPEC_B1_K,2,1,13,0,0,13,2,11,11,11,19,0,0,0,11,11,0,9,2,0,0,0,11,0,0,0,0,0,11,0,0,0,0,0,0,0,0,0,13,1,2,0,11,117,13,143,7623,0,84500,21144,113267,EXPLORATORY_COMPONENT_PROXY__NOT_DECISION_ELIGIBLE,AUTHORITATIVE_W_BIT_LOAD_ADD_MUL_OUTPUT_DATAPATH_NOT_REBUILT_AT_W16_W32; EXACT_OPERATION_COUNTS_AND_IDENTICAL_MAGNITUDES_RETAINED; PROPAGATION_COMBINER_AND_POLICY_MATCHED_CONTENT_CACHE_LOGIC_NOT_IN_NAND_TOTAL,125,0,IMPLEMENTED_TRACE_PASS
PAH-BUILD005-DEMAND-VALUATION-0001,8,COMPOSITE_CONTROL,size-matched-divisors-and-2x3-counterexample,D519727FD8E3661F14A3697892527EBEF2832CACC43D91ED5CB3DB5A0C08C4F3,COLD_MAG,MAGNITUDE_FINAL,false,false,false,BIN_PRIME_FRONTIER_SPEC_B4_K,2,4,13,0,0,13,2,11,11,11,19,0,0,0,11,11,0,9,2,0,0,0,11,0,0,0,0,0,11,0,0,0,0,0,0,0,0,0,13,1,2,0,11,117,13,143,7623,0,84500,21144,113267,EXPLORATORY_COMPONENT_PROXY__NOT_DECISION_ELIGIBLE,AUTHORITATIVE_W_BIT_LOAD_ADD_MUL_OUTPUT_DATAPATH_NOT_REBUILT_AT_W16_W32; EXACT_OPERATION_COUNTS_AND_IDENTICAL_MAGNITUDES_RETAINED; PROPAGATION_COMBINER_AND_POLICY_MATCHED_CONTENT_CACHE_LOGIC_NOT_IN_NAND_TOTAL,125,0,IMPLEMENTED_TRACE_PASS
PAH-BUILD005-DEMAND-VALUATION-0001,8,COMPOSITE_CONTROL,size-matched-divisors-and-2x3-counterexample,D519727FD8E3661F14A3697892527EBEF2832CACC43D91ED5CB3DB5A0C08C4F3,COLD_MAG,MAGNITUDE_FINAL,false,false,false,BIN_CONTENT_ANSWER_LRU_K,4,0,13,0,0,13,2,11,11,11,34,0,0,0,11,11,0,7,0,0,0,0,11,0,0,0,0,0,11,0,0,0,0,0,0,0,0,0,13,1,2,0,11,117,11,141,7623,0,84500,39336,131459,EXPLORATORY_COMPONENT_PROXY__NOT_DECISION_ELIGIBLE,AUTHORITATIVE_W_BIT_LOAD_ADD_MUL_OUTPUT_DATAPATH_NOT_REBUILT_AT_W16_W32; EXACT_OPERATION_COUNTS_AND_IDENTICAL_MAGNITUDES_RETAINED; PROPAGATION_COMBINER_AND_POLICY_MATCHED_CONTENT_CACHE_LOGIC_NOT_IN_NAND_TOTAL,125,0,IMPLEMENTED_TRACE_PASS
PAH-BUILD005-DEMAND-VALUATION-0001,8,COMPOSITE_CONTROL,size-matched-divisors-and-2x3-counterexample,D519727FD8E3661F14A3697892527EBEF2832CACC43D91ED5CB3DB5A0C08C4F3,COLD_MAG,MAGNITUDE_FINAL,false,false,false,BIN_FRONTIER_NOPROP_K,4,0,13,0,0,13,2,11,11,11,34,0,0,0,11,11,0,7,4,0,0,0,11,0,0,0,0,0,11,0,0,0,0,0,0,0,0,0,13,1,2,0,11,117,13,143,7623,0,84500,42912,135035,EXPLORATORY_COMPONENT_PROXY__NOT_DECISION_ELIGIBLE,AUTHORITATIVE_W_BIT_LOAD_ADD_MUL_OUTPUT_DATAPATH_NOT_REBUILT_AT_W16_W32; EXACT_OPERATION_COUNTS_AND_IDENTICAL_MAGNITUDES_RETAINED; PROPAGATION_COMBINER_AND_POLICY_MATCHED_CONTENT_CACHE_LOGIC_NOT_IN_NAND_TOTAL,125,0,IMPLEMENTED_TRACE_PASS
PAH-BUILD005-DEMAND-VALUATION-0001,8,COMPOSITE_CONTROL,size-matched-divisors-and-2x3-counterexample,D519727FD8E3661F14A3697892527EBEF2832CACC43D91ED5CB3DB5A0C08C4F3,COLD_MAG,MAGNITUDE_FINAL,false,false,false,BIN_PRIME_FRONTIER_PROP_K,4,0,13,0,0,13,2,11,11,11,34,0,0,0,11,11,0,7,4,0,0,0,11,0,0,0,0,0,11,0,0,0,0,0,0,0,0,0,13,1,2,0,11,117,13,143,7623,0,84500,42912,135035,EXPLORATORY_COMPONENT_PROXY__NOT_DECISION_ELIGIBLE,AUTHORITATIVE_W_BIT_LOAD_ADD_MUL_OUTPUT_DATAPATH_NOT_REBUILT_AT_W16_W32; EXACT_OPERATION_COUNTS_AND_IDENTICAL_MAGNITUDES_RETAINED; PROPAGATION_COMBINER_AND_POLICY_MATCHED_CONTENT_CACHE_LOGIC_NOT_IN_NAND_TOTAL,125,0,IMPLEMENTED_TRACE_PASS
PAH-BUILD005-DEMAND-VALUATION-0001,8,COMPOSITE_CONTROL,size-matched-divisors-and-2x3-counterexample,D519727FD8E3661F14A3697892527EBEF2832CACC43D91ED5CB3DB5A0C08C4F3,COLD_MAG,MAGNITUDE_FINAL,false,false,false,BIN_PRIME_FRONTIER_SPEC_B1_K,4,1,13,0,0,13,2,11,11,11,34,0,0,0,11,11,0,7,4,0,0,0,11,0,0,0,0,0,11,0,0,0,0,0,0,0,0,0,13,1,2,0,11,117,13,143,7623,0,84500,42912,135035,EXPLORATORY_COMPONENT_PROXY__NOT_DECISION_ELIGIBLE,AUTHORITATIVE_W_BIT_LOAD_ADD_MUL_OUTPUT_DATAPATH_NOT_REBUILT_AT_W16_W32; EXACT_OPERATION_COUNTS_AND_IDENTICAL_MAGNITUDES_RETAINED; PROPAGATION_COMBINER_AND_POLICY_MATCHED_CONTENT_CACHE_LOGIC_NOT_IN_NAND_TOTAL,125,0,IMPLEMENTED_TRACE_PASS
PAH-BUILD005-DEMAND-VALUATION-0001,8,COMPOSITE_CONTROL,size-matched-divisors-and-2x3-counterexample,D519727FD8E3661F14A3697892527EBEF2832CACC43D91ED5CB3DB5A0C08C4F3,COLD_MAG,MAGNITUDE_FINAL,false,false,false,BIN_PRIME_FRONTIER_SPEC_B4_K,4,4,13,0,0,13,2,11,11,11,34,0,0,0,11,11,0,7,4,0,0,0,11,0,0,0,0,0,11,0,0,0,0,0,0,0,0,0,13,1,2,0,11,117,13,143,7623,0,84500,42912,135035,EXPLORATORY_COMPONENT_PROXY__NOT_DECISION_ELIGIBLE,AUTHORITATIVE_W_BIT_LOAD_ADD_MUL_OUTPUT_DATAPATH_NOT_REBUILT_AT_W16_W32; EXACT_OPERATION_COUNTS_AND_IDENTICAL_MAGNITUDES_RETAINED; PROPAGATION_COMBINER_AND_POLICY_MATCHED_CONTENT_CACHE_LOGIC_NOT_IN_NAND_TOTAL,125,0,IMPLEMENTED_TRACE_PASS
PAH-BUILD005-DEMAND-VALUATION-0001,8,RADIX_V2,ctz-isolated,1241BFA209646BA782251BE66C3B9CF9E507104DBD87D2C473B1F3D03EFA669B,COLD_MAG,MAGNITUDE_FINAL,false,false,false,BIN_DIRECT_BEST,0,0,128,62,119,0,57,62,62,0,0,0,0,0,0,0,0,0,0,0,0,0,64,0,0,0,0,0,64,0,0,0,0,0,0,0,0,0,0,1,64,0,64,0,0,128,44352,31248,0,0,75600,EXPLORATORY_COMPONENT_PROXY__NOT_DECISION_ELIGIBLE,AUTHORITATIVE_W_BIT_LOAD_ADD_MUL_OUTPUT_DATAPATH_NOT_REBUILT_AT_W16_W32; EXACT_OPERATION_COUNTS_AND_IDENTICAL_MAGNITUDES_RETAINED; PROPAGATION_COMBINER_AND_POLICY_MATCHED_CONTENT_CACHE_LOGIC_NOT_IN_NAND_TOTAL,1089,0,IMPLEMENTED_TRACE_PASS
PAH-BUILD005-DEMAND-VALUATION-0001,8,RADIX_V2,ctz-isolated,1241BFA209646BA782251BE66C3B9CF9E507104DBD87D2C473B1F3D03EFA669B,COLD_MAG,MAGNITUDE_FINAL,false,false,false,BIN_CONTENT_ANSWER_LRU_K,1,0,128,62,119,0,57,62,62,64,63,0,0,0,64,64,0,63,0,0,0,0,64,0,0,0,0,0,64,0,0,0,0,0,0,0,0,0,0,1,64,0,64,0,64,192,44352,31248,0,56064,131664,EXPLORATORY_COMPONENT_PROXY__NOT_DECISION_ELIGIBLE,AUTHORITATIVE_W_BIT_LOAD_ADD_MUL_OUTPUT_DATAPATH_NOT_REBUILT_AT_W16_W32; EXACT_OPERATION_COUNTS_AND_IDENTICAL_MAGNITUDES_RETAINED; PROPAGATION_COMBINER_AND_POLICY_MATCHED_CONTENT_CACHE_LOGIC_NOT_IN_NAND_TOTAL,1089,0,IMPLEMENTED_TRACE_PASS
PAH-BUILD005-DEMAND-VALUATION-0001,8,RADIX_V2,ctz-isolated,1241BFA209646BA782251BE66C3B9CF9E507104DBD87D2C473B1F3D03EFA669B,COLD_MAG,MAGNITUDE_FINAL,false,false,false,BIN_FRONTIER_NOPROP_K,1,0,128,62,119,0,57,62,62,64,63,0,0,0,64,64,0,63,63,0,63,0,64,0,0,0,0,0,64,0,0,0,0,0,0,0,0,0,0,1,64,0,64,0,128,256,44352,31248,0,84096,159696,EXPLORATORY_COMPONENT_PROXY__NOT_DECISION_ELIGIBLE,AUTHORITATIVE_W_BIT_LOAD_ADD_MUL_OUTPUT_DATAPATH_NOT_REBUILT_AT_W16_W32; EXACT_OPERATION_COUNTS_AND_IDENTICAL_MAGNITUDES_RETAINED; PROPAGATION_COMBINER_AND_POLICY_MATCHED_CONTENT_CACHE_LOGIC_NOT_IN_NAND_TOTAL,1089,0,IMPLEMENTED_TRACE_PASS
PAH-BUILD005-DEMAND-VALUATION-0001,8,RADIX_V2,ctz-isolated,1241BFA209646BA782251BE66C3B9CF9E507104DBD87D2C473B1F3D03EFA669B,COLD_MAG,MAGNITUDE_FINAL,false,false,false,BIN_PRIME_FRONTIER_PROP_K,1,0,128,62,119,0,57,62,62,64,63,0,0,0,64,64,0,63,63,0,63,0,64,0,0,0,0,0,64,0,0,0,0,0,0,0,0,0,0,1,64,0,64,0,128,256,44352,31248,0,84096,159696,EXPLORATORY_COMPONENT_PROXY__NOT_DECISION_ELIGIBLE,AUTHORITATIVE_W_BIT_LOAD_ADD_MUL_OUTPUT_DATAPATH_NOT_REBUILT_AT_W16_W32; EXACT_OPERATION_COUNTS_AND_IDENTICAL_MAGNITUDES_RETAINED; PROPAGATION_COMBINER_AND_POLICY_MATCHED_CONTENT_CACHE_LOGIC_NOT_IN_NAND_TOTAL,1089,0,IMPLEMENTED_TRACE_PASS
PAH-BUILD005-DEMAND-VALUATION-0001,8,RADIX_V2,ctz-isolated,1241BFA209646BA782251BE66C3B9CF9E507104DBD87D2C473B1F3D03EFA669B,COLD_MAG,MAGNITUDE_FINAL,false,false,false,BIN_PRIME_FRONTIER_SPEC_B1_K,1,1,210,62,119,62,78,103,124,146,145,0,0,0,146,146,0,145,63,0,0,0,125,21,0,0,0,0,64,82,62,0,82,0,0,0,0,0,0,1,64,0,146,558,210,978,101178,31248,403000,155928,691354,EXPLORATORY_COMPONENT_PROXY__NOT_DECISION_ELIGIBLE,AUTHORITATIVE_W_BIT_LOAD_ADD_MUL_OUTPUT_DATAPATH_NOT_REBUILT_AT_W16_W32; EXACT_OPERATION_COUNTS_AND_IDENTICAL_MAGNITUDES_RETAINED; PROPAGATION_COMBINER_AND_POLICY_MATCHED_CONTENT_CACHE_LOGIC_NOT_IN_NAND_TOTAL,1253,0,IMPLEMENTED_TRACE_PASS
PAH-BUILD005-DEMAND-VALUATION-0001,8,RADIX_V2,ctz-isolated,1241BFA209646BA782251BE66C3B9CF9E507104DBD87D2C473B1F3D03EFA669B,COLD_MAG,MAGNITUDE_FINAL,false,false,false,BIN_PRIME_FRONTIER_SPEC_B4_K,1,4,396,62,119,248,104,263,310,332,331,0,0,0,332,332,0,331,63,0,0,0,285,47,0,0,0,0,64,268,248,0,268,0,0,0,0,0,0,1,64,0,332,2232,396,3024,230076,31248,1612000,318864,2192188,EXPLORATORY_COMPONENT_PROXY__NOT_DECISION_ELIGIBLE,AUTHORITATIVE_W_BIT_LOAD_ADD_MUL_OUTPUT_DATAPATH_NOT_REBUILT_AT_W16_W32; EXACT_OPERATION_COUNTS_AND_IDENTICAL_MAGNITUDES_RETAINED; PROPAGATION_COMBINER_AND_POLICY_MATCHED_CONTENT_CACHE_LOGIC_NOT_IN_NAND_TOTAL,1625,0,IMPLEMENTED_TRACE_PASS
PAH-BUILD005-DEMAND-VALUATION-0001,8,RADIX_V2,ctz-isolated,1241BFA209646BA782251BE66C3B9CF9E507104DBD87D2C473B1F3D03EFA669B,COLD_MAG,MAGNITUDE_FINAL,false,false,false,BIN_CONTENT_ANSWER_LRU_K,2,0,128,62,119,0,57,62,62,64,125,0,0,0,64,64,0,62,0,0,0,0,64,0,0,0,0,0,64,0,0,0,0,0,0,0,0,0,0,1,64,0,64,0,64,192,44352,31248,0,112768,188368,EXPLORATORY_COMPONENT_PROXY__NOT_DECISION_ELIGIBLE,AUTHORITATIVE_W_BIT_LOAD_ADD_MUL_OUTPUT_DATAPATH_NOT_REBUILT_AT_W16_W32; EXACT_OPERATION_COUNTS_AND_IDENTICAL_MAGNITUDES_RETAINED; PROPAGATION_COMBINER_AND_POLICY_MATCHED_CONTENT_CACHE_LOGIC_NOT_IN_NAND_TOTAL,1089,0,IMPLEMENTED_TRACE_PASS
PAH-BUILD005-DEMAND-VALUATION-0001,8,RADIX_V2,ctz-isolated,1241BFA209646BA782251BE66C3B9CF9E507104DBD87D2C473B1F3D03EFA669B,COLD_MAG,MAGNITUDE_FINAL,false,false,false,BIN_FRONTIER_NOPROP_K,2,0,128,62,119,0,57,62,62,64,125,0,0,0,64,64,0,62,63,0,125,0,64,0,0,0,0,0,64,0,0,0,0,0,0,0,0,0,0,1,64,0,64,0,128,256,44352,31248,0,169152,244752,EXPLORATORY_COMPONENT_PROXY__NOT_DECISION_ELIGIBLE,AUTHORITATIVE_W_BIT_LOAD_ADD_MUL_OUTPUT_DATAPATH_NOT_REBUILT_AT_W16_W32; EXACT_OPERATION_COUNTS_AND_IDENTICAL_MAGNITUDES_RETAINED; PROPAGATION_COMBINER_AND_POLICY_MATCHED_CONTENT_CACHE_LOGIC_NOT_IN_NAND_TOTAL,1089,0,IMPLEMENTED_TRACE_PASS
PAH-BUILD005-DEMAND-VALUATION-0001,8,RADIX_V2,ctz-isolated,1241BFA209646BA782251BE66C3B9CF9E507104DBD87D2C473B1F3D03EFA669B,COLD_MAG,MAGNITUDE_FINAL,false,false,false,BIN_PRIME_FRONTIER_PROP_K,2,0,128,62,119,0,57,62,62,64,125,0,0,0,64,64,0,62,63,0,125,0,64,0,0,0,0,0,64,0,0,0,0,0,0,0,0,0,0,1,64,0,64,0,128,256,44352,31248,0,169152,244752,EXPLORATORY_COMPONENT_PROXY__NOT_DECISION_ELIGIBLE,AUTHORITATIVE_W_BIT_LOAD_ADD_MUL_OUTPUT_DATAPATH_NOT_REBUILT_AT_W16_W32; EXACT_OPERATION_COUNTS_AND_IDENTICAL_MAGNITUDES_RETAINED; PROPAGATION_COMBINER_AND_POLICY_MATCHED_CONTENT_CACHE_LOGIC_NOT_IN_NAND_TOTAL,1089,0,IMPLEMENTED_TRACE_PASS
PAH-BUILD005-DEMAND-VALUATION-0001,8,RADIX_V2,ctz-isolated,1241BFA209646BA782251BE66C3B9CF9E507104DBD87D2C473B1F3D03EFA669B,COLD_MAG,MAGNITUDE_FINAL,false,false,false,BIN_PRIME_FRONTIER_SPEC_B1_K,2,1,210,62,119,62,78,103,124,146,289,0,0,0,146,146,0,144,126,0,123,0,125,21,0,0,0,0,64,82,62,0,82,0,0,0,0,0,0,1,64,0,146,558,210,978,101178,31248,403000,313636,849062,EXPLORATORY_COMPONENT_PROXY__NOT_DECISION_ELIGIBLE,AUTHORITATIVE_W_BIT_LOAD_ADD_MUL_OUTPUT_DATAPATH_NOT_REBUILT_AT_W16_W32; EXACT_OPERATION_COUNTS_AND_IDENTICAL_MAGNITUDES_RETAINED; PROPAGATION_COMBINER_AND_POLICY_MATCHED_CONTENT_CACHE_LOGIC_NOT_IN_NAND_TOTAL,1253,0,IMPLEMENTED_TRACE_PASS
PAH-BUILD005-DEMAND-VALUATION-0001,8,RADIX_V2,ctz-isolated,1241BFA209646BA782251BE66C3B9CF9E507104DBD87D2C473B1F3D03EFA669B,COLD_MAG,MAGNITUDE_FINAL,false,false,false,BIN_PRIME_FRONTIER_SPEC_B4_K,2,4,396,62,119,248,104,263,310,332,661,0,0,0,332,332,0,330,126,0,0,0,285,47,0,0,0,0,64,268,248,0,268,0,0,0,0,0,0,1,64,0,332,2232,396,3024,230076,31248,1612000,641368,2514692,EXPLORATORY_COMPONENT_PROXY__NOT_DECISION_ELIGIBLE,AUTHORITATIVE_W_BIT_LOAD_ADD_MUL_OUTPUT_DATAPATH_NOT_REBUILT_AT_W16_W32; EXACT_OPERATION_COUNTS_AND_IDENTICAL_MAGNITUDES_RETAINED; PROPAGATION_COMBINER_AND_POLICY_MATCHED_CONTENT_CACHE_LOGIC_NOT_IN_NAND_TOTAL,1625,0,IMPLEMENTED_TRACE_PASS
PAH-BUILD005-DEMAND-VALUATION-0001,8,RADIX_V2,ctz-isolated,1241BFA209646BA782251BE66C3B9CF9E507104DBD87D2C473B1F3D03EFA669B,COLD_MAG,MAGNITUDE_FINAL,false,false,false,BIN_CONTENT_ANSWER_LRU_K,4,0,128,62,119,0,57,62,62,64,246,0,0,0,64,64,0,60,0,0,0,0,64,0,0,0,0,0,64,0,0,0,0,0,0,0,0,0,0,1,64,0,64,0,64,192,44352,31248,0,228864,304464,EXPLORATORY_COMPONENT_PROXY__NOT_DECISION_ELIGIBLE,AUTHORITATIVE_W_BIT_LOAD_ADD_MUL_OUTPUT_DATAPATH_NOT_REBUILT_AT_W16_W32; EXACT_OPERATION_COUNTS_AND_IDENTICAL_MAGNITUDES_RETAINED; PROPAGATION_COMBINER_AND_POLICY_MATCHED_CONTENT_CACHE_LOGIC_NOT_IN_NAND_TOTAL,1089,0,IMPLEMENTED_TRACE_PASS
PAH-BUILD005-DEMAND-VALUATION-0001,8,RADIX_V2,ctz-isolated,1241BFA209646BA782251BE66C3B9CF9E507104DBD87D2C473B1F3D03EFA669B,COLD_MAG,MAGNITUDE_FINAL,false,false,false,BIN_FRONTIER_NOPROP_K,4,0,128,62,119,0,57,62,62,64,246,0,0,0,64,64,0,60,63,0,246,0,64,0,0,0,0,0,64,0,0,0,0,0,0,0,0,0,0,1,64,0,64,0,128,256,44352,31248,0,343296,418896,EXPLORATORY_COMPONENT_PROXY__NOT_DECISION_ELIGIBLE,AUTHORITATIVE_W_BIT_LOAD_ADD_MUL_OUTPUT_DATAPATH_NOT_REBUILT_AT_W16_W32; EXACT_OPERATION_COUNTS_AND_IDENTICAL_MAGNITUDES_RETAINED; PROPAGATION_COMBINER_AND_POLICY_MATCHED_CONTENT_CACHE_LOGIC_NOT_IN_NAND_TOTAL,1089,0,IMPLEMENTED_TRACE_PASS
PAH-BUILD005-DEMAND-VALUATION-0001,8,RADIX_V2,ctz-isolated,1241BFA209646BA782251BE66C3B9CF9E507104DBD87D2C473B1F3D03EFA669B,COLD_MAG,MAGNITUDE_FINAL,false,false,false,BIN_PRIME_FRONTIER_PROP_K,4,0,128,62,119,0,57,62,62,64,246,0,0,0,64,64,0,60,63,0,246,0,64,0,0,0,0,0,64,0,0,0,0,0,0,0,0,0,0,1,64,0,64,0,128,256,44352,31248,0,343296,418896,EXPLORATORY_COMPONENT_PROXY__NOT_DECISION_ELIGIBLE,AUTHORITATIVE_W_BIT_LOAD_ADD_MUL_OUTPUT_DATAPATH_NOT_REBUILT_AT_W16_W32; EXACT_OPERATION_COUNTS_AND_IDENTICAL_MAGNITUDES_RETAINED; PROPAGATION_COMBINER_AND_POLICY_MATCHED_CONTENT_CACHE_LOGIC_NOT_IN_NAND_TOTAL,1089,0,IMPLEMENTED_TRACE_PASS
PAH-BUILD005-DEMAND-VALUATION-0001,8,RADIX_V2,ctz-isolated,1241BFA209646BA782251BE66C3B9CF9E507104DBD87D2C473B1F3D03EFA669B,COLD_MAG,MAGNITUDE_FINAL,false,false,false,BIN_PRIME_FRONTIER_SPEC_B1_K,4,1,210,62,119,62,78,103,124,146,574,0,0,0,146,146,0,142,130,0,244,0,125,21,0,0,0,0,64,82,62,0,82,0,0,0,0,0,0,1,64,0,146,558,210,978,101178,31248,403000,636528,1171954,EXPLORATORY_COMPONENT_PROXY__NOT_DECISION_ELIGIBLE,AUTHORITATIVE_W_BIT_LOAD_ADD_MUL_OUTPUT_DATAPATH_NOT_REBUILT_AT_W16_W32; EXACT_OPERATION_COUNTS_AND_IDENTICAL_MAGNITUDES_RETAINED; PROPAGATION_COMBINER_AND_POLICY_MATCHED_CONTENT_CACHE_LOGIC_NOT_IN_NAND_TOTAL,1253,0,IMPLEMENTED_TRACE_PASS
PAH-BUILD005-DEMAND-VALUATION-0001,8,RADIX_V2,ctz-isolated,1241BFA209646BA782251BE66C3B9CF9E507104DBD87D2C473B1F3D03EFA669B,COLD_MAG,MAGNITUDE_FINAL,false,false,false,BIN_PRIME_FRONTIER_SPEC_B4_K,4,4,396,62,119,248,104,263,310,332,1318,0,0,0,332,332,0,328,252,0,0,0,285,47,0,0,0,0,64,268,248,0,268,0,0,0,0,0,0,1,64,0,332,2232,396,3024,230076,31248,1612000,1301664,3174988,EXPLORATORY_COMPONENT_PROXY__NOT_DECISION_ELIGIBLE,AUTHORITATIVE_W_BIT_LOAD_ADD_MUL_OUTPUT_DATAPATH_NOT_REBUILT_AT_W16_W32; EXACT_OPERATION_COUNTS_AND_IDENTICAL_MAGNITUDES_RETAINED; PROPAGATION_COMBINER_AND_POLICY_MATCHED_CONTENT_CACHE_LOGIC_NOT_IN_NAND_TOTAL,1625,0,IMPLEMENTED_TRACE_PASS
PAH-BUILD005-DEMAND-VALUATION-0001,8,HOSTILE_SLOT_THRASH,four-slots,194DD3C481E2060BF4DAEB278B5C22C2B45EAB31BBC5EC69D355DD6141C881FA,COLD_MAG,MAGNITUDE_FINAL,true,false,true,BIN_DIRECT_BEST,0,0,68,0,0,112,48,64,64,0,0,0,0,0,0,0,0,0,0,0,0,0,64,0,0,0,0,0,64,0,0,0,0,0,0,0,0,0,0,4,4,0,64,1008,0,1076,44352,0,728000,0,772352,EXPLORATORY_COMPONENT_PROXY__NOT_DECISION_ELIGIBLE,AUTHORITATIVE_W_BIT_LOAD_ADD_MUL_OUTPUT_DATAPATH_NOT_REBUILT_AT_W16_W32; EXACT_OPERATION_COUNTS_AND_IDENTICAL_MAGNITUDES_RETAINED; PROPAGATION_COMBINER_AND_POLICY_MATCHED_CONTENT_CACHE_LOGIC_NOT_IN_NAND_TOTAL,870,0,IMPLEMENTED_TRACE_PASS
PAH-BUILD005-DEMAND-VALUATION-0001,8,HOSTILE_SLOT_THRASH,four-slots,194DD3C481E2060BF4DAEB278B5C22C2B45EAB31BBC5EC69D355DD6141C881FA,COLD_MAG,MAGNITUDE_FINAL,true,false,true,BIN_CONTENT_ANSWER_LRU_K,1,0,68,0,0,112,48,64,64,64,63,0,0,0,64,64,0,63,0,0,0,0,64,0,0,0,0,0,64,0,0,0,0,0,0,0,0,0,0,4,4,0,64,1008,64,1140,44352,0,728000,56064,828416,EXPLORATORY_COMPONENT_PROXY__NOT_DECISION_ELIGIBLE,AUTHORITATIVE_W_BIT_LOAD_ADD_MUL_OUTPUT_DATAPATH_NOT_REBUILT_AT_W16_W32; EXACT_OPERATION_COUNTS_AND_IDENTICAL_MAGNITUDES_RETAINED; PROPAGATION_COMBINER_AND_POLICY_MATCHED_CONTENT_CACHE_LOGIC_NOT_IN_NAND_TOTAL,870,0,IMPLEMENTED_TRACE_PASS
PAH-BUILD005-DEMAND-VALUATION-0001,8,HOSTILE_SLOT_THRASH,four-slots,194DD3C481E2060BF4DAEB278B5C22C2B45EAB31BBC5EC69D355DD6141C881FA,COLD_MAG,MAGNITUDE_FINAL,true,false,true,BIN_FRONTIER_NOPROP_K,1,0,68,0,0,112,48,64,64,64,63,0,0,0,64,64,0,63,0,0,0,0,64,0,0,0,0,0,64,0,0,0,0,0,0,0,0,0,0,4,4,0,64,1008,68,1144,44352,0,728000,57816,830168,EXPLORATORY_COMPONENT_PROXY__NOT_DECISION_ELIGIBLE,AUTHORITATIVE_W_BIT_LOAD_ADD_MUL_OUTPUT_DATAPATH_NOT_REBUILT_AT_W16_W32; EXACT_OPERATION_COUNTS_AND_IDENTICAL_MAGNITUDES_RETAINED; PROPAGATION_COMBINER_AND_POLICY_MATCHED_CONTENT_CACHE_LOGIC_NOT_IN_NAND_TOTAL,870,0,IMPLEMENTED_TRACE_PASS
PAH-BUILD005-DEMAND-VALUATION-0001,8,HOSTILE_SLOT_THRASH,four-slots,194DD3C481E2060BF4DAEB278B5C22C2B45EAB31BBC5EC69D355DD6141C881FA,COLD_MAG,MAGNITUDE_FINAL,true,false,true,BIN_PRIME_FRONTIER_PROP_K,1,0,68,0,0,112,48,64,64,64,63,0,0,0,64,64,0,63,0,0,0,0,64,0,0,0,0,0,64,0,0,0,0,0,0,0,0,0,0,4,4,0,64,1008,68,1144,44352,0,728000,57816,830168,EXPLORATORY_COMPONENT_PROXY__NOT_DECISION_ELIGIBLE,AUTHORITATIVE_W_BIT_LOAD_ADD_MUL_OUTPUT_DATAPATH_NOT_REBUILT_AT_W16_W32; EXACT_OPERATION_COUNTS_AND_IDENTICAL_MAGNITUDES_RETAINED; PROPAGATION_COMBINER_AND_POLICY_MATCHED_CONTENT_CACHE_LOGIC_NOT_IN_NAND_TOTAL,870,0,IMPLEMENTED_TRACE_PASS
PAH-BUILD005-DEMAND-VALUATION-0001,8,HOSTILE_SLOT_THRASH,four-slots,194DD3C481E2060BF4DAEB278B5C22C2B45EAB31BBC5EC69D355DD6141C881FA,COLD_MAG,MAGNITUDE_FINAL,true,false,true,BIN_PRIME_FRONTIER_SPEC_B1_K,1,1,72,0,0,116,50,66,68,68,67,0,0,0,68,68,0,67,0,0,0,0,66,2,0,0,0,0,64,4,4,4,0,16,4,0,0,0,0,4,4,0,68,1044,72,1188,47124,0,754000,61320,862444,EXPLORATORY_COMPONENT_PROXY__NOT_DECISION_ELIGIBLE,AUTHORITATIVE_W_BIT_LOAD_ADD_MUL_OUTPUT_DATAPATH_NOT_REBUILT_AT_W16_W32; EXACT_OPERATION_COUNTS_AND_IDENTICAL_MAGNITUDES_RETAINED; PROPAGATION_COMBINER_AND_POLICY_MATCHED_CONTENT_CACHE_LOGIC_NOT_IN_NAND_TOTAL,878,0,IMPLEMENTED_TRACE_PASS
PAH-BUILD005-DEMAND-VALUATION-0001,8,HOSTILE_SLOT_THRASH,four-slots,194DD3C481E2060BF4DAEB278B5C22C2B45EAB31BBC5EC69D355DD6141C881FA,COLD_MAG,MAGNITUDE_FINAL,true,false,true,BIN_PRIME_FRONTIER_SPEC_B4_K,1,4,84,0,0,128,51,77,80,80,79,0,0,0,80,80,0,79,0,0,0,0,77,3,0,0,0,0,64,16,16,4,12,16,4,0,0,0,0,4,4,0,80,1152,84,1320,55440,0,832000,71832,959272,EXPLORATORY_COMPONENT_PROXY__NOT_DECISION_ELIGIBLE,AUTHORITATIVE_W_BIT_LOAD_ADD_MUL_OUTPUT_DATAPATH_NOT_REBUILT_AT_W16_W32; EXACT_OPERATION_COUNTS_AND_IDENTICAL_MAGNITUDES_RETAINED; PROPAGATION_COMBINER_AND_POLICY_MATCHED_CONTENT_CACHE_LOGIC_NOT_IN_NAND_TOTAL,902,0,IMPLEMENTED_TRACE_PASS
PAH-BUILD005-DEMAND-VALUATION-0001,8,HOSTILE_SLOT_THRASH,four-slots,194DD3C481E2060BF4DAEB278B5C22C2B45EAB31BBC5EC69D355DD6141C881FA,COLD_MAG,MAGNITUDE_FINAL,true,false,true,BIN_CONTENT_ANSWER_LRU_K,2,0,68,0,0,112,48,64,64,64,125,0,0,0,64,64,0,62,0,0,0,0,64,0,0,0,0,0,64,0,0,0,0,0,0,0,0,0,0,4,4,0,64,1008,64,1140,44352,0,728000,112768,885120,EXPLORATORY_COMPONENT_PROXY__NOT_DECISION_ELIGIBLE,AUTHORITATIVE_W_BIT_LOAD_ADD_MUL_OUTPUT_DATAPATH_NOT_REBUILT_AT_W16_W32; EXACT_OPERATION_COUNTS_AND_IDENTICAL_MAGNITUDES_RETAINED; PROPAGATION_COMBINER_AND_POLICY_MATCHED_CONTENT_CACHE_LOGIC_NOT_IN_NAND_TOTAL,870,0,IMPLEMENTED_TRACE_PASS
PAH-BUILD005-DEMAND-VALUATION-0001,8,HOSTILE_SLOT_THRASH,four-slots,194DD3C481E2060BF4DAEB278B5C22C2B45EAB31BBC5EC69D355DD6141C881FA,COLD_MAG,MAGNITUDE_FINAL,true,false,true,BIN_FRONTIER_NOPROP_K,2,0,68,0,0,112,48,64,64,64,125,0,0,0,64,64,0,62,0,0,0,0,64,0,0,0,0,0,64,0,0,0,0,0,0,0,0,0,0,4,4,0,64,1008,68,1144,44352,0,728000,116292,888644,EXPLORATORY_COMPONENT_PROXY__NOT_DECISION_ELIGIBLE,AUTHORITATIVE_W_BIT_LOAD_ADD_MUL_OUTPUT_DATAPATH_NOT_REBUILT_AT_W16_W32; EXACT_OPERATION_COUNTS_AND_IDENTICAL_MAGNITUDES_RETAINED; PROPAGATION_COMBINER_AND_POLICY_MATCHED_CONTENT_CACHE_LOGIC_NOT_IN_NAND_TOTAL,870,0,IMPLEMENTED_TRACE_PASS
PAH-BUILD005-DEMAND-VALUATION-0001,8,HOSTILE_SLOT_THRASH,four-slots,194DD3C481E2060BF4DAEB278B5C22C2B45EAB31BBC5EC69D355DD6141C881FA,COLD_MAG,MAGNITUDE_FINAL,true,false,true,BIN_PRIME_FRONTIER_PROP_K,2,0,68,0,0,112,48,64,64,64,125,0,0,0,64,64,0,62,0,0,0,0,64,0,0,0,0,0,64,0,0,0,0,0,0,0,0,0,0,4,4,0,64,1008,68,1144,44352,0,728000,116292,888644,EXPLORATORY_COMPONENT_PROXY__NOT_DECISION_ELIGIBLE,AUTHORITATIVE_W_BIT_LOAD_ADD_MUL_OUTPUT_DATAPATH_NOT_REBUILT_AT_W16_W32; EXACT_OPERATION_COUNTS_AND_IDENTICAL_MAGNITUDES_RETAINED; PROPAGATION_COMBINER_AND_POLICY_MATCHED_CONTENT_CACHE_LOGIC_NOT_IN_NAND_TOTAL,870,0,IMPLEMENTED_TRACE_PASS
PAH-BUILD005-DEMAND-VALUATION-0001,8,HOSTILE_SLOT_THRASH,four-slots,194DD3C481E2060BF4DAEB278B5C22C2B45EAB31BBC5EC69D355DD6141C881FA,COLD_MAG,MAGNITUDE_FINAL,true,false,true,BIN_PRIME_FRONTIER_SPEC_B1_K,2,1,72,0,0,116,50,66,68,68,133,0,0,0,68,68,0,66,0,0,0,0,66,2,0,0,0,0,64,4,4,4,0,16,4,0,0,0,0,4,4,0,68,1044,72,1188,47124,0,754000,123340,924464,EXPLORATORY_COMPONENT_PROXY__NOT_DECISION_ELIGIBLE,AUTHORITATIVE_W_BIT_LOAD_ADD_MUL_OUTPUT_DATAPATH_NOT_REBUILT_AT_W16_W32; EXACT_OPERATION_COUNTS_AND_IDENTICAL_MAGNITUDES_RETAINED; PROPAGATION_COMBINER_AND_POLICY_MATCHED_CONTENT_CACHE_LOGIC_NOT_IN_NAND_TOTAL,878,0,IMPLEMENTED_TRACE_PASS
PAH-BUILD005-DEMAND-VALUATION-0001,8,HOSTILE_SLOT_THRASH,four-slots,194DD3C481E2060BF4DAEB278B5C22C2B45EAB31BBC5EC69D355DD6141C881FA,COLD_MAG,MAGNITUDE_FINAL,true,false,true,BIN_PRIME_FRONTIER_SPEC_B4_K,2,4,84,0,0,128,51,77,80,80,157,0,0,0,80,80,0,78,0,0,0,0,77,3,0,0,0,0,64,16,16,4,12,16,4,0,0,0,0,4,4,0,80,1152,84,1320,55440,0,832000,144484,1031924,EXPLORATORY_COMPONENT_PROXY__NOT_DECISION_ELIGIBLE,AUTHORITATIVE_W_BIT_LOAD_ADD_MUL_OUTPUT_DATAPATH_NOT_REBUILT_AT_W16_W32; EXACT_OPERATION_COUNTS_AND_IDENTICAL_MAGNITUDES_RETAINED; PROPAGATION_COMBINER_AND_POLICY_MATCHED_CONTENT_CACHE_LOGIC_NOT_IN_NAND_TOTAL,902,0,IMPLEMENTED_TRACE_PASS
PAH-BUILD005-DEMAND-VALUATION-0001,8,HOSTILE_SLOT_THRASH,four-slots,194DD3C481E2060BF4DAEB278B5C22C2B45EAB31BBC5EC69D355DD6141C881FA,COLD_MAG,MAGNITUDE_FINAL,true,false,true,BIN_CONTENT_ANSWER_LRU_K,4,0,68,0,0,7,3,4,4,64,246,60,0,0,4,4,0,0,0,0,0,0,4,0,0,0,0,0,64,0,0,0,0,0,0,0,0,0,0,4,4,0,64,63,4,135,44352,0,45500,121584,211436,EXPLORATORY_COMPONENT_PROXY__NOT_DECISION_ELIGIBLE,AUTHORITATIVE_W_BIT_LOAD_ADD_MUL_OUTPUT_DATAPATH_NOT_REBUILT_AT_W16_W32; EXACT_OPERATION_COUNTS_AND_IDENTICAL_MAGNITUDES_RETAINED; PROPAGATION_COMBINER_AND_POLICY_MATCHED_CONTENT_CACHE_LOGIC_NOT_IN_NAND_TOTAL,870,0,IMPLEMENTED_TRACE_PASS
PAH-BUILD005-DEMAND-VALUATION-0001,8,HOSTILE_SLOT_THRASH,four-slots,194DD3C481E2060BF4DAEB278B5C22C2B45EAB31BBC5EC69D355DD6141C881FA,COLD_MAG,MAGNITUDE_FINAL,true,false,true,BIN_FRONTIER_NOPROP_K,4,0,68,0,0,7,3,4,4,64,246,60,0,0,4,4,0,0,0,0,0,0,4,0,0,0,0,0,64,0,0,0,0,0,0,0,0,0,0,4,4,0,64,63,8,139,44352,0,45500,128736,218588,EXPLORATORY_COMPONENT_PROXY__NOT_DECISION_ELIGIBLE,AUTHORITATIVE_W_BIT_LOAD_ADD_MUL_OUTPUT_DATAPATH_NOT_REBUILT_AT_W16_W32; EXACT_OPERATION_COUNTS_AND_IDENTICAL_MAGNITUDES_RETAINED; PROPAGATION_COMBINER_AND_POLICY_MATCHED_CONTENT_CACHE_LOGIC_NOT_IN_NAND_TOTAL,870,0,IMPLEMENTED_TRACE_PASS
PAH-BUILD005-DEMAND-VALUATION-0001,8,HOSTILE_SLOT_THRASH,four-slots,194DD3C481E2060BF4DAEB278B5C22C2B45EAB31BBC5EC69D355DD6141C881FA,COLD_MAG,MAGNITUDE_FINAL,true,false,true,BIN_PRIME_FRONTIER_PROP_K,4,0,68,0,0,7,3,4,4,64,246,60,0,0,4,4,0,0,0,0,0,0,4,0,0,0,0,0,64,0,0,0,0,0,0,0,0,0,0,4,4,0,64,63,8,139,44352,0,45500,128736,218588,EXPLORATORY_COMPONENT_PROXY__NOT_DECISION_ELIGIBLE,AUTHORITATIVE_W_BIT_LOAD_ADD_MUL_OUTPUT_DATAPATH_NOT_REBUILT_AT_W16_W32; EXACT_OPERATION_COUNTS_AND_IDENTICAL_MAGNITUDES_RETAINED; PROPAGATION_COMBINER_AND_POLICY_MATCHED_CONTENT_CACHE_LOGIC_NOT_IN_NAND_TOTAL,870,0,IMPLEMENTED_TRACE_PASS
PAH-BUILD005-DEMAND-VALUATION-0001,8,HOSTILE_SLOT_THRASH,four-slots,194DD3C481E2060BF4DAEB278B5C22C2B45EAB31BBC5EC69D355DD6141C881FA,COLD_MAG,MAGNITUDE_FINAL,true,false,true,BIN_PRIME_FRONTIER_SPEC_B1_K,4,1,72,0,0,7,3,4,6,68,262,64,0,0,4,4,2,0,0,0,0,0,4,2,0,0,0,0,64,4,4,4,0,16,4,0,0,0,0,4,4,0,68,63,10,145,47124,0,45500,139464,232088,EXPLORATORY_COMPONENT_PROXY__NOT_DECISION_ELIGIBLE,AUTHORITATIVE_W_BIT_LOAD_ADD_MUL_OUTPUT_DATAPATH_NOT_REBUILT_AT_W16_W32; EXACT_OPERATION_COUNTS_AND_IDENTICAL_MAGNITUDES_RETAINED; PROPAGATION_COMBINER_AND_POLICY_MATCHED_CONTENT_CACHE_LOGIC_NOT_IN_NAND_TOTAL,878,0,IMPLEMENTED_TRACE_PASS
PAH-BUILD005-DEMAND-VALUATION-0001,8,HOSTILE_SLOT_THRASH,four-slots,194DD3C481E2060BF4DAEB278B5C22C2B45EAB31BBC5EC69D355DD6141C881FA,COLD_MAG,MAGNITUDE_FINAL,true,false,true,BIN_PRIME_FRONTIER_SPEC_B4_K,4,4,84,0,0,23,6,17,20,80,310,60,0,0,20,20,0,16,0,0,0,0,17,3,0,0,0,0,64,16,16,4,12,16,4,0,0,0,0,4,4,0,80,207,24,315,55440,0,149500,185952,390892,EXPLORATORY_COMPONENT_PROXY__NOT_DECISION_ELIGIBLE,AUTHORITATIVE_W_BIT_LOAD_ADD_MUL_OUTPUT_DATAPATH_NOT_REBUILT_AT_W16_W32; EXACT_OPERATION_COUNTS_AND_IDENTICAL_MAGNITUDES_RETAINED; PROPAGATION_COMBINER_AND_POLICY_MATCHED_CONTENT_CACHE_LOGIC_NOT_IN_NAND_TOTAL,902,0,IMPLEMENTED_TRACE_PASS
PAH-BUILD005-DEMAND-VALUATION-0001,8,HOSTILE_PRIME_THRASH,five-prime-rotation,206BE53E17EB64CCBD65D3820E715EE9A6B4C318FBB496392D7E88A4CCFD6660,COLD_MAG,MAGNITUDE_FINAL,true,false,true,BIN_DIRECT_BEST,0,0,41,8,16,56,32,40,40,0,0,0,0,0,0,0,0,0,0,0,0,0,40,0,0,0,0,0,40,0,0,0,0,0,0,0,0,0,0,1,1,0,40,504,0,545,27720,4032,364000,0,395752,EXPLORATORY_COMPONENT_PROXY__NOT_DECISION_ELIGIBLE,AUTHORITATIVE_W_BIT_LOAD_ADD_MUL_OUTPUT_DATAPATH_NOT_REBUILT_AT_W16_W32; EXACT_OPERATION_COUNTS_AND_IDENTICAL_MAGNITUDES_RETAINED; PROPAGATION_COMBINER_AND_POLICY_MATCHED_CONTENT_CACHE_LOGIC_NOT_IN_NAND_TOTAL,408,0,IMPLEMENTED_TRACE_PASS
PAH-BUILD005-DEMAND-VALUATION-0001,8,HOSTILE_PRIME_THRASH,five-prime-rotation,206BE53E17EB64CCBD65D3820E715EE9A6B4C318FBB496392D7E88A4CCFD6660,COLD_MAG,MAGNITUDE_FINAL,true,false,true,BIN_CONTENT_ANSWER_LRU_K,1,0,41,8,16,56,32,40,40,40,39,0,0,0,40,40,0,39,0,0,0,0,40,0,0,0,0,0,40,0,0,0,0,0,0,0,0,0,0,1,1,0,40,504,40,585,27720,4032,364000,35040,430792,EXPLORATORY_COMPONENT_PROXY__NOT_DECISION_ELIGIBLE,AUTHORITATIVE_W_BIT_LOAD_ADD_MUL_OUTPUT_DATAPATH_NOT_REBUILT_AT_W16_W32; EXACT_OPERATION_COUNTS_AND_IDENTICAL_MAGNITUDES_RETAINED; PROPAGATION_COMBINER_AND_POLICY_MATCHED_CONTENT_CACHE_LOGIC_NOT_IN_NAND_TOTAL,408,0,IMPLEMENTED_TRACE_PASS
PAH-BUILD005-DEMAND-VALUATION-0001,8,HOSTILE_PRIME_THRASH,five-prime-rotation,206BE53E17EB64CCBD65D3820E715EE9A6B4C318FBB496392D7E88A4CCFD6660,COLD_MAG,MAGNITUDE_FINAL,true,false,true,BIN_FRONTIER_NOPROP_K,1,0,41,8,16,56,32,40,40,40,39,0,0,0,40,40,0,39,0,0,0,0,40,0,0,0,0,0,40,0,0,0,0,0,0,0,0,0,0,1,1,0,40,504,41,586,27720,4032,364000,35478,431230,EXPLORATORY_COMPONENT_PROXY__NOT_DECISION_ELIGIBLE,AUTHORITATIVE_W_BIT_LOAD_ADD_MUL_OUTPUT_DATAPATH_NOT_REBUILT_AT_W16_W32; EXACT_OPERATION_COUNTS_AND_IDENTICAL_MAGNITUDES_RETAINED; PROPAGATION_COMBINER_AND_POLICY_MATCHED_CONTENT_CACHE_LOGIC_NOT_IN_NAND_TOTAL,408,0,IMPLEMENTED_TRACE_PASS
PAH-BUILD005-DEMAND-VALUATION-0001,8,HOSTILE_PRIME_THRASH,five-prime-rotation,206BE53E17EB64CCBD65D3820E715EE9A6B4C318FBB496392D7E88A4CCFD6660,COLD_MAG,MAGNITUDE_FINAL,true,false,true,BIN_PRIME_FRONTIER_PROP_K,1,0,41,8,16,56,32,40,40,40,39,0,0,0,40,40,0,39,0,0,0,0,40,0,0,0,0,0,40,0,0,0,0,0,0,0,0,0,0,1,1,0,40,504,41,586,27720,4032,364000,35478,431230,EXPLORATORY_COMPONENT_PROXY__NOT_DECISION_ELIGIBLE,AUTHORITATIVE_W_BIT_LOAD_ADD_MUL_OUTPUT_DATAPATH_NOT_REBUILT_AT_W16_W32; EXACT_OPERATION_COUNTS_AND_IDENTICAL_MAGNITUDES_RETAINED; PROPAGATION_COMBINER_AND_POLICY_MATCHED_CONTENT_CACHE_LOGIC_NOT_IN_NAND_TOTAL,408,0,IMPLEMENTED_TRACE_PASS
PAH-BUILD005-DEMAND-VALUATION-0001,8,HOSTILE_PRIME_THRASH,five-prime-rotation,206BE53E17EB64CCBD65D3820E715EE9A6B4C318FBB496392D7E88A4CCFD6660,COLD_MAG,MAGNITUDE_FINAL,true,false,true,BIN_PRIME_FRONTIER_SPEC_B1_K,1,1,42,8,16,57,33,40,41,41,40,0,0,0,41,41,0,40,0,0,0,0,40,1,0,0,0,0,40,1,1,1,0,2,2,0,0,0,0,1,1,0,41,513,42,597,28413,4032,370500,36354,439299,EXPLORATORY_COMPONENT_PROXY__NOT_DECISION_ELIGIBLE,AUTHORITATIVE_W_BIT_LOAD_ADD_MUL_OUTPUT_DATAPATH_NOT_REBUILT_AT_W16_W32; EXACT_OPERATION_COUNTS_AND_IDENTICAL_MAGNITUDES_RETAINED; PROPAGATION_COMBINER_AND_POLICY_MATCHED_CONTENT_CACHE_LOGIC_NOT_IN_NAND_TOTAL,410,0,IMPLEMENTED_TRACE_PASS
PAH-BUILD005-DEMAND-VALUATION-0001,8,HOSTILE_PRIME_THRASH,five-prime-rotation,206BE53E17EB64CCBD65D3820E715EE9A6B4C318FBB496392D7E88A4CCFD6660,COLD_MAG,MAGNITUDE_FINAL,true,false,true,BIN_PRIME_FRONTIER_SPEC_B4_K,1,4,45,8,16,60,35,41,44,44,43,0,0,0,44,44,0,43,0,0,0,0,41,3,0,0,0,0,40,4,4,4,0,14,5,0,0,0,0,1,1,0,44,540,45,630,30492,4032,390000,38982,463506,EXPLORATORY_COMPONENT_PROXY__NOT_DECISION_ELIGIBLE,AUTHORITATIVE_W_BIT_LOAD_ADD_MUL_OUTPUT_DATAPATH_NOT_REBUILT_AT_W16_W32; EXACT_OPERATION_COUNTS_AND_IDENTICAL_MAGNITUDES_RETAINED; PROPAGATION_COMBINER_AND_POLICY_MATCHED_CONTENT_CACHE_LOGIC_NOT_IN_NAND_TOTAL,416,0,IMPLEMENTED_TRACE_PASS
PAH-BUILD005-DEMAND-VALUATION-0001,8,HOSTILE_PRIME_THRASH,five-prime-rotation,206BE53E17EB64CCBD65D3820E715EE9A6B4C318FBB496392D7E88A4CCFD6660,COLD_MAG,MAGNITUDE_FINAL,true,false,true,BIN_CONTENT_ANSWER_LRU_K,2,0,41,8,16,56,32,40,40,40,77,0,0,0,40,40,0,38,0,0,0,0,40,0,0,0,0,0,40,0,0,0,0,0,0,0,0,0,0,1,1,0,40,504,40,585,27720,4032,364000,70480,466232,EXPLORATORY_COMPONENT_PROXY__NOT_DECISION_ELIGIBLE,AUTHORITATIVE_W_BIT_LOAD_ADD_MUL_OUTPUT_DATAPATH_NOT_REBUILT_AT_W16_W32; EXACT_OPERATION_COUNTS_AND_IDENTICAL_MAGNITUDES_RETAINED; PROPAGATION_COMBINER_AND_POLICY_MATCHED_CONTENT_CACHE_LOGIC_NOT_IN_NAND_TOTAL,408,0,IMPLEMENTED_TRACE_PASS
PAH-BUILD005-DEMAND-VALUATION-0001,8,HOSTILE_PRIME_THRASH,five-prime-rotation,206BE53E17EB64CCBD65D3820E715EE9A6B4C318FBB496392D7E88A4CCFD6660,COLD_MAG,MAGNITUDE_FINAL,true,false,true,BIN_FRONTIER_NOPROP_K,2,0,41,8,16,56,32,40,40,40,77,0,0,0,40,40,0,38,0,0,0,0,40,0,0,0,0,0,40,0,0,0,0,0,0,0,0,0,0,1,1,0,40,504,41,586,27720,4032,364000,71361,467113,EXPLORATORY_COMPONENT_PROXY__NOT_DECISION_ELIGIBLE,AUTHORITATIVE_W_BIT_LOAD_ADD_MUL_OUTPUT_DATAPATH_NOT_REBUILT_AT_W16_W32; EXACT_OPERATION_COUNTS_AND_IDENTICAL_MAGNITUDES_RETAINED; PROPAGATION_COMBINER_AND_POLICY_MATCHED_CONTENT_CACHE_LOGIC_NOT_IN_NAND_TOTAL,408,0,IMPLEMENTED_TRACE_PASS
PAH-BUILD005-DEMAND-VALUATION-0001,8,HOSTILE_PRIME_THRASH,five-prime-rotation,206BE53E17EB64CCBD65D3820E715EE9A6B4C318FBB496392D7E88A4CCFD6660,COLD_MAG,MAGNITUDE_FINAL,true,false,true,BIN_PRIME_FRONTIER_PROP_K,2,0,41,8,16,56,32,40,40,40,77,0,0,0,40,40,0,38,0,0,0,0,40,0,0,0,0,0,40,0,0,0,0,0,0,0,0,0,0,1,1,0,40,504,41,586,27720,4032,364000,71361,467113,EXPLORATORY_COMPONENT_PROXY__NOT_DECISION_ELIGIBLE,AUTHORITATIVE_W_BIT_LOAD_ADD_MUL_OUTPUT_DATAPATH_NOT_REBUILT_AT_W16_W32; EXACT_OPERATION_COUNTS_AND_IDENTICAL_MAGNITUDES_RETAINED; PROPAGATION_COMBINER_AND_POLICY_MATCHED_CONTENT_CACHE_LOGIC_NOT_IN_NAND_TOTAL,408,0,IMPLEMENTED_TRACE_PASS
PAH-BUILD005-DEMAND-VALUATION-0001,8,HOSTILE_PRIME_THRASH,five-prime-rotation,206BE53E17EB64CCBD65D3820E715EE9A6B4C318FBB496392D7E88A4CCFD6660,COLD_MAG,MAGNITUDE_FINAL,true,false,true,BIN_PRIME_FRONTIER_SPEC_B1_K,2,1,42,8,16,56,32,40,41,41,79,1,0,0,40,40,1,38,0,0,0,0,40,1,0,0,0,0,40,1,1,1,0,2,2,0,0,0,0,1,1,0,41,504,42,588,28413,4032,364000,73123,469568,EXPLORATORY_COMPONENT_PROXY__NOT_DECISION_ELIGIBLE,AUTHORITATIVE_W_BIT_LOAD_ADD_MUL_OUTPUT_DATAPATH_NOT_REBUILT_AT_W16_W32; EXACT_OPERATION_COUNTS_AND_IDENTICAL_MAGNITUDES_RETAINED; PROPAGATION_COMBINER_AND_POLICY_MATCHED_CONTENT_CACHE_LOGIC_NOT_IN_NAND_TOTAL,410,0,IMPLEMENTED_TRACE_PASS
PAH-BUILD005-DEMAND-VALUATION-0001,8,HOSTILE_PRIME_THRASH,five-prime-rotation,206BE53E17EB64CCBD65D3820E715EE9A6B4C318FBB496392D7E88A4CCFD6660,COLD_MAG,MAGNITUDE_FINAL,true,false,true,BIN_PRIME_FRONTIER_SPEC_B4_K,2,4,45,8,16,60,35,41,44,44,85,0,0,0,44,44,0,42,0,0,0,0,41,3,0,0,0,0,40,4,4,4,0,14,5,0,0,0,0,1,1,0,44,540,45,630,30492,4032,390000,78409,502933,EXPLORATORY_COMPONENT_PROXY__NOT_DECISION_ELIGIBLE,AUTHORITATIVE_W_BIT_LOAD_ADD_MUL_OUTPUT_DATAPATH_NOT_REBUILT_AT_W16_W32; EXACT_OPERATION_COUNTS_AND_IDENTICAL_MAGNITUDES_RETAINED; PROPAGATION_COMBINER_AND_POLICY_MATCHED_CONTENT_CACHE_LOGIC_NOT_IN_NAND_TOTAL,416,0,IMPLEMENTED_TRACE_PASS
PAH-BUILD005-DEMAND-VALUATION-0001,8,HOSTILE_PRIME_THRASH,five-prime-rotation,206BE53E17EB64CCBD65D3820E715EE9A6B4C318FBB496392D7E88A4CCFD6660,COLD_MAG,MAGNITUDE_FINAL,true,false,true,BIN_CONTENT_ANSWER_LRU_K,4,0,41,8,16,56,32,40,40,40,150,0,0,0,40,40,0,36,0,0,0,0,40,0,0,0,0,0,40,0,0,0,0,0,0,0,0,0,0,1,1,0,40,504,40,585,27720,4032,364000,143040,538792,EXPLORATORY_COMPONENT_PROXY__NOT_DECISION_ELIGIBLE,AUTHORITATIVE_W_BIT_LOAD_ADD_MUL_OUTPUT_DATAPATH_NOT_REBUILT_AT_W16_W32; EXACT_OPERATION_COUNTS_AND_IDENTICAL_MAGNITUDES_RETAINED; PROPAGATION_COMBINER_AND_POLICY_MATCHED_CONTENT_CACHE_LOGIC_NOT_IN_NAND_TOTAL,408,0,IMPLEMENTED_TRACE_PASS
PAH-BUILD005-DEMAND-VALUATION-0001,8,HOSTILE_PRIME_THRASH,five-prime-rotation,206BE53E17EB64CCBD65D3820E715EE9A6B4C318FBB496392D7E88A4CCFD6660,COLD_MAG,MAGNITUDE_FINAL,true,false,true,BIN_FRONTIER_NOPROP_K,4,0,41,8,16,56,32,40,40,40,150,0,0,0,40,40,0,36,0,0,0,0,40,0,0,0,0,0,40,0,0,0,0,0,0,0,0,0,0,1,1,0,40,504,41,586,27720,4032,364000,144828,540580,EXPLORATORY_COMPONENT_PROXY__NOT_DECISION_ELIGIBLE,AUTHORITATIVE_W_BIT_LOAD_ADD_MUL_OUTPUT_DATAPATH_NOT_REBUILT_AT_W16_W32; EXACT_OPERATION_COUNTS_AND_IDENTICAL_MAGNITUDES_RETAINED; PROPAGATION_COMBINER_AND_POLICY_MATCHED_CONTENT_CACHE_LOGIC_NOT_IN_NAND_TOTAL,408,0,IMPLEMENTED_TRACE_PASS
PAH-BUILD005-DEMAND-VALUATION-0001,8,HOSTILE_PRIME_THRASH,five-prime-rotation,206BE53E17EB64CCBD65D3820E715EE9A6B4C318FBB496392D7E88A4CCFD6660,COLD_MAG,MAGNITUDE_FINAL,true,false,true,BIN_PRIME_FRONTIER_PROP_K,4,0,41,8,16,56,32,40,40,40,150,0,0,0,40,40,0,36,0,0,0,0,40,0,0,0,0,0,40,0,0,0,0,0,0,0,0,0,0,1,1,0,40,504,41,586,27720,4032,364000,144828,540580,EXPLORATORY_COMPONENT_PROXY__NOT_DECISION_ELIGIBLE,AUTHORITATIVE_W_BIT_LOAD_ADD_MUL_OUTPUT_DATAPATH_NOT_REBUILT_AT_W16_W32; EXACT_OPERATION_COUNTS_AND_IDENTICAL_MAGNITUDES_RETAINED; PROPAGATION_COMBINER_AND_POLICY_MATCHED_CONTENT_CACHE_LOGIC_NOT_IN_NAND_TOTAL,408,0,IMPLEMENTED_TRACE_PASS
PAH-BUILD005-DEMAND-VALUATION-0001,8,HOSTILE_PRIME_THRASH,five-prime-rotation,206BE53E17EB64CCBD65D3820E715EE9A6B4C318FBB496392D7E88A4CCFD6660,COLD_MAG,MAGNITUDE_FINAL,true,false,true,BIN_PRIME_FRONTIER_SPEC_B1_K,4,1,42,8,16,56,32,40,41,41,152,1,0,0,40,40,1,36,0,0,0,0,40,1,0,0,0,0,40,1,1,1,0,2,2,0,0,0,0,1,1,0,41,504,42,588,28413,4032,364000,148404,544849,EXPLORATORY_COMPONENT_PROXY__NOT_DECISION_ELIGIBLE,AUTHORITATIVE_W_BIT_LOAD_ADD_MUL_OUTPUT_DATAPATH_NOT_REBUILT_AT_W16_W32; EXACT_OPERATION_COUNTS_AND_IDENTICAL_MAGNITUDES_RETAINED; PROPAGATION_COMBINER_AND_POLICY_MATCHED_CONTENT_CACHE_LOGIC_NOT_IN_NAND_TOTAL,410,0,IMPLEMENTED_TRACE_PASS
PAH-BUILD005-DEMAND-VALUATION-0001,8,HOSTILE_PRIME_THRASH,five-prime-rotation,206BE53E17EB64CCBD65D3820E715EE9A6B4C318FBB496392D7E88A4CCFD6660,COLD_MAG,MAGNITUDE_FINAL,true,false,true,BIN_PRIME_FRONTIER_SPEC_B4_K,4,4,45,8,16,60,35,41,44,44,166,0,0,0,44,44,0,40,0,0,0,0,41,3,0,0,0,0,40,4,4,4,0,14,5,0,0,0,0,1,1,0,44,540,45,630,30492,4032,390000,159132,583656,EXPLORATORY_COMPONENT_PROXY__NOT_DECISION_ELIGIBLE,AUTHORITATIVE_W_BIT_LOAD_ADD_MUL_OUTPUT_DATAPATH_NOT_REBUILT_AT_W16_W32; EXACT_OPERATION_COUNTS_AND_IDENTICAL_MAGNITUDES_RETAINED; PROPAGATION_COMBINER_AND_POLICY_MATCHED_CONTENT_CACHE_LOGIC_NOT_IN_NAND_TOTAL,416,0,IMPLEMENTED_TRACE_PASS
PAH-BUILD005-DEMAND-VALUATION-0001,8,HOSTILE_MUTATE_AFTER_FILL,fill-then-discard,003DE4BB7F95887058DBE8BBA3E72A86787CCFF00BE96082E9FCE4E7E7E1553F,COLD_MAG,MAGNITUDE_FINAL,true,false,true,BIN_DIRECT_BEST,0,0,81,0,0,82,42,40,40,0,0,0,0,0,0,0,0,0,0,0,0,0,40,0,0,0,0,0,40,0,0,0,0,0,0,0,0,0,0,1,41,0,40,738,0,819,27720,0,533000,0,560720,EXPLORATORY_COMPONENT_PROXY__NOT_DECISION_ELIGIBLE,AUTHORITATIVE_W_BIT_LOAD_ADD_MUL_OUTPUT_DATAPATH_NOT_REBUILT_AT_W16_W32; EXACT_OPERATION_COUNTS_AND_IDENTICAL_MAGNITUDES_RETAINED; PROPAGATION_COMBINER_AND_POLICY_MATCHED_CONTENT_CACHE_LOGIC_NOT_IN_NAND_TOTAL,688,0,IMPLEMENTED_TRACE_PASS
PAH-BUILD005-DEMAND-VALUATION-0001,8,HOSTILE_MUTATE_AFTER_FILL,fill-then-discard,003DE4BB7F95887058DBE8BBA3E72A86787CCFF00BE96082E9FCE4E7E7E1553F,COLD_MAG,MAGNITUDE_FINAL,true,false,true,BIN_CONTENT_ANSWER_LRU_K,1,0,81,0,0,79,40,39,39,40,39,1,0,0,39,39,0,38,0,0,0,0,39,0,0,0,0,0,40,0,0,0,0,0,0,0,0,0,0,1,41,0,40,711,39,831,27720,0,513500,34602,575822,EXPLORATORY_COMPONENT_PROXY__NOT_DECISION_ELIGIBLE,AUTHORITATIVE_W_BIT_LOAD_ADD_MUL_OUTPUT_DATAPATH_NOT_REBUILT_AT_W16_W32; EXACT_OPERATION_COUNTS_AND_IDENTICAL_MAGNITUDES_RETAINED; PROPAGATION_COMBINER_AND_POLICY_MATCHED_CONTENT_CACHE_LOGIC_NOT_IN_NAND_TOTAL,688,0,IMPLEMENTED_TRACE_PASS
PAH-BUILD005-DEMAND-VALUATION-0001,8,HOSTILE_MUTATE_AFTER_FILL,fill-then-discard,003DE4BB7F95887058DBE8BBA3E72A86787CCFF00BE96082E9FCE4E7E7E1553F,COLD_MAG,MAGNITUDE_FINAL,true,false,true,BIN_FRONTIER_NOPROP_K,1,0,81,0,0,82,42,40,40,40,39,0,0,0,40,40,0,39,40,0,39,0,40,0,0,0,0,0,40,0,0,0,0,0,0,0,0,0,0,1,41,0,40,738,81,900,27720,0,533000,52998,613718,EXPLORATORY_COMPONENT_PROXY__NOT_DECISION_ELIGIBLE,AUTHORITATIVE_W_BIT_LOAD_ADD_MUL_OUTPUT_DATAPATH_NOT_REBUILT_AT_W16_W32; EXACT_OPERATION_COUNTS_AND_IDENTICAL_MAGNITUDES_RETAINED; PROPAGATION_COMBINER_AND_POLICY_MATCHED_CONTENT_CACHE_LOGIC_NOT_IN_NAND_TOTAL,688,0,IMPLEMENTED_TRACE_PASS
PAH-BUILD005-DEMAND-VALUATION-0001,8,HOSTILE_MUTATE_AFTER_FILL,fill-then-discard,003DE4BB7F95887058DBE8BBA3E72A86787CCFF00BE96082E9FCE4E7E7E1553F,COLD_MAG,MAGNITUDE_FINAL,true,false,true,BIN_PRIME_FRONTIER_PROP_K,1,0,81,0,0,82,42,40,40,40,39,0,0,0,40,40,0,39,40,0,39,0,40,0,0,0,0,0,40,0,0,0,0,0,0,0,0,0,0,1,41,0,40,738,81,900,27720,0,533000,52998,613718,EXPLORATORY_COMPONENT_PROXY__NOT_DECISION_ELIGIBLE,AUTHORITATIVE_W_BIT_LOAD_ADD_MUL_OUTPUT_DATAPATH_NOT_REBUILT_AT_W16_W32; EXACT_OPERATION_COUNTS_AND_IDENTICAL_MAGNITUDES_RETAINED; PROPAGATION_COMBINER_AND_POLICY_MATCHED_CONTENT_CACHE_LOGIC_NOT_IN_NAND_TOTAL,688,0,IMPLEMENTED_TRACE_PASS
PAH-BUILD005-DEMAND-VALUATION-0001,8,HOSTILE_MUTATE_AFTER_FILL,fill-then-discard,003DE4BB7F95887058DBE8BBA3E72A86787CCFF00BE96082E9FCE4E7E7E1553F,COLD_MAG,MAGNITUDE_FINAL,true,false,true,BIN_PRIME_FRONTIER_SPEC_B1_K,1,1,122,0,0,83,42,41,62,81,80,40,0,0,41,41,21,40,40,0,40,0,41,21,0,0,0,0,40,41,41,40,1,40,1,0,0,0,0,1,41,0,81,747,103,972,56133,0,539500,80592,676225,EXPLORATORY_COMPONENT_PROXY__NOT_DECISION_ELIGIBLE,AUTHORITATIVE_W_BIT_LOAD_ADD_MUL_OUTPUT_DATAPATH_NOT_REBUILT_AT_W16_W32; EXACT_OPERATION_COUNTS_AND_IDENTICAL_MAGNITUDES_RETAINED; PROPAGATION_COMBINER_AND_POLICY_MATCHED_CONTENT_CACHE_LOGIC_NOT_IN_NAND_TOTAL,770,0,IMPLEMENTED_TRACE_PASS
PAH-BUILD005-DEMAND-VALUATION-0001,8,HOSTILE_MUTATE_AFTER_FILL,fill-then-discard,003DE4BB7F95887058DBE8BBA3E72A86787CCFF00BE96082E9FCE4E7E7E1553F,COLD_MAG,MAGNITUDE_FINAL,true,false,true,BIN_PRIME_FRONTIER_SPEC_B4_K,1,4,245,0,0,246,84,162,204,204,203,0,0,0,204,204,0,203,40,0,40,0,162,42,0,0,0,0,40,164,164,40,124,40,1,0,0,0,0,1,41,0,204,2214,245,2704,141372,0,1599000,196662,1937034,EXPLORATORY_COMPONENT_PROXY__NOT_DECISION_ELIGIBLE,AUTHORITATIVE_W_BIT_LOAD_ADD_MUL_OUTPUT_DATAPATH_NOT_REBUILT_AT_W16_W32; EXACT_OPERATION_COUNTS_AND_IDENTICAL_MAGNITUDES_RETAINED; PROPAGATION_COMBINER_AND_POLICY_MATCHED_CONTENT_CACHE_LOGIC_NOT_IN_NAND_TOTAL,1016,0,IMPLEMENTED_TRACE_PASS
PAH-BUILD005-DEMAND-VALUATION-0001,8,HOSTILE_MUTATE_AFTER_FILL,fill-then-discard,003DE4BB7F95887058DBE8BBA3E72A86787CCFF00BE96082E9FCE4E7E7E1553F,COLD_MAG,MAGNITUDE_FINAL,true,false,true,BIN_CONTENT_ANSWER_LRU_K,2,0,81,0,0,4,2,2,2,40,76,38,0,0,2,2,0,0,0,0,0,0,2,0,0,0,0,0,40,0,0,0,0,0,0,0,0,0,0,1,41,0,40,36,2,119,27720,0,26000,37002,90722,EXPLORATORY_COMPONENT_PROXY__NOT_DECISION_ELIGIBLE,AUTHORITATIVE_W_BIT_LOAD_ADD_MUL_OUTPUT_DATAPATH_NOT_REBUILT_AT_W16_W32; EXACT_OPERATION_COUNTS_AND_IDENTICAL_MAGNITUDES_RETAINED; PROPAGATION_COMBINER_AND_POLICY_MATCHED_CONTENT_CACHE_LOGIC_NOT_IN_NAND_TOTAL,688,0,IMPLEMENTED_TRACE_PASS
PAH-BUILD005-DEMAND-VALUATION-0001,8,HOSTILE_MUTATE_AFTER_FILL,fill-then-discard,003DE4BB7F95887058DBE8BBA3E72A86787CCFF00BE96082E9FCE4E7E7E1553F,COLD_MAG,MAGNITUDE_FINAL,true,false,true,BIN_FRONTIER_NOPROP_K,2,0,81,0,0,82,42,40,40,40,77,0,0,0,40,40,0,38,40,0,77,0,40,0,0,0,0,0,40,0,0,0,0,0,0,0,0,0,0,1,41,0,40,738,81,900,27720,0,533000,106601,667321,EXPLORATORY_COMPONENT_PROXY__NOT_DECISION_ELIGIBLE,AUTHORITATIVE_W_BIT_LOAD_ADD_MUL_OUTPUT_DATAPATH_NOT_REBUILT_AT_W16_W32; EXACT_OPERATION_COUNTS_AND_IDENTICAL_MAGNITUDES_RETAINED; PROPAGATION_COMBINER_AND_POLICY_MATCHED_CONTENT_CACHE_LOGIC_NOT_IN_NAND_TOTAL,688,0,IMPLEMENTED_TRACE_PASS
PAH-BUILD005-DEMAND-VALUATION-0001,8,HOSTILE_MUTATE_AFTER_FILL,fill-then-discard,003DE4BB7F95887058DBE8BBA3E72A86787CCFF00BE96082E9FCE4E7E7E1553F,COLD_MAG,MAGNITUDE_FINAL,true,false,true,BIN_PRIME_FRONTIER_PROP_K,2,0,81,0,0,82,42,40,40,40,77,0,0,0,40,40,0,38,40,0,77,0,40,0,0,0,0,0,40,0,0,0,0,0,0,0,0,0,0,1,41,0,40,738,81,900,27720,0,533000,106601,667321,EXPLORATORY_COMPONENT_PROXY__NOT_DECISION_ELIGIBLE,AUTHORITATIVE_W_BIT_LOAD_ADD_MUL_OUTPUT_DATAPATH_NOT_REBUILT_AT_W16_W32; EXACT_OPERATION_COUNTS_AND_IDENTICAL_MAGNITUDES_RETAINED; PROPAGATION_COMBINER_AND_POLICY_MATCHED_CONTENT_CACHE_LOGIC_NOT_IN_NAND_TOTAL,688,0,IMPLEMENTED_TRACE_PASS
PAH-BUILD005-DEMAND-VALUATION-0001,8,HOSTILE_MUTATE_AFTER_FILL,fill-then-discard,003DE4BB7F95887058DBE8BBA3E72A86787CCFF00BE96082E9FCE4E7E7E1553F,COLD_MAG,MAGNITUDE_FINAL,true,false,true,BIN_PRIME_FRONTIER_SPEC_B1_K,2,1,122,0,0,83,42,41,62,81,158,40,0,0,41,41,21,39,40,0,118,0,41,21,0,0,0,0,40,41,41,40,1,40,1,0,0,0,0,1,41,0,81,747,103,972,56133,0,539500,162104,757737,EXPLORATORY_COMPONENT_PROXY__NOT_DECISION_ELIGIBLE,AUTHORITATIVE_W_BIT_LOAD_ADD_MUL_OUTPUT_DATAPATH_NOT_REBUILT_AT_W16_W32; EXACT_OPERATION_COUNTS_AND_IDENTICAL_MAGNITUDES_RETAINED; PROPAGATION_COMBINER_AND_POLICY_MATCHED_CONTENT_CACHE_LOGIC_NOT_IN_NAND_TOTAL,770,0,IMPLEMENTED_TRACE_PASS
PAH-BUILD005-DEMAND-VALUATION-0001,8,HOSTILE_MUTATE_AFTER_FILL,fill-then-discard,003DE4BB7F95887058DBE8BBA3E72A86787CCFF00BE96082E9FCE4E7E7E1553F,COLD_MAG,MAGNITUDE_FINAL,true,false,true,BIN_PRIME_FRONTIER_SPEC_B4_K,2,4,245,0,0,246,84,162,204,204,405,0,0,0,204,204,0,202,80,0,40,0,162,42,0,0,0,0,40,164,164,40,124,40,1,0,0,0,0,1,41,0,204,2214,245,2704,141372,0,1599000,395569,2135941,EXPLORATORY_COMPONENT_PROXY__NOT_DECISION_ELIGIBLE,AUTHORITATIVE_W_BIT_LOAD_ADD_MUL_OUTPUT_DATAPATH_NOT_REBUILT_AT_W16_W32; EXACT_OPERATION_COUNTS_AND_IDENTICAL_MAGNITUDES_RETAINED; PROPAGATION_COMBINER_AND_POLICY_MATCHED_CONTENT_CACHE_LOGIC_NOT_IN_NAND_TOTAL,1016,0,IMPLEMENTED_TRACE_PASS
PAH-BUILD005-DEMAND-VALUATION-0001,8,HOSTILE_MUTATE_AFTER_FILL,fill-then-discard,003DE4BB7F95887058DBE8BBA3E72A86787CCFF00BE96082E9FCE4E7E7E1553F,COLD_MAG,MAGNITUDE_FINAL,true,false,true,BIN_CONTENT_ANSWER_LRU_K,4,0,81,0,0,4,2,2,2,40,76,38,0,0,2,2,0,0,0,0,0,0,2,0,0,0,0,0,40,0,0,0,0,0,0,0,0,0,0,1,41,0,40,36,2,119,27720,0,26000,75096,128816,EXPLORATORY_COMPONENT_PROXY__NOT_DECISION_ELIGIBLE,AUTHORITATIVE_W_BIT_LOAD_ADD_MUL_OUTPUT_DATAPATH_NOT_REBUILT_AT_W16_W32; EXACT_OPERATION_COUNTS_AND_IDENTICAL_MAGNITUDES_RETAINED; PROPAGATION_COMBINER_AND_POLICY_MATCHED_CONTENT_CACHE_LOGIC_NOT_IN_NAND_TOTAL,688,0,IMPLEMENTED_TRACE_PASS
PAH-BUILD005-DEMAND-VALUATION-0001,8,HOSTILE_MUTATE_AFTER_FILL,fill-then-discard,003DE4BB7F95887058DBE8BBA3E72A86787CCFF00BE96082E9FCE4E7E7E1553F,COLD_MAG,MAGNITUDE_FINAL,true,false,true,BIN_FRONTIER_NOPROP_K,4,0,81,0,0,82,42,40,40,40,150,0,0,0,40,40,0,36,40,0,150,0,40,0,0,0,0,0,40,0,0,0,0,0,0,0,0,0,0,1,41,0,40,738,81,900,27720,0,533000,216348,777068,EXPLORATORY_COMPONENT_PROXY__NOT_DECISION_ELIGIBLE,AUTHORITATIVE_W_BIT_LOAD_ADD_MUL_OUTPUT_DATAPATH_NOT_REBUILT_AT_W16_W32; EXACT_OPERATION_COUNTS_AND_IDENTICAL_MAGNITUDES_RETAINED; PROPAGATION_COMBINER_AND_POLICY_MATCHED_CONTENT_CACHE_LOGIC_NOT_IN_NAND_TOTAL,688,0,IMPLEMENTED_TRACE_PASS
PAH-BUILD005-DEMAND-VALUATION-0001,8,HOSTILE_MUTATE_AFTER_FILL,fill-then-discard,003DE4BB7F95887058DBE8BBA3E72A86787CCFF00BE96082E9FCE4E7E7E1553F,COLD_MAG,MAGNITUDE_FINAL,true,false,true,BIN_PRIME_FRONTIER_PROP_K,4,0,81,0,0,82,42,40,40,40,150,0,0,0,40,40,0,36,40,0,150,0,40,0,0,0,0,0,40,0,0,0,0,0,0,0,0,0,0,1,41,0,40,738,81,900,27720,0,533000,216348,777068,EXPLORATORY_COMPONENT_PROXY__NOT_DECISION_ELIGIBLE,AUTHORITATIVE_W_BIT_LOAD_ADD_MUL_OUTPUT_DATAPATH_NOT_REBUILT_AT_W16_W32; EXACT_OPERATION_COUNTS_AND_IDENTICAL_MAGNITUDES_RETAINED; PROPAGATION_COMBINER_AND_POLICY_MATCHED_CONTENT_CACHE_LOGIC_NOT_IN_NAND_TOTAL,688,0,IMPLEMENTED_TRACE_PASS
PAH-BUILD005-DEMAND-VALUATION-0001,8,HOSTILE_MUTATE_AFTER_FILL,fill-then-discard,003DE4BB7F95887058DBE8BBA3E72A86787CCFF00BE96082E9FCE4E7E7E1553F,COLD_MAG,MAGNITUDE_FINAL,true,false,true,BIN_PRIME_FRONTIER_SPEC_B1_K,4,1,122,0,0,83,42,41,62,81,308,40,0,0,41,41,21,37,40,0,268,0,41,21,0,0,0,0,40,41,41,40,1,40,1,0,0,0,0,1,41,0,81,747,103,972,56133,0,539500,328992,924625,EXPLORATORY_COMPONENT_PROXY__NOT_DECISION_ELIGIBLE,AUTHORITATIVE_W_BIT_LOAD_ADD_MUL_OUTPUT_DATAPATH_NOT_REBUILT_AT_W16_W32; EXACT_OPERATION_COUNTS_AND_IDENTICAL_MAGNITUDES_RETAINED; PROPAGATION_COMBINER_AND_POLICY_MATCHED_CONTENT_CACHE_LOGIC_NOT_IN_NAND_TOTAL,770,0,IMPLEMENTED_TRACE_PASS
PAH-BUILD005-DEMAND-VALUATION-0001,8,HOSTILE_MUTATE_AFTER_FILL,fill-then-discard,003DE4BB7F95887058DBE8BBA3E72A86787CCFF00BE96082E9FCE4E7E7E1553F,COLD_MAG,MAGNITUDE_FINAL,true,false,true,BIN_PRIME_FRONTIER_SPEC_B4_K,4,4,245,0,0,206,63,143,185,204,806,40,0,0,164,164,21,160,160,0,40,0,143,42,0,0,0,0,40,164,164,40,124,40,1,0,0,0,0,1,41,0,204,1854,226,2325,141372,0,1339000,768840,2249212,EXPLORATORY_COMPONENT_PROXY__NOT_DECISION_ELIGIBLE,AUTHORITATIVE_W_BIT_LOAD_ADD_MUL_OUTPUT_DATAPATH_NOT_REBUILT_AT_W16_W32; EXACT_OPERATION_COUNTS_AND_IDENTICAL_MAGNITUDES_RETAINED; PROPAGATION_COMBINER_AND_POLICY_MATCHED_CONTENT_CACHE_LOGIC_NOT_IN_NAND_TOTAL,1016,0,IMPLEMENTED_TRACE_PASS
PAH-BUILD005-DEMAND-VALUATION-0001,8,HOSTILE_SPECULATION_POISON,request-last-prime-only,DD9127163F0CE453161396E023EA5017936DB663A2C0DB7846BC8051F8491751,COLD_MAG,MAGNITUDE_FINAL,true,false,true,BIN_DIRECT_BEST,0,0,128,0,0,64,1,63,63,0,0,0,0,0,0,0,0,0,0,0,0,0,64,0,0,0,0,0,64,0,0,0,0,0,0,0,0,0,0,1,64,0,64,576,0,704,44352,0,416000,0,460352,EXPLORATORY_COMPONENT_PROXY__NOT_DECISION_ELIGIBLE,AUTHORITATIVE_W_BIT_LOAD_ADD_MUL_OUTPUT_DATAPATH_NOT_REBUILT_AT_W16_W32; EXACT_OPERATION_COUNTS_AND_IDENTICAL_MAGNITUDES_RETAINED; PROPAGATION_COMBINER_AND_POLICY_MATCHED_CONTENT_CACHE_LOGIC_NOT_IN_NAND_TOTAL,1089,0,IMPLEMENTED_TRACE_PASS
PAH-BUILD005-DEMAND-VALUATION-0001,8,HOSTILE_SPECULATION_POISON,request-last-prime-only,DD9127163F0CE453161396E023EA5017936DB663A2C0DB7846BC8051F8491751,COLD_MAG,MAGNITUDE_FINAL,true,false,true,BIN_CONTENT_ANSWER_LRU_K,1,0,128,0,0,63,1,62,62,64,63,1,0,0,63,63,0,62,0,0,0,0,63,0,0,0,0,0,64,0,0,0,0,0,0,0,0,0,0,1,64,0,64,567,63,758,44352,0,409500,55626,509478,EXPLORATORY_COMPONENT_PROXY__NOT_DECISION_ELIGIBLE,AUTHORITATIVE_W_BIT_LOAD_ADD_MUL_OUTPUT_DATAPATH_NOT_REBUILT_AT_W16_W32; EXACT_OPERATION_COUNTS_AND_IDENTICAL_MAGNITUDES_RETAINED; PROPAGATION_COMBINER_AND_POLICY_MATCHED_CONTENT_CACHE_LOGIC_NOT_IN_NAND_TOTAL,1089,0,IMPLEMENTED_TRACE_PASS
PAH-BUILD005-DEMAND-VALUATION-0001,8,HOSTILE_SPECULATION_POISON,request-last-prime-only,DD9127163F0CE453161396E023EA5017936DB663A2C0DB7846BC8051F8491751,COLD_MAG,MAGNITUDE_FINAL,true,false,true,BIN_FRONTIER_NOPROP_K,1,0,128,0,0,64,1,63,63,64,63,0,0,0,64,64,0,63,63,0,63,0,64,0,0,0,0,0,64,0,0,0,0,0,0,0,0,0,0,1,64,0,64,576,128,832,44352,0,416000,84096,544448,EXPLORATORY_COMPONENT_PROXY__NOT_DECISION_ELIGIBLE,AUTHORITATIVE_W_BIT_LOAD_ADD_MUL_OUTPUT_DATAPATH_NOT_REBUILT_AT_W16_W32; EXACT_OPERATION_COUNTS_AND_IDENTICAL_MAGNITUDES_RETAINED; PROPAGATION_COMBINER_AND_POLICY_MATCHED_CONTENT_CACHE_LOGIC_NOT_IN_NAND_TOTAL,1089,0,IMPLEMENTED_TRACE_PASS
PAH-BUILD005-DEMAND-VALUATION-0001,8,HOSTILE_SPECULATION_POISON,request-last-prime-only,DD9127163F0CE453161396E023EA5017936DB663A2C0DB7846BC8051F8491751,COLD_MAG,MAGNITUDE_FINAL,true,false,true,BIN_PRIME_FRONTIER_PROP_K,1,0,128,0,0,64,1,63,63,64,63,0,0,0,64,64,0,63,63,0,63,0,64,0,0,0,0,0,64,0,0,0,0,0,0,0,0,0,0,1,64,0,64,576,128,832,44352,0,416000,84096,544448,EXPLORATORY_COMPONENT_PROXY__NOT_DECISION_ELIGIBLE,AUTHORITATIVE_W_BIT_LOAD_ADD_MUL_OUTPUT_DATAPATH_NOT_REBUILT_AT_W16_W32; EXACT_OPERATION_COUNTS_AND_IDENTICAL_MAGNITUDES_RETAINED; PROPAGATION_COMBINER_AND_POLICY_MATCHED_CONTENT_CACHE_LOGIC_NOT_IN_NAND_TOTAL,1089,0,IMPLEMENTED_TRACE_PASS
PAH-BUILD005-DEMAND-VALUATION-0001,8,HOSTILE_SPECULATION_POISON,request-last-prime-only,DD9127163F0CE453161396E023EA5017936DB663A2C0DB7846BC8051F8491751,COLD_MAG,MAGNITUDE_FINAL,true,false,true,BIN_PRIME_FRONTIER_SPEC_B1_K,1,1,201,0,0,127,22,105,126,137,136,1,0,0,136,136,0,135,63,0,0,0,115,21,0,0,0,0,64,73,63,1,72,1,1,0,0,0,0,1,64,0,137,1143,200,1544,94941,0,825500,147606,1068047,EXPLORATORY_COMPONENT_PROXY__NOT_DECISION_ELIGIBLE,AUTHORITATIVE_W_BIT_LOAD_ADD_MUL_OUTPUT_DATAPATH_NOT_REBUILT_AT_W16_W32; EXACT_OPERATION_COUNTS_AND_IDENTICAL_MAGNITUDES_RETAINED; PROPAGATION_COMBINER_AND_POLICY_MATCHED_CONTENT_CACHE_LOGIC_NOT_IN_NAND_TOTAL,1235,0,IMPLEMENTED_TRACE_PASS
PAH-BUILD005-DEMAND-VALUATION-0001,8,HOSTILE_SPECULATION_POISON,request-last-prime-only,DD9127163F0CE453161396E023EA5017936DB663A2C0DB7846BC8051F8491751,COLD_MAG,MAGNITUDE_FINAL,true,false,true,BIN_PRIME_FRONTIER_SPEC_B4_K,1,4,390,0,0,316,52,264,315,326,325,1,0,0,325,325,0,324,63,0,0,0,274,51,0,0,0,0,64,262,252,1,261,1,1,0,0,0,0,1,64,0,326,2844,389,3623,225918,0,2054000,313170,2593088,EXPLORATORY_COMPONENT_PROXY__NOT_DECISION_ELIGIBLE,AUTHORITATIVE_W_BIT_LOAD_ADD_MUL_OUTPUT_DATAPATH_NOT_REBUILT_AT_W16_W32; EXACT_OPERATION_COUNTS_AND_IDENTICAL_MAGNITUDES_RETAINED; PROPAGATION_COMBINER_AND_POLICY_MATCHED_CONTENT_CACHE_LOGIC_NOT_IN_NAND_TOTAL,1613,0,IMPLEMENTED_TRACE_PASS
PAH-BUILD005-DEMAND-VALUATION-0001,8,HOSTILE_SPECULATION_POISON,request-last-prime-only,DD9127163F0CE453161396E023EA5017936DB663A2C0DB7846BC8051F8491751,COLD_MAG,MAGNITUDE_FINAL,true,false,true,BIN_CONTENT_ANSWER_LRU_K,2,0,128,0,0,63,1,62,62,64,125,1,0,0,63,63,0,61,0,0,0,0,63,0,0,0,0,0,64,0,0,0,0,0,0,0,0,0,0,1,64,0,64,567,63,758,44352,0,409500,111887,565739,EXPLORATORY_COMPONENT_PROXY__NOT_DECISION_ELIGIBLE,AUTHORITATIVE_W_BIT_LOAD_ADD_MUL_OUTPUT_DATAPATH_NOT_REBUILT_AT_W16_W32; EXACT_OPERATION_COUNTS_AND_IDENTICAL_MAGNITUDES_RETAINED; PROPAGATION_COMBINER_AND_POLICY_MATCHED_CONTENT_CACHE_LOGIC_NOT_IN_NAND_TOTAL,1089,0,IMPLEMENTED_TRACE_PASS
PAH-BUILD005-DEMAND-VALUATION-0001,8,HOSTILE_SPECULATION_POISON,request-last-prime-only,DD9127163F0CE453161396E023EA5017936DB663A2C0DB7846BC8051F8491751,COLD_MAG,MAGNITUDE_FINAL,true,false,true,BIN_FRONTIER_NOPROP_K,2,0,128,0,0,64,1,63,63,64,125,0,0,0,64,64,0,62,63,0,125,0,64,0,0,0,0,0,64,0,0,0,0,0,0,0,0,0,0,1,64,0,64,576,128,832,44352,0,416000,169152,629504,EXPLORATORY_COMPONENT_PROXY__NOT_DECISION_ELIGIBLE,AUTHORITATIVE_W_BIT_LOAD_ADD_MUL_OUTPUT_DATAPATH_NOT_REBUILT_AT_W16_W32; EXACT_OPERATION_COUNTS_AND_IDENTICAL_MAGNITUDES_RETAINED; PROPAGATION_COMBINER_AND_POLICY_MATCHED_CONTENT_CACHE_LOGIC_NOT_IN_NAND_TOTAL,1089,0,IMPLEMENTED_TRACE_PASS
PAH-BUILD005-DEMAND-VALUATION-0001,8,HOSTILE_SPECULATION_POISON,request-last-prime-only,DD9127163F0CE453161396E023EA5017936DB663A2C0DB7846BC8051F8491751,COLD_MAG,MAGNITUDE_FINAL,true,false,true,BIN_PRIME_FRONTIER_PROP_K,2,0,128,0,0,64,1,63,63,64,125,0,0,0,64,64,0,62,63,0,125,0,64,0,0,0,0,0,64,0,0,0,0,0,0,0,0,0,0,1,64,0,64,576,128,832,44352,0,416000,169152,629504,EXPLORATORY_COMPONENT_PROXY__NOT_DECISION_ELIGIBLE,AUTHORITATIVE_W_BIT_LOAD_ADD_MUL_OUTPUT_DATAPATH_NOT_REBUILT_AT_W16_W32; EXACT_OPERATION_COUNTS_AND_IDENTICAL_MAGNITUDES_RETAINED; PROPAGATION_COMBINER_AND_POLICY_MATCHED_CONTENT_CACHE_LOGIC_NOT_IN_NAND_TOTAL,1089,0,IMPLEMENTED_TRACE_PASS
PAH-BUILD005-DEMAND-VALUATION-0001,8,HOSTILE_SPECULATION_POISON,request-last-prime-only,DD9127163F0CE453161396E023EA5017936DB663A2C0DB7846BC8051F8491751,COLD_MAG,MAGNITUDE_FINAL,true,false,true,BIN_PRIME_FRONTIER_SPEC_B1_K,2,1,201,0,0,127,22,105,126,137,271,1,0,0,136,136,0,134,126,0,124,0,115,21,0,0,0,0,64,73,63,1,72,1,1,0,0,0,0,1,64,0,137,1143,200,1544,94941,0,825500,296897,1217338,EXPLORATORY_COMPONENT_PROXY__NOT_DECISION_ELIGIBLE,AUTHORITATIVE_W_BIT_LOAD_ADD_MUL_OUTPUT_DATAPATH_NOT_REBUILT_AT_W16_W32; EXACT_OPERATION_COUNTS_AND_IDENTICAL_MAGNITUDES_RETAINED; PROPAGATION_COMBINER_AND_POLICY_MATCHED_CONTENT_CACHE_LOGIC_NOT_IN_NAND_TOTAL,1235,0,IMPLEMENTED_TRACE_PASS
PAH-BUILD005-DEMAND-VALUATION-0001,8,HOSTILE_SPECULATION_POISON,request-last-prime-only,DD9127163F0CE453161396E023EA5017936DB663A2C0DB7846BC8051F8491751,COLD_MAG,MAGNITUDE_FINAL,true,false,true,BIN_PRIME_FRONTIER_SPEC_B4_K,2,4,390,0,0,316,52,264,315,326,649,1,0,0,325,325,0,323,126,0,0,0,274,51,0,0,0,0,64,262,252,1,261,1,1,0,0,0,0,1,64,0,326,2844,389,3623,225918,0,2054000,629915,2909833,EXPLORATORY_COMPONENT_PROXY__NOT_DECISION_ELIGIBLE,AUTHORITATIVE_W_BIT_LOAD_ADD_MUL_OUTPUT_DATAPATH_NOT_REBUILT_AT_W16_W32; EXACT_OPERATION_COUNTS_AND_IDENTICAL_MAGNITUDES_RETAINED; PROPAGATION_COMBINER_AND_POLICY_MATCHED_CONTENT_CACHE_LOGIC_NOT_IN_NAND_TOTAL,1613,0,IMPLEMENTED_TRACE_PASS
PAH-BUILD005-DEMAND-VALUATION-0001,8,HOSTILE_SPECULATION_POISON,request-last-prime-only,DD9127163F0CE453161396E023EA5017936DB663A2C0DB7846BC8051F8491751,COLD_MAG,MAGNITUDE_FINAL,true,false,true,BIN_CONTENT_ANSWER_LRU_K,4,0,128,0,0,63,1,62,62,64,246,1,0,0,63,63,0,59,0,0,0,0,63,0,0,0,0,0,64,0,0,0,0,0,0,0,0,0,0,1,64,0,64,567,63,758,44352,0,409500,227076,680928,EXPLORATORY_COMPONENT_PROXY__NOT_DECISION_ELIGIBLE,AUTHORITATIVE_W_BIT_LOAD_ADD_MUL_OUTPUT_DATAPATH_NOT_REBUILT_AT_W16_W32; EXACT_OPERATION_COUNTS_AND_IDENTICAL_MAGNITUDES_RETAINED; PROPAGATION_COMBINER_AND_POLICY_MATCHED_CONTENT_CACHE_LOGIC_NOT_IN_NAND_TOTAL,1089,0,IMPLEMENTED_TRACE_PASS
PAH-BUILD005-DEMAND-VALUATION-0001,8,HOSTILE_SPECULATION_POISON,request-last-prime-only,DD9127163F0CE453161396E023EA5017936DB663A2C0DB7846BC8051F8491751,COLD_MAG,MAGNITUDE_FINAL,true,false,true,BIN_FRONTIER_NOPROP_K,4,0,128,0,0,64,1,63,63,64,246,0,0,0,64,64,0,60,63,0,246,0,64,0,0,0,0,0,64,0,0,0,0,0,0,0,0,0,0,1,64,0,64,576,128,832,44352,0,416000,343296,803648,EXPLORATORY_COMPONENT_PROXY__NOT_DECISION_ELIGIBLE,AUTHORITATIVE_W_BIT_LOAD_ADD_MUL_OUTPUT_DATAPATH_NOT_REBUILT_AT_W16_W32; EXACT_OPERATION_COUNTS_AND_IDENTICAL_MAGNITUDES_RETAINED; PROPAGATION_COMBINER_AND_POLICY_MATCHED_CONTENT_CACHE_LOGIC_NOT_IN_NAND_TOTAL,1089,0,IMPLEMENTED_TRACE_PASS
PAH-BUILD005-DEMAND-VALUATION-0001,8,HOSTILE_SPECULATION_POISON,request-last-prime-only,DD9127163F0CE453161396E023EA5017936DB663A2C0DB7846BC8051F8491751,COLD_MAG,MAGNITUDE_FINAL,true,false,true,BIN_PRIME_FRONTIER_PROP_K,4,0,128,0,0,64,1,63,63,64,246,0,0,0,64,64,0,60,63,0,246,0,64,0,0,0,0,0,64,0,0,0,0,0,0,0,0,0,0,1,64,0,64,576,128,832,44352,0,416000,343296,803648,EXPLORATORY_COMPONENT_PROXY__NOT_DECISION_ELIGIBLE,AUTHORITATIVE_W_BIT_LOAD_ADD_MUL_OUTPUT_DATAPATH_NOT_REBUILT_AT_W16_W32; EXACT_OPERATION_COUNTS_AND_IDENTICAL_MAGNITUDES_RETAINED; PROPAGATION_COMBINER_AND_POLICY_MATCHED_CONTENT_CACHE_LOGIC_NOT_IN_NAND_TOTAL,1089,0,IMPLEMENTED_TRACE_PASS
PAH-BUILD005-DEMAND-VALUATION-0001,8,HOSTILE_SPECULATION_POISON,request-last-prime-only,DD9127163F0CE453161396E023EA5017936DB663A2C0DB7846BC8051F8491751,COLD_MAG,MAGNITUDE_FINAL,true,false,true,BIN_PRIME_FRONTIER_SPEC_B1_K,4,1,201,0,0,127,22,105,126,137,538,1,0,0,136,136,0,132,128,0,244,0,115,21,0,0,0,0,64,73,63,1,72,1,1,0,0,0,0,1,64,0,137,1143,200,1544,94941,0,825500,602556,1522997,EXPLORATORY_COMPONENT_PROXY__NOT_DECISION_ELIGIBLE,AUTHORITATIVE_W_BIT_LOAD_ADD_MUL_OUTPUT_DATAPATH_NOT_REBUILT_AT_W16_W32; EXACT_OPERATION_COUNTS_AND_IDENTICAL_MAGNITUDES_RETAINED; PROPAGATION_COMBINER_AND_POLICY_MATCHED_CONTENT_CACHE_LOGIC_NOT_IN_NAND_TOTAL,1235,0,IMPLEMENTED_TRACE_PASS
PAH-BUILD005-DEMAND-VALUATION-0001,8,HOSTILE_SPECULATION_POISON,request-last-prime-only,DD9127163F0CE453161396E023EA5017936DB663A2C0DB7846BC8051F8491751,COLD_MAG,MAGNITUDE_FINAL,true,false,true,BIN_PRIME_FRONTIER_SPEC_B4_K,4,4,390,0,0,316,52,264,315,326,1294,1,0,0,325,325,0,321,252,0,0,0,274,51,0,0,0,0,64,262,252,1,261,1,1,0,0,0,0,1,64,0,326,2844,389,3623,225918,0,2054000,1278420,3558338,EXPLORATORY_COMPONENT_PROXY__NOT_DECISION_ELIGIBLE,AUTHORITATIVE_W_BIT_LOAD_ADD_MUL_OUTPUT_DATAPATH_NOT_REBUILT_AT_W16_W32; EXACT_OPERATION_COUNTS_AND_IDENTICAL_MAGNITUDES_RETAINED; PROPAGATION_COMBINER_AND_POLICY_MATCHED_CONTENT_CACHE_LOGIC_NOT_IN_NAND_TOTAL,1613,0,IMPLEMENTED_TRACE_PASS
PAH-BUILD005-DEMAND-VALUATION-0001,8,HOSTILE_BOUNDARY_FAILURE,zero-one-max-overflow-alias,A3230FCCBFCB1549FE7AF33FC64110A18F0330B259673395F9A03CDE593B846C,COLD_MAG,MAGNITUDE_FINAL,true,false,true,BIN_DIRECT_BEST,0,0,11,0,0,1,0,1,1,0,0,0,0,0,0,0,0,0,0,0,0,0,4,0,0,0,0,0,4,0,0,0,0,0,0,0,0,0,0,2,7,0,4,9,0,20,2772,0,6500,0,9272,EXPLORATORY_COMPONENT_PROXY__NOT_DECISION_ELIGIBLE,AUTHORITATIVE_W_BIT_LOAD_ADD_MUL_OUTPUT_DATAPATH_NOT_REBUILT_AT_W16_W32; EXACT_OPERATION_COUNTS_AND_IDENTICAL_MAGNITUDES_RETAINED; PROPAGATION_COMBINER_AND_POLICY_MATCHED_CONTENT_CACHE_LOGIC_NOT_IN_NAND_TOTAL,98,0,IMPLEMENTED_TRACE_PASS
PAH-BUILD005-DEMAND-VALUATION-0001,8,HOSTILE_BOUNDARY_FAILURE,zero-one-max-overflow-alias,A3230FCCBFCB1549FE7AF33FC64110A18F0330B259673395F9A03CDE593B846C,COLD_MAG,MAGNITUDE_FINAL,true,false,true,BIN_CONTENT_ANSWER_LRU_K,1,0,11,0,0,1,0,1,1,4,3,0,0,0,4,4,0,3,0,0,0,0,4,0,0,0,0,0,4,0,0,0,0,0,0,0,0,0,0,2,7,0,4,9,4,24,2772,0,6500,3504,12776,EXPLORATORY_COMPONENT_PROXY__NOT_DECISION_ELIGIBLE,AUTHORITATIVE_W_BIT_LOAD_ADD_MUL_OUTPUT_DATAPATH_NOT_REBUILT_AT_W16_W32; EXACT_OPERATION_COUNTS_AND_IDENTICAL_MAGNITUDES_RETAINED; PROPAGATION_COMBINER_AND_POLICY_MATCHED_CONTENT_CACHE_LOGIC_NOT_IN_NAND_TOTAL,98,0,IMPLEMENTED_TRACE_PASS
PAH-BUILD005-DEMAND-VALUATION-0001,8,HOSTILE_BOUNDARY_FAILURE,zero-one-max-overflow-alias,A3230FCCBFCB1549FE7AF33FC64110A18F0330B259673395F9A03CDE593B846C,COLD_MAG,MAGNITUDE_FINAL,true,false,true,BIN_FRONTIER_NOPROP_K,1,0,11,0,0,1,0,1,1,4,3,0,0,0,4,4,0,3,2,0,0,0,4,0,0,0,0,0,4,0,0,0,0,0,0,0,0,0,0,2,7,0,4,9,8,28,2772,0,6500,5256,14528,EXPLORATORY_COMPONENT_PROXY__NOT_DECISION_ELIGIBLE,AUTHORITATIVE_W_BIT_LOAD_ADD_MUL_OUTPUT_DATAPATH_NOT_REBUILT_AT_W16_W32; EXACT_OPERATION_COUNTS_AND_IDENTICAL_MAGNITUDES_RETAINED; PROPAGATION_COMBINER_AND_POLICY_MATCHED_CONTENT_CACHE_LOGIC_NOT_IN_NAND_TOTAL,98,0,IMPLEMENTED_TRACE_PASS
PAH-BUILD005-DEMAND-VALUATION-0001,8,HOSTILE_BOUNDARY_FAILURE,zero-one-max-overflow-alias,A3230FCCBFCB1549FE7AF33FC64110A18F0330B259673395F9A03CDE593B846C,COLD_MAG,MAGNITUDE_FINAL,true,false,true,BIN_PRIME_FRONTIER_PROP_K,1,0,11,0,0,1,0,1,1,4,3,0,0,0,4,4,0,3,2,0,0,0,4,0,0,0,0,0,4,0,0,0,0,0,0,0,0,0,0,2,7,0,4,9,8,28,2772,0,6500,5256,14528,EXPLORATORY_COMPONENT_PROXY__NOT_DECISION_ELIGIBLE,AUTHORITATIVE_W_BIT_LOAD_ADD_MUL_OUTPUT_DATAPATH_NOT_REBUILT_AT_W16_W32; EXACT_OPERATION_COUNTS_AND_IDENTICAL_MAGNITUDES_RETAINED; PROPAGATION_COMBINER_AND_POLICY_MATCHED_CONTENT_CACHE_LOGIC_NOT_IN_NAND_TOTAL,98,0,IMPLEMENTED_TRACE_PASS
PAH-BUILD005-DEMAND-VALUATION-0001,8,HOSTILE_BOUNDARY_FAILURE,zero-one-max-overflow-alias,A3230FCCBFCB1549FE7AF33FC64110A18F0330B259673395F9A03CDE593B846C,COLD_MAG,MAGNITUDE_FINAL,true,false,true,BIN_PRIME_FRONTIER_SPEC_B1_K,1,1,33,0,0,3,1,2,3,26,25,0,0,0,26,26,0,25,2,0,1,0,25,1,0,0,0,0,4,22,2,2,20,3,2,0,0,0,0,2,7,0,26,27,30,90,18018,0,19500,24528,62046,EXPLORATORY_COMPONENT_PROXY__NOT_DECISION_ELIGIBLE,AUTHORITATIVE_W_BIT_LOAD_ADD_MUL_OUTPUT_DATAPATH_NOT_REBUILT_AT_W16_W32; EXACT_OPERATION_COUNTS_AND_IDENTICAL_MAGNITUDES_RETAINED; PROPAGATION_COMBINER_AND_POLICY_MATCHED_CONTENT_CACHE_LOGIC_NOT_IN_NAND_TOTAL,142,0,IMPLEMENTED_TRACE_PASS
PAH-BUILD005-DEMAND-VALUATION-0001,8,HOSTILE_BOUNDARY_FAILURE,zero-one-max-overflow-alias,A3230FCCBFCB1549FE7AF33FC64110A18F0330B259673395F9A03CDE593B846C,COLD_MAG,MAGNITUDE_FINAL,true,false,true,BIN_PRIME_FRONTIER_SPEC_B4_K,1,4,39,0,0,9,2,7,9,32,31,0,0,0,32,32,0,31,2,0,1,0,30,2,0,0,0,0,4,28,8,2,26,3,2,0,0,0,0,2,7,0,32,81,36,156,22176,0,58500,29784,110460,EXPLORATORY_COMPONENT_PROXY__NOT_DECISION_ELIGIBLE,AUTHORITATIVE_W_BIT_LOAD_ADD_MUL_OUTPUT_DATAPATH_NOT_REBUILT_AT_W16_W32; EXACT_OPERATION_COUNTS_AND_IDENTICAL_MAGNITUDES_RETAINED; PROPAGATION_COMBINER_AND_POLICY_MATCHED_CONTENT_CACHE_LOGIC_NOT_IN_NAND_TOTAL,154,0,IMPLEMENTED_TRACE_PASS
PAH-BUILD005-DEMAND-VALUATION-0001,8,HOSTILE_BOUNDARY_FAILURE,zero-one-max-overflow-alias,A3230FCCBFCB1549FE7AF33FC64110A18F0330B259673395F9A03CDE593B846C,COLD_MAG,MAGNITUDE_FINAL,true,false,true,BIN_CONTENT_ANSWER_LRU_K,2,0,11,0,0,1,0,1,1,4,5,0,0,0,4,4,0,2,0,0,0,0,4,0,0,0,0,0,4,0,0,0,0,0,0,0,0,0,0,2,7,0,4,9,4,24,2772,0,6500,7048,16320,EXPLORATORY_COMPONENT_PROXY__NOT_DECISION_ELIGIBLE,AUTHORITATIVE_W_BIT_LOAD_ADD_MUL_OUTPUT_DATAPATH_NOT_REBUILT_AT_W16_W32; EXACT_OPERATION_COUNTS_AND_IDENTICAL_MAGNITUDES_RETAINED; PROPAGATION_COMBINER_AND_POLICY_MATCHED_CONTENT_CACHE_LOGIC_NOT_IN_NAND_TOTAL,98,0,IMPLEMENTED_TRACE_PASS
PAH-BUILD005-DEMAND-VALUATION-0001,8,HOSTILE_BOUNDARY_FAILURE,zero-one-max-overflow-alias,A3230FCCBFCB1549FE7AF33FC64110A18F0330B259673395F9A03CDE593B846C,COLD_MAG,MAGNITUDE_FINAL,true,false,true,BIN_FRONTIER_NOPROP_K,2,0,11,0,0,1,0,1,1,4,5,0,0,0,4,4,0,2,3,0,1,0,4,0,0,0,0,0,4,0,0,0,0,0,0,0,0,0,0,2,7,0,4,9,8,28,2772,0,6500,10572,19844,EXPLORATORY_COMPONENT_PROXY__NOT_DECISION_ELIGIBLE,AUTHORITATIVE_W_BIT_LOAD_ADD_MUL_OUTPUT_DATAPATH_NOT_REBUILT_AT_W16_W32; EXACT_OPERATION_COUNTS_AND_IDENTICAL_MAGNITUDES_RETAINED; PROPAGATION_COMBINER_AND_POLICY_MATCHED_CONTENT_CACHE_LOGIC_NOT_IN_NAND_TOTAL,98,0,IMPLEMENTED_TRACE_PASS
PAH-BUILD005-DEMAND-VALUATION-0001,8,HOSTILE_BOUNDARY_FAILURE,zero-one-max-overflow-alias,A3230FCCBFCB1549FE7AF33FC64110A18F0330B259673395F9A03CDE593B846C,COLD_MAG,MAGNITUDE_FINAL,true,false,true,BIN_PRIME_FRONTIER_PROP_K,2,0,11,0,0,1,0,1,1,4,5,0,0,0,4,4,0,2,3,0,1,0,4,0,0,0,0,0,4,0,0,0,0,0,0,0,0,0,0,2,7,0,4,9,8,28,2772,0,6500,10572,19844,EXPLORATORY_COMPONENT_PROXY__NOT_DECISION_ELIGIBLE,AUTHORITATIVE_W_BIT_LOAD_ADD_MUL_OUTPUT_DATAPATH_NOT_REBUILT_AT_W16_W32; EXACT_OPERATION_COUNTS_AND_IDENTICAL_MAGNITUDES_RETAINED; PROPAGATION_COMBINER_AND_POLICY_MATCHED_CONTENT_CACHE_LOGIC_NOT_IN_NAND_TOTAL,98,0,IMPLEMENTED_TRACE_PASS
PAH-BUILD005-DEMAND-VALUATION-0001,8,HOSTILE_BOUNDARY_FAILURE,zero-one-max-overflow-alias,A3230FCCBFCB1549FE7AF33FC64110A18F0330B259673395F9A03CDE593B846C,COLD_MAG,MAGNITUDE_FINAL,true,false,true,BIN_PRIME_FRONTIER_SPEC_B1_K,2,1,33,0,0,3,1,2,3,26,49,1,0,0,25,25,0,23,4,0,1,0,24,1,0,0,0,0,4,22,2,2,20,3,2,0,0,0,0,2,7,0,26,27,29,89,18018,0,19500,48455,85973,EXPLORATORY_COMPONENT_PROXY__NOT_DECISION_ELIGIBLE,AUTHORITATIVE_W_BIT_LOAD_ADD_MUL_OUTPUT_DATAPATH_NOT_REBUILT_AT_W16_W32; EXACT_OPERATION_COUNTS_AND_IDENTICAL_MAGNITUDES_RETAINED; PROPAGATION_COMBINER_AND_POLICY_MATCHED_CONTENT_CACHE_LOGIC_NOT_IN_NAND_TOTAL,142,0,IMPLEMENTED_TRACE_PASS
PAH-BUILD005-DEMAND-VALUATION-0001,8,HOSTILE_BOUNDARY_FAILURE,zero-one-max-overflow-alias,A3230FCCBFCB1549FE7AF33FC64110A18F0330B259673395F9A03CDE593B846C,COLD_MAG,MAGNITUDE_FINAL,true,false,true,BIN_PRIME_FRONTIER_SPEC_B4_K,2,4,39,0,0,9,2,7,9,32,61,1,0,0,31,31,0,29,4,0,1,0,29,2,0,0,0,0,4,28,8,2,26,3,2,0,0,0,0,2,7,0,32,81,35,155,22176,0,58500,59027,139703,EXPLORATORY_COMPONENT_PROXY__NOT_DECISION_ELIGIBLE,AUTHORITATIVE_W_BIT_LOAD_ADD_MUL_OUTPUT_DATAPATH_NOT_REBUILT_AT_W16_W32; EXACT_OPERATION_COUNTS_AND_IDENTICAL_MAGNITUDES_RETAINED; PROPAGATION_COMBINER_AND_POLICY_MATCHED_CONTENT_CACHE_LOGIC_NOT_IN_NAND_TOTAL,154,0,IMPLEMENTED_TRACE_PASS
PAH-BUILD005-DEMAND-VALUATION-0001,8,HOSTILE_BOUNDARY_FAILURE,zero-one-max-overflow-alias,A3230FCCBFCB1549FE7AF33FC64110A18F0330B259673395F9A03CDE593B846C,COLD_MAG,MAGNITUDE_FINAL,true,false,true,BIN_CONTENT_ANSWER_LRU_K,4,0,11,0,0,1,0,1,1,4,6,0,0,0,4,4,0,0,0,0,0,0,4,0,0,0,0,0,4,0,0,0,0,0,0,0,0,0,0,2,7,0,4,9,4,24,2772,0,6500,14304,23576,EXPLORATORY_COMPONENT_PROXY__NOT_DECISION_ELIGIBLE,AUTHORITATIVE_W_BIT_LOAD_ADD_MUL_OUTPUT_DATAPATH_NOT_REBUILT_AT_W16_W32; EXACT_OPERATION_COUNTS_AND_IDENTICAL_MAGNITUDES_RETAINED; PROPAGATION_COMBINER_AND_POLICY_MATCHED_CONTENT_CACHE_LOGIC_NOT_IN_NAND_TOTAL,98,0,IMPLEMENTED_TRACE_PASS
PAH-BUILD005-DEMAND-VALUATION-0001,8,HOSTILE_BOUNDARY_FAILURE,zero-one-max-overflow-alias,A3230FCCBFCB1549FE7AF33FC64110A18F0330B259673395F9A03CDE593B846C,COLD_MAG,MAGNITUDE_FINAL,true,false,true,BIN_FRONTIER_NOPROP_K,4,0,11,0,0,1,0,1,1,4,6,0,0,0,4,4,0,0,3,0,1,0,4,0,0,0,0,0,4,0,0,0,0,0,0,0,0,0,0,2,7,0,4,9,8,28,2772,0,6500,21456,30728,EXPLORATORY_COMPONENT_PROXY__NOT_DECISION_ELIGIBLE,AUTHORITATIVE_W_BIT_LOAD_ADD_MUL_OUTPUT_DATAPATH_NOT_REBUILT_AT_W16_W32; EXACT_OPERATION_COUNTS_AND_IDENTICAL_MAGNITUDES_RETAINED; PROPAGATION_COMBINER_AND_POLICY_MATCHED_CONTENT_CACHE_LOGIC_NOT_IN_NAND_TOTAL,98,0,IMPLEMENTED_TRACE_PASS
PAH-BUILD005-DEMAND-VALUATION-0001,8,HOSTILE_BOUNDARY_FAILURE,zero-one-max-overflow-alias,A3230FCCBFCB1549FE7AF33FC64110A18F0330B259673395F9A03CDE593B846C,COLD_MAG,MAGNITUDE_FINAL,true,false,true,BIN_PRIME_FRONTIER_PROP_K,4,0,11,0,0,1,0,1,1,4,6,0,0,0,4,4,0,0,3,0,1,0,4,0,0,0,0,0,4,0,0,0,0,0,0,0,0,0,0,2,7,0,4,9,8,28,2772,0,6500,21456,30728,EXPLORATORY_COMPONENT_PROXY__NOT_DECISION_ELIGIBLE,AUTHORITATIVE_W_BIT_LOAD_ADD_MUL_OUTPUT_DATAPATH_NOT_REBUILT_AT_W16_W32; EXACT_OPERATION_COUNTS_AND_IDENTICAL_MAGNITUDES_RETAINED; PROPAGATION_COMBINER_AND_POLICY_MATCHED_CONTENT_CACHE_LOGIC_NOT_IN_NAND_TOTAL,98,0,IMPLEMENTED_TRACE_PASS
PAH-BUILD005-DEMAND-VALUATION-0001,8,HOSTILE_BOUNDARY_FAILURE,zero-one-max-overflow-alias,A3230FCCBFCB1549FE7AF33FC64110A18F0330B259673395F9A03CDE593B846C,COLD_MAG,MAGNITUDE_FINAL,true,false,true,BIN_PRIME_FRONTIER_SPEC_B1_K,4,1,33,0,0,3,1,2,3,26,94,1,0,0,25,25,0,21,8,0,2,0,24,1,0,0,0,0,4,22,2,2,20,3,2,0,0,0,0,2,7,0,26,27,29,89,18018,0,19500,98340,135858,EXPLORATORY_COMPONENT_PROXY__NOT_DECISION_ELIGIBLE,AUTHORITATIVE_W_BIT_LOAD_ADD_MUL_OUTPUT_DATAPATH_NOT_REBUILT_AT_W16_W32; EXACT_OPERATION_COUNTS_AND_IDENTICAL_MAGNITUDES_RETAINED; PROPAGATION_COMBINER_AND_POLICY_MATCHED_CONTENT_CACHE_LOGIC_NOT_IN_NAND_TOTAL,142,0,IMPLEMENTED_TRACE_PASS
PAH-BUILD005-DEMAND-VALUATION-0001,8,HOSTILE_BOUNDARY_FAILURE,zero-one-max-overflow-alias,A3230FCCBFCB1549FE7AF33FC64110A18F0330B259673395F9A03CDE593B846C,COLD_MAG,MAGNITUDE_FINAL,true,false,true,BIN_PRIME_FRONTIER_SPEC_B4_K,4,4,39,0,0,9,2,7,9,32,118,1,0,0,31,31,0,27,8,0,1,0,29,2,0,0,0,0,4,28,8,2,26,3,2,0,0,0,0,2,7,0,32,81,35,155,22176,0,58500,119796,200472,EXPLORATORY_COMPONENT_PROXY__NOT_DECISION_ELIGIBLE,AUTHORITATIVE_W_BIT_LOAD_ADD_MUL_OUTPUT_DATAPATH_NOT_REBUILT_AT_W16_W32; EXACT_OPERATION_COUNTS_AND_IDENTICAL_MAGNITUDES_RETAINED; PROPAGATION_COMBINER_AND_POLICY_MATCHED_CONTENT_CACHE_LOGIC_NOT_IN_NAND_TOTAL,154,0,IMPLEMENTED_TRACE_PASS
PAH-BUILD005-DEMAND-VALUATION-0001,8,HOSTILE_GENERATION_WRAP,full-flush-before-tag-reuse,96625A20A6C26ED81BB99D4602773FD2BFA3E6B7C0F801C521FA67CC364F440C,COLD_MAG,MAGNITUDE_FINAL,true,false,true,BIN_DIRECT_BEST,0,0,259,0,0,3,1,2,2,0,0,0,0,0,0,0,0,0,0,0,0,1,2,0,0,0,0,0,2,0,0,0,0,0,0,0,0,0,0,1,257,0,2,27,0,286,1386,0,19500,0,20886,EXPLORATORY_COMPONENT_PROXY__NOT_DECISION_ELIGIBLE,AUTHORITATIVE_W_BIT_LOAD_ADD_MUL_OUTPUT_DATAPATH_NOT_REBUILT_AT_W16_W32; EXACT_OPERATION_COUNTS_AND_IDENTICAL_MAGNITUDES_RETAINED; PROPAGATION_COMBINER_AND_POLICY_MATCHED_CONTENT_CACHE_LOGIC_NOT_IN_NAND_TOTAL,1820,0,IMPLEMENTED_TRACE_PASS
PAH-BUILD005-DEMAND-VALUATION-0001,8,HOSTILE_GENERATION_WRAP,full-flush-before-tag-reuse,96625A20A6C26ED81BB99D4602773FD2BFA3E6B7C0F801C521FA67CC364F440C,COLD_MAG,MAGNITUDE_FINAL,true,false,true,BIN_CONTENT_ANSWER_LRU_K,1,0,259,0,0,3,1,2,2,2,0,0,0,0,2,2,0,0,0,0,0,1,2,0,0,0,0,0,2,0,0,0,0,0,0,0,0,0,0,1,257,0,2,27,2,288,1386,0,19500,1752,22638,EXPLORATORY_COMPONENT_PROXY__NOT_DECISION_ELIGIBLE,AUTHORITATIVE_W_BIT_LOAD_ADD_MUL_OUTPUT_DATAPATH_NOT_REBUILT_AT_W16_W32; EXACT_OPERATION_COUNTS_AND_IDENTICAL_MAGNITUDES_RETAINED; PROPAGATION_COMBINER_AND_POLICY_MATCHED_CONTENT_CACHE_LOGIC_NOT_IN_NAND_TOTAL,1820,0,IMPLEMENTED_TRACE_PASS
PAH-BUILD005-DEMAND-VALUATION-0001,8,HOSTILE_GENERATION_WRAP,full-flush-before-tag-reuse,96625A20A6C26ED81BB99D4602773FD2BFA3E6B7C0F801C521FA67CC364F440C,COLD_MAG,MAGNITUDE_FINAL,true,false,true,BIN_FRONTIER_NOPROP_K,1,0,259,0,0,3,1,2,2,2,0,0,0,0,2,2,0,0,1,0,0,1,2,0,0,0,0,0,2,0,0,0,0,0,0,0,0,0,0,1,257,0,2,27,259,545,1386,0,19500,114318,135204,EXPLORATORY_COMPONENT_PROXY__NOT_DECISION_ELIGIBLE,AUTHORITATIVE_W_BIT_LOAD_ADD_MUL_OUTPUT_DATAPATH_NOT_REBUILT_AT_W16_W32; EXACT_OPERATION_COUNTS_AND_IDENTICAL_MAGNITUDES_RETAINED; PROPAGATION_COMBINER_AND_POLICY_MATCHED_CONTENT_CACHE_LOGIC_NOT_IN_NAND_TOTAL,1820,0,IMPLEMENTED_TRACE_PASS
PAH-BUILD005-DEMAND-VALUATION-0001,8,HOSTILE_GENERATION_WRAP,full-flush-before-tag-reuse,96625A20A6C26ED81BB99D4602773FD2BFA3E6B7C0F801C521FA67CC364F440C,COLD_MAG,MAGNITUDE_FINAL,true,false,true,BIN_PRIME_FRONTIER_PROP_K,1,0,259,0,0,3,1,2,2,2,0,0,0,0,2,2,0,0,1,0,0,1,2,0,0,0,0,0,2,0,0,0,0,0,0,0,0,0,0,1,257,0,2,27,259,545,1386,0,19500,114318,135204,EXPLORATORY_COMPONENT_PROXY__NOT_DECISION_ELIGIBLE,AUTHORITATIVE_W_BIT_LOAD_ADD_MUL_OUTPUT_DATAPATH_NOT_REBUILT_AT_W16_W32; EXACT_OPERATION_COUNTS_AND_IDENTICAL_MAGNITUDES_RETAINED; PROPAGATION_COMBINER_AND_POLICY_MATCHED_CONTENT_CACHE_LOGIC_NOT_IN_NAND_TOTAL,1820,0,IMPLEMENTED_TRACE_PASS
PAH-BUILD005-DEMAND-VALUATION-0001,8,HOSTILE_GENERATION_WRAP,full-flush-before-tag-reuse,96625A20A6C26ED81BB99D4602773FD2BFA3E6B7C0F801C521FA67CC364F440C,COLD_MAG,MAGNITUDE_FINAL,true,false,true,BIN_PRIME_FRONTIER_SPEC_B1_K,1,1,516,0,0,258,129,129,258,259,257,2,0,0,257,257,1,255,256,0,255,1,129,129,0,0,0,0,2,257,257,1,255,1,1,0,0,0,0,1,257,0,259,2322,515,3353,179487,0,1677000,339012,2195499,EXPLORATORY_COMPONENT_PROXY__NOT_DECISION_ELIGIBLE,AUTHORITATIVE_W_BIT_LOAD_ADD_MUL_OUTPUT_DATAPATH_NOT_REBUILT_AT_W16_W32; EXACT_OPERATION_COUNTS_AND_IDENTICAL_MAGNITUDES_RETAINED; PROPAGATION_COMBINER_AND_POLICY_MATCHED_CONTENT_CACHE_LOGIC_NOT_IN_NAND_TOTAL,2334,0,IMPLEMENTED_TRACE_PASS
PAH-BUILD005-DEMAND-VALUATION-0001,8,HOSTILE_GENERATION_WRAP,full-flush-before-tag-reuse,96625A20A6C26ED81BB99D4602773FD2BFA3E6B7C0F801C521FA67CC364F440C,COLD_MAG,MAGNITUDE_FINAL,true,false,true,BIN_PRIME_FRONTIER_SPEC_B4_K,1,4,1287,0,0,1031,130,901,1030,1030,1028,0,0,0,1030,1030,0,1028,256,0,1,1,901,129,0,0,0,0,2,1028,1028,1,1023,1,1,0,0,0,0,1,257,0,1030,9279,1287,11853,713790,0,6701500,1014846,8430136,EXPLORATORY_COMPONENT_PROXY__NOT_DECISION_ELIGIBLE,AUTHORITATIVE_W_BIT_LOAD_ADD_MUL_OUTPUT_DATAPATH_NOT_REBUILT_AT_W16_W32; EXACT_OPERATION_COUNTS_AND_IDENTICAL_MAGNITUDES_RETAINED; PROPAGATION_COMBINER_AND_POLICY_MATCHED_CONTENT_CACHE_LOGIC_NOT_IN_NAND_TOTAL,3876,0,IMPLEMENTED_TRACE_PASS
PAH-BUILD005-DEMAND-VALUATION-0001,8,HOSTILE_GENERATION_WRAP,full-flush-before-tag-reuse,96625A20A6C26ED81BB99D4602773FD2BFA3E6B7C0F801C521FA67CC364F440C,COLD_MAG,MAGNITUDE_FINAL,true,false,true,BIN_CONTENT_ANSWER_LRU_K,2,0,259,0,0,3,1,2,2,2,0,0,0,0,2,2,0,0,0,0,0,1,2,0,0,0,0,0,2,0,0,0,0,0,0,0,0,0,0,1,257,0,2,27,2,288,1386,0,19500,3524,24410,EXPLORATORY_COMPONENT_PROXY__NOT_DECISION_ELIGIBLE,AUTHORITATIVE_W_BIT_LOAD_ADD_MUL_OUTPUT_DATAPATH_NOT_REBUILT_AT_W16_W32; EXACT_OPERATION_COUNTS_AND_IDENTICAL_MAGNITUDES_RETAINED; PROPAGATION_COMBINER_AND_POLICY_MATCHED_CONTENT_CACHE_LOGIC_NOT_IN_NAND_TOTAL,1820,0,IMPLEMENTED_TRACE_PASS
PAH-BUILD005-DEMAND-VALUATION-0001,8,HOSTILE_GENERATION_WRAP,full-flush-before-tag-reuse,96625A20A6C26ED81BB99D4602773FD2BFA3E6B7C0F801C521FA67CC364F440C,COLD_MAG,MAGNITUDE_FINAL,true,false,true,BIN_FRONTIER_NOPROP_K,2,0,259,0,0,3,1,2,2,2,0,0,0,0,2,2,0,0,1,0,0,1,2,0,0,0,0,0,2,0,0,0,0,0,0,0,0,0,0,1,257,0,2,27,259,545,1386,0,19500,229941,250827,EXPLORATORY_COMPONENT_PROXY__NOT_DECISION_ELIGIBLE,AUTHORITATIVE_W_BIT_LOAD_ADD_MUL_OUTPUT_DATAPATH_NOT_REBUILT_AT_W16_W32; EXACT_OPERATION_COUNTS_AND_IDENTICAL_MAGNITUDES_RETAINED; PROPAGATION_COMBINER_AND_POLICY_MATCHED_CONTENT_CACHE_LOGIC_NOT_IN_NAND_TOTAL,1820,0,IMPLEMENTED_TRACE_PASS
PAH-BUILD005-DEMAND-VALUATION-0001,8,HOSTILE_GENERATION_WRAP,full-flush-before-tag-reuse,96625A20A6C26ED81BB99D4602773FD2BFA3E6B7C0F801C521FA67CC364F440C,COLD_MAG,MAGNITUDE_FINAL,true,false,true,BIN_PRIME_FRONTIER_PROP_K,2,0,259,0,0,3,1,2,2,2,0,0,0,0,2,2,0,0,1,0,0,1,2,0,0,0,0,0,2,0,0,0,0,0,0,0,0,0,0,1,257,0,2,27,259,545,1386,0,19500,229941,250827,EXPLORATORY_COMPONENT_PROXY__NOT_DECISION_ELIGIBLE,AUTHORITATIVE_W_BIT_LOAD_ADD_MUL_OUTPUT_DATAPATH_NOT_REBUILT_AT_W16_W32; EXACT_OPERATION_COUNTS_AND_IDENTICAL_MAGNITUDES_RETAINED; PROPAGATION_COMBINER_AND_POLICY_MATCHED_CONTENT_CACHE_LOGIC_NOT_IN_NAND_TOTAL,1820,0,IMPLEMENTED_TRACE_PASS
PAH-BUILD005-DEMAND-VALUATION-0001,8,HOSTILE_GENERATION_WRAP,full-flush-before-tag-reuse,96625A20A6C26ED81BB99D4602773FD2BFA3E6B7C0F801C521FA67CC364F440C,COLD_MAG,MAGNITUDE_FINAL,true,false,true,BIN_PRIME_FRONTIER_SPEC_B1_K,2,1,516,0,0,258,129,129,258,259,511,2,0,0,257,257,1,253,256,0,509,1,129,129,0,0,0,0,2,257,257,1,255,1,1,0,0,0,0,1,257,0,259,2322,515,3353,179487,0,1677000,681894,2538381,EXPLORATORY_COMPONENT_PROXY__NOT_DECISION_ELIGIBLE,AUTHORITATIVE_W_BIT_LOAD_ADD_MUL_OUTPUT_DATAPATH_NOT_REBUILT_AT_W16_W32; EXACT_OPERATION_COUNTS_AND_IDENTICAL_MAGNITUDES_RETAINED; PROPAGATION_COMBINER_AND_POLICY_MATCHED_CONTENT_CACHE_LOGIC_NOT_IN_NAND_TOTAL,2334,0,IMPLEMENTED_TRACE_PASS
PAH-BUILD005-DEMAND-VALUATION-0001,8,HOSTILE_GENERATION_WRAP,full-flush-before-tag-reuse,96625A20A6C26ED81BB99D4602773FD2BFA3E6B7C0F801C521FA67CC364F440C,COLD_MAG,MAGNITUDE_FINAL,true,false,true,BIN_PRIME_FRONTIER_SPEC_B4_K,2,4,1287,0,0,1031,130,901,1030,1030,2054,0,0,0,1030,1030,0,1026,512,0,1,1,901,129,0,0,0,0,2,1028,1028,1,1023,1,1,0,0,0,0,1,257,0,1030,9279,1287,11853,713790,0,6701500,2041277,9456567,EXPLORATORY_COMPONENT_PROXY__NOT_DECISION_ELIGIBLE,AUTHORITATIVE_W_BIT_LOAD_ADD_MUL_OUTPUT_DATAPATH_NOT_REBUILT_AT_W16_W32; EXACT_OPERATION_COUNTS_AND_IDENTICAL_MAGNITUDES_RETAINED; PROPAGATION_COMBINER_AND_POLICY_MATCHED_CONTENT_CACHE_LOGIC_NOT_IN_NAND_TOTAL,3876,0,IMPLEMENTED_TRACE_PASS
PAH-BUILD005-DEMAND-VALUATION-0001,8,HOSTILE_GENERATION_WRAP,full-flush-before-tag-reuse,96625A20A6C26ED81BB99D4602773FD2BFA3E6B7C0F801C521FA67CC364F440C,COLD_MAG,MAGNITUDE_FINAL,true,false,true,BIN_CONTENT_ANSWER_LRU_K,4,0,259,0,0,3,1,2,2,2,0,0,0,0,2,2,0,0,0,0,0,1,2,0,0,0,0,0,2,0,0,0,0,0,0,0,0,0,0,1,257,0,2,27,2,288,1386,0,19500,7152,28038,EXPLORATORY_COMPONENT_PROXY__NOT_DECISION_ELIGIBLE,AUTHORITATIVE_W_BIT_LOAD_ADD_MUL_OUTPUT_DATAPATH_NOT_REBUILT_AT_W16_W32; EXACT_OPERATION_COUNTS_AND_IDENTICAL_MAGNITUDES_RETAINED; PROPAGATION_COMBINER_AND_POLICY_MATCHED_CONTENT_CACHE_LOGIC_NOT_IN_NAND_TOTAL,1820,0,IMPLEMENTED_TRACE_PASS
PAH-BUILD005-DEMAND-VALUATION-0001,8,HOSTILE_GENERATION_WRAP,full-flush-before-tag-reuse,96625A20A6C26ED81BB99D4602773FD2BFA3E6B7C0F801C521FA67CC364F440C,COLD_MAG,MAGNITUDE_FINAL,true,false,true,BIN_FRONTIER_NOPROP_K,4,0,259,0,0,3,1,2,2,2,0,0,0,0,2,2,0,0,1,0,0,1,2,0,0,0,0,0,2,0,0,0,0,0,0,0,0,0,0,1,257,0,2,27,259,545,1386,0,19500,466668,487554,EXPLORATORY_COMPONENT_PROXY__NOT_DECISION_ELIGIBLE,AUTHORITATIVE_W_BIT_LOAD_ADD_MUL_OUTPUT_DATAPATH_NOT_REBUILT_AT_W16_W32; EXACT_OPERATION_COUNTS_AND_IDENTICAL_MAGNITUDES_RETAINED; PROPAGATION_COMBINER_AND_POLICY_MATCHED_CONTENT_CACHE_LOGIC_NOT_IN_NAND_TOTAL,1820,0,IMPLEMENTED_TRACE_PASS
PAH-BUILD005-DEMAND-VALUATION-0001,8,HOSTILE_GENERATION_WRAP,full-flush-before-tag-reuse,96625A20A6C26ED81BB99D4602773FD2BFA3E6B7C0F801C521FA67CC364F440C,COLD_MAG,MAGNITUDE_FINAL,true,false,true,BIN_PRIME_FRONTIER_PROP_K,4,0,259,0,0,3,1,2,2,2,0,0,0,0,2,2,0,0,1,0,0,1,2,0,0,0,0,0,2,0,0,0,0,0,0,0,0,0,0,1,257,0,2,27,259,545,1386,0,19500,466668,487554,EXPLORATORY_COMPONENT_PROXY__NOT_DECISION_ELIGIBLE,AUTHORITATIVE_W_BIT_LOAD_ADD_MUL_OUTPUT_DATAPATH_NOT_REBUILT_AT_W16_W32; EXACT_OPERATION_COUNTS_AND_IDENTICAL_MAGNITUDES_RETAINED; PROPAGATION_COMBINER_AND_POLICY_MATCHED_CONTENT_CACHE_LOGIC_NOT_IN_NAND_TOTAL,1820,0,IMPLEMENTED_TRACE_PASS
PAH-BUILD005-DEMAND-VALUATION-0001,8,HOSTILE_GENERATION_WRAP,full-flush-before-tag-reuse,96625A20A6C26ED81BB99D4602773FD2BFA3E6B7C0F801C521FA67CC364F440C,COLD_MAG,MAGNITUDE_FINAL,true,false,true,BIN_PRIME_FRONTIER_SPEC_B1_K,4,1,516,0,0,258,129,129,258,259,1014,2,0,0,257,257,1,251,256,0,1012,1,129,129,0,0,0,0,2,257,257,1,255,1,1,0,0,0,0,1,257,0,259,2322,515,3353,179487,0,1677000,1383912,3240399,EXPLORATORY_COMPONENT_PROXY__NOT_DECISION_ELIGIBLE,AUTHORITATIVE_W_BIT_LOAD_ADD_MUL_OUTPUT_DATAPATH_NOT_REBUILT_AT_W16_W32; EXACT_OPERATION_COUNTS_AND_IDENTICAL_MAGNITUDES_RETAINED; PROPAGATION_COMBINER_AND_POLICY_MATCHED_CONTENT_CACHE_LOGIC_NOT_IN_NAND_TOTAL,2334,0,IMPLEMENTED_TRACE_PASS
PAH-BUILD005-DEMAND-VALUATION-0001,8,HOSTILE_GENERATION_WRAP,full-flush-before-tag-reuse,96625A20A6C26ED81BB99D4602773FD2BFA3E6B7C0F801C521FA67CC364F440C,COLD_MAG,MAGNITUDE_FINAL,true,false,true,BIN_PRIME_FRONTIER_SPEC_B4_K,4,4,1287,0,0,1029,129,900,1029,1030,4100,2,0,0,1028,1028,1,1020,1024,0,1017,1,900,129,0,0,0,0,2,1028,1028,1,1023,1,1,0,0,0,0,1,257,0,1030,9261,1286,11834,713790,0,6688500,4141008,11543298,EXPLORATORY_COMPONENT_PROXY__NOT_DECISION_ELIGIBLE,AUTHORITATIVE_W_BIT_LOAD_ADD_MUL_OUTPUT_DATAPATH_NOT_REBUILT_AT_W16_W32; EXACT_OPERATION_COUNTS_AND_IDENTICAL_MAGNITUDES_RETAINED; PROPAGATION_COMBINER_AND_POLICY_MATCHED_CONTENT_CACHE_LOGIC_NOT_IN_NAND_TOTAL,3876,0,IMPLEMENTED_TRACE_PASS
PAH-BUILD005-DEMAND-VALUATION-0001,16,STATIC_REUSE,unchanged-positive-and-negative-hits,B4E4657C80CD1D19C9F7A3F213AFBA34E28A879ADD7025031F05F03A0B3FC34C,COLD_MAG,MAGNITUDE_FINAL,false,false,true,BIN_DIRECT_BEST,0,0,38,0,0,184,156,28,36,0,0,0,0,0,0,0,0,0,0,0,0,0,28,8,0,0,0,0,36,0,0,0,0,0,0,0,0,0,0,1,2,0,36,3128,0,3166,37620,0,3775680,0,3813300,EXPLORATORY_COMPONENT_PROXY__NOT_DECISION_ELIGIBLE,AUTHORITATIVE_W_BIT_LOAD_ADD_MUL_OUTPUT_DATAPATH_NOT_REBUILT_AT_W16_W32; EXACT_OPERATION_COUNTS_AND_IDENTICAL_MAGNITUDES_RETAINED; PROPAGATION_COMBINER_AND_POLICY_MATCHED_CONTENT_CACHE_LOGIC_NOT_IN_NAND_TOTAL,375,0,IMPLEMENTED_TRACE_PASS
PAH-BUILD005-DEMAND-VALUATION-0001,16,STATIC_REUSE,unchanged-positive-and-negative-hits,B4E4657C80CD1D19C9F7A3F213AFBA34E28A879ADD7025031F05F03A0B3FC34C,COLD_MAG,MAGNITUDE_FINAL,false,false,true,BIN_CONTENT_ANSWER_LRU_K,1,0,38,0,0,12,10,2,3,36,34,33,7,0,3,2,0,1,0,0,0,0,2,1,0,0,0,0,36,0,0,0,0,0,0,0,0,0,0,1,2,0,36,204,2,244,37620,0,246240,20748,304608,EXPLORATORY_COMPONENT_PROXY__NOT_DECISION_ELIGIBLE,AUTHORITATIVE_W_BIT_LOAD_ADD_MUL_OUTPUT_DATAPATH_NOT_REBUILT_AT_W16_W32; EXACT_OPERATION_COUNTS_AND_IDENTICAL_MAGNITUDES_RETAINED; PROPAGATION_COMBINER_AND_POLICY_MATCHED_CONTENT_CACHE_LOGIC_NOT_IN_NAND_TOTAL,375,0,IMPLEMENTED_TRACE_PASS
PAH-BUILD005-DEMAND-VALUATION-0001,16,STATIC_REUSE,unchanged-positive-and-negative-hits,B4E4657C80CD1D19C9F7A3F213AFBA34E28A879ADD7025031F05F03A0B3FC34C,COLD_MAG,MAGNITUDE_FINAL,false,false,true,BIN_FRONTIER_NOPROP_K,1,0,38,0,0,10,8,2,3,36,35,34,7,0,2,2,1,1,1,0,0,0,2,1,0,0,0,0,36,0,0,0,0,0,0,0,0,0,0,1,2,0,36,170,5,213,37620,0,205200,22386,265206,EXPLORATORY_COMPONENT_PROXY__NOT_DECISION_ELIGIBLE,AUTHORITATIVE_W_BIT_LOAD_ADD_MUL_OUTPUT_DATAPATH_NOT_REBUILT_AT_W16_W32; EXACT_OPERATION_COUNTS_AND_IDENTICAL_MAGNITUDES_RETAINED; PROPAGATION_COMBINER_AND_POLICY_MATCHED_CONTENT_CACHE_LOGIC_NOT_IN_NAND_TOTAL,375,0,IMPLEMENTED_TRACE_PASS
PAH-BUILD005-DEMAND-VALUATION-0001,16,STATIC_REUSE,unchanged-positive-and-negative-hits,B4E4657C80CD1D19C9F7A3F213AFBA34E28A879ADD7025031F05F03A0B3FC34C,COLD_MAG,MAGNITUDE_FINAL,false,false,true,BIN_PRIME_FRONTIER_PROP_K,1,0,38,0,0,10,8,2,3,36,35,34,7,0,2,2,1,1,1,0,0,0,2,1,0,0,0,0,36,0,0,0,0,0,0,0,0,0,0,1,2,0,36,170,5,213,37620,0,205200,22386,265206,EXPLORATORY_COMPONENT_PROXY__NOT_DECISION_ELIGIBLE,AUTHORITATIVE_W_BIT_LOAD_ADD_MUL_OUTPUT_DATAPATH_NOT_REBUILT_AT_W16_W32; EXACT_OPERATION_COUNTS_AND_IDENTICAL_MAGNITUDES_RETAINED; PROPAGATION_COMBINER_AND_POLICY_MATCHED_CONTENT_CACHE_LOGIC_NOT_IN_NAND_TOTAL,375,0,IMPLEMENTED_TRACE_PASS
PAH-BUILD005-DEMAND-VALUATION-0001,16,STATIC_REUSE,unchanged-positive-and-negative-hits,B4E4657C80CD1D19C9F7A3F213AFBA34E28A879ADD7025031F05F03A0B3FC34C,COLD_MAG,MAGNITUDE_FINAL,false,false,true,BIN_PRIME_FRONTIER_SPEC_B1_K,1,1,40,0,0,11,9,2,5,38,37,35,7,0,3,3,2,2,1,0,1,0,2,3,0,0,0,0,36,2,2,1,1,1,1,0,0,0,0,1,2,0,38,187,7,234,39710,0,225720,24570,290000,EXPLORATORY_COMPONENT_PROXY__NOT_DECISION_ELIGIBLE,AUTHORITATIVE_W_BIT_LOAD_ADD_MUL_OUTPUT_DATAPATH_NOT_REBUILT_AT_W16_W32; EXACT_OPERATION_COUNTS_AND_IDENTICAL_MAGNITUDES_RETAINED; PROPAGATION_COMBINER_AND_POLICY_MATCHED_CONTENT_CACHE_LOGIC_NOT_IN_NAND_TOTAL,379,0,IMPLEMENTED_TRACE_PASS
PAH-BUILD005-DEMAND-VALUATION-0001,16,STATIC_REUSE,unchanged-positive-and-negative-hits,B4E4657C80CD1D19C9F7A3F213AFBA34E28A879ADD7025031F05F03A0B3FC34C,COLD_MAG,MAGNITUDE_FINAL,false,false,true,BIN_PRIME_FRONTIER_SPEC_B4_K,1,4,46,0,0,18,12,6,11,44,43,34,7,0,10,10,1,9,1,0,1,0,6,5,0,0,0,0,36,8,8,1,7,1,1,0,0,0,0,1,2,0,44,306,13,365,45980,0,369360,31122,446462,EXPLORATORY_COMPONENT_PROXY__NOT_DECISION_ELIGIBLE,AUTHORITATIVE_W_BIT_LOAD_ADD_MUL_OUTPUT_DATAPATH_NOT_REBUILT_AT_W16_W32; EXACT_OPERATION_COUNTS_AND_IDENTICAL_MAGNITUDES_RETAINED; PROPAGATION_COMBINER_AND_POLICY_MATCHED_CONTENT_CACHE_LOGIC_NOT_IN_NAND_TOTAL,391,0,IMPLEMENTED_TRACE_PASS
PAH-BUILD005-DEMAND-VALUATION-0001,16,STATIC_REUSE,unchanged-positive-and-negative-hits,B4E4657C80CD1D19C9F7A3F213AFBA34E28A879ADD7025031F05F03A0B3FC34C,COLD_MAG,MAGNITUDE_FINAL,false,false,true,BIN_CONTENT_ANSWER_LRU_K,2,0,38,0,0,12,10,2,3,36,45,33,7,0,3,2,0,0,0,0,0,0,2,1,0,0,0,0,36,0,0,0,0,0,0,0,0,0,0,1,2,0,36,204,2,244,37620,0,246240,41686,325546,EXPLORATORY_COMPONENT_PROXY__NOT_DECISION_ELIGIBLE,AUTHORITATIVE_W_BIT_LOAD_ADD_MUL_OUTPUT_DATAPATH_NOT_REBUILT_AT_W16_W32; EXACT_OPERATION_COUNTS_AND_IDENTICAL_MAGNITUDES_RETAINED; PROPAGATION_COMBINER_AND_POLICY_MATCHED_CONTENT_CACHE_LOGIC_NOT_IN_NAND_TOTAL,375,0,IMPLEMENTED_TRACE_PASS
PAH-BUILD005-DEMAND-VALUATION-0001,16,STATIC_REUSE,unchanged-positive-and-negative-hits,B4E4657C80CD1D19C9F7A3F213AFBA34E28A879ADD7025031F05F03A0B3FC34C,COLD_MAG,MAGNITUDE_FINAL,false,false,true,BIN_FRONTIER_NOPROP_K,2,0,38,0,0,10,8,2,3,36,46,34,7,0,2,2,1,0,1,0,0,0,2,1,0,0,0,0,36,0,0,0,0,0,0,0,0,0,0,1,2,0,36,170,5,213,37620,0,205200,44977,287797,EXPLORATORY_COMPONENT_PROXY__NOT_DECISION_ELIGIBLE,AUTHORITATIVE_W_BIT_LOAD_ADD_MUL_OUTPUT_DATAPATH_NOT_REBUILT_AT_W16_W32; EXACT_OPERATION_COUNTS_AND_IDENTICAL_MAGNITUDES_RETAINED; PROPAGATION_COMBINER_AND_POLICY_MATCHED_CONTENT_CACHE_LOGIC_NOT_IN_NAND_TOTAL,375,0,IMPLEMENTED_TRACE_PASS
PAH-BUILD005-DEMAND-VALUATION-0001,16,STATIC_REUSE,unchanged-positive-and-negative-hits,B4E4657C80CD1D19C9F7A3F213AFBA34E28A879ADD7025031F05F03A0B3FC34C,COLD_MAG,MAGNITUDE_FINAL,false,false,true,BIN_PRIME_FRONTIER_PROP_K,2,0,38,0,0,10,8,2,3,36,46,34,7,0,2,2,1,0,1,0,0,0,2,1,0,0,0,0,36,0,0,0,0,0,0,0,0,0,0,1,2,0,36,170,5,213,37620,0,205200,44977,287797,EXPLORATORY_COMPONENT_PROXY__NOT_DECISION_ELIGIBLE,AUTHORITATIVE_W_BIT_LOAD_ADD_MUL_OUTPUT_DATAPATH_NOT_REBUILT_AT_W16_W32; EXACT_OPERATION_COUNTS_AND_IDENTICAL_MAGNITUDES_RETAINED; PROPAGATION_COMBINER_AND_POLICY_MATCHED_CONTENT_CACHE_LOGIC_NOT_IN_NAND_TOTAL,375,0,IMPLEMENTED_TRACE_PASS
PAH-BUILD005-DEMAND-VALUATION-0001,16,STATIC_REUSE,unchanged-positive-and-negative-hits,B4E4657C80CD1D19C9F7A3F213AFBA34E28A879ADD7025031F05F03A0B3FC34C,COLD_MAG,MAGNITUDE_FINAL,false,false,true,BIN_PRIME_FRONTIER_SPEC_B1_K,2,1,40,0,0,11,9,2,5,38,49,35,7,0,3,3,2,1,1,0,1,0,2,3,0,0,0,0,36,2,2,1,1,1,1,0,0,0,0,1,2,0,38,187,7,234,39710,0,225720,49365,314795,EXPLORATORY_COMPONENT_PROXY__NOT_DECISION_ELIGIBLE,AUTHORITATIVE_W_BIT_LOAD_ADD_MUL_OUTPUT_DATAPATH_NOT_REBUILT_AT_W16_W32; EXACT_OPERATION_COUNTS_AND_IDENTICAL_MAGNITUDES_RETAINED; PROPAGATION_COMBINER_AND_POLICY_MATCHED_CONTENT_CACHE_LOGIC_NOT_IN_NAND_TOTAL,379,0,IMPLEMENTED_TRACE_PASS
PAH-BUILD005-DEMAND-VALUATION-0001,16,STATIC_REUSE,unchanged-positive-and-negative-hits,B4E4657C80CD1D19C9F7A3F213AFBA34E28A879ADD7025031F05F03A0B3FC34C,COLD_MAG,MAGNITUDE_FINAL,false,false,true,BIN_PRIME_FRONTIER_SPEC_B4_K,2,4,46,0,0,18,12,6,11,44,85,34,7,0,10,10,1,8,2,0,1,0,6,5,0,0,0,0,36,8,8,1,7,1,1,0,0,0,0,1,2,0,44,306,13,365,45980,0,369360,62529,477869,EXPLORATORY_COMPONENT_PROXY__NOT_DECISION_ELIGIBLE,AUTHORITATIVE_W_BIT_LOAD_ADD_MUL_OUTPUT_DATAPATH_NOT_REBUILT_AT_W16_W32; EXACT_OPERATION_COUNTS_AND_IDENTICAL_MAGNITUDES_RETAINED; PROPAGATION_COMBINER_AND_POLICY_MATCHED_CONTENT_CACHE_LOGIC_NOT_IN_NAND_TOTAL,391,0,IMPLEMENTED_TRACE_PASS
PAH-BUILD005-DEMAND-VALUATION-0001,16,STATIC_REUSE,unchanged-positive-and-negative-hits,B4E4657C80CD1D19C9F7A3F213AFBA34E28A879ADD7025031F05F03A0B3FC34C,COLD_MAG,MAGNITUDE_FINAL,false,false,true,BIN_CONTENT_ANSWER_LRU_K,4,0,38,0,0,12,10,2,3,36,45,33,7,0,3,2,0,0,0,0,0,0,2,1,0,0,0,0,36,0,0,0,0,0,0,0,0,0,0,1,2,0,36,204,2,244,37620,0,246240,84360,368220,EXPLORATORY_COMPONENT_PROXY__NOT_DECISION_ELIGIBLE,AUTHORITATIVE_W_BIT_LOAD_ADD_MUL_OUTPUT_DATAPATH_NOT_REBUILT_AT_W16_W32; EXACT_OPERATION_COUNTS_AND_IDENTICAL_MAGNITUDES_RETAINED; PROPAGATION_COMBINER_AND_POLICY_MATCHED_CONTENT_CACHE_LOGIC_NOT_IN_NAND_TOTAL,375,0,IMPLEMENTED_TRACE_PASS
PAH-BUILD005-DEMAND-VALUATION-0001,16,STATIC_REUSE,unchanged-positive-and-negative-hits,B4E4657C80CD1D19C9F7A3F213AFBA34E28A879ADD7025031F05F03A0B3FC34C,COLD_MAG,MAGNITUDE_FINAL,false,false,true,BIN_FRONTIER_NOPROP_K,4,0,38,0,0,10,8,2,3,36,46,34,7,0,2,2,1,0,1,0,0,0,2,1,0,0,0,0,36,0,0,0,0,0,0,0,0,0,0,1,2,0,36,170,5,213,37620,0,205200,91020,333840,EXPLORATORY_COMPONENT_PROXY__NOT_DECISION_ELIGIBLE,AUTHORITATIVE_W_BIT_LOAD_ADD_MUL_OUTPUT_DATAPATH_NOT_REBUILT_AT_W16_W32; EXACT_OPERATION_COUNTS_AND_IDENTICAL_MAGNITUDES_RETAINED; PROPAGATION_COMBINER_AND_POLICY_MATCHED_CONTENT_CACHE_LOGIC_NOT_IN_NAND_TOTAL,375,0,IMPLEMENTED_TRACE_PASS
PAH-BUILD005-DEMAND-VALUATION-0001,16,STATIC_REUSE,unchanged-positive-and-negative-hits,B4E4657C80CD1D19C9F7A3F213AFBA34E28A879ADD7025031F05F03A0B3FC34C,COLD_MAG,MAGNITUDE_FINAL,false,false,true,BIN_PRIME_FRONTIER_PROP_K,4,0,38,0,0,10,8,2,3,36,46,34,7,0,2,2,1,0,1,0,0,0,2,1,0,0,0,0,36,0,0,0,0,0,0,0,0,0,0,1,2,0,36,170,5,213,37620,0,205200,91020,333840,EXPLORATORY_COMPONENT_PROXY__NOT_DECISION_ELIGIBLE,AUTHORITATIVE_W_BIT_LOAD_ADD_MUL_OUTPUT_DATAPATH_NOT_REBUILT_AT_W16_W32; EXACT_OPERATION_COUNTS_AND_IDENTICAL_MAGNITUDES_RETAINED; PROPAGATION_COMBINER_AND_POLICY_MATCHED_CONTENT_CACHE_LOGIC_NOT_IN_NAND_TOTAL,375,0,IMPLEMENTED_TRACE_PASS
PAH-BUILD005-DEMAND-VALUATION-0001,16,STATIC_REUSE,unchanged-positive-and-negative-hits,B4E4657C80CD1D19C9F7A3F213AFBA34E28A879ADD7025031F05F03A0B3FC34C,COLD_MAG,MAGNITUDE_FINAL,false,false,true,BIN_PRIME_FRONTIER_SPEC_B1_K,4,1,40,0,0,11,9,2,5,38,60,35,7,0,3,3,2,0,1,0,1,0,2,3,0,0,0,0,36,2,2,1,1,1,1,0,0,0,0,1,2,0,38,187,7,234,39710,0,225720,99900,365330,EXPLORATORY_COMPONENT_PROXY__NOT_DECISION_ELIGIBLE,AUTHORITATIVE_W_BIT_LOAD_ADD_MUL_OUTPUT_DATAPATH_NOT_REBUILT_AT_W16_W32; EXACT_OPERATION_COUNTS_AND_IDENTICAL_MAGNITUDES_RETAINED; PROPAGATION_COMBINER_AND_POLICY_MATCHED_CONTENT_CACHE_LOGIC_NOT_IN_NAND_TOTAL,379,0,IMPLEMENTED_TRACE_PASS
PAH-BUILD005-DEMAND-VALUATION-0001,16,STATIC_REUSE,unchanged-positive-and-negative-hits,B4E4657C80CD1D19C9F7A3F213AFBA34E28A879ADD7025031F05F03A0B3FC34C,COLD_MAG,MAGNITUDE_FINAL,false,false,true,BIN_PRIME_FRONTIER_SPEC_B4_K,4,4,46,0,0,17,11,6,11,44,166,35,7,0,9,9,2,5,4,0,1,0,6,5,0,0,0,0,36,8,8,1,7,1,1,0,0,0,0,1,2,0,44,289,13,348,45980,0,348840,126540,521360,EXPLORATORY_COMPONENT_PROXY__NOT_DECISION_ELIGIBLE,AUTHORITATIVE_W_BIT_LOAD_ADD_MUL_OUTPUT_DATAPATH_NOT_REBUILT_AT_W16_W32; EXACT_OPERATION_COUNTS_AND_IDENTICAL_MAGNITUDES_RETAINED; PROPAGATION_COMBINER_AND_POLICY_MATCHED_CONTENT_CACHE_LOGIC_NOT_IN_NAND_TOTAL,391,0,IMPLEMENTED_TRACE_PASS
PAH-BUILD005-DEMAND-VALUATION-0001,16,THRESHOLD_STAIRCASE,ascending-descending-shuffled,3FAD51A9ED8CD2DBB23581B0E6CFAA460F8960C3687AF53F77F78FDE6D17ACEF,COLD_MAG,MAGNITUDE_FINAL,false,false,true,BIN_DIRECT_BEST,0,0,35,0,0,205,198,7,34,0,0,0,0,0,0,0,0,0,0,0,0,0,7,27,0,0,0,0,34,0,0,0,0,0,0,0,0,0,0,1,1,0,34,3485,0,3520,35530,0,4206600,0,4242130,EXPLORATORY_COMPONENT_PROXY__NOT_DECISION_ELIGIBLE,AUTHORITATIVE_W_BIT_LOAD_ADD_MUL_OUTPUT_DATAPATH_NOT_REBUILT_AT_W16_W32; EXACT_OPERATION_COUNTS_AND_IDENTICAL_MAGNITUDES_RETAINED; PROPAGATION_COMBINER_AND_POLICY_MATCHED_CONTENT_CACHE_LOGIC_NOT_IN_NAND_TOTAL,348,0,IMPLEMENTED_TRACE_PASS
PAH-BUILD005-DEMAND-VALUATION-0001,16,THRESHOLD_STAIRCASE,ascending-descending-shuffled,3FAD51A9ED8CD2DBB23581B0E6CFAA460F8960C3687AF53F77F78FDE6D17ACEF,COLD_MAG,MAGNITUDE_FINAL,false,false,true,BIN_CONTENT_ANSWER_LRU_K,1,0,35,0,0,55,54,1,10,34,24,24,18,5,10,1,0,0,0,0,0,0,1,9,0,0,0,0,34,0,0,0,0,0,0,0,0,0,0,1,1,0,34,935,1,971,35530,0,1128600,19110,1183240,EXPLORATORY_COMPONENT_PROXY__NOT_DECISION_ELIGIBLE,AUTHORITATIVE_W_BIT_LOAD_ADD_MUL_OUTPUT_DATAPATH_NOT_REBUILT_AT_W16_W32; EXACT_OPERATION_COUNTS_AND_IDENTICAL_MAGNITUDES_RETAINED; PROPAGATION_COMBINER_AND_POLICY_MATCHED_CONTENT_CACHE_LOGIC_NOT_IN_NAND_TOTAL,348,0,IMPLEMENTED_TRACE_PASS
PAH-BUILD005-DEMAND-VALUATION-0001,16,THRESHOLD_STAIRCASE,ascending-descending-shuffled,3FAD51A9ED8CD2DBB23581B0E6CFAA460F8960C3687AF53F77F78FDE6D17ACEF,COLD_MAG,MAGNITUDE_FINAL,false,false,true,BIN_FRONTIER_NOPROP_K,1,0,35,0,0,10,9,1,10,34,33,33,18,5,1,1,9,0,0,0,0,0,1,9,0,0,0,0,34,0,0,0,0,0,0,0,0,0,0,1,1,0,34,170,11,216,35530,0,205200,24570,265300,EXPLORATORY_COMPONENT_PROXY__NOT_DECISION_ELIGIBLE,AUTHORITATIVE_W_BIT_LOAD_ADD_MUL_OUTPUT_DATAPATH_NOT_REBUILT_AT_W16_W32; EXACT_OPERATION_COUNTS_AND_IDENTICAL_MAGNITUDES_RETAINED; PROPAGATION_COMBINER_AND_POLICY_MATCHED_CONTENT_CACHE_LOGIC_NOT_IN_NAND_TOTAL,348,0,IMPLEMENTED_TRACE_PASS
PAH-BUILD005-DEMAND-VALUATION-0001,16,THRESHOLD_STAIRCASE,ascending-descending-shuffled,3FAD51A9ED8CD2DBB23581B0E6CFAA460F8960C3687AF53F77F78FDE6D17ACEF,COLD_MAG,MAGNITUDE_FINAL,false,false,true,BIN_PRIME_FRONTIER_PROP_K,1,0,35,0,0,10,9,1,10,34,33,33,18,5,1,1,9,0,0,0,0,0,1,9,0,0,0,0,34,0,0,0,0,0,0,0,0,0,0,1,1,0,34,170,11,216,35530,0,205200,24570,265300,EXPLORATORY_COMPONENT_PROXY__NOT_DECISION_ELIGIBLE,AUTHORITATIVE_W_BIT_LOAD_ADD_MUL_OUTPUT_DATAPATH_NOT_REBUILT_AT_W16_W32; EXACT_OPERATION_COUNTS_AND_IDENTICAL_MAGNITUDES_RETAINED; PROPAGATION_COMBINER_AND_POLICY_MATCHED_CONTENT_CACHE_LOGIC_NOT_IN_NAND_TOTAL,348,0,IMPLEMENTED_TRACE_PASS
PAH-BUILD005-DEMAND-VALUATION-0001,16,THRESHOLD_STAIRCASE,ascending-descending-shuffled,3FAD51A9ED8CD2DBB23581B0E6CFAA460F8960C3687AF53F77F78FDE6D17ACEF,COLD_MAG,MAGNITUDE_FINAL,false,false,true,BIN_PRIME_FRONTIER_SPEC_B1_K,1,1,36,0,0,10,9,1,10,35,34,34,19,5,1,1,9,0,0,0,0,0,1,9,0,0,0,0,34,1,1,1,0,1,1,0,0,0,0,1,1,0,35,170,11,217,36575,0,205200,25116,266891,EXPLORATORY_COMPONENT_PROXY__NOT_DECISION_ELIGIBLE,AUTHORITATIVE_W_BIT_LOAD_ADD_MUL_OUTPUT_DATAPATH_NOT_REBUILT_AT_W16_W32; EXACT_OPERATION_COUNTS_AND_IDENTICAL_MAGNITUDES_RETAINED; PROPAGATION_COMBINER_AND_POLICY_MATCHED_CONTENT_CACHE_LOGIC_NOT_IN_NAND_TOTAL,350,0,IMPLEMENTED_TRACE_PASS
PAH-BUILD005-DEMAND-VALUATION-0001,16,THRESHOLD_STAIRCASE,ascending-descending-shuffled,3FAD51A9ED8CD2DBB23581B0E6CFAA460F8960C3687AF53F77F78FDE6D17ACEF,COLD_MAG,MAGNITUDE_FINAL,false,false,true,BIN_PRIME_FRONTIER_SPEC_B4_K,1,4,39,0,0,14,10,4,14,38,37,33,18,5,5,5,9,4,0,0,0,0,4,10,0,0,0,0,34,4,4,1,3,1,1,0,0,0,0,1,1,0,38,238,15,292,39710,0,287280,28938,355928,EXPLORATORY_COMPONENT_PROXY__NOT_DECISION_ELIGIBLE,AUTHORITATIVE_W_BIT_LOAD_ADD_MUL_OUTPUT_DATAPATH_NOT_REBUILT_AT_W16_W32; EXACT_OPERATION_COUNTS_AND_IDENTICAL_MAGNITUDES_RETAINED; PROPAGATION_COMBINER_AND_POLICY_MATCHED_CONTENT_CACHE_LOGIC_NOT_IN_NAND_TOTAL,356,0,IMPLEMENTED_TRACE_PASS
PAH-BUILD005-DEMAND-VALUATION-0001,16,THRESHOLD_STAIRCASE,ascending-descending-shuffled,3FAD51A9ED8CD2DBB23581B0E6CFAA460F8960C3687AF53F77F78FDE6D17ACEF,COLD_MAG,MAGNITUDE_FINAL,false,false,true,BIN_CONTENT_ANSWER_LRU_K,2,0,35,0,0,55,54,1,10,34,24,24,18,5,10,1,0,0,0,0,0,0,1,9,0,0,0,0,34,0,0,0,0,0,0,0,0,0,0,1,1,0,34,935,1,971,35530,0,1128600,38395,1202525,EXPLORATORY_COMPONENT_PROXY__NOT_DECISION_ELIGIBLE,AUTHORITATIVE_W_BIT_LOAD_ADD_MUL_OUTPUT_DATAPATH_NOT_REBUILT_AT_W16_W32; EXACT_OPERATION_COUNTS_AND_IDENTICAL_MAGNITUDES_RETAINED; PROPAGATION_COMBINER_AND_POLICY_MATCHED_CONTENT_CACHE_LOGIC_NOT_IN_NAND_TOTAL,348,0,IMPLEMENTED_TRACE_PASS
PAH-BUILD005-DEMAND-VALUATION-0001,16,THRESHOLD_STAIRCASE,ascending-descending-shuffled,3FAD51A9ED8CD2DBB23581B0E6CFAA460F8960C3687AF53F77F78FDE6D17ACEF,COLD_MAG,MAGNITUDE_FINAL,false,false,true,BIN_FRONTIER_NOPROP_K,2,0,35,0,0,10,9,1,10,34,33,33,18,5,1,1,9,0,0,0,0,0,1,9,0,0,0,0,34,0,0,0,0,0,0,0,0,0,0,1,1,0,34,170,11,216,35530,0,205200,49365,290095,EXPLORATORY_COMPONENT_PROXY__NOT_DECISION_ELIGIBLE,AUTHORITATIVE_W_BIT_LOAD_ADD_MUL_OUTPUT_DATAPATH_NOT_REBUILT_AT_W16_W32; EXACT_OPERATION_COUNTS_AND_IDENTICAL_MAGNITUDES_RETAINED; PROPAGATION_COMBINER_AND_POLICY_MATCHED_CONTENT_CACHE_LOGIC_NOT_IN_NAND_TOTAL,348,0,IMPLEMENTED_TRACE_PASS
PAH-BUILD005-DEMAND-VALUATION-0001,16,THRESHOLD_STAIRCASE,ascending-descending-shuffled,3FAD51A9ED8CD2DBB23581B0E6CFAA460F8960C3687AF53F77F78FDE6D17ACEF,COLD_MAG,MAGNITUDE_FINAL,false,false,true,BIN_PRIME_FRONTIER_PROP_K,2,0,35,0,0,10,9,1,10,34,33,33,18,5,1,1,9,0,0,0,0,0,1,9,0,0,0,0,34,0,0,0,0,0,0,0,0,0,0,1,1,0,34,170,11,216,35530,0,205200,49365,290095,EXPLORATORY_COMPONENT_PROXY__NOT_DECISION_ELIGIBLE,AUTHORITATIVE_W_BIT_LOAD_ADD_MUL_OUTPUT_DATAPATH_NOT_REBUILT_AT_W16_W32; EXACT_OPERATION_COUNTS_AND_IDENTICAL_MAGNITUDES_RETAINED; PROPAGATION_COMBINER_AND_POLICY_MATCHED_CONTENT_CACHE_LOGIC_NOT_IN_NAND_TOTAL,348,0,IMPLEMENTED_TRACE_PASS
PAH-BUILD005-DEMAND-VALUATION-0001,16,THRESHOLD_STAIRCASE,ascending-descending-shuffled,3FAD51A9ED8CD2DBB23581B0E6CFAA460F8960C3687AF53F77F78FDE6D17ACEF,COLD_MAG,MAGNITUDE_FINAL,false,false,true,BIN_PRIME_FRONTIER_SPEC_B1_K,2,1,36,0,0,10,9,1,10,35,34,34,19,5,1,1,9,0,0,0,0,0,1,9,0,0,0,0,34,1,1,1,0,1,1,0,0,0,0,1,1,0,35,170,11,217,36575,0,205200,50462,292237,EXPLORATORY_COMPONENT_PROXY__NOT_DECISION_ELIGIBLE,AUTHORITATIVE_W_BIT_LOAD_ADD_MUL_OUTPUT_DATAPATH_NOT_REBUILT_AT_W16_W32; EXACT_OPERATION_COUNTS_AND_IDENTICAL_MAGNITUDES_RETAINED; PROPAGATION_COMBINER_AND_POLICY_MATCHED_CONTENT_CACHE_LOGIC_NOT_IN_NAND_TOTAL,350,0,IMPLEMENTED_TRACE_PASS
PAH-BUILD005-DEMAND-VALUATION-0001,16,THRESHOLD_STAIRCASE,ascending-descending-shuffled,3FAD51A9ED8CD2DBB23581B0E6CFAA460F8960C3687AF53F77F78FDE6D17ACEF,COLD_MAG,MAGNITUDE_FINAL,false,false,true,BIN_PRIME_FRONTIER_SPEC_B4_K,2,4,39,0,0,14,10,4,14,38,73,33,18,5,5,5,9,3,0,0,0,0,4,10,0,0,0,0,34,4,4,1,3,1,1,0,0,0,0,1,1,0,38,238,15,292,39710,0,287280,58141,385131,EXPLORATORY_COMPONENT_PROXY__NOT_DECISION_ELIGIBLE,AUTHORITATIVE_W_BIT_LOAD_ADD_MUL_OUTPUT_DATAPATH_NOT_REBUILT_AT_W16_W32; EXACT_OPERATION_COUNTS_AND_IDENTICAL_MAGNITUDES_RETAINED; PROPAGATION_COMBINER_AND_POLICY_MATCHED_CONTENT_CACHE_LOGIC_NOT_IN_NAND_TOTAL,356,0,IMPLEMENTED_TRACE_PASS
PAH-BUILD005-DEMAND-VALUATION-0001,16,THRESHOLD_STAIRCASE,ascending-descending-shuffled,3FAD51A9ED8CD2DBB23581B0E6CFAA460F8960C3687AF53F77F78FDE6D17ACEF,COLD_MAG,MAGNITUDE_FINAL,false,false,true,BIN_CONTENT_ANSWER_LRU_K,4,0,35,0,0,55,54,1,10,34,24,24,18,5,10,1,0,0,0,0,0,0,1,9,0,0,0,0,34,0,0,0,0,0,0,0,0,0,0,1,1,0,34,935,1,971,35530,0,1128600,77700,1241830,EXPLORATORY_COMPONENT_PROXY__NOT_DECISION_ELIGIBLE,AUTHORITATIVE_W_BIT_LOAD_ADD_MUL_OUTPUT_DATAPATH_NOT_REBUILT_AT_W16_W32; EXACT_OPERATION_COUNTS_AND_IDENTICAL_MAGNITUDES_RETAINED; PROPAGATION_COMBINER_AND_POLICY_MATCHED_CONTENT_CACHE_LOGIC_NOT_IN_NAND_TOTAL,348,0,IMPLEMENTED_TRACE_PASS
PAH-BUILD005-DEMAND-VALUATION-0001,16,THRESHOLD_STAIRCASE,ascending-descending-shuffled,3FAD51A9ED8CD2DBB23581B0E6CFAA460F8960C3687AF53F77F78FDE6D17ACEF,COLD_MAG,MAGNITUDE_FINAL,false,false,true,BIN_FRONTIER_NOPROP_K,4,0,35,0,0,10,9,1,10,34,33,33,18,5,1,1,9,0,0,0,0,0,1,9,0,0,0,0,34,0,0,0,0,0,0,0,0,0,0,1,1,0,34,170,11,216,35530,0,205200,99900,340630,EXPLORATORY_COMPONENT_PROXY__NOT_DECISION_ELIGIBLE,AUTHORITATIVE_W_BIT_LOAD_ADD_MUL_OUTPUT_DATAPATH_NOT_REBUILT_AT_W16_W32; EXACT_OPERATION_COUNTS_AND_IDENTICAL_MAGNITUDES_RETAINED; PROPAGATION_COMBINER_AND_POLICY_MATCHED_CONTENT_CACHE_LOGIC_NOT_IN_NAND_TOTAL,348,0,IMPLEMENTED_TRACE_PASS
PAH-BUILD005-DEMAND-VALUATION-0001,16,THRESHOLD_STAIRCASE,ascending-descending-shuffled,3FAD51A9ED8CD2DBB23581B0E6CFAA460F8960C3687AF53F77F78FDE6D17ACEF,COLD_MAG,MAGNITUDE_FINAL,false,false,true,BIN_PRIME_FRONTIER_PROP_K,4,0,35,0,0,10,9,1,10,34,33,33,18,5,1,1,9,0,0,0,0,0,1,9,0,0,0,0,34,0,0,0,0,0,0,0,0,0,0,1,1,0,34,170,11,216,35530,0,205200,99900,340630,EXPLORATORY_COMPONENT_PROXY__NOT_DECISION_ELIGIBLE,AUTHORITATIVE_W_BIT_LOAD_ADD_MUL_OUTPUT_DATAPATH_NOT_REBUILT_AT_W16_W32; EXACT_OPERATION_COUNTS_AND_IDENTICAL_MAGNITUDES_RETAINED; PROPAGATION_COMBINER_AND_POLICY_MATCHED_CONTENT_CACHE_LOGIC_NOT_IN_NAND_TOTAL,348,0,IMPLEMENTED_TRACE_PASS
PAH-BUILD005-DEMAND-VALUATION-0001,16,THRESHOLD_STAIRCASE,ascending-descending-shuffled,3FAD51A9ED8CD2DBB23581B0E6CFAA460F8960C3687AF53F77F78FDE6D17ACEF,COLD_MAG,MAGNITUDE_FINAL,false,false,true,BIN_PRIME_FRONTIER_SPEC_B1_K,4,1,36,0,0,10,9,1,10,35,34,34,19,5,1,1,9,0,0,0,0,0,1,9,0,0,0,0,34,1,1,1,0,1,1,0,0,0,0,1,1,0,35,170,11,217,36575,0,205200,102120,343895,EXPLORATORY_COMPONENT_PROXY__NOT_DECISION_ELIGIBLE,AUTHORITATIVE_W_BIT_LOAD_ADD_MUL_OUTPUT_DATAPATH_NOT_REBUILT_AT_W16_W32; EXACT_OPERATION_COUNTS_AND_IDENTICAL_MAGNITUDES_RETAINED; PROPAGATION_COMBINER_AND_POLICY_MATCHED_CONTENT_CACHE_LOGIC_NOT_IN_NAND_TOTAL,350,0,IMPLEMENTED_TRACE_PASS
PAH-BUILD005-DEMAND-VALUATION-0001,16,THRESHOLD_STAIRCASE,ascending-descending-shuffled,3FAD51A9ED8CD2DBB23581B0E6CFAA460F8960C3687AF53F77F78FDE6D17ACEF,COLD_MAG,MAGNITUDE_FINAL,false,false,true,BIN_PRIME_FRONTIER_SPEC_B4_K,4,4,39,0,0,13,9,4,13,38,142,34,19,5,4,4,9,0,0,0,0,0,4,9,0,0,0,0,34,4,4,1,3,1,1,0,0,0,0,1,1,0,38,221,14,274,39710,0,266760,115440,421910,EXPLORATORY_COMPONENT_PROXY__NOT_DECISION_ELIGIBLE,AUTHORITATIVE_W_BIT_LOAD_ADD_MUL_OUTPUT_DATAPATH_NOT_REBUILT_AT_W16_W32; EXACT_OPERATION_COUNTS_AND_IDENTICAL_MAGNITUDES_RETAINED; PROPAGATION_COMBINER_AND_POLICY_MATCHED_CONTENT_CACHE_LOGIC_NOT_IN_NAND_TOTAL,356,0,IMPLEMENTED_TRACE_PASS
PAH-BUILD005-DEMAND-VALUATION-0001,16,RATIONAL_CANCEL,selected-primes-plus-full-gcd,8F301B77F609E0B0BA4946B22D7CD5BFDBF0D87D7207AF87AE85C202C1A0B3CF,COLD_MAG,MAGNITUDE_FINAL,false,false,true,BIN_DIRECT_BEST,0,0,18,4,12,20,16,16,16,0,0,0,0,0,0,0,0,0,0,0,0,0,16,0,0,0,0,0,16,0,0,0,0,0,0,1,4,0,0,2,2,0,16,340,0,358,16720,4992,410400,0,432112,EXPLORATORY_COMPONENT_PROXY__NOT_DECISION_ELIGIBLE,AUTHORITATIVE_W_BIT_LOAD_ADD_MUL_OUTPUT_DATAPATH_NOT_REBUILT_AT_W16_W32; EXACT_OPERATION_COUNTS_AND_IDENTICAL_MAGNITUDES_RETAINED; PROPAGATION_COMBINER_AND_POLICY_MATCHED_CONTENT_CACHE_LOGIC_NOT_IN_NAND_TOTAL,201,0,IMPLEMENTED_TRACE_PASS
PAH-BUILD005-DEMAND-VALUATION-0001,16,RATIONAL_CANCEL,selected-primes-plus-full-gcd,8F301B77F609E0B0BA4946B22D7CD5BFDBF0D87D7207AF87AE85C202C1A0B3CF,COLD_MAG,MAGNITUDE_FINAL,false,false,true,BIN_CONTENT_ANSWER_LRU_K,1,0,18,4,12,20,16,16,16,16,15,0,0,0,16,16,0,15,0,0,0,0,16,0,0,0,0,0,16,0,0,0,0,0,0,1,4,0,0,2,2,0,16,340,16,374,16720,4992,410400,17472,449584,EXPLORATORY_COMPONENT_PROXY__NOT_DECISION_ELIGIBLE,AUTHORITATIVE_W_BIT_LOAD_ADD_MUL_OUTPUT_DATAPATH_NOT_REBUILT_AT_W16_W32; EXACT_OPERATION_COUNTS_AND_IDENTICAL_MAGNITUDES_RETAINED; PROPAGATION_COMBINER_AND_POLICY_MATCHED_CONTENT_CACHE_LOGIC_NOT_IN_NAND_TOTAL,201,0,IMPLEMENTED_TRACE_PASS
PAH-BUILD005-DEMAND-VALUATION-0001,16,RATIONAL_CANCEL,selected-primes-plus-full-gcd,8F301B77F609E0B0BA4946B22D7CD5BFDBF0D87D7207AF87AE85C202C1A0B3CF,COLD_MAG,MAGNITUDE_FINAL,false,false,true,BIN_FRONTIER_NOPROP_K,1,0,18,4,12,20,16,16,16,16,15,0,0,0,16,16,0,15,0,0,0,0,16,0,0,0,0,0,16,0,0,0,0,0,0,1,4,0,0,2,2,0,16,340,18,376,16720,4992,410400,18564,450676,EXPLORATORY_COMPONENT_PROXY__NOT_DECISION_ELIGIBLE,AUTHORITATIVE_W_BIT_LOAD_ADD_MUL_OUTPUT_DATAPATH_NOT_REBUILT_AT_W16_W32; EXACT_OPERATION_COUNTS_AND_IDENTICAL_MAGNITUDES_RETAINED; PROPAGATION_COMBINER_AND_POLICY_MATCHED_CONTENT_CACHE_LOGIC_NOT_IN_NAND_TOTAL,201,0,IMPLEMENTED_TRACE_PASS
PAH-BUILD005-DEMAND-VALUATION-0001,16,RATIONAL_CANCEL,selected-primes-plus-full-gcd,8F301B77F609E0B0BA4946B22D7CD5BFDBF0D87D7207AF87AE85C202C1A0B3CF,COLD_MAG,MAGNITUDE_FINAL,false,false,true,BIN_PRIME_FRONTIER_PROP_K,1,0,18,4,12,20,16,16,16,16,15,0,0,0,16,16,0,15,0,0,0,0,16,0,0,0,0,0,16,0,0,0,0,0,0,1,4,0,0,2,2,0,16,340,18,376,16720,4992,410400,18564,450676,EXPLORATORY_COMPONENT_PROXY__NOT_DECISION_ELIGIBLE,AUTHORITATIVE_W_BIT_LOAD_ADD_MUL_OUTPUT_DATAPATH_NOT_REBUILT_AT_W16_W32; EXACT_OPERATION_COUNTS_AND_IDENTICAL_MAGNITUDES_RETAINED; PROPAGATION_COMBINER_AND_POLICY_MATCHED_CONTENT_CACHE_LOGIC_NOT_IN_NAND_TOTAL,201,0,IMPLEMENTED_TRACE_PASS
PAH-BUILD005-DEMAND-VALUATION-0001,16,RATIONAL_CANCEL,selected-primes-plus-full-gcd,8F301B77F609E0B0BA4946B22D7CD5BFDBF0D87D7207AF87AE85C202C1A0B3CF,COLD_MAG,MAGNITUDE_FINAL,false,false,true,BIN_PRIME_FRONTIER_SPEC_B1_K,1,1,20,4,12,22,18,16,18,18,17,0,0,0,18,18,0,17,0,0,0,0,16,2,0,0,0,0,16,2,2,2,0,12,6,1,4,0,0,2,2,0,18,374,20,414,18810,4992,451440,20748,495990,EXPLORATORY_COMPONENT_PROXY__NOT_DECISION_ELIGIBLE,AUTHORITATIVE_W_BIT_LOAD_ADD_MUL_OUTPUT_DATAPATH_NOT_REBUILT_AT_W16_W32; EXACT_OPERATION_COUNTS_AND_IDENTICAL_MAGNITUDES_RETAINED; PROPAGATION_COMBINER_AND_POLICY_MATCHED_CONTENT_CACHE_LOGIC_NOT_IN_NAND_TOTAL,205,0,IMPLEMENTED_TRACE_PASS
PAH-BUILD005-DEMAND-VALUATION-0001,16,RATIONAL_CANCEL,selected-primes-plus-full-gcd,8F301B77F609E0B0BA4946B22D7CD5BFDBF0D87D7207AF87AE85C202C1A0B3CF,COLD_MAG,MAGNITUDE_FINAL,false,false,true,BIN_PRIME_FRONTIER_SPEC_B4_K,1,4,26,4,12,28,20,20,24,24,23,0,0,0,24,24,0,23,0,0,0,0,20,4,0,0,0,0,16,8,8,6,2,60,14,1,4,0,0,2,2,0,24,476,26,528,25080,4992,574560,27300,631932,EXPLORATORY_COMPONENT_PROXY__NOT_DECISION_ELIGIBLE,AUTHORITATIVE_W_BIT_LOAD_ADD_MUL_OUTPUT_DATAPATH_NOT_REBUILT_AT_W16_W32; EXACT_OPERATION_COUNTS_AND_IDENTICAL_MAGNITUDES_RETAINED; PROPAGATION_COMBINER_AND_POLICY_MATCHED_CONTENT_CACHE_LOGIC_NOT_IN_NAND_TOTAL,217,0,IMPLEMENTED_TRACE_PASS
PAH-BUILD005-DEMAND-VALUATION-0001,16,RATIONAL_CANCEL,selected-primes-plus-full-gcd,8F301B77F609E0B0BA4946B22D7CD5BFDBF0D87D7207AF87AE85C202C1A0B3CF,COLD_MAG,MAGNITUDE_FINAL,false,false,true,BIN_CONTENT_ANSWER_LRU_K,2,0,18,2,6,10,8,8,8,16,29,8,0,0,8,8,0,6,0,0,0,0,8,0,0,0,0,0,16,0,0,0,0,0,0,1,4,0,0,2,2,0,16,170,8,196,16720,2496,205200,26328,250744,EXPLORATORY_COMPONENT_PROXY__NOT_DECISION_ELIGIBLE,AUTHORITATIVE_W_BIT_LOAD_ADD_MUL_OUTPUT_DATAPATH_NOT_REBUILT_AT_W16_W32; EXACT_OPERATION_COUNTS_AND_IDENTICAL_MAGNITUDES_RETAINED; PROPAGATION_COMBINER_AND_POLICY_MATCHED_CONTENT_CACHE_LOGIC_NOT_IN_NAND_TOTAL,201,0,IMPLEMENTED_TRACE_PASS
PAH-BUILD005-DEMAND-VALUATION-0001,16,RATIONAL_CANCEL,selected-primes-plus-full-gcd,8F301B77F609E0B0BA4946B22D7CD5BFDBF0D87D7207AF87AE85C202C1A0B3CF,COLD_MAG,MAGNITUDE_FINAL,false,false,true,BIN_FRONTIER_NOPROP_K,2,0,18,2,6,10,8,8,8,16,29,8,0,0,8,8,0,6,0,0,0,0,8,0,0,0,0,0,16,0,0,0,0,0,0,1,4,0,0,2,2,0,16,170,10,198,16720,2496,205200,28522,252938,EXPLORATORY_COMPONENT_PROXY__NOT_DECISION_ELIGIBLE,AUTHORITATIVE_W_BIT_LOAD_ADD_MUL_OUTPUT_DATAPATH_NOT_REBUILT_AT_W16_W32; EXACT_OPERATION_COUNTS_AND_IDENTICAL_MAGNITUDES_RETAINED; PROPAGATION_COMBINER_AND_POLICY_MATCHED_CONTENT_CACHE_LOGIC_NOT_IN_NAND_TOTAL,201,0,IMPLEMENTED_TRACE_PASS
PAH-BUILD005-DEMAND-VALUATION-0001,16,RATIONAL_CANCEL,selected-primes-plus-full-gcd,8F301B77F609E0B0BA4946B22D7CD5BFDBF0D87D7207AF87AE85C202C1A0B3CF,COLD_MAG,MAGNITUDE_FINAL,false,false,true,BIN_PRIME_FRONTIER_PROP_K,2,0,18,2,6,10,8,8,8,16,29,8,0,0,8,8,0,6,0,0,0,0,8,0,0,0,0,0,16,0,0,0,0,0,0,1,4,0,0,2,2,0,16,170,10,198,16720,2496,205200,28522,252938,EXPLORATORY_COMPONENT_PROXY__NOT_DECISION_ELIGIBLE,AUTHORITATIVE_W_BIT_LOAD_ADD_MUL_OUTPUT_DATAPATH_NOT_REBUILT_AT_W16_W32; EXACT_OPERATION_COUNTS_AND_IDENTICAL_MAGNITUDES_RETAINED; PROPAGATION_COMBINER_AND_POLICY_MATCHED_CONTENT_CACHE_LOGIC_NOT_IN_NAND_TOTAL,201,0,IMPLEMENTED_TRACE_PASS
PAH-BUILD005-DEMAND-VALUATION-0001,16,RATIONAL_CANCEL,selected-primes-plus-full-gcd,8F301B77F609E0B0BA4946B22D7CD5BFDBF0D87D7207AF87AE85C202C1A0B3CF,COLD_MAG,MAGNITUDE_FINAL,false,false,true,BIN_PRIME_FRONTIER_SPEC_B1_K,2,1,20,2,6,12,10,8,10,18,33,8,0,0,10,10,0,8,0,0,0,0,8,2,0,0,0,0,16,2,2,2,0,12,6,1,4,0,0,2,2,0,18,204,12,236,18810,2496,246240,32910,300456,EXPLORATORY_COMPONENT_PROXY__NOT_DECISION_ELIGIBLE,AUTHORITATIVE_W_BIT_LOAD_ADD_MUL_OUTPUT_DATAPATH_NOT_REBUILT_AT_W16_W32; EXACT_OPERATION_COUNTS_AND_IDENTICAL_MAGNITUDES_RETAINED; PROPAGATION_COMBINER_AND_POLICY_MATCHED_CONTENT_CACHE_LOGIC_NOT_IN_NAND_TOTAL,205,0,IMPLEMENTED_TRACE_PASS
PAH-BUILD005-DEMAND-VALUATION-0001,16,RATIONAL_CANCEL,selected-primes-plus-full-gcd,8F301B77F609E0B0BA4946B22D7CD5BFDBF0D87D7207AF87AE85C202C1A0B3CF,COLD_MAG,MAGNITUDE_FINAL,false,false,true,BIN_PRIME_FRONTIER_SPEC_B4_K,2,4,26,2,6,18,12,12,16,24,45,8,0,0,16,16,0,14,0,0,0,0,12,4,0,0,0,0,16,8,8,6,2,60,14,1,4,0,0,2,2,0,24,306,18,350,25080,2496,369360,46074,443010,EXPLORATORY_COMPONENT_PROXY__NOT_DECISION_ELIGIBLE,AUTHORITATIVE_W_BIT_LOAD_ADD_MUL_OUTPUT_DATAPATH_NOT_REBUILT_AT_W16_W32; EXACT_OPERATION_COUNTS_AND_IDENTICAL_MAGNITUDES_RETAINED; PROPAGATION_COMBINER_AND_POLICY_MATCHED_CONTENT_CACHE_LOGIC_NOT_IN_NAND_TOTAL,217,0,IMPLEMENTED_TRACE_PASS
PAH-BUILD005-DEMAND-VALUATION-0001,16,RATIONAL_CANCEL,selected-primes-plus-full-gcd,8F301B77F609E0B0BA4946B22D7CD5BFDBF0D87D7207AF87AE85C202C1A0B3CF,COLD_MAG,MAGNITUDE_FINAL,false,false,true,BIN_CONTENT_ANSWER_LRU_K,4,0,18,2,6,10,8,8,8,16,50,8,0,0,8,8,0,4,0,0,0,0,8,0,0,0,0,0,16,0,0,0,0,0,0,1,4,0,0,2,2,0,16,170,8,196,16720,2496,205200,53280,277696,EXPLORATORY_COMPONENT_PROXY__NOT_DECISION_ELIGIBLE,AUTHORITATIVE_W_BIT_LOAD_ADD_MUL_OUTPUT_DATAPATH_NOT_REBUILT_AT_W16_W32; EXACT_OPERATION_COUNTS_AND_IDENTICAL_MAGNITUDES_RETAINED; PROPAGATION_COMBINER_AND_POLICY_MATCHED_CONTENT_CACHE_LOGIC_NOT_IN_NAND_TOTAL,201,0,IMPLEMENTED_TRACE_PASS
PAH-BUILD005-DEMAND-VALUATION-0001,16,RATIONAL_CANCEL,selected-primes-plus-full-gcd,8F301B77F609E0B0BA4946B22D7CD5BFDBF0D87D7207AF87AE85C202C1A0B3CF,COLD_MAG,MAGNITUDE_FINAL,false,false,true,BIN_FRONTIER_NOPROP_K,4,0,18,2,6,10,8,8,8,16,50,8,0,0,8,8,0,4,0,0,0,0,8,0,0,0,0,0,16,0,0,0,0,0,0,1,4,0,0,2,2,0,16,170,10,198,16720,2496,205200,57720,282136,EXPLORATORY_COMPONENT_PROXY__NOT_DECISION_ELIGIBLE,AUTHORITATIVE_W_BIT_LOAD_ADD_MUL_OUTPUT_DATAPATH_NOT_REBUILT_AT_W16_W32; EXACT_OPERATION_COUNTS_AND_IDENTICAL_MAGNITUDES_RETAINED; PROPAGATION_COMBINER_AND_POLICY_MATCHED_CONTENT_CACHE_LOGIC_NOT_IN_NAND_TOTAL,201,0,IMPLEMENTED_TRACE_PASS
PAH-BUILD005-DEMAND-VALUATION-0001,16,RATIONAL_CANCEL,selected-primes-plus-full-gcd,8F301B77F609E0B0BA4946B22D7CD5BFDBF0D87D7207AF87AE85C202C1A0B3CF,COLD_MAG,MAGNITUDE_FINAL,false,false,true,BIN_PRIME_FRONTIER_PROP_K,4,0,18,2,6,10,8,8,8,16,50,8,0,0,8,8,0,4,0,0,0,0,8,0,0,0,0,0,16,0,0,0,0,0,0,1,4,0,0,2,2,0,16,170,10,198,16720,2496,205200,57720,282136,EXPLORATORY_COMPONENT_PROXY__NOT_DECISION_ELIGIBLE,AUTHORITATIVE_W_BIT_LOAD_ADD_MUL_OUTPUT_DATAPATH_NOT_REBUILT_AT_W16_W32; EXACT_OPERATION_COUNTS_AND_IDENTICAL_MAGNITUDES_RETAINED; PROPAGATION_COMBINER_AND_POLICY_MATCHED_CONTENT_CACHE_LOGIC_NOT_IN_NAND_TOTAL,201,0,IMPLEMENTED_TRACE_PASS
PAH-BUILD005-DEMAND-VALUATION-0001,16,RATIONAL_CANCEL,selected-primes-plus-full-gcd,8F301B77F609E0B0BA4946B22D7CD5BFDBF0D87D7207AF87AE85C202C1A0B3CF,COLD_MAG,MAGNITUDE_FINAL,false,false,true,BIN_PRIME_FRONTIER_SPEC_B1_K,4,1,20,2,6,10,8,8,10,18,62,10,0,0,8,8,2,4,0,0,0,0,8,2,0,0,0,0,16,2,2,2,0,12,6,1,4,0,0,2,2,0,18,170,12,202,18810,2496,205200,66600,293106,EXPLORATORY_COMPONENT_PROXY__NOT_DECISION_ELIGIBLE,AUTHORITATIVE_W_BIT_LOAD_ADD_MUL_OUTPUT_DATAPATH_NOT_REBUILT_AT_W16_W32; EXACT_OPERATION_COUNTS_AND_IDENTICAL_MAGNITUDES_RETAINED; PROPAGATION_COMBINER_AND_POLICY_MATCHED_CONTENT_CACHE_LOGIC_NOT_IN_NAND_TOTAL,205,0,IMPLEMENTED_TRACE_PASS
PAH-BUILD005-DEMAND-VALUATION-0001,16,RATIONAL_CANCEL,selected-primes-plus-full-gcd,8F301B77F609E0B0BA4946B22D7CD5BFDBF0D87D7207AF87AE85C202C1A0B3CF,COLD_MAG,MAGNITUDE_FINAL,false,false,true,BIN_PRIME_FRONTIER_SPEC_B4_K,4,4,26,2,6,18,12,12,16,24,86,8,0,0,16,16,0,12,0,0,0,0,12,4,0,0,0,0,16,8,8,6,2,60,14,1,4,0,0,2,2,0,24,306,18,350,25080,2496,369360,93240,490176,EXPLORATORY_COMPONENT_PROXY__NOT_DECISION_ELIGIBLE,AUTHORITATIVE_W_BIT_LOAD_ADD_MUL_OUTPUT_DATAPATH_NOT_REBUILT_AT_W16_W32; EXACT_OPERATION_COUNTS_AND_IDENTICAL_MAGNITUDES_RETAINED; PROPAGATION_COMBINER_AND_POLICY_MATCHED_CONTENT_CACHE_LOGIC_NOT_IN_NAND_TOTAL,217,0,IMPLEMENTED_TRACE_PASS
PAH-BUILD005-DEMAND-VALUATION-0001,16,DIVISIBILITY_FILTER_PERSISTENT,four-slot-reuse,59ABAE9B2396C1E8A9C8F8A097913CE68ADF82D4B0F31D1DE0EFF5D8EBBDDBB0,COLD_MAG,MAGNITUDE_FINAL,false,false,true,BIN_DIRECT_BEST,0,0,260,18,34,329,152,211,256,0,0,0,0,0,0,0,0,0,0,0,0,0,211,45,0,0,0,0,256,0,0,0,0,0,0,0,0,0,0,4,4,0,256,5593,0,5853,267520,22464,6751080,0,7041064,EXPLORATORY_COMPONENT_PROXY__NOT_DECISION_ELIGIBLE,AUTHORITATIVE_W_BIT_LOAD_ADD_MUL_OUTPUT_DATAPATH_NOT_REBUILT_AT_W16_W32; EXACT_OPERATION_COUNTS_AND_IDENTICAL_MAGNITUDES_RETAINED; PROPAGATION_COMBINER_AND_POLICY_MATCHED_CONTENT_CACHE_LOGIC_NOT_IN_NAND_TOTAL,3366,0,IMPLEMENTED_TRACE_PASS
PAH-BUILD005-DEMAND-VALUATION-0001,16,DIVISIBILITY_FILTER_PERSISTENT,four-slot-reuse,59ABAE9B2396C1E8A9C8F8A097913CE68ADF82D4B0F31D1DE0EFF5D8EBBDDBB0,COLD_MAG,MAGNITUDE_FINAL,false,false,true,BIN_CONTENT_ANSWER_LRU_K,1,0,260,17,33,319,149,203,248,256,255,8,0,8,248,203,0,202,0,0,0,0,203,45,0,0,0,0,256,0,0,0,0,0,0,0,0,0,0,4,4,0,256,5423,203,5886,267520,21216,6545880,250614,7085230,EXPLORATORY_COMPONENT_PROXY__NOT_DECISION_ELIGIBLE,AUTHORITATIVE_W_BIT_LOAD_ADD_MUL_OUTPUT_DATAPATH_NOT_REBUILT_AT_W16_W32; EXACT_OPERATION_COUNTS_AND_IDENTICAL_MAGNITUDES_RETAINED; PROPAGATION_COMBINER_AND_POLICY_MATCHED_CONTENT_CACHE_LOGIC_NOT_IN_NAND_TOTAL,3366,0,IMPLEMENTED_TRACE_PASS
PAH-BUILD005-DEMAND-VALUATION-0001,16,DIVISIBILITY_FILTER_PERSISTENT,four-slot-reuse,59ABAE9B2396C1E8A9C8F8A097913CE68ADF82D4B0F31D1DE0EFF5D8EBBDDBB0,COLD_MAG,MAGNITUDE_FINAL,false,false,true,BIN_FRONTIER_NOPROP_K,1,0,260,17,33,319,149,203,248,256,255,8,0,8,248,248,0,247,0,0,0,0,203,45,0,0,0,0,256,0,0,0,0,0,0,0,0,0,0,4,4,0,256,5423,252,5935,267520,21216,6545880,277368,7111984,EXPLORATORY_COMPONENT_PROXY__NOT_DECISION_ELIGIBLE,AUTHORITATIVE_W_BIT_LOAD_ADD_MUL_OUTPUT_DATAPATH_NOT_REBUILT_AT_W16_W32; EXACT_OPERATION_COUNTS_AND_IDENTICAL_MAGNITUDES_RETAINED; PROPAGATION_COMBINER_AND_POLICY_MATCHED_CONTENT_CACHE_LOGIC_NOT_IN_NAND_TOTAL,3366,0,IMPLEMENTED_TRACE_PASS
PAH-BUILD005-DEMAND-VALUATION-0001,16,DIVISIBILITY_FILTER_PERSISTENT,four-slot-reuse,59ABAE9B2396C1E8A9C8F8A097913CE68ADF82D4B0F31D1DE0EFF5D8EBBDDBB0,COLD_MAG,MAGNITUDE_FINAL,false,false,true,BIN_PRIME_FRONTIER_PROP_K,1,0,260,17,33,319,149,203,248,256,255,8,0,8,248,248,0,247,0,0,0,0,203,45,0,0,0,0,256,0,0,0,0,0,0,0,0,0,0,4,4,0,256,5423,252,5935,267520,21216,6545880,277368,7111984,EXPLORATORY_COMPONENT_PROXY__NOT_DECISION_ELIGIBLE,AUTHORITATIVE_W_BIT_LOAD_ADD_MUL_OUTPUT_DATAPATH_NOT_REBUILT_AT_W16_W32; EXACT_OPERATION_COUNTS_AND_IDENTICAL_MAGNITUDES_RETAINED; PROPAGATION_COMBINER_AND_POLICY_MATCHED_CONTENT_CACHE_LOGIC_NOT_IN_NAND_TOTAL,3366,0,IMPLEMENTED_TRACE_PASS
PAH-BUILD005-DEMAND-VALUATION-0001,16,DIVISIBILITY_FILTER_PERSISTENT,four-slot-reuse,59ABAE9B2396C1E8A9C8F8A097913CE68ADF82D4B0F31D1DE0EFF5D8EBBDDBB0,COLD_MAG,MAGNITUDE_FINAL,false,false,true,BIN_PRIME_FRONTIER_SPEC_B1_K,1,1,264,17,33,323,152,204,252,260,259,8,0,8,252,252,0,251,0,0,0,0,204,48,0,0,0,0,256,4,4,4,0,130,80,0,0,0,0,4,4,0,260,5491,256,6011,271700,21216,6627960,281736,7202612,EXPLORATORY_COMPONENT_PROXY__NOT_DECISION_ELIGIBLE,AUTHORITATIVE_W_BIT_LOAD_ADD_MUL_OUTPUT_DATAPATH_NOT_REBUILT_AT_W16_W32; EXACT_OPERATION_COUNTS_AND_IDENTICAL_MAGNITUDES_RETAINED; PROPAGATION_COMBINER_AND_POLICY_MATCHED_CONTENT_CACHE_LOGIC_NOT_IN_NAND_TOTAL,3374,0,IMPLEMENTED_TRACE_PASS
PAH-BUILD005-DEMAND-VALUATION-0001,16,DIVISIBILITY_FILTER_PERSISTENT,four-slot-reuse,59ABAE9B2396C1E8A9C8F8A097913CE68ADF82D4B0F31D1DE0EFF5D8EBBDDBB0,COLD_MAG,MAGNITUDE_FINAL,false,false,true,BIN_PRIME_FRONTIER_SPEC_B4_K,1,4,276,17,33,335,161,207,264,272,271,8,0,8,264,264,0,263,0,0,0,0,207,57,0,0,0,0,256,16,16,16,0,553,90,0,0,0,0,4,4,0,272,5695,268,6239,284240,21216,6874200,294840,7474496,EXPLORATORY_COMPONENT_PROXY__NOT_DECISION_ELIGIBLE,AUTHORITATIVE_W_BIT_LOAD_ADD_MUL_OUTPUT_DATAPATH_NOT_REBUILT_AT_W16_W32; EXACT_OPERATION_COUNTS_AND_IDENTICAL_MAGNITUDES_RETAINED; PROPAGATION_COMBINER_AND_POLICY_MATCHED_CONTENT_CACHE_LOGIC_NOT_IN_NAND_TOTAL,3398,0,IMPLEMENTED_TRACE_PASS
PAH-BUILD005-DEMAND-VALUATION-0001,16,DIVISIBILITY_FILTER_PERSISTENT,four-slot-reuse,59ABAE9B2396C1E8A9C8F8A097913CE68ADF82D4B0F31D1DE0EFF5D8EBBDDBB0,COLD_MAG,MAGNITUDE_FINAL,false,false,true,BIN_CONTENT_ANSWER_LRU_K,2,0,260,17,33,305,143,195,237,256,507,19,3,16,237,195,0,193,0,0,0,0,195,42,0,0,0,0,256,0,0,0,0,0,0,0,0,0,0,4,4,0,256,5185,195,5640,267520,21216,6258600,494747,7042083,EXPLORATORY_COMPONENT_PROXY__NOT_DECISION_ELIGIBLE,AUTHORITATIVE_W_BIT_LOAD_ADD_MUL_OUTPUT_DATAPATH_NOT_REBUILT_AT_W16_W32; EXACT_OPERATION_COUNTS_AND_IDENTICAL_MAGNITUDES_RETAINED; PROPAGATION_COMBINER_AND_POLICY_MATCHED_CONTENT_CACHE_LOGIC_NOT_IN_NAND_TOTAL,3366,0,IMPLEMENTED_TRACE_PASS
PAH-BUILD005-DEMAND-VALUATION-0001,16,DIVISIBILITY_FILTER_PERSISTENT,four-slot-reuse,59ABAE9B2396C1E8A9C8F8A097913CE68ADF82D4B0F31D1DE0EFF5D8EBBDDBB0,COLD_MAG,MAGNITUDE_FINAL,false,false,true,BIN_FRONTIER_NOPROP_K,2,0,260,16,31,311,142,200,241,256,508,15,4,11,241,241,0,239,0,0,0,0,200,41,0,0,0,0,256,0,0,0,0,0,0,0,0,0,0,4,4,0,256,5287,245,5792,267520,19968,6381720,549597,7218805,EXPLORATORY_COMPONENT_PROXY__NOT_DECISION_ELIGIBLE,AUTHORITATIVE_W_BIT_LOAD_ADD_MUL_OUTPUT_DATAPATH_NOT_REBUILT_AT_W16_W32; EXACT_OPERATION_COUNTS_AND_IDENTICAL_MAGNITUDES_RETAINED; PROPAGATION_COMBINER_AND_POLICY_MATCHED_CONTENT_CACHE_LOGIC_NOT_IN_NAND_TOTAL,3366,0,IMPLEMENTED_TRACE_PASS
PAH-BUILD005-DEMAND-VALUATION-0001,16,DIVISIBILITY_FILTER_PERSISTENT,four-slot-reuse,59ABAE9B2396C1E8A9C8F8A097913CE68ADF82D4B0F31D1DE0EFF5D8EBBDDBB0,COLD_MAG,MAGNITUDE_FINAL,false,false,true,BIN_PRIME_FRONTIER_PROP_K,2,0,260,16,31,311,142,200,241,256,508,15,4,11,241,241,0,239,0,0,0,0,200,41,0,0,0,0,256,0,0,0,0,0,0,0,0,0,0,4,4,0,256,5287,245,5792,267520,19968,6381720,549597,7218805,EXPLORATORY_COMPONENT_PROXY__NOT_DECISION_ELIGIBLE,AUTHORITATIVE_W_BIT_LOAD_ADD_MUL_OUTPUT_DATAPATH_NOT_REBUILT_AT_W16_W32; EXACT_OPERATION_COUNTS_AND_IDENTICAL_MAGNITUDES_RETAINED; PROPAGATION_COMBINER_AND_POLICY_MATCHED_CONTENT_CACHE_LOGIC_NOT_IN_NAND_TOTAL,3366,0,IMPLEMENTED_TRACE_PASS
PAH-BUILD005-DEMAND-VALUATION-0001,16,DIVISIBILITY_FILTER_PERSISTENT,four-slot-reuse,59ABAE9B2396C1E8A9C8F8A097913CE68ADF82D4B0F31D1DE0EFF5D8EBBDDBB0,COLD_MAG,MAGNITUDE_FINAL,false,false,true,BIN_PRIME_FRONTIER_SPEC_B1_K,2,1,264,16,31,315,145,201,245,260,517,15,4,11,245,245,0,243,0,0,0,0,201,44,0,0,0,0,256,4,4,4,0,130,80,0,0,0,0,4,4,0,260,5355,249,5868,271700,19968,6463800,558373,7313841,EXPLORATORY_COMPONENT_PROXY__NOT_DECISION_ELIGIBLE,AUTHORITATIVE_W_BIT_LOAD_ADD_MUL_OUTPUT_DATAPATH_NOT_REBUILT_AT_W16_W32; EXACT_OPERATION_COUNTS_AND_IDENTICAL_MAGNITUDES_RETAINED; PROPAGATION_COMBINER_AND_POLICY_MATCHED_CONTENT_CACHE_LOGIC_NOT_IN_NAND_TOTAL,3374,0,IMPLEMENTED_TRACE_PASS
PAH-BUILD005-DEMAND-VALUATION-0001,16,DIVISIBILITY_FILTER_PERSISTENT,four-slot-reuse,59ABAE9B2396C1E8A9C8F8A097913CE68ADF82D4B0F31D1DE0EFF5D8EBBDDBB0,COLD_MAG,MAGNITUDE_FINAL,false,false,true,BIN_PRIME_FRONTIER_SPEC_B4_K,2,4,276,16,31,327,154,204,257,272,541,15,4,11,257,257,0,255,0,0,0,0,204,53,0,0,0,0,256,16,16,16,0,553,90,0,0,0,0,4,4,0,272,5559,261,6096,284240,19968,6710040,584701,7598949,EXPLORATORY_COMPONENT_PROXY__NOT_DECISION_ELIGIBLE,AUTHORITATIVE_W_BIT_LOAD_ADD_MUL_OUTPUT_DATAPATH_NOT_REBUILT_AT_W16_W32; EXACT_OPERATION_COUNTS_AND_IDENTICAL_MAGNITUDES_RETAINED; PROPAGATION_COMBINER_AND_POLICY_MATCHED_CONTENT_CACHE_LOGIC_NOT_IN_NAND_TOTAL,3398,0,IMPLEMENTED_TRACE_PASS
PAH-BUILD005-DEMAND-VALUATION-0001,16,DIVISIBILITY_FILTER_PERSISTENT,four-slot-reuse,59ABAE9B2396C1E8A9C8F8A097913CE68ADF82D4B0F31D1DE0EFF5D8EBBDDBB0,COLD_MAG,MAGNITUDE_FINAL,false,false,true,BIN_CONTENT_ANSWER_LRU_K,4,0,260,17,33,293,139,187,228,256,1008,28,4,24,228,187,0,183,0,0,0,0,187,41,0,0,0,0,256,0,0,0,0,0,0,0,0,0,0,4,4,0,256,4981,187,5428,267520,21216,6012360,983460,7284556,EXPLORATORY_COMPONENT_PROXY__NOT_DECISION_ELIGIBLE,AUTHORITATIVE_W_BIT_LOAD_ADD_MUL_OUTPUT_DATAPATH_NOT_REBUILT_AT_W16_W32; EXACT_OPERATION_COUNTS_AND_IDENTICAL_MAGNITUDES_RETAINED; PROPAGATION_COMBINER_AND_POLICY_MATCHED_CONTENT_CACHE_LOGIC_NOT_IN_NAND_TOTAL,3366,0,IMPLEMENTED_TRACE_PASS
PAH-BUILD005-DEMAND-VALUATION-0001,16,DIVISIBILITY_FILTER_PERSISTENT,four-slot-reuse,59ABAE9B2396C1E8A9C8F8A097913CE68ADF82D4B0F31D1DE0EFF5D8EBBDDBB0,COLD_MAG,MAGNITUDE_FINAL,false,false,true,BIN_FRONTIER_NOPROP_K,4,0,260,16,31,291,133,189,227,256,1011,32,7,22,224,224,3,220,0,0,0,0,189,38,0,0,0,0,256,0,0,0,0,0,0,0,0,0,0,4,4,0,256,4947,231,5438,267520,19968,5971320,1081140,7339948,EXPLORATORY_COMPONENT_PROXY__NOT_DECISION_ELIGIBLE,AUTHORITATIVE_W_BIT_LOAD_ADD_MUL_OUTPUT_DATAPATH_NOT_REBUILT_AT_W16_W32; EXACT_OPERATION_COUNTS_AND_IDENTICAL_MAGNITUDES_RETAINED; PROPAGATION_COMBINER_AND_POLICY_MATCHED_CONTENT_CACHE_LOGIC_NOT_IN_NAND_TOTAL,3366,0,IMPLEMENTED_TRACE_PASS
PAH-BUILD005-DEMAND-VALUATION-0001,16,DIVISIBILITY_FILTER_PERSISTENT,four-slot-reuse,59ABAE9B2396C1E8A9C8F8A097913CE68ADF82D4B0F31D1DE0EFF5D8EBBDDBB0,COLD_MAG,MAGNITUDE_FINAL,false,false,true,BIN_PRIME_FRONTIER_PROP_K,4,0,260,16,31,291,133,189,227,256,1011,32,7,22,224,224,3,220,0,0,0,0,189,38,0,0,0,0,256,0,0,0,0,0,0,0,0,0,0,4,4,0,256,4947,231,5438,267520,19968,5971320,1081140,7339948,EXPLORATORY_COMPONENT_PROXY__NOT_DECISION_ELIGIBLE,AUTHORITATIVE_W_BIT_LOAD_ADD_MUL_OUTPUT_DATAPATH_NOT_REBUILT_AT_W16_W32; EXACT_OPERATION_COUNTS_AND_IDENTICAL_MAGNITUDES_RETAINED; PROPAGATION_COMBINER_AND_POLICY_MATCHED_CONTENT_CACHE_LOGIC_NOT_IN_NAND_TOTAL,3366,0,IMPLEMENTED_TRACE_PASS
PAH-BUILD005-DEMAND-VALUATION-0001,16,DIVISIBILITY_FILTER_PERSISTENT,four-slot-reuse,59ABAE9B2396C1E8A9C8F8A097913CE68ADF82D4B0F31D1DE0EFF5D8EBBDDBB0,COLD_MAG,MAGNITUDE_FINAL,false,false,true,BIN_PRIME_FRONTIER_SPEC_B1_K,4,1,264,16,31,295,136,190,231,260,1030,32,7,22,228,228,3,224,0,0,0,0,190,41,0,0,0,0,256,4,4,4,0,130,80,0,0,0,0,4,4,0,260,5015,235,5514,271700,19968,6053400,1098900,7443968,EXPLORATORY_COMPONENT_PROXY__NOT_DECISION_ELIGIBLE,AUTHORITATIVE_W_BIT_LOAD_ADD_MUL_OUTPUT_DATAPATH_NOT_REBUILT_AT_W16_W32; EXACT_OPERATION_COUNTS_AND_IDENTICAL_MAGNITUDES_RETAINED; PROPAGATION_COMBINER_AND_POLICY_MATCHED_CONTENT_CACHE_LOGIC_NOT_IN_NAND_TOTAL,3374,0,IMPLEMENTED_TRACE_PASS
PAH-BUILD005-DEMAND-VALUATION-0001,16,DIVISIBILITY_FILTER_PERSISTENT,four-slot-reuse,59ABAE9B2396C1E8A9C8F8A097913CE68ADF82D4B0F31D1DE0EFF5D8EBBDDBB0,COLD_MAG,MAGNITUDE_FINAL,false,false,true,BIN_PRIME_FRONTIER_SPEC_B4_K,4,4,276,16,31,307,145,193,243,272,1078,32,7,22,240,240,3,236,0,0,0,0,193,50,0,0,0,0,256,16,16,16,0,553,90,0,0,0,0,4,4,0,272,5219,247,5742,284240,19968,6299640,1152180,7756028,EXPLORATORY_COMPONENT_PROXY__NOT_DECISION_ELIGIBLE,AUTHORITATIVE_W_BIT_LOAD_ADD_MUL_OUTPUT_DATAPATH_NOT_REBUILT_AT_W16_W32; EXACT_OPERATION_COUNTS_AND_IDENTICAL_MAGNITUDES_RETAINED; PROPAGATION_COMBINER_AND_POLICY_MATCHED_CONTENT_CACHE_LOGIC_NOT_IN_NAND_TOTAL,3398,0,IMPLEMENTED_TRACE_PASS
PAH-BUILD005-DEMAND-VALUATION-0001,16,DIVISIBILITY_FILTER_STREAM,one-query-per-value,C7298BB9F2F58EC0452D6EBBDF7B349C859885D04928D833461CCF8DE6F8502F,COLD_MAG,MAGNITUDE_FINAL,false,false,true,BIN_DIRECT_BEST,0,0,256,5,5,123,24,104,128,0,0,0,0,0,0,0,0,0,0,0,0,0,104,24,0,0,0,0,128,0,0,0,0,0,0,0,0,0,0,1,128,0,128,2091,0,2347,133760,6240,2523960,0,2663960,EXPLORATORY_COMPONENT_PROXY__NOT_DECISION_ELIGIBLE,AUTHORITATIVE_W_BIT_LOAD_ADD_MUL_OUTPUT_DATAPATH_NOT_REBUILT_AT_W16_W32; EXACT_OPERATION_COUNTS_AND_IDENTICAL_MAGNITUDES_RETAINED; PROPAGATION_COMBINER_AND_POLICY_MATCHED_CONTENT_CACHE_LOGIC_NOT_IN_NAND_TOTAL,2177,0,IMPLEMENTED_TRACE_PASS
PAH-BUILD005-DEMAND-VALUATION-0001,16,DIVISIBILITY_FILTER_STREAM,one-query-per-value,C7298BB9F2F58EC0452D6EBBDF7B349C859885D04928D833461CCF8DE6F8502F,COLD_MAG,MAGNITUDE_FINAL,false,false,true,BIN_CONTENT_ANSWER_LRU_K,1,0,256,5,5,123,24,104,128,128,126,0,0,0,128,104,0,103,0,0,0,0,104,24,0,0,0,0,128,0,0,0,0,0,0,0,0,0,0,1,128,0,128,2091,104,2451,133760,6240,2523960,126672,2790632,EXPLORATORY_COMPONENT_PROXY__NOT_DECISION_ELIGIBLE,AUTHORITATIVE_W_BIT_LOAD_ADD_MUL_OUTPUT_DATAPATH_NOT_REBUILT_AT_W16_W32; EXACT_OPERATION_COUNTS_AND_IDENTICAL_MAGNITUDES_RETAINED; PROPAGATION_COMBINER_AND_POLICY_MATCHED_CONTENT_CACHE_LOGIC_NOT_IN_NAND_TOTAL,2177,0,IMPLEMENTED_TRACE_PASS
PAH-BUILD005-DEMAND-VALUATION-0001,16,DIVISIBILITY_FILTER_STREAM,one-query-per-value,C7298BB9F2F58EC0452D6EBBDF7B349C859885D04928D833461CCF8DE6F8502F,COLD_MAG,MAGNITUDE_FINAL,false,false,true,BIN_FRONTIER_NOPROP_K,1,0,256,5,5,123,24,104,128,128,127,0,0,0,128,128,0,127,127,0,8,0,104,24,0,0,0,0,128,0,0,0,0,0,0,0,0,0,0,1,128,0,128,2091,256,2603,133760,6240,2523960,209664,2873624,EXPLORATORY_COMPONENT_PROXY__NOT_DECISION_ELIGIBLE,AUTHORITATIVE_W_BIT_LOAD_ADD_MUL_OUTPUT_DATAPATH_NOT_REBUILT_AT_W16_W32; EXACT_OPERATION_COUNTS_AND_IDENTICAL_MAGNITUDES_RETAINED; PROPAGATION_COMBINER_AND_POLICY_MATCHED_CONTENT_CACHE_LOGIC_NOT_IN_NAND_TOTAL,2177,0,IMPLEMENTED_TRACE_PASS
PAH-BUILD005-DEMAND-VALUATION-0001,16,DIVISIBILITY_FILTER_STREAM,one-query-per-value,C7298BB9F2F58EC0452D6EBBDF7B349C859885D04928D833461CCF8DE6F8502F,COLD_MAG,MAGNITUDE_FINAL,false,false,true,BIN_PRIME_FRONTIER_PROP_K,1,0,256,5,5,123,24,104,128,128,127,0,0,0,128,128,0,127,127,0,8,0,104,24,0,0,0,0,128,0,0,0,0,0,0,0,0,0,0,1,128,0,128,2091,256,2603,133760,6240,2523960,209664,2873624,EXPLORATORY_COMPONENT_PROXY__NOT_DECISION_ELIGIBLE,AUTHORITATIVE_W_BIT_LOAD_ADD_MUL_OUTPUT_DATAPATH_NOT_REBUILT_AT_W16_W32; EXACT_OPERATION_COUNTS_AND_IDENTICAL_MAGNITUDES_RETAINED; PROPAGATION_COMBINER_AND_POLICY_MATCHED_CONTENT_CACHE_LOGIC_NOT_IN_NAND_TOTAL,2177,0,IMPLEMENTED_TRACE_PASS
PAH-BUILD005-DEMAND-VALUATION-0001,16,DIVISIBILITY_FILTER_STREAM,one-query-per-value,C7298BB9F2F58EC0452D6EBBDF7B349C859885D04928D833461CCF8DE6F8502F,COLD_MAG,MAGNITUDE_FINAL,false,false,true,BIN_PRIME_FRONTIER_SPEC_B1_K,1,1,384,5,5,240,62,183,245,256,255,11,5,6,245,245,0,244,127,0,11,0,183,62,0,0,0,0,128,128,128,11,117,11,1,0,0,0,0,1,128,0,256,4080,373,4837,267520,6240,4924800,343434,5541994,EXPLORATORY_COMPONENT_PROXY__NOT_DECISION_ELIGIBLE,AUTHORITATIVE_W_BIT_LOAD_ADD_MUL_OUTPUT_DATAPATH_NOT_REBUILT_AT_W16_W32; EXACT_OPERATION_COUNTS_AND_IDENTICAL_MAGNITUDES_RETAINED; PROPAGATION_COMBINER_AND_POLICY_MATCHED_CONTENT_CACHE_LOGIC_NOT_IN_NAND_TOTAL,2433,0,IMPLEMENTED_TRACE_PASS
PAH-BUILD005-DEMAND-VALUATION-0001,16,DIVISIBILITY_FILTER_STREAM,one-query-per-value,C7298BB9F2F58EC0452D6EBBDF7B349C859885D04928D833461CCF8DE6F8502F,COLD_MAG,MAGNITUDE_FINAL,false,false,true,BIN_PRIME_FRONTIER_SPEC_B4_K,1,4,768,5,5,626,122,509,631,640,639,9,1,8,631,631,0,630,127,0,11,0,509,122,0,0,0,0,128,512,512,44,468,44,1,0,0,0,0,1,128,0,640,10642,759,12169,668800,6240,12845520,763854,14284414,EXPLORATORY_COMPONENT_PROXY__NOT_DECISION_ELIGIBLE,AUTHORITATIVE_W_BIT_LOAD_ADD_MUL_OUTPUT_DATAPATH_NOT_REBUILT_AT_W16_W32; EXACT_OPERATION_COUNTS_AND_IDENTICAL_MAGNITUDES_RETAINED; PROPAGATION_COMBINER_AND_POLICY_MATCHED_CONTENT_CACHE_LOGIC_NOT_IN_NAND_TOTAL,3201,0,IMPLEMENTED_TRACE_PASS
PAH-BUILD005-DEMAND-VALUATION-0001,16,DIVISIBILITY_FILTER_STREAM,one-query-per-value,C7298BB9F2F58EC0452D6EBBDF7B349C859885D04928D833461CCF8DE6F8502F,COLD_MAG,MAGNITUDE_FINAL,false,false,true,BIN_CONTENT_ANSWER_LRU_K,2,0,256,5,5,123,24,104,128,128,251,0,0,0,128,104,0,102,0,0,0,0,104,24,0,0,0,0,128,0,0,0,0,0,0,0,0,0,0,1,128,0,128,2091,104,2451,133760,6240,2523960,254504,2918464,EXPLORATORY_COMPONENT_PROXY__NOT_DECISION_ELIGIBLE,AUTHORITATIVE_W_BIT_LOAD_ADD_MUL_OUTPUT_DATAPATH_NOT_REBUILT_AT_W16_W32; EXACT_OPERATION_COUNTS_AND_IDENTICAL_MAGNITUDES_RETAINED; PROPAGATION_COMBINER_AND_POLICY_MATCHED_CONTENT_CACHE_LOGIC_NOT_IN_NAND_TOTAL,2177,0,IMPLEMENTED_TRACE_PASS
PAH-BUILD005-DEMAND-VALUATION-0001,16,DIVISIBILITY_FILTER_STREAM,one-query-per-value,C7298BB9F2F58EC0452D6EBBDF7B349C859885D04928D833461CCF8DE6F8502F,COLD_MAG,MAGNITUDE_FINAL,false,false,true,BIN_FRONTIER_NOPROP_K,2,0,256,5,5,123,24,104,128,128,253,0,0,0,128,128,0,126,127,0,13,0,104,24,0,0,0,0,128,0,0,0,0,0,0,0,0,0,0,1,128,0,128,2091,256,2603,133760,6240,2523960,421248,3085208,EXPLORATORY_COMPONENT_PROXY__NOT_DECISION_ELIGIBLE,AUTHORITATIVE_W_BIT_LOAD_ADD_MUL_OUTPUT_DATAPATH_NOT_REBUILT_AT_W16_W32; EXACT_OPERATION_COUNTS_AND_IDENTICAL_MAGNITUDES_RETAINED; PROPAGATION_COMBINER_AND_POLICY_MATCHED_CONTENT_CACHE_LOGIC_NOT_IN_NAND_TOTAL,2177,0,IMPLEMENTED_TRACE_PASS
PAH-BUILD005-DEMAND-VALUATION-0001,16,DIVISIBILITY_FILTER_STREAM,one-query-per-value,C7298BB9F2F58EC0452D6EBBDF7B349C859885D04928D833461CCF8DE6F8502F,COLD_MAG,MAGNITUDE_FINAL,false,false,true,BIN_PRIME_FRONTIER_PROP_K,2,0,256,5,5,123,24,104,128,128,253,0,0,0,128,128,0,126,127,0,13,0,104,24,0,0,0,0,128,0,0,0,0,0,0,0,0,0,0,1,128,0,128,2091,256,2603,133760,6240,2523960,421248,3085208,EXPLORATORY_COMPONENT_PROXY__NOT_DECISION_ELIGIBLE,AUTHORITATIVE_W_BIT_LOAD_ADD_MUL_OUTPUT_DATAPATH_NOT_REBUILT_AT_W16_W32; EXACT_OPERATION_COUNTS_AND_IDENTICAL_MAGNITUDES_RETAINED; PROPAGATION_COMBINER_AND_POLICY_MATCHED_CONTENT_CACHE_LOGIC_NOT_IN_NAND_TOTAL,2177,0,IMPLEMENTED_TRACE_PASS
PAH-BUILD005-DEMAND-VALUATION-0001,16,DIVISIBILITY_FILTER_STREAM,one-query-per-value,C7298BB9F2F58EC0452D6EBBDF7B349C859885D04928D833461CCF8DE6F8502F,COLD_MAG,MAGNITUDE_FINAL,false,false,true,BIN_PRIME_FRONTIER_SPEC_B1_K,2,1,384,5,5,240,62,183,245,256,509,11,5,6,245,245,0,243,243,0,135,0,183,62,0,0,0,0,128,128,128,11,117,11,1,0,0,0,0,1,128,0,256,4080,373,4837,267520,6240,4924800,690013,5888573,EXPLORATORY_COMPONENT_PROXY__NOT_DECISION_ELIGIBLE,AUTHORITATIVE_W_BIT_LOAD_ADD_MUL_OUTPUT_DATAPATH_NOT_REBUILT_AT_W16_W32; EXACT_OPERATION_COUNTS_AND_IDENTICAL_MAGNITUDES_RETAINED; PROPAGATION_COMBINER_AND_POLICY_MATCHED_CONTENT_CACHE_LOGIC_NOT_IN_NAND_TOTAL,2433,0,IMPLEMENTED_TRACE_PASS
PAH-BUILD005-DEMAND-VALUATION-0001,16,DIVISIBILITY_FILTER_STREAM,one-query-per-value,C7298BB9F2F58EC0452D6EBBDF7B349C859885D04928D833461CCF8DE6F8502F,COLD_MAG,MAGNITUDE_FINAL,false,false,true,BIN_PRIME_FRONTIER_SPEC_B4_K,2,4,768,5,5,615,119,501,620,640,1277,20,4,16,620,620,0,618,254,0,24,0,501,119,0,0,0,0,128,512,512,44,468,44,1,0,0,0,0,1,128,0,640,10455,748,11971,668800,6240,12619800,1522636,14817476,EXPLORATORY_COMPONENT_PROXY__NOT_DECISION_ELIGIBLE,AUTHORITATIVE_W_BIT_LOAD_ADD_MUL_OUTPUT_DATAPATH_NOT_REBUILT_AT_W16_W32; EXACT_OPERATION_COUNTS_AND_IDENTICAL_MAGNITUDES_RETAINED; PROPAGATION_COMBINER_AND_POLICY_MATCHED_CONTENT_CACHE_LOGIC_NOT_IN_NAND_TOTAL,3201,0,IMPLEMENTED_TRACE_PASS
PAH-BUILD005-DEMAND-VALUATION-0001,16,DIVISIBILITY_FILTER_STREAM,one-query-per-value,C7298BB9F2F58EC0452D6EBBDF7B349C859885D04928D833461CCF8DE6F8502F,COLD_MAG,MAGNITUDE_FINAL,false,false,true,BIN_CONTENT_ANSWER_LRU_K,4,0,256,5,5,123,24,104,128,128,498,0,0,0,128,104,0,100,0,0,0,0,104,24,0,0,0,0,128,0,0,0,0,0,0,0,0,0,0,1,128,0,128,2091,104,2451,133760,6240,2523960,515040,3179000,EXPLORATORY_COMPONENT_PROXY__NOT_DECISION_ELIGIBLE,AUTHORITATIVE_W_BIT_LOAD_ADD_MUL_OUTPUT_DATAPATH_NOT_REBUILT_AT_W16_W32; EXACT_OPERATION_COUNTS_AND_IDENTICAL_MAGNITUDES_RETAINED; PROPAGATION_COMBINER_AND_POLICY_MATCHED_CONTENT_CACHE_LOGIC_NOT_IN_NAND_TOTAL,2177,0,IMPLEMENTED_TRACE_PASS
PAH-BUILD005-DEMAND-VALUATION-0001,16,DIVISIBILITY_FILTER_STREAM,one-query-per-value,C7298BB9F2F58EC0452D6EBBDF7B349C859885D04928D833461CCF8DE6F8502F,COLD_MAG,MAGNITUDE_FINAL,false,false,true,BIN_FRONTIER_NOPROP_K,4,0,256,5,5,123,24,104,128,128,502,0,0,0,128,128,0,124,127,0,33,0,104,24,0,0,0,0,128,0,0,0,0,0,0,0,0,0,0,1,128,0,128,2091,256,2603,133760,6240,2523960,852480,3516440,EXPLORATORY_COMPONENT_PROXY__NOT_DECISION_ELIGIBLE,AUTHORITATIVE_W_BIT_LOAD_ADD_MUL_OUTPUT_DATAPATH_NOT_REBUILT_AT_W16_W32; EXACT_OPERATION_COUNTS_AND_IDENTICAL_MAGNITUDES_RETAINED; PROPAGATION_COMBINER_AND_POLICY_MATCHED_CONTENT_CACHE_LOGIC_NOT_IN_NAND_TOTAL,2177,0,IMPLEMENTED_TRACE_PASS
PAH-BUILD005-DEMAND-VALUATION-0001,16,DIVISIBILITY_FILTER_STREAM,one-query-per-value,C7298BB9F2F58EC0452D6EBBDF7B349C859885D04928D833461CCF8DE6F8502F,COLD_MAG,MAGNITUDE_FINAL,false,false,true,BIN_PRIME_FRONTIER_PROP_K,4,0,256,5,5,123,24,104,128,128,502,0,0,0,128,128,0,124,127,0,33,0,104,24,0,0,0,0,128,0,0,0,0,0,0,0,0,0,0,1,128,0,128,2091,256,2603,133760,6240,2523960,852480,3516440,EXPLORATORY_COMPONENT_PROXY__NOT_DECISION_ELIGIBLE,AUTHORITATIVE_W_BIT_LOAD_ADD_MUL_OUTPUT_DATAPATH_NOT_REBUILT_AT_W16_W32; EXACT_OPERATION_COUNTS_AND_IDENTICAL_MAGNITUDES_RETAINED; PROPAGATION_COMBINER_AND_POLICY_MATCHED_CONTENT_CACHE_LOGIC_NOT_IN_NAND_TOTAL,2177,0,IMPLEMENTED_TRACE_PASS
PAH-BUILD005-DEMAND-VALUATION-0001,16,DIVISIBILITY_FILTER_STREAM,one-query-per-value,C7298BB9F2F58EC0452D6EBBDF7B349C859885D04928D833461CCF8DE6F8502F,COLD_MAG,MAGNITUDE_FINAL,false,false,true,BIN_PRIME_FRONTIER_SPEC_B1_K,4,1,384,5,5,240,62,183,245,256,1014,11,5,6,245,245,0,241,243,0,278,0,183,62,0,0,0,0,128,128,128,11,117,11,1,0,0,0,0,1,128,0,256,4080,373,4837,267520,6240,4924800,1396380,6594940,EXPLORATORY_COMPONENT_PROXY__NOT_DECISION_ELIGIBLE,AUTHORITATIVE_W_BIT_LOAD_ADD_MUL_OUTPUT_DATAPATH_NOT_REBUILT_AT_W16_W32; EXACT_OPERATION_COUNTS_AND_IDENTICAL_MAGNITUDES_RETAINED; PROPAGATION_COMBINER_AND_POLICY_MATCHED_CONTENT_CACHE_LOGIC_NOT_IN_NAND_TOTAL,2433,0,IMPLEMENTED_TRACE_PASS
PAH-BUILD005-DEMAND-VALUATION-0001,16,DIVISIBILITY_FILTER_STREAM,one-query-per-value,C7298BB9F2F58EC0452D6EBBDF7B349C859885D04928D833461CCF8DE6F8502F,COLD_MAG,MAGNITUDE_FINAL,false,false,true,BIN_PRIME_FRONTIER_SPEC_B4_K,4,4,768,5,5,591,110,486,596,640,2550,44,13,31,596,596,0,592,508,0,106,0,486,110,0,0,0,0,128,512,512,44,468,44,1,0,0,0,0,1,128,0,640,10047,724,11539,668800,6240,12127320,3028080,15830440,EXPLORATORY_COMPONENT_PROXY__NOT_DECISION_ELIGIBLE,AUTHORITATIVE_W_BIT_LOAD_ADD_MUL_OUTPUT_DATAPATH_NOT_REBUILT_AT_W16_W32; EXACT_OPERATION_COUNTS_AND_IDENTICAL_MAGNITUDES_RETAINED; PROPAGATION_COMBINER_AND_POLICY_MATCHED_CONTENT_CACHE_LOGIC_NOT_IN_NAND_TOTAL,3201,0,IMPLEMENTED_TRACE_PASS
PAH-BUILD005-DEMAND-VALUATION-0001,16,SMOOTH_STRIP,smooth-near-smooth-rough,8F0C7EAC823ECBB32A7407742A8928D929001EB131711C2572DEB1220DCD83BD,COLD_MAG,MAGNITUDE_FINAL,false,false,true,BIN_DIRECT_BEST,0,0,192,14,25,165,36,154,154,0,0,0,0,0,0,0,0,0,0,0,0,0,176,0,0,0,0,0,176,0,0,0,0,0,0,0,0,48,0,1,16,0,176,2805,0,2997,183920,17472,3385800,0,3587192,EXPLORATORY_COMPONENT_PROXY__NOT_DECISION_ELIGIBLE,AUTHORITATIVE_W_BIT_LOAD_ADD_MUL_OUTPUT_DATAPATH_NOT_REBUILT_AT_W16_W32; EXACT_OPERATION_COUNTS_AND_IDENTICAL_MAGNITUDES_RETAINED; PROPAGATION_COMBINER_AND_POLICY_MATCHED_CONTENT_CACHE_LOGIC_NOT_IN_NAND_TOTAL,1873,0,IMPLEMENTED_TRACE_PASS
PAH-BUILD005-DEMAND-VALUATION-0001,16,SMOOTH_STRIP,smooth-near-smooth-rough,8F0C7EAC823ECBB32A7407742A8928D929001EB131711C2572DEB1220DCD83BD,COLD_MAG,MAGNITUDE_FINAL,false,false,true,BIN_CONTENT_ANSWER_LRU_K,1,0,192,14,25,165,36,154,154,176,175,0,0,0,176,176,0,175,0,0,0,0,176,0,0,0,0,0,176,0,0,0,0,0,0,0,0,48,0,1,16,0,176,2805,176,3173,183920,17472,3385800,192192,3779384,EXPLORATORY_COMPONENT_PROXY__NOT_DECISION_ELIGIBLE,AUTHORITATIVE_W_BIT_LOAD_ADD_MUL_OUTPUT_DATAPATH_NOT_REBUILT_AT_W16_W32; EXACT_OPERATION_COUNTS_AND_IDENTICAL_MAGNITUDES_RETAINED; PROPAGATION_COMBINER_AND_POLICY_MATCHED_CONTENT_CACHE_LOGIC_NOT_IN_NAND_TOTAL,1873,0,IMPLEMENTED_TRACE_PASS
PAH-BUILD005-DEMAND-VALUATION-0001,16,SMOOTH_STRIP,smooth-near-smooth-rough,8F0C7EAC823ECBB32A7407742A8928D929001EB131711C2572DEB1220DCD83BD,COLD_MAG,MAGNITUDE_FINAL,false,false,true,BIN_FRONTIER_NOPROP_K,1,0,192,14,25,165,36,154,154,176,175,0,0,0,176,176,0,175,15,0,0,0,176,0,0,0,0,0,176,0,0,0,0,0,0,0,0,48,0,1,16,0,176,2805,192,3189,183920,17472,3385800,200928,3788120,EXPLORATORY_COMPONENT_PROXY__NOT_DECISION_ELIGIBLE,AUTHORITATIVE_W_BIT_LOAD_ADD_MUL_OUTPUT_DATAPATH_NOT_REBUILT_AT_W16_W32; EXACT_OPERATION_COUNTS_AND_IDENTICAL_MAGNITUDES_RETAINED; PROPAGATION_COMBINER_AND_POLICY_MATCHED_CONTENT_CACHE_LOGIC_NOT_IN_NAND_TOTAL,1873,0,IMPLEMENTED_TRACE_PASS
PAH-BUILD005-DEMAND-VALUATION-0001,16,SMOOTH_STRIP,smooth-near-smooth-rough,8F0C7EAC823ECBB32A7407742A8928D929001EB131711C2572DEB1220DCD83BD,COLD_MAG,MAGNITUDE_FINAL,false,false,true,BIN_PRIME_FRONTIER_PROP_K,1,0,192,14,25,165,36,154,154,176,175,0,0,0,176,176,0,175,15,0,0,0,176,0,0,0,0,0,176,0,0,0,0,0,0,0,0,48,0,1,16,0,176,2805,192,3189,183920,17472,3385800,200928,3788120,EXPLORATORY_COMPONENT_PROXY__NOT_DECISION_ELIGIBLE,AUTHORITATIVE_W_BIT_LOAD_ADD_MUL_OUTPUT_DATAPATH_NOT_REBUILT_AT_W16_W32; EXACT_OPERATION_COUNTS_AND_IDENTICAL_MAGNITUDES_RETAINED; PROPAGATION_COMBINER_AND_POLICY_MATCHED_CONTENT_CACHE_LOGIC_NOT_IN_NAND_TOTAL,1873,0,IMPLEMENTED_TRACE_PASS
PAH-BUILD005-DEMAND-VALUATION-0001,16,SMOOTH_STRIP,smooth-near-smooth-rough,8F0C7EAC823ECBB32A7407742A8928D929001EB131711C2572DEB1220DCD83BD,COLD_MAG,MAGNITUDE_FINAL,false,false,true,BIN_PRIME_FRONTIER_SPEC_B1_K,1,1,226,14,25,179,44,160,168,210,209,0,0,0,210,210,0,209,15,0,0,0,202,8,0,0,0,0,176,34,14,34,0,158,11,0,0,48,0,1,16,0,210,3043,226,3495,219450,17472,3673080,238056,4148058,EXPLORATORY_COMPONENT_PROXY__NOT_DECISION_ELIGIBLE,AUTHORITATIVE_W_BIT_LOAD_ADD_MUL_OUTPUT_DATAPATH_NOT_REBUILT_AT_W16_W32; EXACT_OPERATION_COUNTS_AND_IDENTICAL_MAGNITUDES_RETAINED; PROPAGATION_COMBINER_AND_POLICY_MATCHED_CONTENT_CACHE_LOGIC_NOT_IN_NAND_TOTAL,1941,0,IMPLEMENTED_TRACE_PASS
PAH-BUILD005-DEMAND-VALUATION-0001,16,SMOOTH_STRIP,smooth-near-smooth-rough,8F0C7EAC823ECBB32A7407742A8928D929001EB131711C2572DEB1220DCD83BD,COLD_MAG,MAGNITUDE_FINAL,false,false,true,BIN_PRIME_FRONTIER_SPEC_B4_K,1,4,268,14,25,221,56,190,210,252,251,0,0,0,252,252,0,251,15,0,0,0,232,20,0,0,0,0,176,76,56,76,0,326,11,0,0,48,0,1,16,0,252,3757,268,4293,263340,17472,4534920,283920,5099652,EXPLORATORY_COMPONENT_PROXY__NOT_DECISION_ELIGIBLE,AUTHORITATIVE_W_BIT_LOAD_ADD_MUL_OUTPUT_DATAPATH_NOT_REBUILT_AT_W16_W32; EXACT_OPERATION_COUNTS_AND_IDENTICAL_MAGNITUDES_RETAINED; PROPAGATION_COMBINER_AND_POLICY_MATCHED_CONTENT_CACHE_LOGIC_NOT_IN_NAND_TOTAL,2025,0,IMPLEMENTED_TRACE_PASS
PAH-BUILD005-DEMAND-VALUATION-0001,16,SMOOTH_STRIP,smooth-near-smooth-rough,8F0C7EAC823ECBB32A7407742A8928D929001EB131711C2572DEB1220DCD83BD,COLD_MAG,MAGNITUDE_FINAL,false,false,true,BIN_CONTENT_ANSWER_LRU_K,2,0,192,14,25,165,36,154,154,176,349,0,0,0,176,176,0,174,0,0,0,0,176,0,0,0,0,0,176,0,0,0,0,0,0,0,0,48,0,1,16,0,176,2805,176,3173,183920,17472,3385800,386144,3973336,EXPLORATORY_COMPONENT_PROXY__NOT_DECISION_ELIGIBLE,AUTHORITATIVE_W_BIT_LOAD_ADD_MUL_OUTPUT_DATAPATH_NOT_REBUILT_AT_W16_W32; EXACT_OPERATION_COUNTS_AND_IDENTICAL_MAGNITUDES_RETAINED; PROPAGATION_COMBINER_AND_POLICY_MATCHED_CONTENT_CACHE_LOGIC_NOT_IN_NAND_TOTAL,1873,0,IMPLEMENTED_TRACE_PASS
PAH-BUILD005-DEMAND-VALUATION-0001,16,SMOOTH_STRIP,smooth-near-smooth-rough,8F0C7EAC823ECBB32A7407742A8928D929001EB131711C2572DEB1220DCD83BD,COLD_MAG,MAGNITUDE_FINAL,false,false,true,BIN_FRONTIER_NOPROP_K,2,0,192,14,25,165,36,154,154,176,349,0,0,0,176,176,0,174,30,0,0,0,176,0,0,0,0,0,176,0,0,0,0,0,0,0,0,48,0,1,16,0,176,2805,192,3189,183920,17472,3385800,403696,3990888,EXPLORATORY_COMPONENT_PROXY__NOT_DECISION_ELIGIBLE,AUTHORITATIVE_W_BIT_LOAD_ADD_MUL_OUTPUT_DATAPATH_NOT_REBUILT_AT_W16_W32; EXACT_OPERATION_COUNTS_AND_IDENTICAL_MAGNITUDES_RETAINED; PROPAGATION_COMBINER_AND_POLICY_MATCHED_CONTENT_CACHE_LOGIC_NOT_IN_NAND_TOTAL,1873,0,IMPLEMENTED_TRACE_PASS
PAH-BUILD005-DEMAND-VALUATION-0001,16,SMOOTH_STRIP,smooth-near-smooth-rough,8F0C7EAC823ECBB32A7407742A8928D929001EB131711C2572DEB1220DCD83BD,COLD_MAG,MAGNITUDE_FINAL,false,false,true,BIN_PRIME_FRONTIER_PROP_K,2,0,192,14,25,165,36,154,154,176,349,0,0,0,176,176,0,174,30,0,0,0,176,0,0,0,0,0,176,0,0,0,0,0,0,0,0,48,0,1,16,0,176,2805,192,3189,183920,17472,3385800,403696,3990888,EXPLORATORY_COMPONENT_PROXY__NOT_DECISION_ELIGIBLE,AUTHORITATIVE_W_BIT_LOAD_ADD_MUL_OUTPUT_DATAPATH_NOT_REBUILT_AT_W16_W32; EXACT_OPERATION_COUNTS_AND_IDENTICAL_MAGNITUDES_RETAINED; PROPAGATION_COMBINER_AND_POLICY_MATCHED_CONTENT_CACHE_LOGIC_NOT_IN_NAND_TOTAL,1873,0,IMPLEMENTED_TRACE_PASS
PAH-BUILD005-DEMAND-VALUATION-0001,16,SMOOTH_STRIP,smooth-near-smooth-rough,8F0C7EAC823ECBB32A7407742A8928D929001EB131711C2572DEB1220DCD83BD,COLD_MAG,MAGNITUDE_FINAL,false,false,true,BIN_PRIME_FRONTIER_SPEC_B1_K,2,1,226,14,25,165,36,154,162,210,417,14,0,0,196,196,8,194,30,0,0,0,196,8,0,0,0,0,176,34,14,34,0,158,11,0,0,48,0,1,16,0,210,2805,220,3251,219450,17472,3385800,471710,4094432,EXPLORATORY_COMPONENT_PROXY__NOT_DECISION_ELIGIBLE,AUTHORITATIVE_W_BIT_LOAD_ADD_MUL_OUTPUT_DATAPATH_NOT_REBUILT_AT_W16_W32; EXACT_OPERATION_COUNTS_AND_IDENTICAL_MAGNITUDES_RETAINED; PROPAGATION_COMBINER_AND_POLICY_MATCHED_CONTENT_CACHE_LOGIC_NOT_IN_NAND_TOTAL,1941,0,IMPLEMENTED_TRACE_PASS
PAH-BUILD005-DEMAND-VALUATION-0001,16,SMOOTH_STRIP,smooth-near-smooth-rough,8F0C7EAC823ECBB32A7407742A8928D929001EB131711C2572DEB1220DCD83BD,COLD_MAG,MAGNITUDE_FINAL,false,false,true,BIN_PRIME_FRONTIER_SPEC_B4_K,2,4,268,14,25,221,56,190,210,252,501,0,0,0,252,252,0,250,30,0,0,0,232,20,0,0,0,0,176,76,56,76,0,326,11,0,0,48,0,1,16,0,252,3757,268,4293,263340,17472,4534920,570440,5386172,EXPLORATORY_COMPONENT_PROXY__NOT_DECISION_ELIGIBLE,AUTHORITATIVE_W_BIT_LOAD_ADD_MUL_OUTPUT_DATAPATH_NOT_REBUILT_AT_W16_W32; EXACT_OPERATION_COUNTS_AND_IDENTICAL_MAGNITUDES_RETAINED; PROPAGATION_COMBINER_AND_POLICY_MATCHED_CONTENT_CACHE_LOGIC_NOT_IN_NAND_TOTAL,2025,0,IMPLEMENTED_TRACE_PASS
PAH-BUILD005-DEMAND-VALUATION-0001,16,SMOOTH_STRIP,smooth-near-smooth-rough,8F0C7EAC823ECBB32A7407742A8928D929001EB131711C2572DEB1220DCD83BD,COLD_MAG,MAGNITUDE_FINAL,false,false,true,BIN_CONTENT_ANSWER_LRU_K,4,0,192,14,25,165,36,154,154,176,694,0,0,0,176,176,0,172,0,0,0,0,176,0,0,0,0,0,176,0,0,0,0,0,0,0,0,48,0,1,16,0,176,2805,176,3173,183920,17472,3385800,781440,4368632,EXPLORATORY_COMPONENT_PROXY__NOT_DECISION_ELIGIBLE,AUTHORITATIVE_W_BIT_LOAD_ADD_MUL_OUTPUT_DATAPATH_NOT_REBUILT_AT_W16_W32; EXACT_OPERATION_COUNTS_AND_IDENTICAL_MAGNITUDES_RETAINED; PROPAGATION_COMBINER_AND_POLICY_MATCHED_CONTENT_CACHE_LOGIC_NOT_IN_NAND_TOTAL,1873,0,IMPLEMENTED_TRACE_PASS
PAH-BUILD005-DEMAND-VALUATION-0001,16,SMOOTH_STRIP,smooth-near-smooth-rough,8F0C7EAC823ECBB32A7407742A8928D929001EB131711C2572DEB1220DCD83BD,COLD_MAG,MAGNITUDE_FINAL,false,false,true,BIN_FRONTIER_NOPROP_K,4,0,192,14,25,165,36,154,154,176,694,0,0,0,176,176,0,172,60,0,0,0,176,0,0,0,0,0,176,0,0,0,0,0,0,0,0,48,0,1,16,0,176,2805,192,3189,183920,17472,3385800,816960,4404152,EXPLORATORY_COMPONENT_PROXY__NOT_DECISION_ELIGIBLE,AUTHORITATIVE_W_BIT_LOAD_ADD_MUL_OUTPUT_DATAPATH_NOT_REBUILT_AT_W16_W32; EXACT_OPERATION_COUNTS_AND_IDENTICAL_MAGNITUDES_RETAINED; PROPAGATION_COMBINER_AND_POLICY_MATCHED_CONTENT_CACHE_LOGIC_NOT_IN_NAND_TOTAL,1873,0,IMPLEMENTED_TRACE_PASS
PAH-BUILD005-DEMAND-VALUATION-0001,16,SMOOTH_STRIP,smooth-near-smooth-rough,8F0C7EAC823ECBB32A7407742A8928D929001EB131711C2572DEB1220DCD83BD,COLD_MAG,MAGNITUDE_FINAL,false,false,true,BIN_PRIME_FRONTIER_PROP_K,4,0,192,14,25,165,36,154,154,176,694,0,0,0,176,176,0,172,60,0,0,0,176,0,0,0,0,0,176,0,0,0,0,0,0,0,0,48,0,1,16,0,176,2805,192,3189,183920,17472,3385800,816960,4404152,EXPLORATORY_COMPONENT_PROXY__NOT_DECISION_ELIGIBLE,AUTHORITATIVE_W_BIT_LOAD_ADD_MUL_OUTPUT_DATAPATH_NOT_REBUILT_AT_W16_W32; EXACT_OPERATION_COUNTS_AND_IDENTICAL_MAGNITUDES_RETAINED; PROPAGATION_COMBINER_AND_POLICY_MATCHED_CONTENT_CACHE_LOGIC_NOT_IN_NAND_TOTAL,1873,0,IMPLEMENTED_TRACE_PASS
PAH-BUILD005-DEMAND-VALUATION-0001,16,SMOOTH_STRIP,smooth-near-smooth-rough,8F0C7EAC823ECBB32A7407742A8928D929001EB131711C2572DEB1220DCD83BD,COLD_MAG,MAGNITUDE_FINAL,false,false,true,BIN_PRIME_FRONTIER_SPEC_B1_K,4,1,226,14,25,165,36,154,162,210,830,14,0,0,196,196,8,192,60,0,0,0,196,8,0,0,0,0,176,34,14,34,0,158,11,0,0,48,0,1,16,0,210,2805,220,3251,219450,17472,3385800,954600,4577322,EXPLORATORY_COMPONENT_PROXY__NOT_DECISION_ELIGIBLE,AUTHORITATIVE_W_BIT_LOAD_ADD_MUL_OUTPUT_DATAPATH_NOT_REBUILT_AT_W16_W32; EXACT_OPERATION_COUNTS_AND_IDENTICAL_MAGNITUDES_RETAINED; PROPAGATION_COMBINER_AND_POLICY_MATCHED_CONTENT_CACHE_LOGIC_NOT_IN_NAND_TOTAL,1941,0,IMPLEMENTED_TRACE_PASS
PAH-BUILD005-DEMAND-VALUATION-0001,16,SMOOTH_STRIP,smooth-near-smooth-rough,8F0C7EAC823ECBB32A7407742A8928D929001EB131711C2572DEB1220DCD83BD,COLD_MAG,MAGNITUDE_FINAL,false,false,true,BIN_PRIME_FRONTIER_SPEC_B4_K,4,4,268,14,25,221,56,190,210,252,998,0,0,0,252,252,0,248,60,0,0,0,232,20,0,0,0,0,176,76,56,76,0,326,11,0,0,48,0,1,16,0,252,3757,268,4293,263340,17472,4534920,1154400,5970132,EXPLORATORY_COMPONENT_PROXY__NOT_DECISION_ELIGIBLE,AUTHORITATIVE_W_BIT_LOAD_ADD_MUL_OUTPUT_DATAPATH_NOT_REBUILT_AT_W16_W32; EXACT_OPERATION_COUNTS_AND_IDENTICAL_MAGNITUDES_RETAINED; PROPAGATION_COMBINER_AND_POLICY_MATCHED_CONTENT_CACHE_LOGIC_NOT_IN_NAND_TOTAL,2025,0,IMPLEMENTED_TRACE_PASS
PAH-BUILD005-DEMAND-VALUATION-0001,16,MULTIPLICATIVE_DAG,cold-leaves-balanced-products,1710E1F7A0B7ADCCD113E7A70E50EAFF9C3D04F0AC75EE569912039220B1A629,COLD_MAG,MAGNITUDE_FINAL,false,true,true,BIN_DIRECT_BEST,0,0,12,0,0,9,4,5,5,0,0,0,0,0,0,0,0,0,0,0,0,0,5,0,0,0,0,0,5,0,0,0,0,0,0,0,0,0,0,4,7,0,5,153,0,165,5225,0,184680,0,189905,EXPLORATORY_COMPONENT_PROXY__NOT_DECISION_ELIGIBLE,AUTHORITATIVE_W_BIT_LOAD_ADD_MUL_OUTPUT_DATAPATH_NOT_REBUILT_AT_W16_W32; EXACT_OPERATION_COUNTS_AND_IDENTICAL_MAGNITUDES_RETAINED; PROPAGATION_COMBINER_AND_POLICY_MATCHED_CONTENT_CACHE_LOGIC_NOT_IN_NAND_TOTAL,133,0,IMPLEMENTED_TRACE_PASS
PAH-BUILD005-DEMAND-VALUATION-0001,16,MULTIPLICATIVE_DAG,cold-leaves-balanced-products,1710E1F7A0B7ADCCD113E7A70E50EAFF9C3D04F0AC75EE569912039220B1A629,COLD_MAG,MAGNITUDE_FINAL,false,true,true,BIN_CONTENT_ANSWER_LRU_K,1,0,12,0,0,9,4,5,5,5,4,0,0,0,5,5,0,4,0,0,0,0,5,0,0,0,0,0,5,0,0,0,0,0,0,0,0,0,0,4,7,0,5,153,5,170,5225,0,184680,5460,195365,EXPLORATORY_COMPONENT_PROXY__NOT_DECISION_ELIGIBLE,AUTHORITATIVE_W_BIT_LOAD_ADD_MUL_OUTPUT_DATAPATH_NOT_REBUILT_AT_W16_W32; EXACT_OPERATION_COUNTS_AND_IDENTICAL_MAGNITUDES_RETAINED; PROPAGATION_COMBINER_AND_POLICY_MATCHED_CONTENT_CACHE_LOGIC_NOT_IN_NAND_TOTAL,133,0,IMPLEMENTED_TRACE_PASS
PAH-BUILD005-DEMAND-VALUATION-0001,16,MULTIPLICATIVE_DAG,cold-leaves-balanced-products,1710E1F7A0B7ADCCD113E7A70E50EAFF9C3D04F0AC75EE569912039220B1A629,COLD_MAG,MAGNITUDE_FINAL,false,true,true,BIN_FRONTIER_NOPROP_K,1,0,12,0,0,9,4,5,5,5,4,0,0,0,5,5,0,4,0,0,0,0,5,0,0,0,0,0,5,0,0,0,0,0,0,0,0,0,0,4,7,0,5,153,12,177,5225,0,184680,9282,199187,EXPLORATORY_COMPONENT_PROXY__NOT_DECISION_ELIGIBLE,AUTHORITATIVE_W_BIT_LOAD_ADD_MUL_OUTPUT_DATAPATH_NOT_REBUILT_AT_W16_W32; EXACT_OPERATION_COUNTS_AND_IDENTICAL_MAGNITUDES_RETAINED; PROPAGATION_COMBINER_AND_POLICY_MATCHED_CONTENT_CACHE_LOGIC_NOT_IN_NAND_TOTAL,133,0,IMPLEMENTED_TRACE_PASS
PAH-BUILD005-DEMAND-VALUATION-0001,16,MULTIPLICATIVE_DAG,cold-leaves-balanced-products,1710E1F7A0B7ADCCD113E7A70E50EAFF9C3D04F0AC75EE569912039220B1A629,COLD_MAG,MAGNITUDE_FINAL,false,true,true,BIN_PRIME_FRONTIER_PROP_K,1,0,12,0,0,9,4,5,5,11,10,1,0,0,10,5,0,4,0,0,0,0,5,0,0,0,0,0,5,0,0,0,0,0,0,0,0,0,0,4,7,0,5,153,18,183,5225,0,184680,12558,202463,EXPLORATORY_COMPONENT_PROXY__NOT_DECISION_ELIGIBLE,AUTHORITATIVE_W_BIT_LOAD_ADD_MUL_OUTPUT_DATAPATH_NOT_REBUILT_AT_W16_W32; EXACT_OPERATION_COUNTS_AND_IDENTICAL_MAGNITUDES_RETAINED; PROPAGATION_COMBINER_AND_POLICY_MATCHED_CONTENT_CACHE_LOGIC_NOT_IN_NAND_TOTAL,133,0,IMPLEMENTED_TRACE_PASS
PAH-BUILD005-DEMAND-VALUATION-0001,16,MULTIPLICATIVE_DAG,cold-leaves-balanced-products,1710E1F7A0B7ADCCD113E7A70E50EAFF9C3D04F0AC75EE569912039220B1A629,COLD_MAG,MAGNITUDE_FINAL,false,true,true,BIN_PRIME_FRONTIER_SPEC_B1_K,1,1,19,0,0,15,8,7,12,18,17,2,0,0,16,11,1,10,0,0,0,0,7,5,0,0,0,0,5,7,7,5,2,17,4,0,0,0,0,4,7,0,12,255,25,299,12540,0,307800,20202,340542,EXPLORATORY_COMPONENT_PROXY__NOT_DECISION_ELIGIBLE,AUTHORITATIVE_W_BIT_LOAD_ADD_MUL_OUTPUT_DATAPATH_NOT_REBUILT_AT_W16_W32; EXACT_OPERATION_COUNTS_AND_IDENTICAL_MAGNITUDES_RETAINED; PROPAGATION_COMBINER_AND_POLICY_MATCHED_CONTENT_CACHE_LOGIC_NOT_IN_NAND_TOTAL,147,0,IMPLEMENTED_TRACE_PASS
PAH-BUILD005-DEMAND-VALUATION-0001,16,MULTIPLICATIVE_DAG,cold-leaves-balanced-products,1710E1F7A0B7ADCCD113E7A70E50EAFF9C3D04F0AC75EE569912039220B1A629,COLD_MAG,MAGNITUDE_FINAL,false,true,true,BIN_PRIME_FRONTIER_SPEC_B4_K,1,4,40,0,0,37,17,20,33,39,38,1,0,0,38,33,0,32,0,0,0,0,20,13,0,0,0,0,5,28,28,5,23,17,4,0,0,0,0,4,7,0,33,629,46,715,34485,0,759240,43134,836859,EXPLORATORY_COMPONENT_PROXY__NOT_DECISION_ELIGIBLE,AUTHORITATIVE_W_BIT_LOAD_ADD_MUL_OUTPUT_DATAPATH_NOT_REBUILT_AT_W16_W32; EXACT_OPERATION_COUNTS_AND_IDENTICAL_MAGNITUDES_RETAINED; PROPAGATION_COMBINER_AND_POLICY_MATCHED_CONTENT_CACHE_LOGIC_NOT_IN_NAND_TOTAL,189,0,IMPLEMENTED_TRACE_PASS
PAH-BUILD005-DEMAND-VALUATION-0001,16,MULTIPLICATIVE_DAG,cold-leaves-balanced-products,1710E1F7A0B7ADCCD113E7A70E50EAFF9C3D04F0AC75EE569912039220B1A629,COLD_MAG,MAGNITUDE_FINAL,false,true,true,BIN_CONTENT_ANSWER_LRU_K,2,0,12,0,0,9,4,5,5,5,7,0,0,0,5,5,0,3,0,0,0,0,5,0,0,0,0,0,5,0,0,0,0,0,0,0,0,0,0,4,7,0,5,153,5,170,5225,0,184680,10970,200875,EXPLORATORY_COMPONENT_PROXY__NOT_DECISION_ELIGIBLE,AUTHORITATIVE_W_BIT_LOAD_ADD_MUL_OUTPUT_DATAPATH_NOT_REBUILT_AT_W16_W32; EXACT_OPERATION_COUNTS_AND_IDENTICAL_MAGNITUDES_RETAINED; PROPAGATION_COMBINER_AND_POLICY_MATCHED_CONTENT_CACHE_LOGIC_NOT_IN_NAND_TOTAL,133,0,IMPLEMENTED_TRACE_PASS
PAH-BUILD005-DEMAND-VALUATION-0001,16,MULTIPLICATIVE_DAG,cold-leaves-balanced-products,1710E1F7A0B7ADCCD113E7A70E50EAFF9C3D04F0AC75EE569912039220B1A629,COLD_MAG,MAGNITUDE_FINAL,false,true,true,BIN_FRONTIER_NOPROP_K,2,0,12,0,0,9,4,5,5,5,7,0,0,0,5,5,0,3,1,0,0,0,5,0,0,0,0,0,5,0,0,0,0,0,0,0,0,0,0,4,7,0,5,153,12,177,5225,0,184680,18649,208554,EXPLORATORY_COMPONENT_PROXY__NOT_DECISION_ELIGIBLE,AUTHORITATIVE_W_BIT_LOAD_ADD_MUL_OUTPUT_DATAPATH_NOT_REBUILT_AT_W16_W32; EXACT_OPERATION_COUNTS_AND_IDENTICAL_MAGNITUDES_RETAINED; PROPAGATION_COMBINER_AND_POLICY_MATCHED_CONTENT_CACHE_LOGIC_NOT_IN_NAND_TOTAL,133,0,IMPLEMENTED_TRACE_PASS
PAH-BUILD005-DEMAND-VALUATION-0001,16,MULTIPLICATIVE_DAG,cold-leaves-balanced-products,1710E1F7A0B7ADCCD113E7A70E50EAFF9C3D04F0AC75EE569912039220B1A629,COLD_MAG,MAGNITUDE_FINAL,false,true,true,BIN_PRIME_FRONTIER_PROP_K,2,0,12,0,0,9,4,5,5,11,19,3,0,0,8,6,0,4,1,1,0,0,5,0,1,0,1,1,5,0,0,0,0,0,0,0,0,0,0,4,7,2,5,153,19,186,5225,0,184680,26328,216233,EXPLORATORY_COMPONENT_PROXY__NOT_DECISION_ELIGIBLE,AUTHORITATIVE_W_BIT_LOAD_ADD_MUL_OUTPUT_DATAPATH_NOT_REBUILT_AT_W16_W32; EXACT_OPERATION_COUNTS_AND_IDENTICAL_MAGNITUDES_RETAINED; PROPAGATION_COMBINER_AND_POLICY_MATCHED_CONTENT_CACHE_LOGIC_NOT_IN_NAND_TOTAL,133,0,IMPLEMENTED_TRACE_PASS
PAH-BUILD005-DEMAND-VALUATION-0001,16,MULTIPLICATIVE_DAG,cold-leaves-balanced-products,1710E1F7A0B7ADCCD113E7A70E50EAFF9C3D04F0AC75EE569912039220B1A629,COLD_MAG,MAGNITUDE_FINAL,false,true,true,BIN_PRIME_FRONTIER_SPEC_B1_K,2,1,19,0,0,15,8,7,12,18,33,3,0,0,15,11,1,9,0,0,0,0,7,5,0,0,0,0,5,7,7,5,2,17,4,0,0,0,0,4,7,0,12,255,25,299,12540,0,307800,40589,360929,EXPLORATORY_COMPONENT_PROXY__NOT_DECISION_ELIGIBLE,AUTHORITATIVE_W_BIT_LOAD_ADD_MUL_OUTPUT_DATAPATH_NOT_REBUILT_AT_W16_W32; EXACT_OPERATION_COUNTS_AND_IDENTICAL_MAGNITUDES_RETAINED; PROPAGATION_COMBINER_AND_POLICY_MATCHED_CONTENT_CACHE_LOGIC_NOT_IN_NAND_TOTAL,147,0,IMPLEMENTED_TRACE_PASS
PAH-BUILD005-DEMAND-VALUATION-0001,16,MULTIPLICATIVE_DAG,cold-leaves-balanced-products,1710E1F7A0B7ADCCD113E7A70E50EAFF9C3D04F0AC75EE569912039220B1A629,COLD_MAG,MAGNITUDE_FINAL,false,true,true,BIN_PRIME_FRONTIER_SPEC_B4_K,2,4,40,0,0,37,17,20,33,39,75,1,0,0,38,33,0,31,0,0,0,0,20,13,0,0,0,0,5,28,28,5,23,17,4,0,0,0,0,4,7,0,33,629,46,715,34485,0,759240,86663,880388,EXPLORATORY_COMPONENT_PROXY__NOT_DECISION_ELIGIBLE,AUTHORITATIVE_W_BIT_LOAD_ADD_MUL_OUTPUT_DATAPATH_NOT_REBUILT_AT_W16_W32; EXACT_OPERATION_COUNTS_AND_IDENTICAL_MAGNITUDES_RETAINED; PROPAGATION_COMBINER_AND_POLICY_MATCHED_CONTENT_CACHE_LOGIC_NOT_IN_NAND_TOTAL,189,0,IMPLEMENTED_TRACE_PASS
PAH-BUILD005-DEMAND-VALUATION-0001,16,MULTIPLICATIVE_DAG,cold-leaves-balanced-products,1710E1F7A0B7ADCCD113E7A70E50EAFF9C3D04F0AC75EE569912039220B1A629,COLD_MAG,MAGNITUDE_FINAL,false,true,true,BIN_CONTENT_ANSWER_LRU_K,4,0,12,0,0,9,4,5,5,5,10,0,0,0,5,5,0,1,0,0,0,0,5,0,0,0,0,0,5,0,0,0,0,0,0,0,0,0,0,4,7,0,5,153,5,170,5225,0,184680,22200,212105,EXPLORATORY_COMPONENT_PROXY__NOT_DECISION_ELIGIBLE,AUTHORITATIVE_W_BIT_LOAD_ADD_MUL_OUTPUT_DATAPATH_NOT_REBUILT_AT_W16_W32; EXACT_OPERATION_COUNTS_AND_IDENTICAL_MAGNITUDES_RETAINED; PROPAGATION_COMBINER_AND_POLICY_MATCHED_CONTENT_CACHE_LOGIC_NOT_IN_NAND_TOTAL,133,0,IMPLEMENTED_TRACE_PASS
PAH-BUILD005-DEMAND-VALUATION-0001,16,MULTIPLICATIVE_DAG,cold-leaves-balanced-products,1710E1F7A0B7ADCCD113E7A70E50EAFF9C3D04F0AC75EE569912039220B1A629,COLD_MAG,MAGNITUDE_FINAL,false,true,true,BIN_FRONTIER_NOPROP_K,4,0,12,0,0,9,4,5,5,5,10,0,0,0,5,5,0,1,2,0,1,0,5,0,0,0,0,0,5,0,0,0,0,0,0,0,0,0,0,4,7,0,5,153,12,177,5225,0,184680,37740,227645,EXPLORATORY_COMPONENT_PROXY__NOT_DECISION_ELIGIBLE,AUTHORITATIVE_W_BIT_LOAD_ADD_MUL_OUTPUT_DATAPATH_NOT_REBUILT_AT_W16_W32; EXACT_OPERATION_COUNTS_AND_IDENTICAL_MAGNITUDES_RETAINED; PROPAGATION_COMBINER_AND_POLICY_MATCHED_CONTENT_CACHE_LOGIC_NOT_IN_NAND_TOTAL,133,0,IMPLEMENTED_TRACE_PASS
PAH-BUILD005-DEMAND-VALUATION-0001,16,MULTIPLICATIVE_DAG,cold-leaves-balanced-products,1710E1F7A0B7ADCCD113E7A70E50EAFF9C3D04F0AC75EE569912039220B1A629,COLD_MAG,MAGNITUDE_FINAL,false,true,true,BIN_PRIME_FRONTIER_PROP_K,4,0,12,0,0,9,4,5,5,11,34,4,0,0,7,6,0,2,2,1,3,0,5,0,1,0,1,1,5,0,0,0,0,0,0,0,0,0,0,4,7,2,5,153,19,186,5225,0,184680,53280,243185,EXPLORATORY_COMPONENT_PROXY__NOT_DECISION_ELIGIBLE,AUTHORITATIVE_W_BIT_LOAD_ADD_MUL_OUTPUT_DATAPATH_NOT_REBUILT_AT_W16_W32; EXACT_OPERATION_COUNTS_AND_IDENTICAL_MAGNITUDES_RETAINED; PROPAGATION_COMBINER_AND_POLICY_MATCHED_CONTENT_CACHE_LOGIC_NOT_IN_NAND_TOTAL,133,0,IMPLEMENTED_TRACE_PASS
PAH-BUILD005-DEMAND-VALUATION-0001,16,MULTIPLICATIVE_DAG,cold-leaves-balanced-products,1710E1F7A0B7ADCCD113E7A70E50EAFF9C3D04F0AC75EE569912039220B1A629,COLD_MAG,MAGNITUDE_FINAL,false,true,true,BIN_PRIME_FRONTIER_SPEC_B1_K,4,1,21,0,0,10,5,5,10,20,70,11,2,0,9,9,3,5,3,2,3,0,5,5,1,1,2,2,5,9,7,5,4,17,4,0,0,0,0,4,7,4,14,170,25,220,14630,0,205200,86580,306410,EXPLORATORY_COMPONENT_PROXY__NOT_DECISION_ELIGIBLE,AUTHORITATIVE_W_BIT_LOAD_ADD_MUL_OUTPUT_DATAPATH_NOT_REBUILT_AT_W16_W32; EXACT_OPERATION_COUNTS_AND_IDENTICAL_MAGNITUDES_RETAINED; PROPAGATION_COMBINER_AND_POLICY_MATCHED_CONTENT_CACHE_LOGIC_NOT_IN_NAND_TOTAL,151,0,IMPLEMENTED_TRACE_PASS
PAH-BUILD005-DEMAND-VALUATION-0001,16,MULTIPLICATIVE_DAG,cold-leaves-balanced-products,1710E1F7A0B7ADCCD113E7A70E50EAFF9C3D04F0AC75EE569912039220B1A629,COLD_MAG,MAGNITUDE_FINAL,false,true,true,BIN_PRIME_FRONTIER_SPEC_B4_K,4,4,41,0,0,36,15,21,33,40,150,5,1,0,35,33,1,29,1,1,1,0,21,12,1,0,1,1,5,29,28,5,24,17,4,0,0,0,0,4,7,2,34,612,47,702,35530,0,738720,179820,954070,EXPLORATORY_COMPONENT_PROXY__NOT_DECISION_ELIGIBLE,AUTHORITATIVE_W_BIT_LOAD_ADD_MUL_OUTPUT_DATAPATH_NOT_REBUILT_AT_W16_W32; EXACT_OPERATION_COUNTS_AND_IDENTICAL_MAGNITUDES_RETAINED; PROPAGATION_COMBINER_AND_POLICY_MATCHED_CONTENT_CACHE_LOGIC_NOT_IN_NAND_TOTAL,191,0,IMPLEMENTED_TRACE_PASS
PAH-BUILD005-DEMAND-VALUATION-0001,16,PRODUCER_FACTORED,known-prime-constructor,3D433E7967FF47E475A57CA37C9F0434020551097EF1EBCBB93BC3DBAF5ECEDC,PRODUCER_GENERATED,MAGNITUDE_FINAL,false,false,false,BIN_DIRECT_BEST,0,0,11,1,2,8,5,5,5,0,0,0,0,0,0,0,0,0,0,0,0,0,5,0,0,0,0,0,5,0,0,0,0,0,0,0,0,0,0,1,6,0,5,136,0,147,5225,1248,164160,0,170633,EXPLORATORY_COMPONENT_PROXY__NOT_DECISION_ELIGIBLE,AUTHORITATIVE_W_BIT_LOAD_ADD_MUL_OUTPUT_DATAPATH_NOT_REBUILT_AT_W16_W32; EXACT_OPERATION_COUNTS_AND_IDENTICAL_MAGNITUDES_RETAINED; PROPAGATION_COMBINER_AND_POLICY_MATCHED_CONTENT_CACHE_LOGIC_NOT_IN_NAND_TOTAL,93,0,IMPLEMENTED_TRACE_PASS
PAH-BUILD005-DEMAND-VALUATION-0001,16,PRODUCER_FACTORED,known-prime-constructor,3D433E7967FF47E475A57CA37C9F0434020551097EF1EBCBB93BC3DBAF5ECEDC,PRODUCER_GENERATED,MAGNITUDE_FINAL,false,false,false,BIN_CONTENT_ANSWER_LRU_K,1,0,11,1,2,8,5,5,5,5,4,0,0,0,5,5,0,4,0,0,0,0,5,0,0,0,0,0,5,0,0,0,0,0,0,0,0,0,0,1,6,0,5,136,5,152,5225,1248,164160,5460,176093,EXPLORATORY_COMPONENT_PROXY__NOT_DECISION_ELIGIBLE,AUTHORITATIVE_W_BIT_LOAD_ADD_MUL_OUTPUT_DATAPATH_NOT_REBUILT_AT_W16_W32; EXACT_OPERATION_COUNTS_AND_IDENTICAL_MAGNITUDES_RETAINED; PROPAGATION_COMBINER_AND_POLICY_MATCHED_CONTENT_CACHE_LOGIC_NOT_IN_NAND_TOTAL,93,0,IMPLEMENTED_TRACE_PASS
PAH-BUILD005-DEMAND-VALUATION-0001,16,PRODUCER_FACTORED,known-prime-constructor,3D433E7967FF47E475A57CA37C9F0434020551097EF1EBCBB93BC3DBAF5ECEDC,PRODUCER_GENERATED,MAGNITUDE_FINAL,false,false,false,BIN_FRONTIER_NOPROP_K,1,0,11,1,2,8,5,5,5,5,4,0,0,0,5,5,0,4,0,0,0,0,5,0,0,0,0,0,5,0,0,0,0,0,0,0,0,0,0,1,6,0,5,136,11,158,5225,1248,164160,8736,179369,EXPLORATORY_COMPONENT_PROXY__NOT_DECISION_ELIGIBLE,AUTHORITATIVE_W_BIT_LOAD_ADD_MUL_OUTPUT_DATAPATH_NOT_REBUILT_AT_W16_W32; EXACT_OPERATION_COUNTS_AND_IDENTICAL_MAGNITUDES_RETAINED; PROPAGATION_COMBINER_AND_POLICY_MATCHED_CONTENT_CACHE_LOGIC_NOT_IN_NAND_TOTAL,93,0,IMPLEMENTED_TRACE_PASS
PAH-BUILD005-DEMAND-VALUATION-0001,16,PRODUCER_FACTORED,known-prime-constructor,3D433E7967FF47E475A57CA37C9F0434020551097EF1EBCBB93BC3DBAF5ECEDC,PRODUCER_GENERATED,MAGNITUDE_FINAL,false,false,false,BIN_PRIME_FRONTIER_PROP_K,1,0,11,1,2,8,5,5,5,10,9,4,0,0,6,14,0,13,4,9,0,0,5,0,0,9,0,4,5,0,0,0,0,0,0,0,0,0,0,1,6,4,5,136,25,176,5225,1248,164160,16380,187013,EXPLORATORY_COMPONENT_PROXY__NOT_DECISION_ELIGIBLE,AUTHORITATIVE_W_BIT_LOAD_ADD_MUL_OUTPUT_DATAPATH_NOT_REBUILT_AT_W16_W32; EXACT_OPERATION_COUNTS_AND_IDENTICAL_MAGNITUDES_RETAINED; PROPAGATION_COMBINER_AND_POLICY_MATCHED_CONTENT_CACHE_LOGIC_NOT_IN_NAND_TOTAL,93,0,IMPLEMENTED_TRACE_PASS
PAH-BUILD005-DEMAND-VALUATION-0001,16,PRODUCER_FACTORED,known-prime-constructor,3D433E7967FF47E475A57CA37C9F0434020551097EF1EBCBB93BC3DBAF5ECEDC,PRODUCER_GENERATED,MAGNITUDE_FINAL,false,false,false,BIN_PRIME_FRONTIER_SPEC_B1_K,1,1,27,1,2,13,8,7,10,26,25,6,1,0,20,28,0,27,5,8,0,0,17,3,3,5,2,3,5,16,5,1,15,2,2,0,0,0,0,1,6,5,21,221,39,292,21945,1248,266760,32760,322713,EXPLORATORY_COMPONENT_PROXY__NOT_DECISION_ELIGIBLE,AUTHORITATIVE_W_BIT_LOAD_ADD_MUL_OUTPUT_DATAPATH_NOT_REBUILT_AT_W16_W32; EXACT_OPERATION_COUNTS_AND_IDENTICAL_MAGNITUDES_RETAINED; PROPAGATION_COMBINER_AND_POLICY_MATCHED_CONTENT_CACHE_LOGIC_NOT_IN_NAND_TOTAL,125,0,IMPLEMENTED_TRACE_PASS
PAH-BUILD005-DEMAND-VALUATION-0001,16,PRODUCER_FACTORED,known-prime-constructor,3D433E7967FF47E475A57CA37C9F0434020551097EF1EBCBB93BC3DBAF5ECEDC,PRODUCER_GENERATED,MAGNITUDE_FINAL,false,false,false,BIN_PRIME_FRONTIER_SPEC_B4_K,1,4,41,1,2,28,15,15,25,40,39,5,0,0,35,44,0,43,5,9,0,0,25,10,5,4,1,4,5,30,20,4,26,14,5,0,0,0,0,1,6,5,35,476,55,577,36575,1248,574560,49140,661523,EXPLORATORY_COMPONENT_PROXY__NOT_DECISION_ELIGIBLE,AUTHORITATIVE_W_BIT_LOAD_ADD_MUL_OUTPUT_DATAPATH_NOT_REBUILT_AT_W16_W32; EXACT_OPERATION_COUNTS_AND_IDENTICAL_MAGNITUDES_RETAINED; PROPAGATION_COMBINER_AND_POLICY_MATCHED_CONTENT_CACHE_LOGIC_NOT_IN_NAND_TOTAL,153,0,IMPLEMENTED_TRACE_PASS
PAH-BUILD005-DEMAND-VALUATION-0001,16,PRODUCER_FACTORED,known-prime-constructor,3D433E7967FF47E475A57CA37C9F0434020551097EF1EBCBB93BC3DBAF5ECEDC,PRODUCER_GENERATED,MAGNITUDE_FINAL,false,false,false,BIN_CONTENT_ANSWER_LRU_K,2,0,11,1,2,8,5,5,5,5,7,0,0,0,5,5,0,3,0,0,0,0,5,0,0,0,0,0,5,0,0,0,0,0,0,0,0,0,0,1,6,0,5,136,5,152,5225,1248,164160,10970,181603,EXPLORATORY_COMPONENT_PROXY__NOT_DECISION_ELIGIBLE,AUTHORITATIVE_W_BIT_LOAD_ADD_MUL_OUTPUT_DATAPATH_NOT_REBUILT_AT_W16_W32; EXACT_OPERATION_COUNTS_AND_IDENTICAL_MAGNITUDES_RETAINED; PROPAGATION_COMBINER_AND_POLICY_MATCHED_CONTENT_CACHE_LOGIC_NOT_IN_NAND_TOTAL,93,0,IMPLEMENTED_TRACE_PASS
PAH-BUILD005-DEMAND-VALUATION-0001,16,PRODUCER_FACTORED,known-prime-constructor,3D433E7967FF47E475A57CA37C9F0434020551097EF1EBCBB93BC3DBAF5ECEDC,PRODUCER_GENERATED,MAGNITUDE_FINAL,false,false,false,BIN_FRONTIER_NOPROP_K,2,0,11,1,2,8,5,5,5,5,7,0,0,0,5,5,0,3,0,0,0,0,5,0,0,0,0,0,5,0,0,0,0,0,0,0,0,0,0,1,6,0,5,136,11,158,5225,1248,164160,17552,188185,EXPLORATORY_COMPONENT_PROXY__NOT_DECISION_ELIGIBLE,AUTHORITATIVE_W_BIT_LOAD_ADD_MUL_OUTPUT_DATAPATH_NOT_REBUILT_AT_W16_W32; EXACT_OPERATION_COUNTS_AND_IDENTICAL_MAGNITUDES_RETAINED; PROPAGATION_COMBINER_AND_POLICY_MATCHED_CONTENT_CACHE_LOGIC_NOT_IN_NAND_TOTAL,93,0,IMPLEMENTED_TRACE_PASS
PAH-BUILD005-DEMAND-VALUATION-0001,16,PRODUCER_FACTORED,known-prime-constructor,3D433E7967FF47E475A57CA37C9F0434020551097EF1EBCBB93BC3DBAF5ECEDC,PRODUCER_GENERATED,MAGNITUDE_FINAL,false,false,false,BIN_PRIME_FRONTIER_PROP_K,2,0,11,1,2,8,5,5,5,10,17,4,0,0,6,17,0,15,7,12,0,0,5,0,0,12,0,7,5,0,0,0,0,0,0,0,0,0,0,1,6,7,5,136,28,182,5225,1248,164160,36201,206834,EXPLORATORY_COMPONENT_PROXY__NOT_DECISION_ELIGIBLE,AUTHORITATIVE_W_BIT_LOAD_ADD_MUL_OUTPUT_DATAPATH_NOT_REBUILT_AT_W16_W32; EXACT_OPERATION_COUNTS_AND_IDENTICAL_MAGNITUDES_RETAINED; PROPAGATION_COMBINER_AND_POLICY_MATCHED_CONTENT_CACHE_LOGIC_NOT_IN_NAND_TOTAL,93,0,IMPLEMENTED_TRACE_PASS
PAH-BUILD005-DEMAND-VALUATION-0001,16,PRODUCER_FACTORED,known-prime-constructor,3D433E7967FF47E475A57CA37C9F0434020551097EF1EBCBB93BC3DBAF5ECEDC,PRODUCER_GENERATED,MAGNITUDE_FINAL,false,false,false,BIN_PRIME_FRONTIER_SPEC_B1_K,2,1,29,1,2,12,6,8,10,28,53,9,3,0,19,31,1,29,10,12,0,0,18,2,9,3,3,7,5,18,5,1,17,2,2,0,0,0,0,1,6,10,23,204,43,286,24035,1248,246240,72402,343925,EXPLORATORY_COMPONENT_PROXY__NOT_DECISION_ELIGIBLE,AUTHORITATIVE_W_BIT_LOAD_ADD_MUL_OUTPUT_DATAPATH_NOT_REBUILT_AT_W16_W32; EXACT_OPERATION_COUNTS_AND_IDENTICAL_MAGNITUDES_RETAINED; PROPAGATION_COMBINER_AND_POLICY_MATCHED_CONTENT_CACHE_LOGIC_NOT_IN_NAND_TOTAL,129,0,IMPLEMENTED_TRACE_PASS
PAH-BUILD005-DEMAND-VALUATION-0001,16,PRODUCER_FACTORED,known-prime-constructor,3D433E7967FF47E475A57CA37C9F0434020551097EF1EBCBB93BC3DBAF5ECEDC,PRODUCER_GENERATED,MAGNITUDE_FINAL,false,false,false,BIN_PRIME_FRONTIER_SPEC_B4_K,2,4,41,1,2,28,15,15,25,40,77,5,0,0,35,48,0,46,10,13,0,0,25,10,9,4,2,8,5,30,20,4,26,14,5,0,0,0,0,1,6,10,35,476,59,586,36575,1248,574560,103118,715501,EXPLORATORY_COMPONENT_PROXY__NOT_DECISION_ELIGIBLE,AUTHORITATIVE_W_BIT_LOAD_ADD_MUL_OUTPUT_DATAPATH_NOT_REBUILT_AT_W16_W32; EXACT_OPERATION_COUNTS_AND_IDENTICAL_MAGNITUDES_RETAINED; PROPAGATION_COMBINER_AND_POLICY_MATCHED_CONTENT_CACHE_LOGIC_NOT_IN_NAND_TOTAL,153,0,IMPLEMENTED_TRACE_PASS
PAH-BUILD005-DEMAND-VALUATION-0001,16,PRODUCER_FACTORED,known-prime-constructor,3D433E7967FF47E475A57CA37C9F0434020551097EF1EBCBB93BC3DBAF5ECEDC,PRODUCER_GENERATED,MAGNITUDE_FINAL,false,false,false,BIN_CONTENT_ANSWER_LRU_K,4,0,11,1,2,8,5,5,5,5,10,0,0,0,5,5,0,1,0,0,0,0,5,0,0,0,0,0,5,0,0,0,0,0,0,0,0,0,0,1,6,0,5,136,5,152,5225,1248,164160,22200,192833,EXPLORATORY_COMPONENT_PROXY__NOT_DECISION_ELIGIBLE,AUTHORITATIVE_W_BIT_LOAD_ADD_MUL_OUTPUT_DATAPATH_NOT_REBUILT_AT_W16_W32; EXACT_OPERATION_COUNTS_AND_IDENTICAL_MAGNITUDES_RETAINED; PROPAGATION_COMBINER_AND_POLICY_MATCHED_CONTENT_CACHE_LOGIC_NOT_IN_NAND_TOTAL,93,0,IMPLEMENTED_TRACE_PASS
PAH-BUILD005-DEMAND-VALUATION-0001,16,PRODUCER_FACTORED,known-prime-constructor,3D433E7967FF47E475A57CA37C9F0434020551097EF1EBCBB93BC3DBAF5ECEDC,PRODUCER_GENERATED,MAGNITUDE_FINAL,false,false,false,BIN_FRONTIER_NOPROP_K,4,0,11,1,2,8,5,5,5,5,10,0,0,0,5,5,0,1,0,0,0,0,5,0,0,0,0,0,5,0,0,0,0,0,0,0,0,0,0,1,6,0,5,136,11,158,5225,1248,164160,35520,206153,EXPLORATORY_COMPONENT_PROXY__NOT_DECISION_ELIGIBLE,AUTHORITATIVE_W_BIT_LOAD_ADD_MUL_OUTPUT_DATAPATH_NOT_REBUILT_AT_W16_W32; EXACT_OPERATION_COUNTS_AND_IDENTICAL_MAGNITUDES_RETAINED; PROPAGATION_COMBINER_AND_POLICY_MATCHED_CONTENT_CACHE_LOGIC_NOT_IN_NAND_TOTAL,93,0,IMPLEMENTED_TRACE_PASS
PAH-BUILD005-DEMAND-VALUATION-0001,16,PRODUCER_FACTORED,known-prime-constructor,3D433E7967FF47E475A57CA37C9F0434020551097EF1EBCBB93BC3DBAF5ECEDC,PRODUCER_GENERATED,MAGNITUDE_FINAL,false,false,false,BIN_PRIME_FRONTIER_PROP_K,4,0,11,1,2,8,5,5,5,10,32,4,0,0,6,20,0,16,10,15,2,0,5,0,0,15,0,10,5,0,0,0,0,0,0,0,0,0,0,1,6,10,5,136,31,188,5225,1248,164160,79920,250553,EXPLORATORY_COMPONENT_PROXY__NOT_DECISION_ELIGIBLE,AUTHORITATIVE_W_BIT_LOAD_ADD_MUL_OUTPUT_DATAPATH_NOT_REBUILT_AT_W16_W32; EXACT_OPERATION_COUNTS_AND_IDENTICAL_MAGNITUDES_RETAINED; PROPAGATION_COMBINER_AND_POLICY_MATCHED_CONTENT_CACHE_LOGIC_NOT_IN_NAND_TOTAL,93,0,IMPLEMENTED_TRACE_PASS
PAH-BUILD005-DEMAND-VALUATION-0001,16,PRODUCER_FACTORED,known-prime-constructor,3D433E7967FF47E475A57CA37C9F0434020551097EF1EBCBB93BC3DBAF5ECEDC,PRODUCER_GENERATED,MAGNITUDE_FINAL,false,false,false,BIN_PRIME_FRONTIER_SPEC_B1_K,4,1,36,1,2,13,5,10,10,35,130,15,10,0,20,41,0,37,20,21,0,0,20,0,20,1,4,16,5,25,5,4,21,14,5,0,0,0,0,1,6,20,30,221,52,329,31350,1248,266760,182040,481398,EXPLORATORY_COMPONENT_PROXY__NOT_DECISION_ELIGIBLE,AUTHORITATIVE_W_BIT_LOAD_ADD_MUL_OUTPUT_DATAPATH_NOT_REBUILT_AT_W16_W32; EXACT_OPERATION_COUNTS_AND_IDENTICAL_MAGNITUDES_RETAINED; PROPAGATION_COMBINER_AND_POLICY_MATCHED_CONTENT_CACHE_LOGIC_NOT_IN_NAND_TOTAL,143,0,IMPLEMENTED_TRACE_PASS
PAH-BUILD005-DEMAND-VALUATION-0001,16,PRODUCER_FACTORED,known-prime-constructor,3D433E7967FF47E475A57CA37C9F0434020551097EF1EBCBB93BC3DBAF5ECEDC,PRODUCER_GENERATED,MAGNITUDE_FINAL,false,false,false,BIN_PRIME_FRONTIER_SPEC_B4_K,4,4,49,1,2,28,11,19,25,48,182,13,4,4,35,58,0,54,20,23,0,0,29,6,18,5,2,18,5,38,20,4,34,14,5,0,0,0,0,1,6,20,43,476,69,614,44935,1248,574560,248640,869383,EXPLORATORY_COMPONENT_PROXY__NOT_DECISION_ELIGIBLE,AUTHORITATIVE_W_BIT_LOAD_ADD_MUL_OUTPUT_DATAPATH_NOT_REBUILT_AT_W16_W32; EXACT_OPERATION_COUNTS_AND_IDENTICAL_MAGNITUDES_RETAINED; PROPAGATION_COMBINER_AND_POLICY_MATCHED_CONTENT_CACHE_LOGIC_NOT_IN_NAND_TOTAL,169,0,IMPLEMENTED_TRACE_PASS
PAH-BUILD005-DEMAND-VALUATION-0001,16,ADDITION_MUTATION,query-then-increment,193DCD764E692F1A14493343A2398711616E9DC6F4ACC389FC449236E5E9F499,COLD_MAG,MAGNITUDE_FINAL,true,false,true,BIN_DIRECT_BEST,0,0,98,0,0,70,22,48,48,0,0,0,0,0,0,0,0,0,0,0,0,0,48,0,0,0,0,0,48,0,0,0,0,0,0,0,0,0,0,2,50,0,48,1190,0,1288,50160,0,1436400,0,1486560,EXPLORATORY_COMPONENT_PROXY__NOT_DECISION_ELIGIBLE,AUTHORITATIVE_W_BIT_LOAD_ADD_MUL_OUTPUT_DATAPATH_NOT_REBUILT_AT_W16_W32; EXACT_OPERATION_COUNTS_AND_IDENTICAL_MAGNITUDES_RETAINED; PROPAGATION_COMBINER_AND_POLICY_MATCHED_CONTENT_CACHE_LOGIC_NOT_IN_NAND_TOTAL,929,0,IMPLEMENTED_TRACE_PASS
PAH-BUILD005-DEMAND-VALUATION-0001,16,ADDITION_MUTATION,query-then-increment,193DCD764E692F1A14493343A2398711616E9DC6F4ACC389FC449236E5E9F499,COLD_MAG,MAGNITUDE_FINAL,true,false,true,BIN_CONTENT_ANSWER_LRU_K,1,0,98,0,0,70,22,48,48,48,47,0,0,0,48,48,0,47,0,0,0,0,48,0,0,0,0,0,48,0,0,0,0,0,0,0,0,0,0,2,50,0,48,1190,48,1336,50160,0,1436400,52416,1538976,EXPLORATORY_COMPONENT_PROXY__NOT_DECISION_ELIGIBLE,AUTHORITATIVE_W_BIT_LOAD_ADD_MUL_OUTPUT_DATAPATH_NOT_REBUILT_AT_W16_W32; EXACT_OPERATION_COUNTS_AND_IDENTICAL_MAGNITUDES_RETAINED; PROPAGATION_COMBINER_AND_POLICY_MATCHED_CONTENT_CACHE_LOGIC_NOT_IN_NAND_TOTAL,929,0,IMPLEMENTED_TRACE_PASS
PAH-BUILD005-DEMAND-VALUATION-0001,16,ADDITION_MUTATION,query-then-increment,193DCD764E692F1A14493343A2398711616E9DC6F4ACC389FC449236E5E9F499,COLD_MAG,MAGNITUDE_FINAL,true,false,true,BIN_FRONTIER_NOPROP_K,1,0,98,0,0,70,22,48,48,48,47,0,0,0,48,48,0,47,48,0,47,0,48,0,0,0,0,0,48,0,0,0,0,0,0,0,0,0,0,2,50,0,48,1190,98,1386,50160,0,1436400,79716,1566276,EXPLORATORY_COMPONENT_PROXY__NOT_DECISION_ELIGIBLE,AUTHORITATIVE_W_BIT_LOAD_ADD_MUL_OUTPUT_DATAPATH_NOT_REBUILT_AT_W16_W32; EXACT_OPERATION_COUNTS_AND_IDENTICAL_MAGNITUDES_RETAINED; PROPAGATION_COMBINER_AND_POLICY_MATCHED_CONTENT_CACHE_LOGIC_NOT_IN_NAND_TOTAL,929,0,IMPLEMENTED_TRACE_PASS
PAH-BUILD005-DEMAND-VALUATION-0001,16,ADDITION_MUTATION,query-then-increment,193DCD764E692F1A14493343A2398711616E9DC6F4ACC389FC449236E5E9F499,COLD_MAG,MAGNITUDE_FINAL,true,false,true,BIN_PRIME_FRONTIER_PROP_K,1,0,98,0,0,70,22,48,48,48,47,0,0,0,48,48,0,47,48,0,47,0,48,0,0,0,0,0,48,0,0,0,0,0,0,0,0,0,0,2,50,0,48,1190,98,1386,50160,0,1436400,79716,1566276,EXPLORATORY_COMPONENT_PROXY__NOT_DECISION_ELIGIBLE,AUTHORITATIVE_W_BIT_LOAD_ADD_MUL_OUTPUT_DATAPATH_NOT_REBUILT_AT_W16_W32; EXACT_OPERATION_COUNTS_AND_IDENTICAL_MAGNITUDES_RETAINED; PROPAGATION_COMBINER_AND_POLICY_MATCHED_CONTENT_CACHE_LOGIC_NOT_IN_NAND_TOTAL,929,0,IMPLEMENTED_TRACE_PASS
PAH-BUILD005-DEMAND-VALUATION-0001,16,ADDITION_MUTATION,query-then-increment,193DCD764E692F1A14493343A2398711616E9DC6F4ACC389FC449236E5E9F499,COLD_MAG,MAGNITUDE_FINAL,true,false,true,BIN_PRIME_FRONTIER_SPEC_B1_K,1,1,157,0,0,72,24,48,65,107,106,47,0,0,60,60,15,59,48,0,48,0,58,17,0,0,0,0,48,59,49,48,11,49,2,0,0,0,0,2,50,0,107,1224,125,1506,111815,0,1477440,126672,1715927,EXPLORATORY_COMPONENT_PROXY__NOT_DECISION_ELIGIBLE,AUTHORITATIVE_W_BIT_LOAD_ADD_MUL_OUTPUT_DATAPATH_NOT_REBUILT_AT_W16_W32; EXACT_OPERATION_COUNTS_AND_IDENTICAL_MAGNITUDES_RETAINED; PROPAGATION_COMBINER_AND_POLICY_MATCHED_CONTENT_CACHE_LOGIC_NOT_IN_NAND_TOTAL,1047,0,IMPLEMENTED_TRACE_PASS
PAH-BUILD005-DEMAND-VALUATION-0001,16,ADDITION_MUTATION,query-then-increment,193DCD764E692F1A14493343A2398711616E9DC6F4ACC389FC449236E5E9F499,COLD_MAG,MAGNITUDE_FINAL,true,false,true,BIN_PRIME_FRONTIER_SPEC_B4_K,1,4,304,0,0,266,59,207,244,254,253,0,0,0,254,254,0,253,48,0,48,0,217,37,0,0,0,0,48,206,196,48,158,49,2,0,0,0,0,2,50,0,254,4522,304,5130,265430,0,5458320,304668,6028418,EXPLORATORY_COMPONENT_PROXY__NOT_DECISION_ELIGIBLE,AUTHORITATIVE_W_BIT_LOAD_ADD_MUL_OUTPUT_DATAPATH_NOT_REBUILT_AT_W16_W32; EXACT_OPERATION_COUNTS_AND_IDENTICAL_MAGNITUDES_RETAINED; PROPAGATION_COMBINER_AND_POLICY_MATCHED_CONTENT_CACHE_LOGIC_NOT_IN_NAND_TOTAL,1341,0,IMPLEMENTED_TRACE_PASS
PAH-BUILD005-DEMAND-VALUATION-0001,16,ADDITION_MUTATION,query-then-increment,193DCD764E692F1A14493343A2398711616E9DC6F4ACC389FC449236E5E9F499,COLD_MAG,MAGNITUDE_FINAL,true,false,true,BIN_CONTENT_ANSWER_LRU_K,2,0,98,0,0,70,22,48,48,48,93,0,0,0,48,48,0,46,0,0,0,0,48,0,0,0,0,0,48,0,0,0,0,0,0,0,0,0,0,2,50,0,48,1190,48,1336,50160,0,1436400,105312,1591872,EXPLORATORY_COMPONENT_PROXY__NOT_DECISION_ELIGIBLE,AUTHORITATIVE_W_BIT_LOAD_ADD_MUL_OUTPUT_DATAPATH_NOT_REBUILT_AT_W16_W32; EXACT_OPERATION_COUNTS_AND_IDENTICAL_MAGNITUDES_RETAINED; PROPAGATION_COMBINER_AND_POLICY_MATCHED_CONTENT_CACHE_LOGIC_NOT_IN_NAND_TOTAL,929,0,IMPLEMENTED_TRACE_PASS
PAH-BUILD005-DEMAND-VALUATION-0001,16,ADDITION_MUTATION,query-then-increment,193DCD764E692F1A14493343A2398711616E9DC6F4ACC389FC449236E5E9F499,COLD_MAG,MAGNITUDE_FINAL,true,false,true,BIN_FRONTIER_NOPROP_K,2,0,98,0,0,70,22,48,48,48,93,0,0,0,48,48,0,46,48,0,93,0,48,0,0,0,0,0,48,0,0,0,0,0,0,0,0,0,0,2,50,0,48,1190,98,1386,50160,0,1436400,160162,1646722,EXPLORATORY_COMPONENT_PROXY__NOT_DECISION_ELIGIBLE,AUTHORITATIVE_W_BIT_LOAD_ADD_MUL_OUTPUT_DATAPATH_NOT_REBUILT_AT_W16_W32; EXACT_OPERATION_COUNTS_AND_IDENTICAL_MAGNITUDES_RETAINED; PROPAGATION_COMBINER_AND_POLICY_MATCHED_CONTENT_CACHE_LOGIC_NOT_IN_NAND_TOTAL,929,0,IMPLEMENTED_TRACE_PASS
PAH-BUILD005-DEMAND-VALUATION-0001,16,ADDITION_MUTATION,query-then-increment,193DCD764E692F1A14493343A2398711616E9DC6F4ACC389FC449236E5E9F499,COLD_MAG,MAGNITUDE_FINAL,true,false,true,BIN_PRIME_FRONTIER_PROP_K,2,0,98,0,0,70,22,48,48,48,93,0,0,0,48,48,0,46,48,0,93,0,48,0,0,0,0,0,48,0,0,0,0,0,0,0,0,0,0,2,50,0,48,1190,98,1386,50160,0,1436400,160162,1646722,EXPLORATORY_COMPONENT_PROXY__NOT_DECISION_ELIGIBLE,AUTHORITATIVE_W_BIT_LOAD_ADD_MUL_OUTPUT_DATAPATH_NOT_REBUILT_AT_W16_W32; EXACT_OPERATION_COUNTS_AND_IDENTICAL_MAGNITUDES_RETAINED; PROPAGATION_COMBINER_AND_POLICY_MATCHED_CONTENT_CACHE_LOGIC_NOT_IN_NAND_TOTAL,929,0,IMPLEMENTED_TRACE_PASS
PAH-BUILD005-DEMAND-VALUATION-0001,16,ADDITION_MUTATION,query-then-increment,193DCD764E692F1A14493343A2398711616E9DC6F4ACC389FC449236E5E9F499,COLD_MAG,MAGNITUDE_FINAL,true,false,true,BIN_PRIME_FRONTIER_SPEC_B1_K,2,1,157,0,0,72,24,48,65,107,211,47,0,0,60,60,15,58,48,0,142,0,58,17,0,0,0,0,48,59,49,48,11,49,2,0,0,0,0,2,50,0,107,1224,125,1506,111815,0,1477440,254504,1843759,EXPLORATORY_COMPONENT_PROXY__NOT_DECISION_ELIGIBLE,AUTHORITATIVE_W_BIT_LOAD_ADD_MUL_OUTPUT_DATAPATH_NOT_REBUILT_AT_W16_W32; EXACT_OPERATION_COUNTS_AND_IDENTICAL_MAGNITUDES_RETAINED; PROPAGATION_COMBINER_AND_POLICY_MATCHED_CONTENT_CACHE_LOGIC_NOT_IN_NAND_TOTAL,1047,0,IMPLEMENTED_TRACE_PASS
PAH-BUILD005-DEMAND-VALUATION-0001,16,ADDITION_MUTATION,query-then-increment,193DCD764E692F1A14493343A2398711616E9DC6F4ACC389FC449236E5E9F499,COLD_MAG,MAGNITUDE_FINAL,true,false,true,BIN_PRIME_FRONTIER_SPEC_B4_K,2,4,304,0,0,266,59,207,244,254,505,0,0,0,254,254,0,252,95,0,48,0,217,37,0,0,0,0,48,206,196,48,158,49,2,0,0,0,0,2,50,0,254,4522,304,5130,265430,0,5458320,612126,6335876,EXPLORATORY_COMPONENT_PROXY__NOT_DECISION_ELIGIBLE,AUTHORITATIVE_W_BIT_LOAD_ADD_MUL_OUTPUT_DATAPATH_NOT_REBUILT_AT_W16_W32; EXACT_OPERATION_COUNTS_AND_IDENTICAL_MAGNITUDES_RETAINED; PROPAGATION_COMBINER_AND_POLICY_MATCHED_CONTENT_CACHE_LOGIC_NOT_IN_NAND_TOTAL,1341,0,IMPLEMENTED_TRACE_PASS
PAH-BUILD005-DEMAND-VALUATION-0001,16,ADDITION_MUTATION,query-then-increment,193DCD764E692F1A14493343A2398711616E9DC6F4ACC389FC449236E5E9F499,COLD_MAG,MAGNITUDE_FINAL,true,false,true,BIN_CONTENT_ANSWER_LRU_K,4,0,98,0,0,70,22,48,48,48,182,0,0,0,48,48,0,44,0,0,0,0,48,0,0,0,0,0,48,0,0,0,0,0,0,0,0,0,0,2,50,0,48,1190,48,1336,50160,0,1436400,213120,1699680,EXPLORATORY_COMPONENT_PROXY__NOT_DECISION_ELIGIBLE,AUTHORITATIVE_W_BIT_LOAD_ADD_MUL_OUTPUT_DATAPATH_NOT_REBUILT_AT_W16_W32; EXACT_OPERATION_COUNTS_AND_IDENTICAL_MAGNITUDES_RETAINED; PROPAGATION_COMBINER_AND_POLICY_MATCHED_CONTENT_CACHE_LOGIC_NOT_IN_NAND_TOTAL,929,0,IMPLEMENTED_TRACE_PASS
PAH-BUILD005-DEMAND-VALUATION-0001,16,ADDITION_MUTATION,query-then-increment,193DCD764E692F1A14493343A2398711616E9DC6F4ACC389FC449236E5E9F499,COLD_MAG,MAGNITUDE_FINAL,true,false,true,BIN_FRONTIER_NOPROP_K,4,0,98,0,0,70,22,48,48,48,182,0,0,0,48,48,0,44,48,0,182,0,48,0,0,0,0,0,48,0,0,0,0,0,0,0,0,0,0,2,50,0,48,1190,98,1386,50160,0,1436400,324120,1810680,EXPLORATORY_COMPONENT_PROXY__NOT_DECISION_ELIGIBLE,AUTHORITATIVE_W_BIT_LOAD_ADD_MUL_OUTPUT_DATAPATH_NOT_REBUILT_AT_W16_W32; EXACT_OPERATION_COUNTS_AND_IDENTICAL_MAGNITUDES_RETAINED; PROPAGATION_COMBINER_AND_POLICY_MATCHED_CONTENT_CACHE_LOGIC_NOT_IN_NAND_TOTAL,929,0,IMPLEMENTED_TRACE_PASS
PAH-BUILD005-DEMAND-VALUATION-0001,16,ADDITION_MUTATION,query-then-increment,193DCD764E692F1A14493343A2398711616E9DC6F4ACC389FC449236E5E9F499,COLD_MAG,MAGNITUDE_FINAL,true,false,true,BIN_PRIME_FRONTIER_PROP_K,4,0,98,0,0,70,22,48,48,48,182,0,0,0,48,48,0,44,48,0,182,0,48,0,0,0,0,0,48,0,0,0,0,0,0,0,0,0,0,2,50,0,48,1190,98,1386,50160,0,1436400,324120,1810680,EXPLORATORY_COMPONENT_PROXY__NOT_DECISION_ELIGIBLE,AUTHORITATIVE_W_BIT_LOAD_ADD_MUL_OUTPUT_DATAPATH_NOT_REBUILT_AT_W16_W32; EXACT_OPERATION_COUNTS_AND_IDENTICAL_MAGNITUDES_RETAINED; PROPAGATION_COMBINER_AND_POLICY_MATCHED_CONTENT_CACHE_LOGIC_NOT_IN_NAND_TOTAL,929,0,IMPLEMENTED_TRACE_PASS
PAH-BUILD005-DEMAND-VALUATION-0001,16,ADDITION_MUTATION,query-then-increment,193DCD764E692F1A14493343A2398711616E9DC6F4ACC389FC449236E5E9F499,COLD_MAG,MAGNITUDE_FINAL,true,false,true,BIN_PRIME_FRONTIER_SPEC_B1_K,4,1,157,0,0,72,24,48,65,107,418,47,0,0,60,60,15,56,48,0,324,0,58,17,0,0,0,0,48,59,49,48,11,49,2,0,0,0,0,2,50,0,107,1224,125,1506,111815,0,1477440,515040,2104295,EXPLORATORY_COMPONENT_PROXY__NOT_DECISION_ELIGIBLE,AUTHORITATIVE_W_BIT_LOAD_ADD_MUL_OUTPUT_DATAPATH_NOT_REBUILT_AT_W16_W32; EXACT_OPERATION_COUNTS_AND_IDENTICAL_MAGNITUDES_RETAINED; PROPAGATION_COMBINER_AND_POLICY_MATCHED_CONTENT_CACHE_LOGIC_NOT_IN_NAND_TOTAL,1047,0,IMPLEMENTED_TRACE_PASS
PAH-BUILD005-DEMAND-VALUATION-0001,16,ADDITION_MUTATION,query-then-increment,193DCD764E692F1A14493343A2398711616E9DC6F4ACC389FC449236E5E9F499,COLD_MAG,MAGNITUDE_FINAL,true,false,true,BIN_PRIME_FRONTIER_SPEC_B4_K,4,4,304,0,0,219,44,175,212,254,1006,47,0,0,207,207,15,203,189,0,48,0,185,37,0,0,0,0,48,206,196,48,158,49,2,0,0,0,0,2,50,0,254,3723,272,4299,265430,0,4493880,1167720,5927030,EXPLORATORY_COMPONENT_PROXY__NOT_DECISION_ELIGIBLE,AUTHORITATIVE_W_BIT_LOAD_ADD_MUL_OUTPUT_DATAPATH_NOT_REBUILT_AT_W16_W32; EXACT_OPERATION_COUNTS_AND_IDENTICAL_MAGNITUDES_RETAINED; PROPAGATION_COMBINER_AND_POLICY_MATCHED_CONTENT_CACHE_LOGIC_NOT_IN_NAND_TOTAL,1341,0,IMPLEMENTED_TRACE_PASS
PAH-BUILD005-DEMAND-VALUATION-0001,16,PHASE_SHIFT,locality-to-stream,BF0166375CF125157AEAB167BFB25D5AB93931C9437DB330E3345173435FC8EE,COLD_MAG,MAGNITUDE_FINAL,true,false,true,BIN_DIRECT_BEST,0,0,193,7,16,642,530,128,128,0,0,0,0,0,0,0,0,0,0,0,0,0,128,0,0,0,0,0,128,0,0,0,0,0,0,0,0,0,0,1,65,0,128,10914,0,11107,133760,8736,13173840,0,13316336,EXPLORATORY_COMPONENT_PROXY__NOT_DECISION_ELIGIBLE,AUTHORITATIVE_W_BIT_LOAD_ADD_MUL_OUTPUT_DATAPATH_NOT_REBUILT_AT_W16_W32; EXACT_OPERATION_COUNTS_AND_IDENTICAL_MAGNITUDES_RETAINED; PROPAGATION_COMBINER_AND_POLICY_MATCHED_CONTENT_CACHE_LOGIC_NOT_IN_NAND_TOTAL,1736,0,IMPLEMENTED_TRACE_PASS
PAH-BUILD005-DEMAND-VALUATION-0001,16,PHASE_SHIFT,locality-to-stream,BF0166375CF125157AEAB167BFB25D5AB93931C9437DB330E3345173435FC8EE,COLD_MAG,MAGNITUDE_FINAL,true,false,true,BIN_CONTENT_ANSWER_LRU_K,1,0,193,7,16,75,26,65,65,128,127,63,0,0,65,65,0,64,0,0,0,0,65,0,0,0,0,0,128,0,0,0,0,0,0,0,0,0,0,1,65,0,128,1275,65,1533,133760,8736,1539000,105378,1786874,EXPLORATORY_COMPONENT_PROXY__NOT_DECISION_ELIGIBLE,AUTHORITATIVE_W_BIT_LOAD_ADD_MUL_OUTPUT_DATAPATH_NOT_REBUILT_AT_W16_W32; EXACT_OPERATION_COUNTS_AND_IDENTICAL_MAGNITUDES_RETAINED; PROPAGATION_COMBINER_AND_POLICY_MATCHED_CONTENT_CACHE_LOGIC_NOT_IN_NAND_TOTAL,1736,0,IMPLEMENTED_TRACE_PASS
PAH-BUILD005-DEMAND-VALUATION-0001,16,PHASE_SHIFT,locality-to-stream,BF0166375CF125157AEAB167BFB25D5AB93931C9437DB330E3345173435FC8EE,COLD_MAG,MAGNITUDE_FINAL,true,false,true,BIN_FRONTIER_NOPROP_K,1,0,193,7,16,75,26,65,65,128,127,63,0,0,65,65,0,64,64,0,6,0,65,0,0,0,0,0,128,0,0,0,0,0,0,0,0,0,0,1,65,0,128,1275,130,1598,133760,8736,1539000,140868,1822364,EXPLORATORY_COMPONENT_PROXY__NOT_DECISION_ELIGIBLE,AUTHORITATIVE_W_BIT_LOAD_ADD_MUL_OUTPUT_DATAPATH_NOT_REBUILT_AT_W16_W32; EXACT_OPERATION_COUNTS_AND_IDENTICAL_MAGNITUDES_RETAINED; PROPAGATION_COMBINER_AND_POLICY_MATCHED_CONTENT_CACHE_LOGIC_NOT_IN_NAND_TOTAL,1736,0,IMPLEMENTED_TRACE_PASS
PAH-BUILD005-DEMAND-VALUATION-0001,16,PHASE_SHIFT,locality-to-stream,BF0166375CF125157AEAB167BFB25D5AB93931C9437DB330E3345173435FC8EE,COLD_MAG,MAGNITUDE_FINAL,true,false,true,BIN_PRIME_FRONTIER_PROP_K,1,0,193,7,16,75,26,65,65,128,127,63,0,0,65,65,0,64,64,0,6,0,65,0,0,0,0,0,128,0,0,0,0,0,0,0,0,0,0,1,65,0,128,1275,130,1598,133760,8736,1539000,140868,1822364,EXPLORATORY_COMPONENT_PROXY__NOT_DECISION_ELIGIBLE,AUTHORITATIVE_W_BIT_LOAD_ADD_MUL_OUTPUT_DATAPATH_NOT_REBUILT_AT_W16_W32; EXACT_OPERATION_COUNTS_AND_IDENTICAL_MAGNITUDES_RETAINED; PROPAGATION_COMBINER_AND_POLICY_MATCHED_CONTENT_CACHE_LOGIC_NOT_IN_NAND_TOTAL,1736,0,IMPLEMENTED_TRACE_PASS
PAH-BUILD005-DEMAND-VALUATION-0001,16,PHASE_SHIFT,locality-to-stream,BF0166375CF125157AEAB167BFB25D5AB93931C9437DB330E3345173435FC8EE,COLD_MAG,MAGNITUDE_FINAL,true,false,true,BIN_PRIME_FRONTIER_SPEC_B1_K,1,1,258,7,16,137,47,106,129,193,192,66,0,0,127,127,2,126,64,0,3,0,106,23,0,0,0,0,128,65,65,3,62,3,1,0,0,0,0,1,65,0,193,2329,194,2781,201685,8736,2811240,211302,3232963,EXPLORATORY_COMPONENT_PROXY__NOT_DECISION_ELIGIBLE,AUTHORITATIVE_W_BIT_LOAD_ADD_MUL_OUTPUT_DATAPATH_NOT_REBUILT_AT_W16_W32; EXACT_OPERATION_COUNTS_AND_IDENTICAL_MAGNITUDES_RETAINED; PROPAGATION_COMBINER_AND_POLICY_MATCHED_CONTENT_CACHE_LOGIC_NOT_IN_NAND_TOTAL,1866,0,IMPLEMENTED_TRACE_PASS
PAH-BUILD005-DEMAND-VALUATION-0001,16,PHASE_SHIFT,locality-to-stream,BF0166375CF125157AEAB167BFB25D5AB93931C9437DB330E3345173435FC8EE,COLD_MAG,MAGNITUDE_FINAL,true,false,true,BIN_PRIME_FRONTIER_SPEC_B4_K,1,4,453,7,16,332,73,275,323,388,387,66,0,0,322,322,1,321,64,0,3,0,275,48,0,0,0,0,128,260,260,25,235,25,1,0,0,0,0,1,65,0,388,5644,388,6485,405460,8736,6812640,423696,7650532,EXPLORATORY_COMPONENT_PROXY__NOT_DECISION_ELIGIBLE,AUTHORITATIVE_W_BIT_LOAD_ADD_MUL_OUTPUT_DATAPATH_NOT_REBUILT_AT_W16_W32; EXACT_OPERATION_COUNTS_AND_IDENTICAL_MAGNITUDES_RETAINED; PROPAGATION_COMBINER_AND_POLICY_MATCHED_CONTENT_CACHE_LOGIC_NOT_IN_NAND_TOTAL,2256,0,IMPLEMENTED_TRACE_PASS
PAH-BUILD005-DEMAND-VALUATION-0001,16,PHASE_SHIFT,locality-to-stream,BF0166375CF125157AEAB167BFB25D5AB93931C9437DB330E3345173435FC8EE,COLD_MAG,MAGNITUDE_FINAL,true,false,true,BIN_CONTENT_ANSWER_LRU_K,2,0,193,7,16,75,26,65,65,128,190,63,0,0,65,65,0,63,0,0,0,0,65,0,0,0,0,0,128,0,0,0,0,0,0,0,0,0,0,1,65,0,128,1275,65,1533,133760,8736,1539000,211721,1893217,EXPLORATORY_COMPONENT_PROXY__NOT_DECISION_ELIGIBLE,AUTHORITATIVE_W_BIT_LOAD_ADD_MUL_OUTPUT_DATAPATH_NOT_REBUILT_AT_W16_W32; EXACT_OPERATION_COUNTS_AND_IDENTICAL_MAGNITUDES_RETAINED; PROPAGATION_COMBINER_AND_POLICY_MATCHED_CONTENT_CACHE_LOGIC_NOT_IN_NAND_TOTAL,1736,0,IMPLEMENTED_TRACE_PASS
PAH-BUILD005-DEMAND-VALUATION-0001,16,PHASE_SHIFT,locality-to-stream,BF0166375CF125157AEAB167BFB25D5AB93931C9437DB330E3345173435FC8EE,COLD_MAG,MAGNITUDE_FINAL,true,false,true,BIN_FRONTIER_NOPROP_K,2,0,193,7,16,75,26,65,65,128,190,63,0,0,65,65,0,63,64,0,14,0,65,0,0,0,0,0,128,0,0,0,0,0,0,0,0,0,0,1,65,0,128,1275,130,1598,133760,8736,1539000,283026,1964522,EXPLORATORY_COMPONENT_PROXY__NOT_DECISION_ELIGIBLE,AUTHORITATIVE_W_BIT_LOAD_ADD_MUL_OUTPUT_DATAPATH_NOT_REBUILT_AT_W16_W32; EXACT_OPERATION_COUNTS_AND_IDENTICAL_MAGNITUDES_RETAINED; PROPAGATION_COMBINER_AND_POLICY_MATCHED_CONTENT_CACHE_LOGIC_NOT_IN_NAND_TOTAL,1736,0,IMPLEMENTED_TRACE_PASS
PAH-BUILD005-DEMAND-VALUATION-0001,16,PHASE_SHIFT,locality-to-stream,BF0166375CF125157AEAB167BFB25D5AB93931C9437DB330E3345173435FC8EE,COLD_MAG,MAGNITUDE_FINAL,true,false,true,BIN_PRIME_FRONTIER_PROP_K,2,0,193,7,16,75,26,65,65,128,190,63,0,0,65,65,0,63,64,0,14,0,65,0,0,0,0,0,128,0,0,0,0,0,0,0,0,0,0,1,65,0,128,1275,130,1598,133760,8736,1539000,283026,1964522,EXPLORATORY_COMPONENT_PROXY__NOT_DECISION_ELIGIBLE,AUTHORITATIVE_W_BIT_LOAD_ADD_MUL_OUTPUT_DATAPATH_NOT_REBUILT_AT_W16_W32; EXACT_OPERATION_COUNTS_AND_IDENTICAL_MAGNITUDES_RETAINED; PROPAGATION_COMBINER_AND_POLICY_MATCHED_CONTENT_CACHE_LOGIC_NOT_IN_NAND_TOTAL,1736,0,IMPLEMENTED_TRACE_PASS
PAH-BUILD005-DEMAND-VALUATION-0001,16,PHASE_SHIFT,locality-to-stream,BF0166375CF125157AEAB167BFB25D5AB93931C9437DB330E3345173435FC8EE,COLD_MAG,MAGNITUDE_FINAL,true,false,true,BIN_PRIME_FRONTIER_SPEC_B1_K,2,1,258,7,16,137,47,106,129,193,319,66,0,0,127,127,2,125,125,0,70,0,106,23,0,0,0,0,128,65,65,3,62,3,1,0,0,0,0,1,65,0,193,2329,194,2781,201685,8736,2811240,424539,3446200,EXPLORATORY_COMPONENT_PROXY__NOT_DECISION_ELIGIBLE,AUTHORITATIVE_W_BIT_LOAD_ADD_MUL_OUTPUT_DATAPATH_NOT_REBUILT_AT_W16_W32; EXACT_OPERATION_COUNTS_AND_IDENTICAL_MAGNITUDES_RETAINED; PROPAGATION_COMBINER_AND_POLICY_MATCHED_CONTENT_CACHE_LOGIC_NOT_IN_NAND_TOTAL,1866,0,IMPLEMENTED_TRACE_PASS
PAH-BUILD005-DEMAND-VALUATION-0001,16,PHASE_SHIFT,locality-to-stream,BF0166375CF125157AEAB167BFB25D5AB93931C9437DB330E3345173435FC8EE,COLD_MAG,MAGNITUDE_FINAL,true,false,true,BIN_PRIME_FRONTIER_SPEC_B4_K,2,4,453,7,16,325,72,269,317,388,773,73,0,0,315,315,2,313,128,0,15,0,269,48,0,0,0,0,128,260,260,25,235,25,1,0,0,0,0,1,65,0,388,5525,382,6360,405460,8736,6669000,844690,7927886,EXPLORATORY_COMPONENT_PROXY__NOT_DECISION_ELIGIBLE,AUTHORITATIVE_W_BIT_LOAD_ADD_MUL_OUTPUT_DATAPATH_NOT_REBUILT_AT_W16_W32; EXACT_OPERATION_COUNTS_AND_IDENTICAL_MAGNITUDES_RETAINED; PROPAGATION_COMBINER_AND_POLICY_MATCHED_CONTENT_CACHE_LOGIC_NOT_IN_NAND_TOTAL,2256,0,IMPLEMENTED_TRACE_PASS
PAH-BUILD005-DEMAND-VALUATION-0001,16,PHASE_SHIFT,locality-to-stream,BF0166375CF125157AEAB167BFB25D5AB93931C9437DB330E3345173435FC8EE,COLD_MAG,MAGNITUDE_FINAL,true,false,true,BIN_CONTENT_ANSWER_LRU_K,4,0,193,7,16,75,26,65,65,128,313,63,0,0,65,65,0,61,0,0,0,0,65,0,0,0,0,0,128,0,0,0,0,0,0,0,0,0,0,1,65,0,128,1275,65,1533,133760,8736,1539000,428460,2109956,EXPLORATORY_COMPONENT_PROXY__NOT_DECISION_ELIGIBLE,AUTHORITATIVE_W_BIT_LOAD_ADD_MUL_OUTPUT_DATAPATH_NOT_REBUILT_AT_W16_W32; EXACT_OPERATION_COUNTS_AND_IDENTICAL_MAGNITUDES_RETAINED; PROPAGATION_COMBINER_AND_POLICY_MATCHED_CONTENT_CACHE_LOGIC_NOT_IN_NAND_TOTAL,1736,0,IMPLEMENTED_TRACE_PASS
PAH-BUILD005-DEMAND-VALUATION-0001,16,PHASE_SHIFT,locality-to-stream,BF0166375CF125157AEAB167BFB25D5AB93931C9437DB330E3345173435FC8EE,COLD_MAG,MAGNITUDE_FINAL,true,false,true,BIN_FRONTIER_NOPROP_K,4,0,193,7,16,75,26,65,65,128,313,63,0,0,65,65,0,61,64,0,29,0,65,0,0,0,0,0,128,0,0,0,0,0,0,0,0,0,0,1,65,0,128,1275,130,1598,133760,8736,1539000,572760,2254256,EXPLORATORY_COMPONENT_PROXY__NOT_DECISION_ELIGIBLE,AUTHORITATIVE_W_BIT_LOAD_ADD_MUL_OUTPUT_DATAPATH_NOT_REBUILT_AT_W16_W32; EXACT_OPERATION_COUNTS_AND_IDENTICAL_MAGNITUDES_RETAINED; PROPAGATION_COMBINER_AND_POLICY_MATCHED_CONTENT_CACHE_LOGIC_NOT_IN_NAND_TOTAL,1736,0,IMPLEMENTED_TRACE_PASS
PAH-BUILD005-DEMAND-VALUATION-0001,16,PHASE_SHIFT,locality-to-stream,BF0166375CF125157AEAB167BFB25D5AB93931C9437DB330E3345173435FC8EE,COLD_MAG,MAGNITUDE_FINAL,true,false,true,BIN_PRIME_FRONTIER_PROP_K,4,0,193,7,16,75,26,65,65,128,313,63,0,0,65,65,0,61,64,0,29,0,65,0,0,0,0,0,128,0,0,0,0,0,0,0,0,0,0,1,65,0,128,1275,130,1598,133760,8736,1539000,572760,2254256,EXPLORATORY_COMPONENT_PROXY__NOT_DECISION_ELIGIBLE,AUTHORITATIVE_W_BIT_LOAD_ADD_MUL_OUTPUT_DATAPATH_NOT_REBUILT_AT_W16_W32; EXACT_OPERATION_COUNTS_AND_IDENTICAL_MAGNITUDES_RETAINED; PROPAGATION_COMBINER_AND_POLICY_MATCHED_CONTENT_CACHE_LOGIC_NOT_IN_NAND_TOTAL,1736,0,IMPLEMENTED_TRACE_PASS
PAH-BUILD005-DEMAND-VALUATION-0001,16,PHASE_SHIFT,locality-to-stream,BF0166375CF125157AEAB167BFB25D5AB93931C9437DB330E3345173435FC8EE,COLD_MAG,MAGNITUDE_FINAL,true,false,true,BIN_PRIME_FRONTIER_SPEC_B1_K,4,1,258,7,16,137,47,106,129,193,570,66,0,0,127,127,2,123,125,0,143,0,106,23,0,0,0,0,128,65,65,3,62,3,1,0,0,0,0,1,65,0,193,2329,194,2781,201685,8736,2811240,859140,3880801,EXPLORATORY_COMPONENT_PROXY__NOT_DECISION_ELIGIBLE,AUTHORITATIVE_W_BIT_LOAD_ADD_MUL_OUTPUT_DATAPATH_NOT_REBUILT_AT_W16_W32; EXACT_OPERATION_COUNTS_AND_IDENTICAL_MAGNITUDES_RETAINED; PROPAGATION_COMBINER_AND_POLICY_MATCHED_CONTENT_CACHE_LOGIC_NOT_IN_NAND_TOTAL,1866,0,IMPLEMENTED_TRACE_PASS
PAH-BUILD005-DEMAND-VALUATION-0001,16,PHASE_SHIFT,locality-to-stream,BF0166375CF125157AEAB167BFB25D5AB93931C9437DB330E3345173435FC8EE,COLD_MAG,MAGNITUDE_FINAL,true,false,true,BIN_PRIME_FRONTIER_SPEC_B4_K,4,4,453,7,16,310,67,259,307,388,1542,88,0,0,300,300,7,296,256,0,60,0,259,48,0,0,0,0,128,260,260,25,235,25,1,0,0,0,0,1,65,0,388,5270,372,6095,405460,8736,6361200,1687200,8462596,EXPLORATORY_COMPONENT_PROXY__NOT_DECISION_ELIGIBLE,AUTHORITATIVE_W_BIT_LOAD_ADD_MUL_OUTPUT_DATAPATH_NOT_REBUILT_AT_W16_W32; EXACT_OPERATION_COUNTS_AND_IDENTICAL_MAGNITUDES_RETAINED; PROPAGATION_COMBINER_AND_POLICY_MATCHED_CONTENT_CACHE_LOGIC_NOT_IN_NAND_TOTAL,2256,0,IMPLEMENTED_TRACE_PASS
PAH-BUILD005-DEMAND-VALUATION-0001,16,COMPOSITE_CONTROL,size-matched-divisors-and-2x3-counterexample,1B9FE42610416B9298B74384169E6D514E7E4DDEE8C0193D7E26B30A64B8F7D5,COLD_MAG,MAGNITUDE_FINAL,false,false,false,BIN_DIRECT_BEST,0,0,13,0,0,18,7,11,11,0,0,0,0,0,0,0,0,0,0,0,0,0,11,0,0,0,0,0,11,0,0,0,0,0,0,0,0,0,18,1,2,0,11,306,0,319,11495,0,369360,0,380855,EXPLORATORY_COMPONENT_PROXY__NOT_DECISION_ELIGIBLE,AUTHORITATIVE_W_BIT_LOAD_ADD_MUL_OUTPUT_DATAPATH_NOT_REBUILT_AT_W16_W32; EXACT_OPERATION_COUNTS_AND_IDENTICAL_MAGNITUDES_RETAINED; PROPAGATION_COMBINER_AND_POLICY_MATCHED_CONTENT_CACHE_LOGIC_NOT_IN_NAND_TOTAL,125,0,IMPLEMENTED_TRACE_PASS
PAH-BUILD005-DEMAND-VALUATION-0001,16,COMPOSITE_CONTROL,size-matched-divisors-and-2x3-counterexample,1B9FE42610416B9298B74384169E6D514E7E4DDEE8C0193D7E26B30A64B8F7D5,COLD_MAG,MAGNITUDE_FINAL,false,false,false,BIN_CONTENT_ANSWER_LRU_K,1,0,13,0,0,18,7,11,11,11,10,0,0,0,11,11,0,10,0,0,0,0,11,0,0,0,0,0,11,0,0,0,0,0,0,0,0,0,18,1,2,0,11,306,11,330,11495,0,369360,12012,392867,EXPLORATORY_COMPONENT_PROXY__NOT_DECISION_ELIGIBLE,AUTHORITATIVE_W_BIT_LOAD_ADD_MUL_OUTPUT_DATAPATH_NOT_REBUILT_AT_W16_W32; EXACT_OPERATION_COUNTS_AND_IDENTICAL_MAGNITUDES_RETAINED; PROPAGATION_COMBINER_AND_POLICY_MATCHED_CONTENT_CACHE_LOGIC_NOT_IN_NAND_TOTAL,125,0,IMPLEMENTED_TRACE_PASS
PAH-BUILD005-DEMAND-VALUATION-0001,16,COMPOSITE_CONTROL,size-matched-divisors-and-2x3-counterexample,1B9FE42610416B9298B74384169E6D514E7E4DDEE8C0193D7E26B30A64B8F7D5,COLD_MAG,MAGNITUDE_FINAL,false,false,false,BIN_FRONTIER_NOPROP_K,1,0,13,0,0,18,7,11,11,11,10,0,0,0,11,11,0,10,1,0,0,0,11,0,0,0,0,0,11,0,0,0,0,0,0,0,0,0,18,1,2,0,11,306,13,332,11495,0,369360,13104,393959,EXPLORATORY_COMPONENT_PROXY__NOT_DECISION_ELIGIBLE,AUTHORITATIVE_W_BIT_LOAD_ADD_MUL_OUTPUT_DATAPATH_NOT_REBUILT_AT_W16_W32; EXACT_OPERATION_COUNTS_AND_IDENTICAL_MAGNITUDES_RETAINED; PROPAGATION_COMBINER_AND_POLICY_MATCHED_CONTENT_CACHE_LOGIC_NOT_IN_NAND_TOTAL,125,0,IMPLEMENTED_TRACE_PASS
PAH-BUILD005-DEMAND-VALUATION-0001,16,COMPOSITE_CONTROL,size-matched-divisors-and-2x3-counterexample,1B9FE42610416B9298B74384169E6D514E7E4DDEE8C0193D7E26B30A64B8F7D5,COLD_MAG,MAGNITUDE_FINAL,false,false,false,BIN_PRIME_FRONTIER_PROP_K,1,0,13,0,0,18,7,11,11,11,10,0,0,0,11,11,0,10,1,0,0,0,11,0,0,0,0,0,11,0,0,0,0,0,0,0,0,0,18,1,2,0,11,306,13,332,11495,0,369360,13104,393959,EXPLORATORY_COMPONENT_PROXY__NOT_DECISION_ELIGIBLE,AUTHORITATIVE_W_BIT_LOAD_ADD_MUL_OUTPUT_DATAPATH_NOT_REBUILT_AT_W16_W32; EXACT_OPERATION_COUNTS_AND_IDENTICAL_MAGNITUDES_RETAINED; PROPAGATION_COMBINER_AND_POLICY_MATCHED_CONTENT_CACHE_LOGIC_NOT_IN_NAND_TOTAL,125,0,IMPLEMENTED_TRACE_PASS
PAH-BUILD005-DEMAND-VALUATION-0001,16,COMPOSITE_CONTROL,size-matched-divisors-and-2x3-counterexample,1B9FE42610416B9298B74384169E6D514E7E4DDEE8C0193D7E26B30A64B8F7D5,COLD_MAG,MAGNITUDE_FINAL,false,false,false,BIN_PRIME_FRONTIER_SPEC_B1_K,1,1,13,0,0,18,7,11,11,11,10,0,0,0,11,11,0,10,1,0,0,0,11,0,0,0,0,0,11,0,0,0,0,0,0,0,0,0,18,1,2,0,11,306,13,332,11495,0,369360,13104,393959,EXPLORATORY_COMPONENT_PROXY__NOT_DECISION_ELIGIBLE,AUTHORITATIVE_W_BIT_LOAD_ADD_MUL_OUTPUT_DATAPATH_NOT_REBUILT_AT_W16_W32; EXACT_OPERATION_COUNTS_AND_IDENTICAL_MAGNITUDES_RETAINED; PROPAGATION_COMBINER_AND_POLICY_MATCHED_CONTENT_CACHE_LOGIC_NOT_IN_NAND_TOTAL,125,0,IMPLEMENTED_TRACE_PASS
PAH-BUILD005-DEMAND-VALUATION-0001,16,COMPOSITE_CONTROL,size-matched-divisors-and-2x3-counterexample,1B9FE42610416B9298B74384169E6D514E7E4DDEE8C0193D7E26B30A64B8F7D5,COLD_MAG,MAGNITUDE_FINAL,false,false,false,BIN_PRIME_FRONTIER_SPEC_B4_K,1,4,13,0,0,18,7,11,11,11,10,0,0,0,11,11,0,10,1,0,0,0,11,0,0,0,0,0,11,0,0,0,0,0,0,0,0,0,18,1,2,0,11,306,13,332,11495,0,369360,13104,393959,EXPLORATORY_COMPONENT_PROXY__NOT_DECISION_ELIGIBLE,AUTHORITATIVE_W_BIT_LOAD_ADD_MUL_OUTPUT_DATAPATH_NOT_REBUILT_AT_W16_W32; EXACT_OPERATION_COUNTS_AND_IDENTICAL_MAGNITUDES_RETAINED; PROPAGATION_COMBINER_AND_POLICY_MATCHED_CONTENT_CACHE_LOGIC_NOT_IN_NAND_TOTAL,125,0,IMPLEMENTED_TRACE_PASS
PAH-BUILD005-DEMAND-VALUATION-0001,16,COMPOSITE_CONTROL,size-matched-divisors-and-2x3-counterexample,1B9FE42610416B9298B74384169E6D514E7E4DDEE8C0193D7E26B30A64B8F7D5,COLD_MAG,MAGNITUDE_FINAL,false,false,false,BIN_CONTENT_ANSWER_LRU_K,2,0,13,0,0,18,7,11,11,11,19,0,0,0,11,11,0,9,0,0,0,0,11,0,0,0,0,0,11,0,0,0,0,0,0,0,0,0,18,1,2,0,11,306,11,330,11495,0,369360,24134,404989,EXPLORATORY_COMPONENT_PROXY__NOT_DECISION_ELIGIBLE,AUTHORITATIVE_W_BIT_LOAD_ADD_MUL_OUTPUT_DATAPATH_NOT_REBUILT_AT_W16_W32; EXACT_OPERATION_COUNTS_AND_IDENTICAL_MAGNITUDES_RETAINED; PROPAGATION_COMBINER_AND_POLICY_MATCHED_CONTENT_CACHE_LOGIC_NOT_IN_NAND_TOTAL,125,0,IMPLEMENTED_TRACE_PASS
PAH-BUILD005-DEMAND-VALUATION-0001,16,COMPOSITE_CONTROL,size-matched-divisors-and-2x3-counterexample,1B9FE42610416B9298B74384169E6D514E7E4DDEE8C0193D7E26B30A64B8F7D5,COLD_MAG,MAGNITUDE_FINAL,false,false,false,BIN_FRONTIER_NOPROP_K,2,0,13,0,0,18,7,11,11,11,19,0,0,0,11,11,0,9,2,0,0,0,11,0,0,0,0,0,11,0,0,0,0,0,0,0,0,0,18,1,2,0,11,306,13,332,11495,0,369360,26328,407183,EXPLORATORY_COMPONENT_PROXY__NOT_DECISION_ELIGIBLE,AUTHORITATIVE_W_BIT_LOAD_ADD_MUL_OUTPUT_DATAPATH_NOT_REBUILT_AT_W16_W32; EXACT_OPERATION_COUNTS_AND_IDENTICAL_MAGNITUDES_RETAINED; PROPAGATION_COMBINER_AND_POLICY_MATCHED_CONTENT_CACHE_LOGIC_NOT_IN_NAND_TOTAL,125,0,IMPLEMENTED_TRACE_PASS
PAH-BUILD005-DEMAND-VALUATION-0001,16,COMPOSITE_CONTROL,size-matched-divisors-and-2x3-counterexample,1B9FE42610416B9298B74384169E6D514E7E4DDEE8C0193D7E26B30A64B8F7D5,COLD_MAG,MAGNITUDE_FINAL,false,false,false,BIN_PRIME_FRONTIER_PROP_K,2,0,13,0,0,18,7,11,11,11,19,0,0,0,11,11,0,9,2,0,0,0,11,0,0,0,0,0,11,0,0,0,0,0,0,0,0,0,18,1,2,0,11,306,13,332,11495,0,369360,26328,407183,EXPLORATORY_COMPONENT_PROXY__NOT_DECISION_ELIGIBLE,AUTHORITATIVE_W_BIT_LOAD_ADD_MUL_OUTPUT_DATAPATH_NOT_REBUILT_AT_W16_W32; EXACT_OPERATION_COUNTS_AND_IDENTICAL_MAGNITUDES_RETAINED; PROPAGATION_COMBINER_AND_POLICY_MATCHED_CONTENT_CACHE_LOGIC_NOT_IN_NAND_TOTAL,125,0,IMPLEMENTED_TRACE_PASS
PAH-BUILD005-DEMAND-VALUATION-0001,16,COMPOSITE_CONTROL,size-matched-divisors-and-2x3-counterexample,1B9FE42610416B9298B74384169E6D514E7E4DDEE8C0193D7E26B30A64B8F7D5,COLD_MAG,MAGNITUDE_FINAL,false,false,false,BIN_PRIME_FRONTIER_SPEC_B1_K,2,1,13,0,0,18,7,11,11,11,19,0,0,0,11,11,0,9,2,0,0,0,11,0,0,0,0,0,11,0,0,0,0,0,0,0,0,0,18,1,2,0,11,306,13,332,11495,0,369360,26328,407183,EXPLORATORY_COMPONENT_PROXY__NOT_DECISION_ELIGIBLE,AUTHORITATIVE_W_BIT_LOAD_ADD_MUL_OUTPUT_DATAPATH_NOT_REBUILT_AT_W16_W32; EXACT_OPERATION_COUNTS_AND_IDENTICAL_MAGNITUDES_RETAINED; PROPAGATION_COMBINER_AND_POLICY_MATCHED_CONTENT_CACHE_LOGIC_NOT_IN_NAND_TOTAL,125,0,IMPLEMENTED_TRACE_PASS
PAH-BUILD005-DEMAND-VALUATION-0001,16,COMPOSITE_CONTROL,size-matched-divisors-and-2x3-counterexample,1B9FE42610416B9298B74384169E6D514E7E4DDEE8C0193D7E26B30A64B8F7D5,COLD_MAG,MAGNITUDE_FINAL,false,false,false,BIN_PRIME_FRONTIER_SPEC_B4_K,2,4,13,0,0,18,7,11,11,11,19,0,0,0,11,11,0,9,2,0,0,0,11,0,0,0,0,0,11,0,0,0,0,0,0,0,0,0,18,1,2,0,11,306,13,332,11495,0,369360,26328,407183,EXPLORATORY_COMPONENT_PROXY__NOT_DECISION_ELIGIBLE,AUTHORITATIVE_W_BIT_LOAD_ADD_MUL_OUTPUT_DATAPATH_NOT_REBUILT_AT_W16_W32; EXACT_OPERATION_COUNTS_AND_IDENTICAL_MAGNITUDES_RETAINED; PROPAGATION_COMBINER_AND_POLICY_MATCHED_CONTENT_CACHE_LOGIC_NOT_IN_NAND_TOTAL,125,0,IMPLEMENTED_TRACE_PASS
PAH-BUILD005-DEMAND-VALUATION-0001,16,COMPOSITE_CONTROL,size-matched-divisors-and-2x3-counterexample,1B9FE42610416B9298B74384169E6D514E7E4DDEE8C0193D7E26B30A64B8F7D5,COLD_MAG,MAGNITUDE_FINAL,false,false,false,BIN_CONTENT_ANSWER_LRU_K,4,0,13,0,0,18,7,11,11,11,34,0,0,0,11,11,0,7,0,0,0,0,11,0,0,0,0,0,11,0,0,0,0,0,0,0,0,0,18,1,2,0,11,306,11,330,11495,0,369360,48840,429695,EXPLORATORY_COMPONENT_PROXY__NOT_DECISION_ELIGIBLE,AUTHORITATIVE_W_BIT_LOAD_ADD_MUL_OUTPUT_DATAPATH_NOT_REBUILT_AT_W16_W32; EXACT_OPERATION_COUNTS_AND_IDENTICAL_MAGNITUDES_RETAINED; PROPAGATION_COMBINER_AND_POLICY_MATCHED_CONTENT_CACHE_LOGIC_NOT_IN_NAND_TOTAL,125,0,IMPLEMENTED_TRACE_PASS
PAH-BUILD005-DEMAND-VALUATION-0001,16,COMPOSITE_CONTROL,size-matched-divisors-and-2x3-counterexample,1B9FE42610416B9298B74384169E6D514E7E4DDEE8C0193D7E26B30A64B8F7D5,COLD_MAG,MAGNITUDE_FINAL,false,false,false,BIN_FRONTIER_NOPROP_K,4,0,13,0,0,18,7,11,11,11,34,0,0,0,11,11,0,7,4,0,0,0,11,0,0,0,0,0,11,0,0,0,0,0,0,0,0,0,18,1,2,0,11,306,13,332,11495,0,369360,53280,434135,EXPLORATORY_COMPONENT_PROXY__NOT_DECISION_ELIGIBLE,AUTHORITATIVE_W_BIT_LOAD_ADD_MUL_OUTPUT_DATAPATH_NOT_REBUILT_AT_W16_W32; EXACT_OPERATION_COUNTS_AND_IDENTICAL_MAGNITUDES_RETAINED; PROPAGATION_COMBINER_AND_POLICY_MATCHED_CONTENT_CACHE_LOGIC_NOT_IN_NAND_TOTAL,125,0,IMPLEMENTED_TRACE_PASS
PAH-BUILD005-DEMAND-VALUATION-0001,16,COMPOSITE_CONTROL,size-matched-divisors-and-2x3-counterexample,1B9FE42610416B9298B74384169E6D514E7E4DDEE8C0193D7E26B30A64B8F7D5,COLD_MAG,MAGNITUDE_FINAL,false,false,false,BIN_PRIME_FRONTIER_PROP_K,4,0,13,0,0,18,7,11,11,11,34,0,0,0,11,11,0,7,4,0,0,0,11,0,0,0,0,0,11,0,0,0,0,0,0,0,0,0,18,1,2,0,11,306,13,332,11495,0,369360,53280,434135,EXPLORATORY_COMPONENT_PROXY__NOT_DECISION_ELIGIBLE,AUTHORITATIVE_W_BIT_LOAD_ADD_MUL_OUTPUT_DATAPATH_NOT_REBUILT_AT_W16_W32; EXACT_OPERATION_COUNTS_AND_IDENTICAL_MAGNITUDES_RETAINED; PROPAGATION_COMBINER_AND_POLICY_MATCHED_CONTENT_CACHE_LOGIC_NOT_IN_NAND_TOTAL,125,0,IMPLEMENTED_TRACE_PASS
PAH-BUILD005-DEMAND-VALUATION-0001,16,COMPOSITE_CONTROL,size-matched-divisors-and-2x3-counterexample,1B9FE42610416B9298B74384169E6D514E7E4DDEE8C0193D7E26B30A64B8F7D5,COLD_MAG,MAGNITUDE_FINAL,false,false,false,BIN_PRIME_FRONTIER_SPEC_B1_K,4,1,13,0,0,18,7,11,11,11,34,0,0,0,11,11,0,7,4,0,0,0,11,0,0,0,0,0,11,0,0,0,0,0,0,0,0,0,18,1,2,0,11,306,13,332,11495,0,369360,53280,434135,EXPLORATORY_COMPONENT_PROXY__NOT_DECISION_ELIGIBLE,AUTHORITATIVE_W_BIT_LOAD_ADD_MUL_OUTPUT_DATAPATH_NOT_REBUILT_AT_W16_W32; EXACT_OPERATION_COUNTS_AND_IDENTICAL_MAGNITUDES_RETAINED; PROPAGATION_COMBINER_AND_POLICY_MATCHED_CONTENT_CACHE_LOGIC_NOT_IN_NAND_TOTAL,125,0,IMPLEMENTED_TRACE_PASS
PAH-BUILD005-DEMAND-VALUATION-0001,16,COMPOSITE_CONTROL,size-matched-divisors-and-2x3-counterexample,1B9FE42610416B9298B74384169E6D514E7E4DDEE8C0193D7E26B30A64B8F7D5,COLD_MAG,MAGNITUDE_FINAL,false,false,false,BIN_PRIME_FRONTIER_SPEC_B4_K,4,4,13,0,0,18,7,11,11,11,34,0,0,0,11,11,0,7,4,0,0,0,11,0,0,0,0,0,11,0,0,0,0,0,0,0,0,0,18,1,2,0,11,306,13,332,11495,0,369360,53280,434135,EXPLORATORY_COMPONENT_PROXY__NOT_DECISION_ELIGIBLE,AUTHORITATIVE_W_BIT_LOAD_ADD_MUL_OUTPUT_DATAPATH_NOT_REBUILT_AT_W16_W32; EXACT_OPERATION_COUNTS_AND_IDENTICAL_MAGNITUDES_RETAINED; PROPAGATION_COMBINER_AND_POLICY_MATCHED_CONTENT_CACHE_LOGIC_NOT_IN_NAND_TOTAL,125,0,IMPLEMENTED_TRACE_PASS
PAH-BUILD005-DEMAND-VALUATION-0001,16,RADIX_V2,ctz-isolated,EC34C668F0C9B0C6A432A3D9260EA908FD483350E119BF5ACFE7ADBD46177BF6,COLD_MAG,MAGNITUDE_FINAL,false,false,false,BIN_DIRECT_BEST,0,0,128,62,119,0,57,62,62,0,0,0,0,0,0,0,0,0,0,0,0,0,64,0,0,0,0,0,64,0,0,0,0,0,0,0,0,0,0,1,64,0,64,0,0,128,66880,77376,0,0,144256,EXPLORATORY_COMPONENT_PROXY__NOT_DECISION_ELIGIBLE,AUTHORITATIVE_W_BIT_LOAD_ADD_MUL_OUTPUT_DATAPATH_NOT_REBUILT_AT_W16_W32; EXACT_OPERATION_COUNTS_AND_IDENTICAL_MAGNITUDES_RETAINED; PROPAGATION_COMBINER_AND_POLICY_MATCHED_CONTENT_CACHE_LOGIC_NOT_IN_NAND_TOTAL,1089,0,IMPLEMENTED_TRACE_PASS
PAH-BUILD005-DEMAND-VALUATION-0001,16,RADIX_V2,ctz-isolated,EC34C668F0C9B0C6A432A3D9260EA908FD483350E119BF5ACFE7ADBD46177BF6,COLD_MAG,MAGNITUDE_FINAL,false,false,false,BIN_CONTENT_ANSWER_LRU_K,1,0,128,62,119,0,57,62,62,64,63,0,0,0,64,64,0,63,0,0,0,0,64,0,0,0,0,0,64,0,0,0,0,0,0,0,0,0,0,1,64,0,64,0,64,192,66880,77376,0,69888,214144,EXPLORATORY_COMPONENT_PROXY__NOT_DECISION_ELIGIBLE,AUTHORITATIVE_W_BIT_LOAD_ADD_MUL_OUTPUT_DATAPATH_NOT_REBUILT_AT_W16_W32; EXACT_OPERATION_COUNTS_AND_IDENTICAL_MAGNITUDES_RETAINED; PROPAGATION_COMBINER_AND_POLICY_MATCHED_CONTENT_CACHE_LOGIC_NOT_IN_NAND_TOTAL,1089,0,IMPLEMENTED_TRACE_PASS
PAH-BUILD005-DEMAND-VALUATION-0001,16,RADIX_V2,ctz-isolated,EC34C668F0C9B0C6A432A3D9260EA908FD483350E119BF5ACFE7ADBD46177BF6,COLD_MAG,MAGNITUDE_FINAL,false,false,false,BIN_FRONTIER_NOPROP_K,1,0,128,62,119,0,57,62,62,64,63,0,0,0,64,64,0,63,63,0,63,0,64,0,0,0,0,0,64,0,0,0,0,0,0,0,0,0,0,1,64,0,64,0,128,256,66880,77376,0,104832,249088,EXPLORATORY_COMPONENT_PROXY__NOT_DECISION_ELIGIBLE,AUTHORITATIVE_W_BIT_LOAD_ADD_MUL_OUTPUT_DATAPATH_NOT_REBUILT_AT_W16_W32; EXACT_OPERATION_COUNTS_AND_IDENTICAL_MAGNITUDES_RETAINED; PROPAGATION_COMBINER_AND_POLICY_MATCHED_CONTENT_CACHE_LOGIC_NOT_IN_NAND_TOTAL,1089,0,IMPLEMENTED_TRACE_PASS
PAH-BUILD005-DEMAND-VALUATION-0001,16,RADIX_V2,ctz-isolated,EC34C668F0C9B0C6A432A3D9260EA908FD483350E119BF5ACFE7ADBD46177BF6,COLD_MAG,MAGNITUDE_FINAL,false,false,false,BIN_PRIME_FRONTIER_PROP_K,1,0,128,62,119,0,57,62,62,64,63,0,0,0,64,64,0,63,63,0,63,0,64,0,0,0,0,0,64,0,0,0,0,0,0,0,0,0,0,1,64,0,64,0,128,256,66880,77376,0,104832,249088,EXPLORATORY_COMPONENT_PROXY__NOT_DECISION_ELIGIBLE,AUTHORITATIVE_W_BIT_LOAD_ADD_MUL_OUTPUT_DATAPATH_NOT_REBUILT_AT_W16_W32; EXACT_OPERATION_COUNTS_AND_IDENTICAL_MAGNITUDES_RETAINED; PROPAGATION_COMBINER_AND_POLICY_MATCHED_CONTENT_CACHE_LOGIC_NOT_IN_NAND_TOTAL,1089,0,IMPLEMENTED_TRACE_PASS
PAH-BUILD005-DEMAND-VALUATION-0001,16,RADIX_V2,ctz-isolated,EC34C668F0C9B0C6A432A3D9260EA908FD483350E119BF5ACFE7ADBD46177BF6,COLD_MAG,MAGNITUDE_FINAL,false,false,false,BIN_PRIME_FRONTIER_SPEC_B1_K,1,1,210,62,119,62,78,103,124,146,145,0,0,0,146,146,0,145,63,0,0,0,125,21,0,0,0,0,64,82,62,0,82,0,0,0,0,0,0,1,64,0,146,1054,210,1474,152570,77376,1272240,194376,1696562,EXPLORATORY_COMPONENT_PROXY__NOT_DECISION_ELIGIBLE,AUTHORITATIVE_W_BIT_LOAD_ADD_MUL_OUTPUT_DATAPATH_NOT_REBUILT_AT_W16_W32; EXACT_OPERATION_COUNTS_AND_IDENTICAL_MAGNITUDES_RETAINED; PROPAGATION_COMBINER_AND_POLICY_MATCHED_CONTENT_CACHE_LOGIC_NOT_IN_NAND_TOTAL,1253,0,IMPLEMENTED_TRACE_PASS
PAH-BUILD005-DEMAND-VALUATION-0001,16,RADIX_V2,ctz-isolated,EC34C668F0C9B0C6A432A3D9260EA908FD483350E119BF5ACFE7ADBD46177BF6,COLD_MAG,MAGNITUDE_FINAL,false,false,false,BIN_PRIME_FRONTIER_SPEC_B4_K,1,4,396,62,119,248,104,263,310,332,331,0,0,0,332,332,0,331,63,0,0,0,285,47,0,0,0,0,64,268,248,0,268,0,0,0,0,0,0,1,64,0,332,4216,396,5008,346940,77376,5088960,397488,5910764,EXPLORATORY_COMPONENT_PROXY__NOT_DECISION_ELIGIBLE,AUTHORITATIVE_W_BIT_LOAD_ADD_MUL_OUTPUT_DATAPATH_NOT_REBUILT_AT_W16_W32; EXACT_OPERATION_COUNTS_AND_IDENTICAL_MAGNITUDES_RETAINED; PROPAGATION_COMBINER_AND_POLICY_MATCHED_CONTENT_CACHE_LOGIC_NOT_IN_NAND_TOTAL,1625,0,IMPLEMENTED_TRACE_PASS
PAH-BUILD005-DEMAND-VALUATION-0001,16,RADIX_V2,ctz-isolated,EC34C668F0C9B0C6A432A3D9260EA908FD483350E119BF5ACFE7ADBD46177BF6,COLD_MAG,MAGNITUDE_FINAL,false,false,false,BIN_CONTENT_ANSWER_LRU_K,2,0,128,62,119,0,57,62,62,64,125,0,0,0,64,64,0,62,0,0,0,0,64,0,0,0,0,0,64,0,0,0,0,0,0,0,0,0,0,1,64,0,64,0,64,192,66880,77376,0,140416,284672,EXPLORATORY_COMPONENT_PROXY__NOT_DECISION_ELIGIBLE,AUTHORITATIVE_W_BIT_LOAD_ADD_MUL_OUTPUT_DATAPATH_NOT_REBUILT_AT_W16_W32; EXACT_OPERATION_COUNTS_AND_IDENTICAL_MAGNITUDES_RETAINED; PROPAGATION_COMBINER_AND_POLICY_MATCHED_CONTENT_CACHE_LOGIC_NOT_IN_NAND_TOTAL,1089,0,IMPLEMENTED_TRACE_PASS
PAH-BUILD005-DEMAND-VALUATION-0001,16,RADIX_V2,ctz-isolated,EC34C668F0C9B0C6A432A3D9260EA908FD483350E119BF5ACFE7ADBD46177BF6,COLD_MAG,MAGNITUDE_FINAL,false,false,false,BIN_FRONTIER_NOPROP_K,2,0,128,62,119,0,57,62,62,64,125,0,0,0,64,64,0,62,63,0,125,0,64,0,0,0,0,0,64,0,0,0,0,0,0,0,0,0,0,1,64,0,64,0,128,256,66880,77376,0,210624,354880,EXPLORATORY_COMPONENT_PROXY__NOT_DECISION_ELIGIBLE,AUTHORITATIVE_W_BIT_LOAD_ADD_MUL_OUTPUT_DATAPATH_NOT_REBUILT_AT_W16_W32; EXACT_OPERATION_COUNTS_AND_IDENTICAL_MAGNITUDES_RETAINED; PROPAGATION_COMBINER_AND_POLICY_MATCHED_CONTENT_CACHE_LOGIC_NOT_IN_NAND_TOTAL,1089,0,IMPLEMENTED_TRACE_PASS
PAH-BUILD005-DEMAND-VALUATION-0001,16,RADIX_V2,ctz-isolated,EC34C668F0C9B0C6A432A3D9260EA908FD483350E119BF5ACFE7ADBD46177BF6,COLD_MAG,MAGNITUDE_FINAL,false,false,false,BIN_PRIME_FRONTIER_PROP_K,2,0,128,62,119,0,57,62,62,64,125,0,0,0,64,64,0,62,63,0,125,0,64,0,0,0,0,0,64,0,0,0,0,0,0,0,0,0,0,1,64,0,64,0,128,256,66880,77376,0,210624,354880,EXPLORATORY_COMPONENT_PROXY__NOT_DECISION_ELIGIBLE,AUTHORITATIVE_W_BIT_LOAD_ADD_MUL_OUTPUT_DATAPATH_NOT_REBUILT_AT_W16_W32; EXACT_OPERATION_COUNTS_AND_IDENTICAL_MAGNITUDES_RETAINED; PROPAGATION_COMBINER_AND_POLICY_MATCHED_CONTENT_CACHE_LOGIC_NOT_IN_NAND_TOTAL,1089,0,IMPLEMENTED_TRACE_PASS
PAH-BUILD005-DEMAND-VALUATION-0001,16,RADIX_V2,ctz-isolated,EC34C668F0C9B0C6A432A3D9260EA908FD483350E119BF5ACFE7ADBD46177BF6,COLD_MAG,MAGNITUDE_FINAL,false,false,false,BIN_PRIME_FRONTIER_SPEC_B1_K,2,1,210,62,119,62,78,103,124,146,289,0,0,0,146,146,0,144,126,0,123,0,125,21,0,0,0,0,64,82,62,0,82,0,0,0,0,0,0,1,64,0,146,1054,210,1474,152570,77376,1272240,390532,1892718,EXPLORATORY_COMPONENT_PROXY__NOT_DECISION_ELIGIBLE,AUTHORITATIVE_W_BIT_LOAD_ADD_MUL_OUTPUT_DATAPATH_NOT_REBUILT_AT_W16_W32; EXACT_OPERATION_COUNTS_AND_IDENTICAL_MAGNITUDES_RETAINED; PROPAGATION_COMBINER_AND_POLICY_MATCHED_CONTENT_CACHE_LOGIC_NOT_IN_NAND_TOTAL,1253,0,IMPLEMENTED_TRACE_PASS
PAH-BUILD005-DEMAND-VALUATION-0001,16,RADIX_V2,ctz-isolated,EC34C668F0C9B0C6A432A3D9260EA908FD483350E119BF5ACFE7ADBD46177BF6,COLD_MAG,MAGNITUDE_FINAL,false,false,false,BIN_PRIME_FRONTIER_SPEC_B4_K,2,4,396,62,119,248,104,263,310,332,661,0,0,0,332,332,0,330,126,0,0,0,285,47,0,0,0,0,64,268,248,0,268,0,0,0,0,0,0,1,64,0,332,4216,396,5008,346940,77376,5088960,798616,6311892,EXPLORATORY_COMPONENT_PROXY__NOT_DECISION_ELIGIBLE,AUTHORITATIVE_W_BIT_LOAD_ADD_MUL_OUTPUT_DATAPATH_NOT_REBUILT_AT_W16_W32; EXACT_OPERATION_COUNTS_AND_IDENTICAL_MAGNITUDES_RETAINED; PROPAGATION_COMBINER_AND_POLICY_MATCHED_CONTENT_CACHE_LOGIC_NOT_IN_NAND_TOTAL,1625,0,IMPLEMENTED_TRACE_PASS
PAH-BUILD005-DEMAND-VALUATION-0001,16,RADIX_V2,ctz-isolated,EC34C668F0C9B0C6A432A3D9260EA908FD483350E119BF5ACFE7ADBD46177BF6,COLD_MAG,MAGNITUDE_FINAL,false,false,false,BIN_CONTENT_ANSWER_LRU_K,4,0,128,62,119,0,57,62,62,64,246,0,0,0,64,64,0,60,0,0,0,0,64,0,0,0,0,0,64,0,0,0,0,0,0,0,0,0,0,1,64,0,64,0,64,192,66880,77376,0,284160,428416,EXPLORATORY_COMPONENT_PROXY__NOT_DECISION_ELIGIBLE,AUTHORITATIVE_W_BIT_LOAD_ADD_MUL_OUTPUT_DATAPATH_NOT_REBUILT_AT_W16_W32; EXACT_OPERATION_COUNTS_AND_IDENTICAL_MAGNITUDES_RETAINED; PROPAGATION_COMBINER_AND_POLICY_MATCHED_CONTENT_CACHE_LOGIC_NOT_IN_NAND_TOTAL,1089,0,IMPLEMENTED_TRACE_PASS
PAH-BUILD005-DEMAND-VALUATION-0001,16,RADIX_V2,ctz-isolated,EC34C668F0C9B0C6A432A3D9260EA908FD483350E119BF5ACFE7ADBD46177BF6,COLD_MAG,MAGNITUDE_FINAL,false,false,false,BIN_FRONTIER_NOPROP_K,4,0,128,62,119,0,57,62,62,64,246,0,0,0,64,64,0,60,63,0,246,0,64,0,0,0,0,0,64,0,0,0,0,0,0,0,0,0,0,1,64,0,64,0,128,256,66880,77376,0,426240,570496,EXPLORATORY_COMPONENT_PROXY__NOT_DECISION_ELIGIBLE,AUTHORITATIVE_W_BIT_LOAD_ADD_MUL_OUTPUT_DATAPATH_NOT_REBUILT_AT_W16_W32; EXACT_OPERATION_COUNTS_AND_IDENTICAL_MAGNITUDES_RETAINED; PROPAGATION_COMBINER_AND_POLICY_MATCHED_CONTENT_CACHE_LOGIC_NOT_IN_NAND_TOTAL,1089,0,IMPLEMENTED_TRACE_PASS
PAH-BUILD005-DEMAND-VALUATION-0001,16,RADIX_V2,ctz-isolated,EC34C668F0C9B0C6A432A3D9260EA908FD483350E119BF5ACFE7ADBD46177BF6,COLD_MAG,MAGNITUDE_FINAL,false,false,false,BIN_PRIME_FRONTIER_PROP_K,4,0,128,62,119,0,57,62,62,64,246,0,0,0,64,64,0,60,63,0,246,0,64,0,0,0,0,0,64,0,0,0,0,0,0,0,0,0,0,1,64,0,64,0,128,256,66880,77376,0,426240,570496,EXPLORATORY_COMPONENT_PROXY__NOT_DECISION_ELIGIBLE,AUTHORITATIVE_W_BIT_LOAD_ADD_MUL_OUTPUT_DATAPATH_NOT_REBUILT_AT_W16_W32; EXACT_OPERATION_COUNTS_AND_IDENTICAL_MAGNITUDES_RETAINED; PROPAGATION_COMBINER_AND_POLICY_MATCHED_CONTENT_CACHE_LOGIC_NOT_IN_NAND_TOTAL,1089,0,IMPLEMENTED_TRACE_PASS
PAH-BUILD005-DEMAND-VALUATION-0001,16,RADIX_V2,ctz-isolated,EC34C668F0C9B0C6A432A3D9260EA908FD483350E119BF5ACFE7ADBD46177BF6,COLD_MAG,MAGNITUDE_FINAL,false,false,false,BIN_PRIME_FRONTIER_SPEC_B1_K,4,1,210,62,119,62,78,103,124,146,574,0,0,0,146,146,0,142,130,0,244,0,125,21,0,0,0,0,64,82,62,0,82,0,0,0,0,0,0,1,64,0,146,1054,210,1474,152570,77376,1272240,790320,2292506,EXPLORATORY_COMPONENT_PROXY__NOT_DECISION_ELIGIBLE,AUTHORITATIVE_W_BIT_LOAD_ADD_MUL_OUTPUT_DATAPATH_NOT_REBUILT_AT_W16_W32; EXACT_OPERATION_COUNTS_AND_IDENTICAL_MAGNITUDES_RETAINED; PROPAGATION_COMBINER_AND_POLICY_MATCHED_CONTENT_CACHE_LOGIC_NOT_IN_NAND_TOTAL,1253,0,IMPLEMENTED_TRACE_PASS
PAH-BUILD005-DEMAND-VALUATION-0001,16,RADIX_V2,ctz-isolated,EC34C668F0C9B0C6A432A3D9260EA908FD483350E119BF5ACFE7ADBD46177BF6,COLD_MAG,MAGNITUDE_FINAL,false,false,false,BIN_PRIME_FRONTIER_SPEC_B4_K,4,4,396,62,119,248,104,263,310,332,1318,0,0,0,332,332,0,328,252,0,0,0,285,47,0,0,0,0,64,268,248,0,268,0,0,0,0,0,0,1,64,0,332,4216,396,5008,346940,77376,5088960,1616160,7129436,EXPLORATORY_COMPONENT_PROXY__NOT_DECISION_ELIGIBLE,AUTHORITATIVE_W_BIT_LOAD_ADD_MUL_OUTPUT_DATAPATH_NOT_REBUILT_AT_W16_W32; EXACT_OPERATION_COUNTS_AND_IDENTICAL_MAGNITUDES_RETAINED; PROPAGATION_COMBINER_AND_POLICY_MATCHED_CONTENT_CACHE_LOGIC_NOT_IN_NAND_TOTAL,1625,0,IMPLEMENTED_TRACE_PASS
PAH-BUILD005-DEMAND-VALUATION-0001,16,HOSTILE_SLOT_THRASH,four-slots,4260048842C446E898D932C98803E82C93E4A5F0571ADAE456B406E7754541DF,COLD_MAG,MAGNITUDE_FINAL,true,false,true,BIN_DIRECT_BEST,0,0,68,0,0,112,48,64,64,0,0,0,0,0,0,0,0,0,0,0,0,0,64,0,0,0,0,0,64,0,0,0,0,0,0,0,0,0,0,4,4,0,64,1904,0,1972,66880,0,2298240,0,2365120,EXPLORATORY_COMPONENT_PROXY__NOT_DECISION_ELIGIBLE,AUTHORITATIVE_W_BIT_LOAD_ADD_MUL_OUTPUT_DATAPATH_NOT_REBUILT_AT_W16_W32; EXACT_OPERATION_COUNTS_AND_IDENTICAL_MAGNITUDES_RETAINED; PROPAGATION_COMBINER_AND_POLICY_MATCHED_CONTENT_CACHE_LOGIC_NOT_IN_NAND_TOTAL,870,0,IMPLEMENTED_TRACE_PASS
PAH-BUILD005-DEMAND-VALUATION-0001,16,HOSTILE_SLOT_THRASH,four-slots,4260048842C446E898D932C98803E82C93E4A5F0571ADAE456B406E7754541DF,COLD_MAG,MAGNITUDE_FINAL,true,false,true,BIN_CONTENT_ANSWER_LRU_K,1,0,68,0,0,112,48,64,64,64,63,0,0,0,64,64,0,63,0,0,0,0,64,0,0,0,0,0,64,0,0,0,0,0,0,0,0,0,0,4,4,0,64,1904,64,2036,66880,0,2298240,69888,2435008,EXPLORATORY_COMPONENT_PROXY__NOT_DECISION_ELIGIBLE,AUTHORITATIVE_W_BIT_LOAD_ADD_MUL_OUTPUT_DATAPATH_NOT_REBUILT_AT_W16_W32; EXACT_OPERATION_COUNTS_AND_IDENTICAL_MAGNITUDES_RETAINED; PROPAGATION_COMBINER_AND_POLICY_MATCHED_CONTENT_CACHE_LOGIC_NOT_IN_NAND_TOTAL,870,0,IMPLEMENTED_TRACE_PASS
PAH-BUILD005-DEMAND-VALUATION-0001,16,HOSTILE_SLOT_THRASH,four-slots,4260048842C446E898D932C98803E82C93E4A5F0571ADAE456B406E7754541DF,COLD_MAG,MAGNITUDE_FINAL,true,false,true,BIN_FRONTIER_NOPROP_K,1,0,68,0,0,112,48,64,64,64,63,0,0,0,64,64,0,63,0,0,0,0,64,0,0,0,0,0,64,0,0,0,0,0,0,0,0,0,0,4,4,0,64,1904,68,2040,66880,0,2298240,72072,2437192,EXPLORATORY_COMPONENT_PROXY__NOT_DECISION_ELIGIBLE,AUTHORITATIVE_W_BIT_LOAD_ADD_MUL_OUTPUT_DATAPATH_NOT_REBUILT_AT_W16_W32; EXACT_OPERATION_COUNTS_AND_IDENTICAL_MAGNITUDES_RETAINED; PROPAGATION_COMBINER_AND_POLICY_MATCHED_CONTENT_CACHE_LOGIC_NOT_IN_NAND_TOTAL,870,0,IMPLEMENTED_TRACE_PASS
PAH-BUILD005-DEMAND-VALUATION-0001,16,HOSTILE_SLOT_THRASH,four-slots,4260048842C446E898D932C98803E82C93E4A5F0571ADAE456B406E7754541DF,COLD_MAG,MAGNITUDE_FINAL,true,false,true,BIN_PRIME_FRONTIER_PROP_K,1,0,68,0,0,112,48,64,64,64,63,0,0,0,64,64,0,63,0,0,0,0,64,0,0,0,0,0,64,0,0,0,0,0,0,0,0,0,0,4,4,0,64,1904,68,2040,66880,0,2298240,72072,2437192,EXPLORATORY_COMPONENT_PROXY__NOT_DECISION_ELIGIBLE,AUTHORITATIVE_W_BIT_LOAD_ADD_MUL_OUTPUT_DATAPATH_NOT_REBUILT_AT_W16_W32; EXACT_OPERATION_COUNTS_AND_IDENTICAL_MAGNITUDES_RETAINED; PROPAGATION_COMBINER_AND_POLICY_MATCHED_CONTENT_CACHE_LOGIC_NOT_IN_NAND_TOTAL,870,0,IMPLEMENTED_TRACE_PASS
PAH-BUILD005-DEMAND-VALUATION-0001,16,HOSTILE_SLOT_THRASH,four-slots,4260048842C446E898D932C98803E82C93E4A5F0571ADAE456B406E7754541DF,COLD_MAG,MAGNITUDE_FINAL,true,false,true,BIN_PRIME_FRONTIER_SPEC_B1_K,1,1,72,0,0,116,50,66,68,68,67,0,0,0,68,68,0,67,0,0,0,0,66,2,0,0,0,0,64,4,4,4,0,16,4,0,0,0,0,4,4,0,68,1972,72,2116,71060,0,2380320,76440,2527820,EXPLORATORY_COMPONENT_PROXY__NOT_DECISION_ELIGIBLE,AUTHORITATIVE_W_BIT_LOAD_ADD_MUL_OUTPUT_DATAPATH_NOT_REBUILT_AT_W16_W32; EXACT_OPERATION_COUNTS_AND_IDENTICAL_MAGNITUDES_RETAINED; PROPAGATION_COMBINER_AND_POLICY_MATCHED_CONTENT_CACHE_LOGIC_NOT_IN_NAND_TOTAL,878,0,IMPLEMENTED_TRACE_PASS
PAH-BUILD005-DEMAND-VALUATION-0001,16,HOSTILE_SLOT_THRASH,four-slots,4260048842C446E898D932C98803E82C93E4A5F0571ADAE456B406E7754541DF,COLD_MAG,MAGNITUDE_FINAL,true,false,true,BIN_PRIME_FRONTIER_SPEC_B4_K,1,4,84,0,0,128,51,77,80,80,79,0,0,0,80,80,0,79,0,0,0,0,77,3,0,0,0,0,64,16,16,4,12,16,4,0,0,0,0,4,4,0,80,2176,84,2344,83600,0,2626560,89544,2799704,EXPLORATORY_COMPONENT_PROXY__NOT_DECISION_ELIGIBLE,AUTHORITATIVE_W_BIT_LOAD_ADD_MUL_OUTPUT_DATAPATH_NOT_REBUILT_AT_W16_W32; EXACT_OPERATION_COUNTS_AND_IDENTICAL_MAGNITUDES_RETAINED; PROPAGATION_COMBINER_AND_POLICY_MATCHED_CONTENT_CACHE_LOGIC_NOT_IN_NAND_TOTAL,902,0,IMPLEMENTED_TRACE_PASS
PAH-BUILD005-DEMAND-VALUATION-0001,16,HOSTILE_SLOT_THRASH,four-slots,4260048842C446E898D932C98803E82C93E4A5F0571ADAE456B406E7754541DF,COLD_MAG,MAGNITUDE_FINAL,true,false,true,BIN_CONTENT_ANSWER_LRU_K,2,0,68,0,0,112,48,64,64,64,125,0,0,0,64,64,0,62,0,0,0,0,64,0,0,0,0,0,64,0,0,0,0,0,0,0,0,0,0,4,4,0,64,1904,64,2036,66880,0,2298240,140416,2505536,EXPLORATORY_COMPONENT_PROXY__NOT_DECISION_ELIGIBLE,AUTHORITATIVE_W_BIT_LOAD_ADD_MUL_OUTPUT_DATAPATH_NOT_REBUILT_AT_W16_W32; EXACT_OPERATION_COUNTS_AND_IDENTICAL_MAGNITUDES_RETAINED; PROPAGATION_COMBINER_AND_POLICY_MATCHED_CONTENT_CACHE_LOGIC_NOT_IN_NAND_TOTAL,870,0,IMPLEMENTED_TRACE_PASS
PAH-BUILD005-DEMAND-VALUATION-0001,16,HOSTILE_SLOT_THRASH,four-slots,4260048842C446E898D932C98803E82C93E4A5F0571ADAE456B406E7754541DF,COLD_MAG,MAGNITUDE_FINAL,true,false,true,BIN_FRONTIER_NOPROP_K,2,0,68,0,0,112,48,64,64,64,125,0,0,0,64,64,0,62,0,0,0,0,64,0,0,0,0,0,64,0,0,0,0,0,0,0,0,0,0,4,4,0,64,1904,68,2040,66880,0,2298240,144804,2509924,EXPLORATORY_COMPONENT_PROXY__NOT_DECISION_ELIGIBLE,AUTHORITATIVE_W_BIT_LOAD_ADD_MUL_OUTPUT_DATAPATH_NOT_REBUILT_AT_W16_W32; EXACT_OPERATION_COUNTS_AND_IDENTICAL_MAGNITUDES_RETAINED; PROPAGATION_COMBINER_AND_POLICY_MATCHED_CONTENT_CACHE_LOGIC_NOT_IN_NAND_TOTAL,870,0,IMPLEMENTED_TRACE_PASS
PAH-BUILD005-DEMAND-VALUATION-0001,16,HOSTILE_SLOT_THRASH,four-slots,4260048842C446E898D932C98803E82C93E4A5F0571ADAE456B406E7754541DF,COLD_MAG,MAGNITUDE_FINAL,true,false,true,BIN_PRIME_FRONTIER_PROP_K,2,0,68,0,0,112,48,64,64,64,125,0,0,0,64,64,0,62,0,0,0,0,64,0,0,0,0,0,64,0,0,0,0,0,0,0,0,0,0,4,4,0,64,1904,68,2040,66880,0,2298240,144804,2509924,EXPLORATORY_COMPONENT_PROXY__NOT_DECISION_ELIGIBLE,AUTHORITATIVE_W_BIT_LOAD_ADD_MUL_OUTPUT_DATAPATH_NOT_REBUILT_AT_W16_W32; EXACT_OPERATION_COUNTS_AND_IDENTICAL_MAGNITUDES_RETAINED; PROPAGATION_COMBINER_AND_POLICY_MATCHED_CONTENT_CACHE_LOGIC_NOT_IN_NAND_TOTAL,870,0,IMPLEMENTED_TRACE_PASS
PAH-BUILD005-DEMAND-VALUATION-0001,16,HOSTILE_SLOT_THRASH,four-slots,4260048842C446E898D932C98803E82C93E4A5F0571ADAE456B406E7754541DF,COLD_MAG,MAGNITUDE_FINAL,true,false,true,BIN_PRIME_FRONTIER_SPEC_B1_K,2,1,72,0,0,116,50,66,68,68,133,0,0,0,68,68,0,66,0,0,0,0,66,2,0,0,0,0,64,4,4,4,0,16,4,0,0,0,0,4,4,0,68,1972,72,2116,71060,0,2380320,153580,2604960,EXPLORATORY_COMPONENT_PROXY__NOT_DECISION_ELIGIBLE,AUTHORITATIVE_W_BIT_LOAD_ADD_MUL_OUTPUT_DATAPATH_NOT_REBUILT_AT_W16_W32; EXACT_OPERATION_COUNTS_AND_IDENTICAL_MAGNITUDES_RETAINED; PROPAGATION_COMBINER_AND_POLICY_MATCHED_CONTENT_CACHE_LOGIC_NOT_IN_NAND_TOTAL,878,0,IMPLEMENTED_TRACE_PASS
PAH-BUILD005-DEMAND-VALUATION-0001,16,HOSTILE_SLOT_THRASH,four-slots,4260048842C446E898D932C98803E82C93E4A5F0571ADAE456B406E7754541DF,COLD_MAG,MAGNITUDE_FINAL,true,false,true,BIN_PRIME_FRONTIER_SPEC_B4_K,2,4,84,0,0,128,51,77,80,80,157,0,0,0,80,80,0,78,0,0,0,0,77,3,0,0,0,0,64,16,16,4,12,16,4,0,0,0,0,4,4,0,80,2176,84,2344,83600,0,2626560,179908,2890068,EXPLORATORY_COMPONENT_PROXY__NOT_DECISION_ELIGIBLE,AUTHORITATIVE_W_BIT_LOAD_ADD_MUL_OUTPUT_DATAPATH_NOT_REBUILT_AT_W16_W32; EXACT_OPERATION_COUNTS_AND_IDENTICAL_MAGNITUDES_RETAINED; PROPAGATION_COMBINER_AND_POLICY_MATCHED_CONTENT_CACHE_LOGIC_NOT_IN_NAND_TOTAL,902,0,IMPLEMENTED_TRACE_PASS
PAH-BUILD005-DEMAND-VALUATION-0001,16,HOSTILE_SLOT_THRASH,four-slots,4260048842C446E898D932C98803E82C93E4A5F0571ADAE456B406E7754541DF,COLD_MAG,MAGNITUDE_FINAL,true,false,true,BIN_CONTENT_ANSWER_LRU_K,4,0,68,0,0,7,3,4,4,64,246,60,0,0,4,4,0,0,0,0,0,0,4,0,0,0,0,0,64,0,0,0,0,0,0,0,0,0,0,4,4,0,64,119,4,191,66880,0,143640,150960,361480,EXPLORATORY_COMPONENT_PROXY__NOT_DECISION_ELIGIBLE,AUTHORITATIVE_W_BIT_LOAD_ADD_MUL_OUTPUT_DATAPATH_NOT_REBUILT_AT_W16_W32; EXACT_OPERATION_COUNTS_AND_IDENTICAL_MAGNITUDES_RETAINED; PROPAGATION_COMBINER_AND_POLICY_MATCHED_CONTENT_CACHE_LOGIC_NOT_IN_NAND_TOTAL,870,0,IMPLEMENTED_TRACE_PASS
PAH-BUILD005-DEMAND-VALUATION-0001,16,HOSTILE_SLOT_THRASH,four-slots,4260048842C446E898D932C98803E82C93E4A5F0571ADAE456B406E7754541DF,COLD_MAG,MAGNITUDE_FINAL,true,false,true,BIN_FRONTIER_NOPROP_K,4,0,68,0,0,7,3,4,4,64,246,60,0,0,4,4,0,0,0,0,0,0,4,0,0,0,0,0,64,0,0,0,0,0,0,0,0,0,0,4,4,0,64,119,8,195,66880,0,143640,159840,370360,EXPLORATORY_COMPONENT_PROXY__NOT_DECISION_ELIGIBLE,AUTHORITATIVE_W_BIT_LOAD_ADD_MUL_OUTPUT_DATAPATH_NOT_REBUILT_AT_W16_W32; EXACT_OPERATION_COUNTS_AND_IDENTICAL_MAGNITUDES_RETAINED; PROPAGATION_COMBINER_AND_POLICY_MATCHED_CONTENT_CACHE_LOGIC_NOT_IN_NAND_TOTAL,870,0,IMPLEMENTED_TRACE_PASS
PAH-BUILD005-DEMAND-VALUATION-0001,16,HOSTILE_SLOT_THRASH,four-slots,4260048842C446E898D932C98803E82C93E4A5F0571ADAE456B406E7754541DF,COLD_MAG,MAGNITUDE_FINAL,true,false,true,BIN_PRIME_FRONTIER_PROP_K,4,0,68,0,0,7,3,4,4,64,246,60,0,0,4,4,0,0,0,0,0,0,4,0,0,0,0,0,64,0,0,0,0,0,0,0,0,0,0,4,4,0,64,119,8,195,66880,0,143640,159840,370360,EXPLORATORY_COMPONENT_PROXY__NOT_DECISION_ELIGIBLE,AUTHORITATIVE_W_BIT_LOAD_ADD_MUL_OUTPUT_DATAPATH_NOT_REBUILT_AT_W16_W32; EXACT_OPERATION_COUNTS_AND_IDENTICAL_MAGNITUDES_RETAINED; PROPAGATION_COMBINER_AND_POLICY_MATCHED_CONTENT_CACHE_LOGIC_NOT_IN_NAND_TOTAL,870,0,IMPLEMENTED_TRACE_PASS
PAH-BUILD005-DEMAND-VALUATION-0001,16,HOSTILE_SLOT_THRASH,four-slots,4260048842C446E898D932C98803E82C93E4A5F0571ADAE456B406E7754541DF,COLD_MAG,MAGNITUDE_FINAL,true,false,true,BIN_PRIME_FRONTIER_SPEC_B1_K,4,1,72,0,0,7,3,4,6,68,262,64,0,0,4,4,2,0,0,0,0,0,4,2,0,0,0,0,64,4,4,4,0,16,4,0,0,0,0,4,4,0,68,119,10,201,71060,0,143640,173160,387860,EXPLORATORY_COMPONENT_PROXY__NOT_DECISION_ELIGIBLE,AUTHORITATIVE_W_BIT_LOAD_ADD_MUL_OUTPUT_DATAPATH_NOT_REBUILT_AT_W16_W32; EXACT_OPERATION_COUNTS_AND_IDENTICAL_MAGNITUDES_RETAINED; PROPAGATION_COMBINER_AND_POLICY_MATCHED_CONTENT_CACHE_LOGIC_NOT_IN_NAND_TOTAL,878,0,IMPLEMENTED_TRACE_PASS
PAH-BUILD005-DEMAND-VALUATION-0001,16,HOSTILE_SLOT_THRASH,four-slots,4260048842C446E898D932C98803E82C93E4A5F0571ADAE456B406E7754541DF,COLD_MAG,MAGNITUDE_FINAL,true,false,true,BIN_PRIME_FRONTIER_SPEC_B4_K,4,4,84,0,0,23,6,17,20,80,310,60,0,0,20,20,0,16,0,0,0,0,17,3,0,0,0,0,64,16,16,4,12,16,4,0,0,0,0,4,4,0,80,391,24,499,83600,0,471960,230880,786440,EXPLORATORY_COMPONENT_PROXY__NOT_DECISION_ELIGIBLE,AUTHORITATIVE_W_BIT_LOAD_ADD_MUL_OUTPUT_DATAPATH_NOT_REBUILT_AT_W16_W32; EXACT_OPERATION_COUNTS_AND_IDENTICAL_MAGNITUDES_RETAINED; PROPAGATION_COMBINER_AND_POLICY_MATCHED_CONTENT_CACHE_LOGIC_NOT_IN_NAND_TOTAL,902,0,IMPLEMENTED_TRACE_PASS
PAH-BUILD005-DEMAND-VALUATION-0001,16,HOSTILE_PRIME_THRASH,five-prime-rotation,019916529C45FEB1B0EBB16AFB64F03C7AD87A2B65F72FD2BBE1297868DD4E50,COLD_MAG,MAGNITUDE_FINAL,true,false,true,BIN_DIRECT_BEST,0,0,41,8,16,64,40,40,40,0,0,0,0,0,0,0,0,0,0,0,0,0,40,0,0,0,0,0,40,0,0,0,0,0,0,0,0,0,0,1,1,0,40,1088,0,1129,41800,9984,1313280,0,1365064,EXPLORATORY_COMPONENT_PROXY__NOT_DECISION_ELIGIBLE,AUTHORITATIVE_W_BIT_LOAD_ADD_MUL_OUTPUT_DATAPATH_NOT_REBUILT_AT_W16_W32; EXACT_OPERATION_COUNTS_AND_IDENTICAL_MAGNITUDES_RETAINED; PROPAGATION_COMBINER_AND_POLICY_MATCHED_CONTENT_CACHE_LOGIC_NOT_IN_NAND_TOTAL,408,0,IMPLEMENTED_TRACE_PASS
PAH-BUILD005-DEMAND-VALUATION-0001,16,HOSTILE_PRIME_THRASH,five-prime-rotation,019916529C45FEB1B0EBB16AFB64F03C7AD87A2B65F72FD2BBE1297868DD4E50,COLD_MAG,MAGNITUDE_FINAL,true,false,true,BIN_CONTENT_ANSWER_LRU_K,1,0,41,8,16,64,40,40,40,40,39,0,0,0,40,40,0,39,0,0,0,0,40,0,0,0,0,0,40,0,0,0,0,0,0,0,0,0,0,1,1,0,40,1088,40,1169,41800,9984,1313280,43680,1408744,EXPLORATORY_COMPONENT_PROXY__NOT_DECISION_ELIGIBLE,AUTHORITATIVE_W_BIT_LOAD_ADD_MUL_OUTPUT_DATAPATH_NOT_REBUILT_AT_W16_W32; EXACT_OPERATION_COUNTS_AND_IDENTICAL_MAGNITUDES_RETAINED; PROPAGATION_COMBINER_AND_POLICY_MATCHED_CONTENT_CACHE_LOGIC_NOT_IN_NAND_TOTAL,408,0,IMPLEMENTED_TRACE_PASS
PAH-BUILD005-DEMAND-VALUATION-0001,16,HOSTILE_PRIME_THRASH,five-prime-rotation,019916529C45FEB1B0EBB16AFB64F03C7AD87A2B65F72FD2BBE1297868DD4E50,COLD_MAG,MAGNITUDE_FINAL,true,false,true,BIN_FRONTIER_NOPROP_K,1,0,41,8,16,64,40,40,40,40,39,0,0,0,40,40,0,39,0,0,0,0,40,0,0,0,0,0,40,0,0,0,0,0,0,0,0,0,0,1,1,0,40,1088,41,1170,41800,9984,1313280,44226,1409290,EXPLORATORY_COMPONENT_PROXY__NOT_DECISION_ELIGIBLE,AUTHORITATIVE_W_BIT_LOAD_ADD_MUL_OUTPUT_DATAPATH_NOT_REBUILT_AT_W16_W32; EXACT_OPERATION_COUNTS_AND_IDENTICAL_MAGNITUDES_RETAINED; PROPAGATION_COMBINER_AND_POLICY_MATCHED_CONTENT_CACHE_LOGIC_NOT_IN_NAND_TOTAL,408,0,IMPLEMENTED_TRACE_PASS
PAH-BUILD005-DEMAND-VALUATION-0001,16,HOSTILE_PRIME_THRASH,five-prime-rotation,019916529C45FEB1B0EBB16AFB64F03C7AD87A2B65F72FD2BBE1297868DD4E50,COLD_MAG,MAGNITUDE_FINAL,true,false,true,BIN_PRIME_FRONTIER_PROP_K,1,0,41,8,16,64,40,40,40,40,39,0,0,0,40,40,0,39,0,0,0,0,40,0,0,0,0,0,40,0,0,0,0,0,0,0,0,0,0,1,1,0,40,1088,41,1170,41800,9984,1313280,44226,1409290,EXPLORATORY_COMPONENT_PROXY__NOT_DECISION_ELIGIBLE,AUTHORITATIVE_W_BIT_LOAD_ADD_MUL_OUTPUT_DATAPATH_NOT_REBUILT_AT_W16_W32; EXACT_OPERATION_COUNTS_AND_IDENTICAL_MAGNITUDES_RETAINED; PROPAGATION_COMBINER_AND_POLICY_MATCHED_CONTENT_CACHE_LOGIC_NOT_IN_NAND_TOTAL,408,0,IMPLEMENTED_TRACE_PASS
PAH-BUILD005-DEMAND-VALUATION-0001,16,HOSTILE_PRIME_THRASH,five-prime-rotation,019916529C45FEB1B0EBB16AFB64F03C7AD87A2B65F72FD2BBE1297868DD4E50,COLD_MAG,MAGNITUDE_FINAL,true,false,true,BIN_PRIME_FRONTIER_SPEC_B1_K,1,1,42,8,16,65,41,40,41,41,40,0,0,0,41,41,0,40,0,0,0,0,40,1,0,0,0,0,40,1,1,1,0,2,2,0,0,0,0,1,1,0,41,1105,42,1189,42845,9984,1333800,45318,1431947,EXPLORATORY_COMPONENT_PROXY__NOT_DECISION_ELIGIBLE,AUTHORITATIVE_W_BIT_LOAD_ADD_MUL_OUTPUT_DATAPATH_NOT_REBUILT_AT_W16_W32; EXACT_OPERATION_COUNTS_AND_IDENTICAL_MAGNITUDES_RETAINED; PROPAGATION_COMBINER_AND_POLICY_MATCHED_CONTENT_CACHE_LOGIC_NOT_IN_NAND_TOTAL,410,0,IMPLEMENTED_TRACE_PASS
PAH-BUILD005-DEMAND-VALUATION-0001,16,HOSTILE_PRIME_THRASH,five-prime-rotation,019916529C45FEB1B0EBB16AFB64F03C7AD87A2B65F72FD2BBE1297868DD4E50,COLD_MAG,MAGNITUDE_FINAL,true,false,true,BIN_PRIME_FRONTIER_SPEC_B4_K,1,4,45,8,16,68,44,40,44,44,43,0,0,0,44,44,0,43,0,0,0,0,40,4,0,0,0,0,40,4,4,4,0,14,5,0,0,0,0,1,1,0,44,1156,45,1246,45980,9984,1395360,48594,1499918,EXPLORATORY_COMPONENT_PROXY__NOT_DECISION_ELIGIBLE,AUTHORITATIVE_W_BIT_LOAD_ADD_MUL_OUTPUT_DATAPATH_NOT_REBUILT_AT_W16_W32; EXACT_OPERATION_COUNTS_AND_IDENTICAL_MAGNITUDES_RETAINED; PROPAGATION_COMBINER_AND_POLICY_MATCHED_CONTENT_CACHE_LOGIC_NOT_IN_NAND_TOTAL,416,0,IMPLEMENTED_TRACE_PASS
PAH-BUILD005-DEMAND-VALUATION-0001,16,HOSTILE_PRIME_THRASH,five-prime-rotation,019916529C45FEB1B0EBB16AFB64F03C7AD87A2B65F72FD2BBE1297868DD4E50,COLD_MAG,MAGNITUDE_FINAL,true,false,true,BIN_CONTENT_ANSWER_LRU_K,2,0,41,8,16,64,40,40,40,40,77,0,0,0,40,40,0,38,0,0,0,0,40,0,0,0,0,0,40,0,0,0,0,0,0,0,0,0,0,1,1,0,40,1088,40,1169,41800,9984,1313280,87760,1452824,EXPLORATORY_COMPONENT_PROXY__NOT_DECISION_ELIGIBLE,AUTHORITATIVE_W_BIT_LOAD_ADD_MUL_OUTPUT_DATAPATH_NOT_REBUILT_AT_W16_W32; EXACT_OPERATION_COUNTS_AND_IDENTICAL_MAGNITUDES_RETAINED; PROPAGATION_COMBINER_AND_POLICY_MATCHED_CONTENT_CACHE_LOGIC_NOT_IN_NAND_TOTAL,408,0,IMPLEMENTED_TRACE_PASS
PAH-BUILD005-DEMAND-VALUATION-0001,16,HOSTILE_PRIME_THRASH,five-prime-rotation,019916529C45FEB1B0EBB16AFB64F03C7AD87A2B65F72FD2BBE1297868DD4E50,COLD_MAG,MAGNITUDE_FINAL,true,false,true,BIN_FRONTIER_NOPROP_K,2,0,41,8,16,64,40,40,40,40,77,0,0,0,40,40,0,38,0,0,0,0,40,0,0,0,0,0,40,0,0,0,0,0,0,0,0,0,0,1,1,0,40,1088,41,1170,41800,9984,1313280,88857,1453921,EXPLORATORY_COMPONENT_PROXY__NOT_DECISION_ELIGIBLE,AUTHORITATIVE_W_BIT_LOAD_ADD_MUL_OUTPUT_DATAPATH_NOT_REBUILT_AT_W16_W32; EXACT_OPERATION_COUNTS_AND_IDENTICAL_MAGNITUDES_RETAINED; PROPAGATION_COMBINER_AND_POLICY_MATCHED_CONTENT_CACHE_LOGIC_NOT_IN_NAND_TOTAL,408,0,IMPLEMENTED_TRACE_PASS
PAH-BUILD005-DEMAND-VALUATION-0001,16,HOSTILE_PRIME_THRASH,five-prime-rotation,019916529C45FEB1B0EBB16AFB64F03C7AD87A2B65F72FD2BBE1297868DD4E50,COLD_MAG,MAGNITUDE_FINAL,true,false,true,BIN_PRIME_FRONTIER_PROP_K,2,0,41,8,16,64,40,40,40,40,77,0,0,0,40,40,0,38,0,0,0,0,40,0,0,0,0,0,40,0,0,0,0,0,0,0,0,0,0,1,1,0,40,1088,41,1170,41800,9984,1313280,88857,1453921,EXPLORATORY_COMPONENT_PROXY__NOT_DECISION_ELIGIBLE,AUTHORITATIVE_W_BIT_LOAD_ADD_MUL_OUTPUT_DATAPATH_NOT_REBUILT_AT_W16_W32; EXACT_OPERATION_COUNTS_AND_IDENTICAL_MAGNITUDES_RETAINED; PROPAGATION_COMBINER_AND_POLICY_MATCHED_CONTENT_CACHE_LOGIC_NOT_IN_NAND_TOTAL,408,0,IMPLEMENTED_TRACE_PASS
PAH-BUILD005-DEMAND-VALUATION-0001,16,HOSTILE_PRIME_THRASH,five-prime-rotation,019916529C45FEB1B0EBB16AFB64F03C7AD87A2B65F72FD2BBE1297868DD4E50,COLD_MAG,MAGNITUDE_FINAL,true,false,true,BIN_PRIME_FRONTIER_SPEC_B1_K,2,1,42,8,16,64,40,40,41,41,79,1,0,0,40,40,1,38,0,0,0,0,40,1,0,0,0,0,40,1,1,1,0,2,2,0,0,0,0,1,1,0,41,1088,42,1172,42845,9984,1313280,91051,1457160,EXPLORATORY_COMPONENT_PROXY__NOT_DECISION_ELIGIBLE,AUTHORITATIVE_W_BIT_LOAD_ADD_MUL_OUTPUT_DATAPATH_NOT_REBUILT_AT_W16_W32; EXACT_OPERATION_COUNTS_AND_IDENTICAL_MAGNITUDES_RETAINED; PROPAGATION_COMBINER_AND_POLICY_MATCHED_CONTENT_CACHE_LOGIC_NOT_IN_NAND_TOTAL,410,0,IMPLEMENTED_TRACE_PASS
PAH-BUILD005-DEMAND-VALUATION-0001,16,HOSTILE_PRIME_THRASH,five-prime-rotation,019916529C45FEB1B0EBB16AFB64F03C7AD87A2B65F72FD2BBE1297868DD4E50,COLD_MAG,MAGNITUDE_FINAL,true,false,true,BIN_PRIME_FRONTIER_SPEC_B4_K,2,4,45,8,16,68,44,40,44,44,85,0,0,0,44,44,0,42,0,0,0,0,40,4,0,0,0,0,40,4,4,4,0,14,5,0,0,0,0,1,1,0,44,1156,45,1246,45980,9984,1395360,97633,1548957,EXPLORATORY_COMPONENT_PROXY__NOT_DECISION_ELIGIBLE,AUTHORITATIVE_W_BIT_LOAD_ADD_MUL_OUTPUT_DATAPATH_NOT_REBUILT_AT_W16_W32; EXACT_OPERATION_COUNTS_AND_IDENTICAL_MAGNITUDES_RETAINED; PROPAGATION_COMBINER_AND_POLICY_MATCHED_CONTENT_CACHE_LOGIC_NOT_IN_NAND_TOTAL,416,0,IMPLEMENTED_TRACE_PASS
PAH-BUILD005-DEMAND-VALUATION-0001,16,HOSTILE_PRIME_THRASH,five-prime-rotation,019916529C45FEB1B0EBB16AFB64F03C7AD87A2B65F72FD2BBE1297868DD4E50,COLD_MAG,MAGNITUDE_FINAL,true,false,true,BIN_CONTENT_ANSWER_LRU_K,4,0,41,8,16,64,40,40,40,40,150,0,0,0,40,40,0,36,0,0,0,0,40,0,0,0,0,0,40,0,0,0,0,0,0,0,0,0,0,1,1,0,40,1088,40,1169,41800,9984,1313280,177600,1542664,EXPLORATORY_COMPONENT_PROXY__NOT_DECISION_ELIGIBLE,AUTHORITATIVE_W_BIT_LOAD_ADD_MUL_OUTPUT_DATAPATH_NOT_REBUILT_AT_W16_W32; EXACT_OPERATION_COUNTS_AND_IDENTICAL_MAGNITUDES_RETAINED; PROPAGATION_COMBINER_AND_POLICY_MATCHED_CONTENT_CACHE_LOGIC_NOT_IN_NAND_TOTAL,408,0,IMPLEMENTED_TRACE_PASS
PAH-BUILD005-DEMAND-VALUATION-0001,16,HOSTILE_PRIME_THRASH,five-prime-rotation,019916529C45FEB1B0EBB16AFB64F03C7AD87A2B65F72FD2BBE1297868DD4E50,COLD_MAG,MAGNITUDE_FINAL,true,false,true,BIN_FRONTIER_NOPROP_K,4,0,41,8,16,64,40,40,40,40,150,0,0,0,40,40,0,36,0,0,0,0,40,0,0,0,0,0,40,0,0,0,0,0,0,0,0,0,0,1,1,0,40,1088,41,1170,41800,9984,1313280,179820,1544884,EXPLORATORY_COMPONENT_PROXY__NOT_DECISION_ELIGIBLE,AUTHORITATIVE_W_BIT_LOAD_ADD_MUL_OUTPUT_DATAPATH_NOT_REBUILT_AT_W16_W32; EXACT_OPERATION_COUNTS_AND_IDENTICAL_MAGNITUDES_RETAINED; PROPAGATION_COMBINER_AND_POLICY_MATCHED_CONTENT_CACHE_LOGIC_NOT_IN_NAND_TOTAL,408,0,IMPLEMENTED_TRACE_PASS
PAH-BUILD005-DEMAND-VALUATION-0001,16,HOSTILE_PRIME_THRASH,five-prime-rotation,019916529C45FEB1B0EBB16AFB64F03C7AD87A2B65F72FD2BBE1297868DD4E50,COLD_MAG,MAGNITUDE_FINAL,true,false,true,BIN_PRIME_FRONTIER_PROP_K,4,0,41,8,16,64,40,40,40,40,150,0,0,0,40,40,0,36,0,0,0,0,40,0,0,0,0,0,40,0,0,0,0,0,0,0,0,0,0,1,1,0,40,1088,41,1170,41800,9984,1313280,179820,1544884,EXPLORATORY_COMPONENT_PROXY__NOT_DECISION_ELIGIBLE,AUTHORITATIVE_W_BIT_LOAD_ADD_MUL_OUTPUT_DATAPATH_NOT_REBUILT_AT_W16_W32; EXACT_OPERATION_COUNTS_AND_IDENTICAL_MAGNITUDES_RETAINED; PROPAGATION_COMBINER_AND_POLICY_MATCHED_CONTENT_CACHE_LOGIC_NOT_IN_NAND_TOTAL,408,0,IMPLEMENTED_TRACE_PASS
PAH-BUILD005-DEMAND-VALUATION-0001,16,HOSTILE_PRIME_THRASH,five-prime-rotation,019916529C45FEB1B0EBB16AFB64F03C7AD87A2B65F72FD2BBE1297868DD4E50,COLD_MAG,MAGNITUDE_FINAL,true,false,true,BIN_PRIME_FRONTIER_SPEC_B1_K,4,1,42,8,16,64,40,40,41,41,152,1,0,0,40,40,1,36,0,0,0,0,40,1,0,0,0,0,40,1,1,1,0,2,2,0,0,0,0,1,1,0,41,1088,42,1172,42845,9984,1313280,184260,1550369,EXPLORATORY_COMPONENT_PROXY__NOT_DECISION_ELIGIBLE,AUTHORITATIVE_W_BIT_LOAD_ADD_MUL_OUTPUT_DATAPATH_NOT_REBUILT_AT_W16_W32; EXACT_OPERATION_COUNTS_AND_IDENTICAL_MAGNITUDES_RETAINED; PROPAGATION_COMBINER_AND_POLICY_MATCHED_CONTENT_CACHE_LOGIC_NOT_IN_NAND_TOTAL,410,0,IMPLEMENTED_TRACE_PASS
PAH-BUILD005-DEMAND-VALUATION-0001,16,HOSTILE_PRIME_THRASH,five-prime-rotation,019916529C45FEB1B0EBB16AFB64F03C7AD87A2B65F72FD2BBE1297868DD4E50,COLD_MAG,MAGNITUDE_FINAL,true,false,true,BIN_PRIME_FRONTIER_SPEC_B4_K,4,4,45,8,16,68,44,40,44,44,166,0,0,0,44,44,0,40,0,0,0,0,40,4,0,0,0,0,40,4,4,4,0,14,5,0,0,0,0,1,1,0,44,1156,45,1246,45980,9984,1395360,197580,1648904,EXPLORATORY_COMPONENT_PROXY__NOT_DECISION_ELIGIBLE,AUTHORITATIVE_W_BIT_LOAD_ADD_MUL_OUTPUT_DATAPATH_NOT_REBUILT_AT_W16_W32; EXACT_OPERATION_COUNTS_AND_IDENTICAL_MAGNITUDES_RETAINED; PROPAGATION_COMBINER_AND_POLICY_MATCHED_CONTENT_CACHE_LOGIC_NOT_IN_NAND_TOTAL,416,0,IMPLEMENTED_TRACE_PASS
PAH-BUILD005-DEMAND-VALUATION-0001,16,HOSTILE_MUTATE_AFTER_FILL,fill-then-discard,49FEE546920FC88101ED954AA8ED20969056761368137203BEB391EE8E6E26E7,COLD_MAG,MAGNITUDE_FINAL,true,false,true,BIN_DIRECT_BEST,0,0,81,0,0,82,42,40,40,0,0,0,0,0,0,0,0,0,0,0,0,0,40,0,0,0,0,0,40,0,0,0,0,0,0,0,0,0,0,1,41,0,40,1394,0,1475,41800,0,1682640,0,1724440,EXPLORATORY_COMPONENT_PROXY__NOT_DECISION_ELIGIBLE,AUTHORITATIVE_W_BIT_LOAD_ADD_MUL_OUTPUT_DATAPATH_NOT_REBUILT_AT_W16_W32; EXACT_OPERATION_COUNTS_AND_IDENTICAL_MAGNITUDES_RETAINED; PROPAGATION_COMBINER_AND_POLICY_MATCHED_CONTENT_CACHE_LOGIC_NOT_IN_NAND_TOTAL,688,0,IMPLEMENTED_TRACE_PASS
PAH-BUILD005-DEMAND-VALUATION-0001,16,HOSTILE_MUTATE_AFTER_FILL,fill-then-discard,49FEE546920FC88101ED954AA8ED20969056761368137203BEB391EE8E6E26E7,COLD_MAG,MAGNITUDE_FINAL,true,false,true,BIN_CONTENT_ANSWER_LRU_K,1,0,81,0,0,79,40,39,39,40,39,1,0,0,39,39,0,38,0,0,0,0,39,0,0,0,0,0,40,0,0,0,0,0,0,0,0,0,0,1,41,0,40,1343,39,1463,41800,0,1621080,43134,1706014,EXPLORATORY_COMPONENT_PROXY__NOT_DECISION_ELIGIBLE,AUTHORITATIVE_W_BIT_LOAD_ADD_MUL_OUTPUT_DATAPATH_NOT_REBUILT_AT_W16_W32; EXACT_OPERATION_COUNTS_AND_IDENTICAL_MAGNITUDES_RETAINED; PROPAGATION_COMBINER_AND_POLICY_MATCHED_CONTENT_CACHE_LOGIC_NOT_IN_NAND_TOTAL,688,0,IMPLEMENTED_TRACE_PASS
PAH-BUILD005-DEMAND-VALUATION-0001,16,HOSTILE_MUTATE_AFTER_FILL,fill-then-discard,49FEE546920FC88101ED954AA8ED20969056761368137203BEB391EE8E6E26E7,COLD_MAG,MAGNITUDE_FINAL,true,false,true,BIN_FRONTIER_NOPROP_K,1,0,81,0,0,82,42,40,40,40,39,0,0,0,40,40,0,39,40,0,39,0,40,0,0,0,0,0,40,0,0,0,0,0,0,0,0,0,0,1,41,0,40,1394,81,1556,41800,0,1682640,66066,1790506,EXPLORATORY_COMPONENT_PROXY__NOT_DECISION_ELIGIBLE,AUTHORITATIVE_W_BIT_LOAD_ADD_MUL_OUTPUT_DATAPATH_NOT_REBUILT_AT_W16_W32; EXACT_OPERATION_COUNTS_AND_IDENTICAL_MAGNITUDES_RETAINED; PROPAGATION_COMBINER_AND_POLICY_MATCHED_CONTENT_CACHE_LOGIC_NOT_IN_NAND_TOTAL,688,0,IMPLEMENTED_TRACE_PASS
PAH-BUILD005-DEMAND-VALUATION-0001,16,HOSTILE_MUTATE_AFTER_FILL,fill-then-discard,49FEE546920FC88101ED954AA8ED20969056761368137203BEB391EE8E6E26E7,COLD_MAG,MAGNITUDE_FINAL,true,false,true,BIN_PRIME_FRONTIER_PROP_K,1,0,81,0,0,82,42,40,40,40,39,0,0,0,40,40,0,39,40,0,39,0,40,0,0,0,0,0,40,0,0,0,0,0,0,0,0,0,0,1,41,0,40,1394,81,1556,41800,0,1682640,66066,1790506,EXPLORATORY_COMPONENT_PROXY__NOT_DECISION_ELIGIBLE,AUTHORITATIVE_W_BIT_LOAD_ADD_MUL_OUTPUT_DATAPATH_NOT_REBUILT_AT_W16_W32; EXACT_OPERATION_COUNTS_AND_IDENTICAL_MAGNITUDES_RETAINED; PROPAGATION_COMBINER_AND_POLICY_MATCHED_CONTENT_CACHE_LOGIC_NOT_IN_NAND_TOTAL,688,0,IMPLEMENTED_TRACE_PASS
PAH-BUILD005-DEMAND-VALUATION-0001,16,HOSTILE_MUTATE_AFTER_FILL,fill-then-discard,49FEE546920FC88101ED954AA8ED20969056761368137203BEB391EE8E6E26E7,COLD_MAG,MAGNITUDE_FINAL,true,false,true,BIN_PRIME_FRONTIER_SPEC_B1_K,1,1,122,0,0,83,42,41,62,81,80,40,0,0,41,41,21,40,40,0,40,0,41,21,0,0,0,0,40,41,41,40,1,40,1,0,0,0,0,1,41,0,81,1411,103,1636,84645,0,1703160,100464,1888269,EXPLORATORY_COMPONENT_PROXY__NOT_DECISION_ELIGIBLE,AUTHORITATIVE_W_BIT_LOAD_ADD_MUL_OUTPUT_DATAPATH_NOT_REBUILT_AT_W16_W32; EXACT_OPERATION_COUNTS_AND_IDENTICAL_MAGNITUDES_RETAINED; PROPAGATION_COMBINER_AND_POLICY_MATCHED_CONTENT_CACHE_LOGIC_NOT_IN_NAND_TOTAL,770,0,IMPLEMENTED_TRACE_PASS
PAH-BUILD005-DEMAND-VALUATION-0001,16,HOSTILE_MUTATE_AFTER_FILL,fill-then-discard,49FEE546920FC88101ED954AA8ED20969056761368137203BEB391EE8E6E26E7,COLD_MAG,MAGNITUDE_FINAL,true,false,true,BIN_PRIME_FRONTIER_SPEC_B4_K,1,4,245,0,0,246,84,162,204,204,203,0,0,0,204,204,0,203,40,0,40,0,162,42,0,0,0,0,40,164,164,40,124,40,1,0,0,0,0,1,41,0,204,4182,245,4672,213180,0,5047920,245154,5506254,EXPLORATORY_COMPONENT_PROXY__NOT_DECISION_ELIGIBLE,AUTHORITATIVE_W_BIT_LOAD_ADD_MUL_OUTPUT_DATAPATH_NOT_REBUILT_AT_W16_W32; EXACT_OPERATION_COUNTS_AND_IDENTICAL_MAGNITUDES_RETAINED; PROPAGATION_COMBINER_AND_POLICY_MATCHED_CONTENT_CACHE_LOGIC_NOT_IN_NAND_TOTAL,1016,0,IMPLEMENTED_TRACE_PASS
PAH-BUILD005-DEMAND-VALUATION-0001,16,HOSTILE_MUTATE_AFTER_FILL,fill-then-discard,49FEE546920FC88101ED954AA8ED20969056761368137203BEB391EE8E6E26E7,COLD_MAG,MAGNITUDE_FINAL,true,false,true,BIN_CONTENT_ANSWER_LRU_K,2,0,81,0,0,4,2,2,2,40,76,38,0,0,2,2,0,0,0,0,0,0,2,0,0,0,0,0,40,0,0,0,0,0,0,0,0,0,0,1,41,0,40,68,2,151,41800,0,82080,46074,169954,EXPLORATORY_COMPONENT_PROXY__NOT_DECISION_ELIGIBLE,AUTHORITATIVE_W_BIT_LOAD_ADD_MUL_OUTPUT_DATAPATH_NOT_REBUILT_AT_W16_W32; EXACT_OPERATION_COUNTS_AND_IDENTICAL_MAGNITUDES_RETAINED; PROPAGATION_COMBINER_AND_POLICY_MATCHED_CONTENT_CACHE_LOGIC_NOT_IN_NAND_TOTAL,688,0,IMPLEMENTED_TRACE_PASS
PAH-BUILD005-DEMAND-VALUATION-0001,16,HOSTILE_MUTATE_AFTER_FILL,fill-then-discard,49FEE546920FC88101ED954AA8ED20969056761368137203BEB391EE8E6E26E7,COLD_MAG,MAGNITUDE_FINAL,true,false,true,BIN_FRONTIER_NOPROP_K,2,0,81,0,0,82,42,40,40,40,77,0,0,0,40,40,0,38,40,0,77,0,40,0,0,0,0,0,40,0,0,0,0,0,0,0,0,0,0,1,41,0,40,1394,81,1556,41800,0,1682640,132737,1857177,EXPLORATORY_COMPONENT_PROXY__NOT_DECISION_ELIGIBLE,AUTHORITATIVE_W_BIT_LOAD_ADD_MUL_OUTPUT_DATAPATH_NOT_REBUILT_AT_W16_W32; EXACT_OPERATION_COUNTS_AND_IDENTICAL_MAGNITUDES_RETAINED; PROPAGATION_COMBINER_AND_POLICY_MATCHED_CONTENT_CACHE_LOGIC_NOT_IN_NAND_TOTAL,688,0,IMPLEMENTED_TRACE_PASS
PAH-BUILD005-DEMAND-VALUATION-0001,16,HOSTILE_MUTATE_AFTER_FILL,fill-then-discard,49FEE546920FC88101ED954AA8ED20969056761368137203BEB391EE8E6E26E7,COLD_MAG,MAGNITUDE_FINAL,true,false,true,BIN_PRIME_FRONTIER_PROP_K,2,0,81,0,0,82,42,40,40,40,77,0,0,0,40,40,0,38,40,0,77,0,40,0,0,0,0,0,40,0,0,0,0,0,0,0,0,0,0,1,41,0,40,1394,81,1556,41800,0,1682640,132737,1857177,EXPLORATORY_COMPONENT_PROXY__NOT_DECISION_ELIGIBLE,AUTHORITATIVE_W_BIT_LOAD_ADD_MUL_OUTPUT_DATAPATH_NOT_REBUILT_AT_W16_W32; EXACT_OPERATION_COUNTS_AND_IDENTICAL_MAGNITUDES_RETAINED; PROPAGATION_COMBINER_AND_POLICY_MATCHED_CONTENT_CACHE_LOGIC_NOT_IN_NAND_TOTAL,688,0,IMPLEMENTED_TRACE_PASS
PAH-BUILD005-DEMAND-VALUATION-0001,16,HOSTILE_MUTATE_AFTER_FILL,fill-then-discard,49FEE546920FC88101ED954AA8ED20969056761368137203BEB391EE8E6E26E7,COLD_MAG,MAGNITUDE_FINAL,true,false,true,BIN_PRIME_FRONTIER_SPEC_B1_K,2,1,122,0,0,83,42,41,62,81,158,40,0,0,41,41,21,39,40,0,118,0,41,21,0,0,0,0,40,41,41,40,1,40,1,0,0,0,0,1,41,0,81,1411,103,1636,84645,0,1703160,201848,1989653,EXPLORATORY_COMPONENT_PROXY__NOT_DECISION_ELIGIBLE,AUTHORITATIVE_W_BIT_LOAD_ADD_MUL_OUTPUT_DATAPATH_NOT_REBUILT_AT_W16_W32; EXACT_OPERATION_COUNTS_AND_IDENTICAL_MAGNITUDES_RETAINED; PROPAGATION_COMBINER_AND_POLICY_MATCHED_CONTENT_CACHE_LOGIC_NOT_IN_NAND_TOTAL,770,0,IMPLEMENTED_TRACE_PASS
PAH-BUILD005-DEMAND-VALUATION-0001,16,HOSTILE_MUTATE_AFTER_FILL,fill-then-discard,49FEE546920FC88101ED954AA8ED20969056761368137203BEB391EE8E6E26E7,COLD_MAG,MAGNITUDE_FINAL,true,false,true,BIN_PRIME_FRONTIER_SPEC_B4_K,2,4,245,0,0,246,84,162,204,204,405,0,0,0,204,204,0,202,80,0,40,0,162,42,0,0,0,0,40,164,164,40,124,40,1,0,0,0,0,1,41,0,204,4182,245,4672,213180,0,5047920,492553,5753653,EXPLORATORY_COMPONENT_PROXY__NOT_DECISION_ELIGIBLE,AUTHORITATIVE_W_BIT_LOAD_ADD_MUL_OUTPUT_DATAPATH_NOT_REBUILT_AT_W16_W32; EXACT_OPERATION_COUNTS_AND_IDENTICAL_MAGNITUDES_RETAINED; PROPAGATION_COMBINER_AND_POLICY_MATCHED_CONTENT_CACHE_LOGIC_NOT_IN_NAND_TOTAL,1016,0,IMPLEMENTED_TRACE_PASS
PAH-BUILD005-DEMAND-VALUATION-0001,16,HOSTILE_MUTATE_AFTER_FILL,fill-then-discard,49FEE546920FC88101ED954AA8ED20969056761368137203BEB391EE8E6E26E7,COLD_MAG,MAGNITUDE_FINAL,true,false,true,BIN_CONTENT_ANSWER_LRU_K,4,0,81,0,0,4,2,2,2,40,76,38,0,0,2,2,0,0,0,0,0,0,2,0,0,0,0,0,40,0,0,0,0,0,0,0,0,0,0,1,41,0,40,68,2,151,41800,0,82080,93240,217120,EXPLORATORY_COMPONENT_PROXY__NOT_DECISION_ELIGIBLE,AUTHORITATIVE_W_BIT_LOAD_ADD_MUL_OUTPUT_DATAPATH_NOT_REBUILT_AT_W16_W32; EXACT_OPERATION_COUNTS_AND_IDENTICAL_MAGNITUDES_RETAINED; PROPAGATION_COMBINER_AND_POLICY_MATCHED_CONTENT_CACHE_LOGIC_NOT_IN_NAND_TOTAL,688,0,IMPLEMENTED_TRACE_PASS
PAH-BUILD005-DEMAND-VALUATION-0001,16,HOSTILE_MUTATE_AFTER_FILL,fill-then-discard,49FEE546920FC88101ED954AA8ED20969056761368137203BEB391EE8E6E26E7,COLD_MAG,MAGNITUDE_FINAL,true,false,true,BIN_FRONTIER_NOPROP_K,4,0,81,0,0,82,42,40,40,40,150,0,0,0,40,40,0,36,40,0,150,0,40,0,0,0,0,0,40,0,0,0,0,0,0,0,0,0,0,1,41,0,40,1394,81,1556,41800,0,1682640,268620,1993060,EXPLORATORY_COMPONENT_PROXY__NOT_DECISION_ELIGIBLE,AUTHORITATIVE_W_BIT_LOAD_ADD_MUL_OUTPUT_DATAPATH_NOT_REBUILT_AT_W16_W32; EXACT_OPERATION_COUNTS_AND_IDENTICAL_MAGNITUDES_RETAINED; PROPAGATION_COMBINER_AND_POLICY_MATCHED_CONTENT_CACHE_LOGIC_NOT_IN_NAND_TOTAL,688,0,IMPLEMENTED_TRACE_PASS
PAH-BUILD005-DEMAND-VALUATION-0001,16,HOSTILE_MUTATE_AFTER_FILL,fill-then-discard,49FEE546920FC88101ED954AA8ED20969056761368137203BEB391EE8E6E26E7,COLD_MAG,MAGNITUDE_FINAL,true,false,true,BIN_PRIME_FRONTIER_PROP_K,4,0,81,0,0,82,42,40,40,40,150,0,0,0,40,40,0,36,40,0,150,0,40,0,0,0,0,0,40,0,0,0,0,0,0,0,0,0,0,1,41,0,40,1394,81,1556,41800,0,1682640,268620,1993060,EXPLORATORY_COMPONENT_PROXY__NOT_DECISION_ELIGIBLE,AUTHORITATIVE_W_BIT_LOAD_ADD_MUL_OUTPUT_DATAPATH_NOT_REBUILT_AT_W16_W32; EXACT_OPERATION_COUNTS_AND_IDENTICAL_MAGNITUDES_RETAINED; PROPAGATION_COMBINER_AND_POLICY_MATCHED_CONTENT_CACHE_LOGIC_NOT_IN_NAND_TOTAL,688,0,IMPLEMENTED_TRACE_PASS
PAH-BUILD005-DEMAND-VALUATION-0001,16,HOSTILE_MUTATE_AFTER_FILL,fill-then-discard,49FEE546920FC88101ED954AA8ED20969056761368137203BEB391EE8E6E26E7,COLD_MAG,MAGNITUDE_FINAL,true,false,true,BIN_PRIME_FRONTIER_SPEC_B1_K,4,1,122,0,0,83,42,41,62,81,308,40,0,0,41,41,21,37,40,0,268,0,41,21,0,0,0,0,40,41,41,40,1,40,1,0,0,0,0,1,41,0,81,1411,103,1636,84645,0,1703160,408480,2196285,EXPLORATORY_COMPONENT_PROXY__NOT_DECISION_ELIGIBLE,AUTHORITATIVE_W_BIT_LOAD_ADD_MUL_OUTPUT_DATAPATH_NOT_REBUILT_AT_W16_W32; EXACT_OPERATION_COUNTS_AND_IDENTICAL_MAGNITUDES_RETAINED; PROPAGATION_COMBINER_AND_POLICY_MATCHED_CONTENT_CACHE_LOGIC_NOT_IN_NAND_TOTAL,770,0,IMPLEMENTED_TRACE_PASS
PAH-BUILD005-DEMAND-VALUATION-0001,16,HOSTILE_MUTATE_AFTER_FILL,fill-then-discard,49FEE546920FC88101ED954AA8ED20969056761368137203BEB391EE8E6E26E7,COLD_MAG,MAGNITUDE_FINAL,true,false,true,BIN_PRIME_FRONTIER_SPEC_B4_K,4,4,245,0,0,206,63,143,185,204,806,40,0,0,164,164,21,160,160,0,40,0,143,42,0,0,0,0,40,164,164,40,124,40,1,0,0,0,0,1,41,0,204,3502,226,3973,213180,0,4227120,954600,5394900,EXPLORATORY_COMPONENT_PROXY__NOT_DECISION_ELIGIBLE,AUTHORITATIVE_W_BIT_LOAD_ADD_MUL_OUTPUT_DATAPATH_NOT_REBUILT_AT_W16_W32; EXACT_OPERATION_COUNTS_AND_IDENTICAL_MAGNITUDES_RETAINED; PROPAGATION_COMBINER_AND_POLICY_MATCHED_CONTENT_CACHE_LOGIC_NOT_IN_NAND_TOTAL,1016,0,IMPLEMENTED_TRACE_PASS
PAH-BUILD005-DEMAND-VALUATION-0001,16,HOSTILE_SPECULATION_POISON,request-last-prime-only,A70CD12233E9CF60595F5FCB534838C1F33AA3934E69C9A38F7B0C7AF8535927,COLD_MAG,MAGNITUDE_FINAL,true,false,true,BIN_DIRECT_BEST,0,0,128,0,0,67,3,64,64,0,0,0,0,0,0,0,0,0,0,0,0,0,64,0,0,0,0,0,64,0,0,0,0,0,0,0,0,0,0,1,64,0,64,1139,0,1267,66880,0,1374840,0,1441720,EXPLORATORY_COMPONENT_PROXY__NOT_DECISION_ELIGIBLE,AUTHORITATIVE_W_BIT_LOAD_ADD_MUL_OUTPUT_DATAPATH_NOT_REBUILT_AT_W16_W32; EXACT_OPERATION_COUNTS_AND_IDENTICAL_MAGNITUDES_RETAINED; PROPAGATION_COMBINER_AND_POLICY_MATCHED_CONTENT_CACHE_LOGIC_NOT_IN_NAND_TOTAL,1089,0,IMPLEMENTED_TRACE_PASS
PAH-BUILD005-DEMAND-VALUATION-0001,16,HOSTILE_SPECULATION_POISON,request-last-prime-only,A70CD12233E9CF60595F5FCB534838C1F33AA3934E69C9A38F7B0C7AF8535927,COLD_MAG,MAGNITUDE_FINAL,true,false,true,BIN_CONTENT_ANSWER_LRU_K,1,0,128,0,0,67,3,64,64,64,63,0,0,0,64,64,0,63,0,0,0,0,64,0,0,0,0,0,64,0,0,0,0,0,0,0,0,0,0,1,64,0,64,1139,64,1331,66880,0,1374840,69888,1511608,EXPLORATORY_COMPONENT_PROXY__NOT_DECISION_ELIGIBLE,AUTHORITATIVE_W_BIT_LOAD_ADD_MUL_OUTPUT_DATAPATH_NOT_REBUILT_AT_W16_W32; EXACT_OPERATION_COUNTS_AND_IDENTICAL_MAGNITUDES_RETAINED; PROPAGATION_COMBINER_AND_POLICY_MATCHED_CONTENT_CACHE_LOGIC_NOT_IN_NAND_TOTAL,1089,0,IMPLEMENTED_TRACE_PASS
PAH-BUILD005-DEMAND-VALUATION-0001,16,HOSTILE_SPECULATION_POISON,request-last-prime-only,A70CD12233E9CF60595F5FCB534838C1F33AA3934E69C9A38F7B0C7AF8535927,COLD_MAG,MAGNITUDE_FINAL,true,false,true,BIN_FRONTIER_NOPROP_K,1,0,128,0,0,67,3,64,64,64,63,0,0,0,64,64,0,63,63,0,63,0,64,0,0,0,0,0,64,0,0,0,0,0,0,0,0,0,0,1,64,0,64,1139,128,1395,66880,0,1374840,104832,1546552,EXPLORATORY_COMPONENT_PROXY__NOT_DECISION_ELIGIBLE,AUTHORITATIVE_W_BIT_LOAD_ADD_MUL_OUTPUT_DATAPATH_NOT_REBUILT_AT_W16_W32; EXACT_OPERATION_COUNTS_AND_IDENTICAL_MAGNITUDES_RETAINED; PROPAGATION_COMBINER_AND_POLICY_MATCHED_CONTENT_CACHE_LOGIC_NOT_IN_NAND_TOTAL,1089,0,IMPLEMENTED_TRACE_PASS
PAH-BUILD005-DEMAND-VALUATION-0001,16,HOSTILE_SPECULATION_POISON,request-last-prime-only,A70CD12233E9CF60595F5FCB534838C1F33AA3934E69C9A38F7B0C7AF8535927,COLD_MAG,MAGNITUDE_FINAL,true,false,true,BIN_PRIME_FRONTIER_PROP_K,1,0,128,0,0,67,3,64,64,64,63,0,0,0,64,64,0,63,63,0,63,0,64,0,0,0,0,0,64,0,0,0,0,0,0,0,0,0,0,1,64,0,64,1139,128,1395,66880,0,1374840,104832,1546552,EXPLORATORY_COMPONENT_PROXY__NOT_DECISION_ELIGIBLE,AUTHORITATIVE_W_BIT_LOAD_ADD_MUL_OUTPUT_DATAPATH_NOT_REBUILT_AT_W16_W32; EXACT_OPERATION_COUNTS_AND_IDENTICAL_MAGNITUDES_RETAINED; PROPAGATION_COMBINER_AND_POLICY_MATCHED_CONTENT_CACHE_LOGIC_NOT_IN_NAND_TOTAL,1089,0,IMPLEMENTED_TRACE_PASS
PAH-BUILD005-DEMAND-VALUATION-0001,16,HOSTILE_SPECULATION_POISON,request-last-prime-only,A70CD12233E9CF60595F5FCB534838C1F33AA3934E69C9A38F7B0C7AF8535927,COLD_MAG,MAGNITUDE_FINAL,true,false,true,BIN_PRIME_FRONTIER_SPEC_B1_K,1,1,192,0,0,131,28,103,128,128,127,0,0,0,128,128,0,127,63,0,0,0,103,25,0,0,0,0,64,64,64,0,64,0,0,0,0,0,0,1,64,0,128,2227,192,2611,133760,0,2688120,174720,2996600,EXPLORATORY_COMPONENT_PROXY__NOT_DECISION_ELIGIBLE,AUTHORITATIVE_W_BIT_LOAD_ADD_MUL_OUTPUT_DATAPATH_NOT_REBUILT_AT_W16_W32; EXACT_OPERATION_COUNTS_AND_IDENTICAL_MAGNITUDES_RETAINED; PROPAGATION_COMBINER_AND_POLICY_MATCHED_CONTENT_CACHE_LOGIC_NOT_IN_NAND_TOTAL,1217,0,IMPLEMENTED_TRACE_PASS
PAH-BUILD005-DEMAND-VALUATION-0001,16,HOSTILE_SPECULATION_POISON,request-last-prime-only,A70CD12233E9CF60595F5FCB534838C1F33AA3934E69C9A38F7B0C7AF8535927,COLD_MAG,MAGNITUDE_FINAL,true,false,true,BIN_PRIME_FRONTIER_SPEC_B4_K,1,4,384,0,0,323,51,272,320,320,319,0,0,0,320,320,0,319,63,0,0,0,272,48,0,0,0,0,64,256,256,0,256,0,0,0,0,0,0,1,64,0,320,5491,384,6259,334400,0,6627960,384384,7346744,EXPLORATORY_COMPONENT_PROXY__NOT_DECISION_ELIGIBLE,AUTHORITATIVE_W_BIT_LOAD_ADD_MUL_OUTPUT_DATAPATH_NOT_REBUILT_AT_W16_W32; EXACT_OPERATION_COUNTS_AND_IDENTICAL_MAGNITUDES_RETAINED; PROPAGATION_COMBINER_AND_POLICY_MATCHED_CONTENT_CACHE_LOGIC_NOT_IN_NAND_TOTAL,1601,0,IMPLEMENTED_TRACE_PASS
PAH-BUILD005-DEMAND-VALUATION-0001,16,HOSTILE_SPECULATION_POISON,request-last-prime-only,A70CD12233E9CF60595F5FCB534838C1F33AA3934E69C9A38F7B0C7AF8535927,COLD_MAG,MAGNITUDE_FINAL,true,false,true,BIN_CONTENT_ANSWER_LRU_K,2,0,128,0,0,67,3,64,64,64,125,0,0,0,64,64,0,62,0,0,0,0,64,0,0,0,0,0,64,0,0,0,0,0,0,0,0,0,0,1,64,0,64,1139,64,1331,66880,0,1374840,140416,1582136,EXPLORATORY_COMPONENT_PROXY__NOT_DECISION_ELIGIBLE,AUTHORITATIVE_W_BIT_LOAD_ADD_MUL_OUTPUT_DATAPATH_NOT_REBUILT_AT_W16_W32; EXACT_OPERATION_COUNTS_AND_IDENTICAL_MAGNITUDES_RETAINED; PROPAGATION_COMBINER_AND_POLICY_MATCHED_CONTENT_CACHE_LOGIC_NOT_IN_NAND_TOTAL,1089,0,IMPLEMENTED_TRACE_PASS
PAH-BUILD005-DEMAND-VALUATION-0001,16,HOSTILE_SPECULATION_POISON,request-last-prime-only,A70CD12233E9CF60595F5FCB534838C1F33AA3934E69C9A38F7B0C7AF8535927,COLD_MAG,MAGNITUDE_FINAL,true,false,true,BIN_FRONTIER_NOPROP_K,2,0,128,0,0,67,3,64,64,64,125,0,0,0,64,64,0,62,63,0,125,0,64,0,0,0,0,0,64,0,0,0,0,0,0,0,0,0,0,1,64,0,64,1139,128,1395,66880,0,1374840,210624,1652344,EXPLORATORY_COMPONENT_PROXY__NOT_DECISION_ELIGIBLE,AUTHORITATIVE_W_BIT_LOAD_ADD_MUL_OUTPUT_DATAPATH_NOT_REBUILT_AT_W16_W32; EXACT_OPERATION_COUNTS_AND_IDENTICAL_MAGNITUDES_RETAINED; PROPAGATION_COMBINER_AND_POLICY_MATCHED_CONTENT_CACHE_LOGIC_NOT_IN_NAND_TOTAL,1089,0,IMPLEMENTED_TRACE_PASS
PAH-BUILD005-DEMAND-VALUATION-0001,16,HOSTILE_SPECULATION_POISON,request-last-prime-only,A70CD12233E9CF60595F5FCB534838C1F33AA3934E69C9A38F7B0C7AF8535927,COLD_MAG,MAGNITUDE_FINAL,true,false,true,BIN_PRIME_FRONTIER_PROP_K,2,0,128,0,0,67,3,64,64,64,125,0,0,0,64,64,0,62,63,0,125,0,64,0,0,0,0,0,64,0,0,0,0,0,0,0,0,0,0,1,64,0,64,1139,128,1395,66880,0,1374840,210624,1652344,EXPLORATORY_COMPONENT_PROXY__NOT_DECISION_ELIGIBLE,AUTHORITATIVE_W_BIT_LOAD_ADD_MUL_OUTPUT_DATAPATH_NOT_REBUILT_AT_W16_W32; EXACT_OPERATION_COUNTS_AND_IDENTICAL_MAGNITUDES_RETAINED; PROPAGATION_COMBINER_AND_POLICY_MATCHED_CONTENT_CACHE_LOGIC_NOT_IN_NAND_TOTAL,1089,0,IMPLEMENTED_TRACE_PASS
PAH-BUILD005-DEMAND-VALUATION-0001,16,HOSTILE_SPECULATION_POISON,request-last-prime-only,A70CD12233E9CF60595F5FCB534838C1F33AA3934E69C9A38F7B0C7AF8535927,COLD_MAG,MAGNITUDE_FINAL,true,false,true,BIN_PRIME_FRONTIER_SPEC_B1_K,2,1,192,0,0,131,28,103,128,128,253,0,0,0,128,128,0,126,126,0,126,0,103,25,0,0,0,0,64,64,64,0,64,0,0,0,0,0,0,1,64,0,128,2227,192,2611,133760,0,2688120,351040,3172920,EXPLORATORY_COMPONENT_PROXY__NOT_DECISION_ELIGIBLE,AUTHORITATIVE_W_BIT_LOAD_ADD_MUL_OUTPUT_DATAPATH_NOT_REBUILT_AT_W16_W32; EXACT_OPERATION_COUNTS_AND_IDENTICAL_MAGNITUDES_RETAINED; PROPAGATION_COMBINER_AND_POLICY_MATCHED_CONTENT_CACHE_LOGIC_NOT_IN_NAND_TOTAL,1217,0,IMPLEMENTED_TRACE_PASS
PAH-BUILD005-DEMAND-VALUATION-0001,16,HOSTILE_SPECULATION_POISON,request-last-prime-only,A70CD12233E9CF60595F5FCB534838C1F33AA3934E69C9A38F7B0C7AF8535927,COLD_MAG,MAGNITUDE_FINAL,true,false,true,BIN_PRIME_FRONTIER_SPEC_B4_K,2,4,384,0,0,323,51,272,320,320,637,0,0,0,320,320,0,318,126,0,0,0,272,48,0,0,0,0,64,256,256,0,256,0,0,0,0,0,0,1,64,0,320,5491,384,6259,334400,0,6627960,772288,7734648,EXPLORATORY_COMPONENT_PROXY__NOT_DECISION_ELIGIBLE,AUTHORITATIVE_W_BIT_LOAD_ADD_MUL_OUTPUT_DATAPATH_NOT_REBUILT_AT_W16_W32; EXACT_OPERATION_COUNTS_AND_IDENTICAL_MAGNITUDES_RETAINED; PROPAGATION_COMBINER_AND_POLICY_MATCHED_CONTENT_CACHE_LOGIC_NOT_IN_NAND_TOTAL,1601,0,IMPLEMENTED_TRACE_PASS
PAH-BUILD005-DEMAND-VALUATION-0001,16,HOSTILE_SPECULATION_POISON,request-last-prime-only,A70CD12233E9CF60595F5FCB534838C1F33AA3934E69C9A38F7B0C7AF8535927,COLD_MAG,MAGNITUDE_FINAL,true,false,true,BIN_CONTENT_ANSWER_LRU_K,4,0,128,0,0,67,3,64,64,64,246,0,0,0,64,64,0,60,0,0,0,0,64,0,0,0,0,0,64,0,0,0,0,0,0,0,0,0,0,1,64,0,64,1139,64,1331,66880,0,1374840,284160,1725880,EXPLORATORY_COMPONENT_PROXY__NOT_DECISION_ELIGIBLE,AUTHORITATIVE_W_BIT_LOAD_ADD_MUL_OUTPUT_DATAPATH_NOT_REBUILT_AT_W16_W32; EXACT_OPERATION_COUNTS_AND_IDENTICAL_MAGNITUDES_RETAINED; PROPAGATION_COMBINER_AND_POLICY_MATCHED_CONTENT_CACHE_LOGIC_NOT_IN_NAND_TOTAL,1089,0,IMPLEMENTED_TRACE_PASS
PAH-BUILD005-DEMAND-VALUATION-0001,16,HOSTILE_SPECULATION_POISON,request-last-prime-only,A70CD12233E9CF60595F5FCB534838C1F33AA3934E69C9A38F7B0C7AF8535927,COLD_MAG,MAGNITUDE_FINAL,true,false,true,BIN_FRONTIER_NOPROP_K,4,0,128,0,0,67,3,64,64,64,246,0,0,0,64,64,0,60,63,0,246,0,64,0,0,0,0,0,64,0,0,0,0,0,0,0,0,0,0,1,64,0,64,1139,128,1395,66880,0,1374840,426240,1867960,EXPLORATORY_COMPONENT_PROXY__NOT_DECISION_ELIGIBLE,AUTHORITATIVE_W_BIT_LOAD_ADD_MUL_OUTPUT_DATAPATH_NOT_REBUILT_AT_W16_W32; EXACT_OPERATION_COUNTS_AND_IDENTICAL_MAGNITUDES_RETAINED; PROPAGATION_COMBINER_AND_POLICY_MATCHED_CONTENT_CACHE_LOGIC_NOT_IN_NAND_TOTAL,1089,0,IMPLEMENTED_TRACE_PASS
PAH-BUILD005-DEMAND-VALUATION-0001,16,HOSTILE_SPECULATION_POISON,request-last-prime-only,A70CD12233E9CF60595F5FCB534838C1F33AA3934E69C9A38F7B0C7AF8535927,COLD_MAG,MAGNITUDE_FINAL,true,false,true,BIN_PRIME_FRONTIER_PROP_K,4,0,128,0,0,67,3,64,64,64,246,0,0,0,64,64,0,60,63,0,246,0,64,0,0,0,0,0,64,0,0,0,0,0,0,0,0,0,0,1,64,0,64,1139,128,1395,66880,0,1374840,426240,1867960,EXPLORATORY_COMPONENT_PROXY__NOT_DECISION_ELIGIBLE,AUTHORITATIVE_W_BIT_LOAD_ADD_MUL_OUTPUT_DATAPATH_NOT_REBUILT_AT_W16_W32; EXACT_OPERATION_COUNTS_AND_IDENTICAL_MAGNITUDES_RETAINED; PROPAGATION_COMBINER_AND_POLICY_MATCHED_CONTENT_CACHE_LOGIC_NOT_IN_NAND_TOTAL,1089,0,IMPLEMENTED_TRACE_PASS
PAH-BUILD005-DEMAND-VALUATION-0001,16,HOSTILE_SPECULATION_POISON,request-last-prime-only,A70CD12233E9CF60595F5FCB534838C1F33AA3934E69C9A38F7B0C7AF8535927,COLD_MAG,MAGNITUDE_FINAL,true,false,true,BIN_PRIME_FRONTIER_SPEC_B1_K,4,1,192,0,0,131,28,103,128,128,502,0,0,0,128,128,0,124,126,0,250,0,103,25,0,0,0,0,64,64,64,0,64,0,0,0,0,0,0,1,64,0,128,2227,192,2611,133760,0,2688120,710400,3532280,EXPLORATORY_COMPONENT_PROXY__NOT_DECISION_ELIGIBLE,AUTHORITATIVE_W_BIT_LOAD_ADD_MUL_OUTPUT_DATAPATH_NOT_REBUILT_AT_W16_W32; EXACT_OPERATION_COUNTS_AND_IDENTICAL_MAGNITUDES_RETAINED; PROPAGATION_COMBINER_AND_POLICY_MATCHED_CONTENT_CACHE_LOGIC_NOT_IN_NAND_TOTAL,1217,0,IMPLEMENTED_TRACE_PASS
PAH-BUILD005-DEMAND-VALUATION-0001,16,HOSTILE_SPECULATION_POISON,request-last-prime-only,A70CD12233E9CF60595F5FCB534838C1F33AA3934E69C9A38F7B0C7AF8535927,COLD_MAG,MAGNITUDE_FINAL,true,false,true,BIN_PRIME_FRONTIER_SPEC_B4_K,4,4,384,0,0,323,51,272,320,320,1270,0,0,0,320,320,0,316,252,0,0,0,272,48,0,0,0,0,64,256,256,0,256,0,0,0,0,0,0,1,64,0,320,5491,384,6259,334400,0,6627960,1562880,8525240,EXPLORATORY_COMPONENT_PROXY__NOT_DECISION_ELIGIBLE,AUTHORITATIVE_W_BIT_LOAD_ADD_MUL_OUTPUT_DATAPATH_NOT_REBUILT_AT_W16_W32; EXACT_OPERATION_COUNTS_AND_IDENTICAL_MAGNITUDES_RETAINED; PROPAGATION_COMBINER_AND_POLICY_MATCHED_CONTENT_CACHE_LOGIC_NOT_IN_NAND_TOTAL,1601,0,IMPLEMENTED_TRACE_PASS
PAH-BUILD005-DEMAND-VALUATION-0001,16,HOSTILE_BOUNDARY_FAILURE,zero-one-max-overflow-alias,7136AFA05CA5EE16D9FD3CD14BFEC681E51F09998F3452B709E0DE79F627BF93,COLD_MAG,MAGNITUDE_FINAL,true,false,true,BIN_DIRECT_BEST,0,0,11,0,0,1,0,1,1,0,0,0,0,0,0,0,0,0,0,0,0,0,4,0,0,0,0,0,4,0,0,0,0,0,0,0,0,0,0,2,7,0,4,17,0,28,4180,0,20520,0,24700,EXPLORATORY_COMPONENT_PROXY__NOT_DECISION_ELIGIBLE,AUTHORITATIVE_W_BIT_LOAD_ADD_MUL_OUTPUT_DATAPATH_NOT_REBUILT_AT_W16_W32; EXACT_OPERATION_COUNTS_AND_IDENTICAL_MAGNITUDES_RETAINED; PROPAGATION_COMBINER_AND_POLICY_MATCHED_CONTENT_CACHE_LOGIC_NOT_IN_NAND_TOTAL,98,0,IMPLEMENTED_TRACE_PASS
PAH-BUILD005-DEMAND-VALUATION-0001,16,HOSTILE_BOUNDARY_FAILURE,zero-one-max-overflow-alias,7136AFA05CA5EE16D9FD3CD14BFEC681E51F09998F3452B709E0DE79F627BF93,COLD_MAG,MAGNITUDE_FINAL,true,false,true,BIN_CONTENT_ANSWER_LRU_K,1,0,11,0,0,1,0,1,1,4,3,0,0,0,4,4,0,3,0,0,0,0,4,0,0,0,0,0,4,0,0,0,0,0,0,0,0,0,0,2,7,0,4,17,4,32,4180,0,20520,4368,29068,EXPLORATORY_COMPONENT_PROXY__NOT_DECISION_ELIGIBLE,AUTHORITATIVE_W_BIT_LOAD_ADD_MUL_OUTPUT_DATAPATH_NOT_REBUILT_AT_W16_W32; EXACT_OPERATION_COUNTS_AND_IDENTICAL_MAGNITUDES_RETAINED; PROPAGATION_COMBINER_AND_POLICY_MATCHED_CONTENT_CACHE_LOGIC_NOT_IN_NAND_TOTAL,98,0,IMPLEMENTED_TRACE_PASS
PAH-BUILD005-DEMAND-VALUATION-0001,16,HOSTILE_BOUNDARY_FAILURE,zero-one-max-overflow-alias,7136AFA05CA5EE16D9FD3CD14BFEC681E51F09998F3452B709E0DE79F627BF93,COLD_MAG,MAGNITUDE_FINAL,true,false,true,BIN_FRONTIER_NOPROP_K,1,0,11,0,0,1,0,1,1,4,3,0,0,0,4,4,0,3,2,0,0,0,4,0,0,0,0,0,4,0,0,0,0,0,0,0,0,0,0,2,7,0,4,17,8,36,4180,0,20520,6552,31252,EXPLORATORY_COMPONENT_PROXY__NOT_DECISION_ELIGIBLE,AUTHORITATIVE_W_BIT_LOAD_ADD_MUL_OUTPUT_DATAPATH_NOT_REBUILT_AT_W16_W32; EXACT_OPERATION_COUNTS_AND_IDENTICAL_MAGNITUDES_RETAINED; PROPAGATION_COMBINER_AND_POLICY_MATCHED_CONTENT_CACHE_LOGIC_NOT_IN_NAND_TOTAL,98,0,IMPLEMENTED_TRACE_PASS
PAH-BUILD005-DEMAND-VALUATION-0001,16,HOSTILE_BOUNDARY_FAILURE,zero-one-max-overflow-alias,7136AFA05CA5EE16D9FD3CD14BFEC681E51F09998F3452B709E0DE79F627BF93,COLD_MAG,MAGNITUDE_FINAL,true,false,true,BIN_PRIME_FRONTIER_PROP_K,1,0,11,0,0,1,0,1,1,4,3,0,0,0,4,4,0,3,2,0,0,0,4,0,0,0,0,0,4,0,0,0,0,0,0,0,0,0,0,2,7,0,4,17,8,36,4180,0,20520,6552,31252,EXPLORATORY_COMPONENT_PROXY__NOT_DECISION_ELIGIBLE,AUTHORITATIVE_W_BIT_LOAD_ADD_MUL_OUTPUT_DATAPATH_NOT_REBUILT_AT_W16_W32; EXACT_OPERATION_COUNTS_AND_IDENTICAL_MAGNITUDES_RETAINED; PROPAGATION_COMBINER_AND_POLICY_MATCHED_CONTENT_CACHE_LOGIC_NOT_IN_NAND_TOTAL,98,0,IMPLEMENTED_TRACE_PASS
PAH-BUILD005-DEMAND-VALUATION-0001,16,HOSTILE_BOUNDARY_FAILURE,zero-one-max-overflow-alias,7136AFA05CA5EE16D9FD3CD14BFEC681E51F09998F3452B709E0DE79F627BF93,COLD_MAG,MAGNITUDE_FINAL,true,false,true,BIN_PRIME_FRONTIER_SPEC_B1_K,1,1,33,0,0,3,1,2,3,26,25,0,0,0,26,26,0,25,2,0,1,0,25,1,0,0,0,0,4,22,2,2,20,3,2,0,0,0,0,2,7,0,26,51,30,114,27170,0,61560,30576,119306,EXPLORATORY_COMPONENT_PROXY__NOT_DECISION_ELIGIBLE,AUTHORITATIVE_W_BIT_LOAD_ADD_MUL_OUTPUT_DATAPATH_NOT_REBUILT_AT_W16_W32; EXACT_OPERATION_COUNTS_AND_IDENTICAL_MAGNITUDES_RETAINED; PROPAGATION_COMBINER_AND_POLICY_MATCHED_CONTENT_CACHE_LOGIC_NOT_IN_NAND_TOTAL,142,0,IMPLEMENTED_TRACE_PASS
PAH-BUILD005-DEMAND-VALUATION-0001,16,HOSTILE_BOUNDARY_FAILURE,zero-one-max-overflow-alias,7136AFA05CA5EE16D9FD3CD14BFEC681E51F09998F3452B709E0DE79F627BF93,COLD_MAG,MAGNITUDE_FINAL,true,false,true,BIN_PRIME_FRONTIER_SPEC_B4_K,1,4,39,0,0,9,2,7,9,32,31,0,0,0,32,32,0,31,2,0,1,0,30,2,0,0,0,0,4,28,8,2,26,3,2,0,0,0,0,2,7,0,32,153,36,228,33440,0,184680,37128,255248,EXPLORATORY_COMPONENT_PROXY__NOT_DECISION_ELIGIBLE,AUTHORITATIVE_W_BIT_LOAD_ADD_MUL_OUTPUT_DATAPATH_NOT_REBUILT_AT_W16_W32; EXACT_OPERATION_COUNTS_AND_IDENTICAL_MAGNITUDES_RETAINED; PROPAGATION_COMBINER_AND_POLICY_MATCHED_CONTENT_CACHE_LOGIC_NOT_IN_NAND_TOTAL,154,0,IMPLEMENTED_TRACE_PASS
PAH-BUILD005-DEMAND-VALUATION-0001,16,HOSTILE_BOUNDARY_FAILURE,zero-one-max-overflow-alias,7136AFA05CA5EE16D9FD3CD14BFEC681E51F09998F3452B709E0DE79F627BF93,COLD_MAG,MAGNITUDE_FINAL,true,false,true,BIN_CONTENT_ANSWER_LRU_K,2,0,11,0,0,1,0,1,1,4,5,0,0,0,4,4,0,2,0,0,0,0,4,0,0,0,0,0,4,0,0,0,0,0,0,0,0,0,0,2,7,0,4,17,4,32,4180,0,20520,8776,33476,EXPLORATORY_COMPONENT_PROXY__NOT_DECISION_ELIGIBLE,AUTHORITATIVE_W_BIT_LOAD_ADD_MUL_OUTPUT_DATAPATH_NOT_REBUILT_AT_W16_W32; EXACT_OPERATION_COUNTS_AND_IDENTICAL_MAGNITUDES_RETAINED; PROPAGATION_COMBINER_AND_POLICY_MATCHED_CONTENT_CACHE_LOGIC_NOT_IN_NAND_TOTAL,98,0,IMPLEMENTED_TRACE_PASS
PAH-BUILD005-DEMAND-VALUATION-0001,16,HOSTILE_BOUNDARY_FAILURE,zero-one-max-overflow-alias,7136AFA05CA5EE16D9FD3CD14BFEC681E51F09998F3452B709E0DE79F627BF93,COLD_MAG,MAGNITUDE_FINAL,true,false,true,BIN_FRONTIER_NOPROP_K,2,0,11,0,0,1,0,1,1,4,5,0,0,0,4,4,0,2,3,0,1,0,4,0,0,0,0,0,4,0,0,0,0,0,0,0,0,0,0,2,7,0,4,17,8,36,4180,0,20520,13164,37864,EXPLORATORY_COMPONENT_PROXY__NOT_DECISION_ELIGIBLE,AUTHORITATIVE_W_BIT_LOAD_ADD_MUL_OUTPUT_DATAPATH_NOT_REBUILT_AT_W16_W32; EXACT_OPERATION_COUNTS_AND_IDENTICAL_MAGNITUDES_RETAINED; PROPAGATION_COMBINER_AND_POLICY_MATCHED_CONTENT_CACHE_LOGIC_NOT_IN_NAND_TOTAL,98,0,IMPLEMENTED_TRACE_PASS
PAH-BUILD005-DEMAND-VALUATION-0001,16,HOSTILE_BOUNDARY_FAILURE,zero-one-max-overflow-alias,7136AFA05CA5EE16D9FD3CD14BFEC681E51F09998F3452B709E0DE79F627BF93,COLD_MAG,MAGNITUDE_FINAL,true,false,true,BIN_PRIME_FRONTIER_PROP_K,2,0,11,0,0,1,0,1,1,4,5,0,0,0,4,4,0,2,3,0,1,0,4,0,0,0,0,0,4,0,0,0,0,0,0,0,0,0,0,2,7,0,4,17,8,36,4180,0,20520,13164,37864,EXPLORATORY_COMPONENT_PROXY__NOT_DECISION_ELIGIBLE,AUTHORITATIVE_W_BIT_LOAD_ADD_MUL_OUTPUT_DATAPATH_NOT_REBUILT_AT_W16_W32; EXACT_OPERATION_COUNTS_AND_IDENTICAL_MAGNITUDES_RETAINED; PROPAGATION_COMBINER_AND_POLICY_MATCHED_CONTENT_CACHE_LOGIC_NOT_IN_NAND_TOTAL,98,0,IMPLEMENTED_TRACE_PASS
PAH-BUILD005-DEMAND-VALUATION-0001,16,HOSTILE_BOUNDARY_FAILURE,zero-one-max-overflow-alias,7136AFA05CA5EE16D9FD3CD14BFEC681E51F09998F3452B709E0DE79F627BF93,COLD_MAG,MAGNITUDE_FINAL,true,false,true,BIN_PRIME_FRONTIER_SPEC_B1_K,2,1,33,0,0,3,1,2,3,26,49,1,0,0,25,25,0,23,4,0,1,0,24,1,0,0,0,0,4,22,2,2,20,3,2,0,0,0,0,2,7,0,26,51,29,113,27170,0,61560,60335,149065,EXPLORATORY_COMPONENT_PROXY__NOT_DECISION_ELIGIBLE,AUTHORITATIVE_W_BIT_LOAD_ADD_MUL_OUTPUT_DATAPATH_NOT_REBUILT_AT_W16_W32; EXACT_OPERATION_COUNTS_AND_IDENTICAL_MAGNITUDES_RETAINED; PROPAGATION_COMBINER_AND_POLICY_MATCHED_CONTENT_CACHE_LOGIC_NOT_IN_NAND_TOTAL,142,0,IMPLEMENTED_TRACE_PASS
PAH-BUILD005-DEMAND-VALUATION-0001,16,HOSTILE_BOUNDARY_FAILURE,zero-one-max-overflow-alias,7136AFA05CA5EE16D9FD3CD14BFEC681E51F09998F3452B709E0DE79F627BF93,COLD_MAG,MAGNITUDE_FINAL,true,false,true,BIN_PRIME_FRONTIER_SPEC_B4_K,2,4,39,0,0,9,2,7,9,32,61,1,0,0,31,31,0,29,4,0,1,0,29,2,0,0,0,0,4,28,8,2,26,3,2,0,0,0,0,2,7,0,32,153,35,227,33440,0,184680,73499,291619,EXPLORATORY_COMPONENT_PROXY__NOT_DECISION_ELIGIBLE,AUTHORITATIVE_W_BIT_LOAD_ADD_MUL_OUTPUT_DATAPATH_NOT_REBUILT_AT_W16_W32; EXACT_OPERATION_COUNTS_AND_IDENTICAL_MAGNITUDES_RETAINED; PROPAGATION_COMBINER_AND_POLICY_MATCHED_CONTENT_CACHE_LOGIC_NOT_IN_NAND_TOTAL,154,0,IMPLEMENTED_TRACE_PASS
PAH-BUILD005-DEMAND-VALUATION-0001,16,HOSTILE_BOUNDARY_FAILURE,zero-one-max-overflow-alias,7136AFA05CA5EE16D9FD3CD14BFEC681E51F09998F3452B709E0DE79F627BF93,COLD_MAG,MAGNITUDE_FINAL,true,false,true,BIN_CONTENT_ANSWER_LRU_K,4,0,11,0,0,1,0,1,1,4,6,0,0,0,4,4,0,0,0,0,0,0,4,0,0,0,0,0,4,0,0,0,0,0,0,0,0,0,0,2,7,0,4,17,4,32,4180,0,20520,17760,42460,EXPLORATORY_COMPONENT_PROXY__NOT_DECISION_ELIGIBLE,AUTHORITATIVE_W_BIT_LOAD_ADD_MUL_OUTPUT_DATAPATH_NOT_REBUILT_AT_W16_W32; EXACT_OPERATION_COUNTS_AND_IDENTICAL_MAGNITUDES_RETAINED; PROPAGATION_COMBINER_AND_POLICY_MATCHED_CONTENT_CACHE_LOGIC_NOT_IN_NAND_TOTAL,98,0,IMPLEMENTED_TRACE_PASS
PAH-BUILD005-DEMAND-VALUATION-0001,16,HOSTILE_BOUNDARY_FAILURE,zero-one-max-overflow-alias,7136AFA05CA5EE16D9FD3CD14BFEC681E51F09998F3452B709E0DE79F627BF93,COLD_MAG,MAGNITUDE_FINAL,true,false,true,BIN_FRONTIER_NOPROP_K,4,0,11,0,0,1,0,1,1,4,6,0,0,0,4,4,0,0,3,0,1,0,4,0,0,0,0,0,4,0,0,0,0,0,0,0,0,0,0,2,7,0,4,17,8,36,4180,0,20520,26640,51340,EXPLORATORY_COMPONENT_PROXY__NOT_DECISION_ELIGIBLE,AUTHORITATIVE_W_BIT_LOAD_ADD_MUL_OUTPUT_DATAPATH_NOT_REBUILT_AT_W16_W32; EXACT_OPERATION_COUNTS_AND_IDENTICAL_MAGNITUDES_RETAINED; PROPAGATION_COMBINER_AND_POLICY_MATCHED_CONTENT_CACHE_LOGIC_NOT_IN_NAND_TOTAL,98,0,IMPLEMENTED_TRACE_PASS
PAH-BUILD005-DEMAND-VALUATION-0001,16,HOSTILE_BOUNDARY_FAILURE,zero-one-max-overflow-alias,7136AFA05CA5EE16D9FD3CD14BFEC681E51F09998F3452B709E0DE79F627BF93,COLD_MAG,MAGNITUDE_FINAL,true,false,true,BIN_PRIME_FRONTIER_PROP_K,4,0,11,0,0,1,0,1,1,4,6,0,0,0,4,4,0,0,3,0,1,0,4,0,0,0,0,0,4,0,0,0,0,0,0,0,0,0,0,2,7,0,4,17,8,36,4180,0,20520,26640,51340,EXPLORATORY_COMPONENT_PROXY__NOT_DECISION_ELIGIBLE,AUTHORITATIVE_W_BIT_LOAD_ADD_MUL_OUTPUT_DATAPATH_NOT_REBUILT_AT_W16_W32; EXACT_OPERATION_COUNTS_AND_IDENTICAL_MAGNITUDES_RETAINED; PROPAGATION_COMBINER_AND_POLICY_MATCHED_CONTENT_CACHE_LOGIC_NOT_IN_NAND_TOTAL,98,0,IMPLEMENTED_TRACE_PASS
PAH-BUILD005-DEMAND-VALUATION-0001,16,HOSTILE_BOUNDARY_FAILURE,zero-one-max-overflow-alias,7136AFA05CA5EE16D9FD3CD14BFEC681E51F09998F3452B709E0DE79F627BF93,COLD_MAG,MAGNITUDE_FINAL,true,false,true,BIN_PRIME_FRONTIER_SPEC_B1_K,4,1,33,0,0,3,1,2,3,26,94,1,0,0,25,25,0,21,8,0,2,0,24,1,0,0,0,0,4,22,2,2,20,3,2,0,0,0,0,2,7,0,26,51,29,113,27170,0,61560,122100,210830,EXPLORATORY_COMPONENT_PROXY__NOT_DECISION_ELIGIBLE,AUTHORITATIVE_W_BIT_LOAD_ADD_MUL_OUTPUT_DATAPATH_NOT_REBUILT_AT_W16_W32; EXACT_OPERATION_COUNTS_AND_IDENTICAL_MAGNITUDES_RETAINED; PROPAGATION_COMBINER_AND_POLICY_MATCHED_CONTENT_CACHE_LOGIC_NOT_IN_NAND_TOTAL,142,0,IMPLEMENTED_TRACE_PASS
PAH-BUILD005-DEMAND-VALUATION-0001,16,HOSTILE_BOUNDARY_FAILURE,zero-one-max-overflow-alias,7136AFA05CA5EE16D9FD3CD14BFEC681E51F09998F3452B709E0DE79F627BF93,COLD_MAG,MAGNITUDE_FINAL,true,false,true,BIN_PRIME_FRONTIER_SPEC_B4_K,4,4,39,0,0,9,2,7,9,32,118,1,0,0,31,31,0,27,8,0,1,0,29,2,0,0,0,0,4,28,8,2,26,3,2,0,0,0,0,2,7,0,32,153,35,227,33440,0,184680,148740,366860,EXPLORATORY_COMPONENT_PROXY__NOT_DECISION_ELIGIBLE,AUTHORITATIVE_W_BIT_LOAD_ADD_MUL_OUTPUT_DATAPATH_NOT_REBUILT_AT_W16_W32; EXACT_OPERATION_COUNTS_AND_IDENTICAL_MAGNITUDES_RETAINED; PROPAGATION_COMBINER_AND_POLICY_MATCHED_CONTENT_CACHE_LOGIC_NOT_IN_NAND_TOTAL,154,0,IMPLEMENTED_TRACE_PASS
PAH-BUILD005-DEMAND-VALUATION-0001,16,HOSTILE_GENERATION_WRAP,full-flush-before-tag-reuse,51813C84C594936402C49943EB75C905520E2B81010C20898F6BB434E1EECF56,COLD_MAG,MAGNITUDE_FINAL,true,false,true,BIN_DIRECT_BEST,0,0,259,0,0,3,1,2,2,0,0,0,0,0,0,0,0,0,0,0,0,1,2,0,0,0,0,0,2,0,0,0,0,0,0,0,0,0,0,1,257,0,2,51,0,310,2090,0,61560,0,63650,EXPLORATORY_COMPONENT_PROXY__NOT_DECISION_ELIGIBLE,AUTHORITATIVE_W_BIT_LOAD_ADD_MUL_OUTPUT_DATAPATH_NOT_REBUILT_AT_W16_W32; EXACT_OPERATION_COUNTS_AND_IDENTICAL_MAGNITUDES_RETAINED; PROPAGATION_COMBINER_AND_POLICY_MATCHED_CONTENT_CACHE_LOGIC_NOT_IN_NAND_TOTAL,1820,0,IMPLEMENTED_TRACE_PASS
PAH-BUILD005-DEMAND-VALUATION-0001,16,HOSTILE_GENERATION_WRAP,full-flush-before-tag-reuse,51813C84C594936402C49943EB75C905520E2B81010C20898F6BB434E1EECF56,COLD_MAG,MAGNITUDE_FINAL,true,false,true,BIN_CONTENT_ANSWER_LRU_K,1,0,259,0,0,3,1,2,2,2,0,0,0,0,2,2,0,0,0,0,0,1,2,0,0,0,0,0,2,0,0,0,0,0,0,0,0,0,0,1,257,0,2,51,2,312,2090,0,61560,2184,65834,EXPLORATORY_COMPONENT_PROXY__NOT_DECISION_ELIGIBLE,AUTHORITATIVE_W_BIT_LOAD_ADD_MUL_OUTPUT_DATAPATH_NOT_REBUILT_AT_W16_W32; EXACT_OPERATION_COUNTS_AND_IDENTICAL_MAGNITUDES_RETAINED; PROPAGATION_COMBINER_AND_POLICY_MATCHED_CONTENT_CACHE_LOGIC_NOT_IN_NAND_TOTAL,1820,0,IMPLEMENTED_TRACE_PASS
PAH-BUILD005-DEMAND-VALUATION-0001,16,HOSTILE_GENERATION_WRAP,full-flush-before-tag-reuse,51813C84C594936402C49943EB75C905520E2B81010C20898F6BB434E1EECF56,COLD_MAG,MAGNITUDE_FINAL,true,false,true,BIN_FRONTIER_NOPROP_K,1,0,259,0,0,3,1,2,2,2,0,0,0,0,2,2,0,0,1,0,0,1,2,0,0,0,0,0,2,0,0,0,0,0,0,0,0,0,0,1,257,0,2,51,259,569,2090,0,61560,142506,206156,EXPLORATORY_COMPONENT_PROXY__NOT_DECISION_ELIGIBLE,AUTHORITATIVE_W_BIT_LOAD_ADD_MUL_OUTPUT_DATAPATH_NOT_REBUILT_AT_W16_W32; EXACT_OPERATION_COUNTS_AND_IDENTICAL_MAGNITUDES_RETAINED; PROPAGATION_COMBINER_AND_POLICY_MATCHED_CONTENT_CACHE_LOGIC_NOT_IN_NAND_TOTAL,1820,0,IMPLEMENTED_TRACE_PASS
PAH-BUILD005-DEMAND-VALUATION-0001,16,HOSTILE_GENERATION_WRAP,full-flush-before-tag-reuse,51813C84C594936402C49943EB75C905520E2B81010C20898F6BB434E1EECF56,COLD_MAG,MAGNITUDE_FINAL,true,false,true,BIN_PRIME_FRONTIER_PROP_K,1,0,259,0,0,3,1,2,2,2,0,0,0,0,2,2,0,0,1,0,0,1,2,0,0,0,0,0,2,0,0,0,0,0,0,0,0,0,0,1,257,0,2,51,259,569,2090,0,61560,142506,206156,EXPLORATORY_COMPONENT_PROXY__NOT_DECISION_ELIGIBLE,AUTHORITATIVE_W_BIT_LOAD_ADD_MUL_OUTPUT_DATAPATH_NOT_REBUILT_AT_W16_W32; EXACT_OPERATION_COUNTS_AND_IDENTICAL_MAGNITUDES_RETAINED; PROPAGATION_COMBINER_AND_POLICY_MATCHED_CONTENT_CACHE_LOGIC_NOT_IN_NAND_TOTAL,1820,0,IMPLEMENTED_TRACE_PASS
PAH-BUILD005-DEMAND-VALUATION-0001,16,HOSTILE_GENERATION_WRAP,full-flush-before-tag-reuse,51813C84C594936402C49943EB75C905520E2B81010C20898F6BB434E1EECF56,COLD_MAG,MAGNITUDE_FINAL,true,false,true,BIN_PRIME_FRONTIER_SPEC_B1_K,1,1,516,0,0,258,129,129,258,259,257,2,0,0,257,257,1,255,256,0,255,1,129,129,0,0,0,0,2,257,257,1,255,1,1,0,0,0,0,1,257,0,259,4386,515,5417,270655,0,5294160,422604,5987419,EXPLORATORY_COMPONENT_PROXY__NOT_DECISION_ELIGIBLE,AUTHORITATIVE_W_BIT_LOAD_ADD_MUL_OUTPUT_DATAPATH_NOT_REBUILT_AT_W16_W32; EXACT_OPERATION_COUNTS_AND_IDENTICAL_MAGNITUDES_RETAINED; PROPAGATION_COMBINER_AND_POLICY_MATCHED_CONTENT_CACHE_LOGIC_NOT_IN_NAND_TOTAL,2334,0,IMPLEMENTED_TRACE_PASS
PAH-BUILD005-DEMAND-VALUATION-0001,16,HOSTILE_GENERATION_WRAP,full-flush-before-tag-reuse,51813C84C594936402C49943EB75C905520E2B81010C20898F6BB434E1EECF56,COLD_MAG,MAGNITUDE_FINAL,true,false,true,BIN_PRIME_FRONTIER_SPEC_B4_K,1,4,1287,0,0,1031,130,901,1030,1030,1028,0,0,0,1030,1030,0,1028,256,0,1,1,901,129,0,0,0,0,2,1028,1028,1,1023,1,1,0,0,0,0,1,257,0,1030,17527,1287,20101,1076350,0,21156120,1265082,23497552,EXPLORATORY_COMPONENT_PROXY__NOT_DECISION_ELIGIBLE,AUTHORITATIVE_W_BIT_LOAD_ADD_MUL_OUTPUT_DATAPATH_NOT_REBUILT_AT_W16_W32; EXACT_OPERATION_COUNTS_AND_IDENTICAL_MAGNITUDES_RETAINED; PROPAGATION_COMBINER_AND_POLICY_MATCHED_CONTENT_CACHE_LOGIC_NOT_IN_NAND_TOTAL,3876,0,IMPLEMENTED_TRACE_PASS
PAH-BUILD005-DEMAND-VALUATION-0001,16,HOSTILE_GENERATION_WRAP,full-flush-before-tag-reuse,51813C84C594936402C49943EB75C905520E2B81010C20898F6BB434E1EECF56,COLD_MAG,MAGNITUDE_FINAL,true,false,true,BIN_CONTENT_ANSWER_LRU_K,2,0,259,0,0,3,1,2,2,2,0,0,0,0,2,2,0,0,0,0,0,1,2,0,0,0,0,0,2,0,0,0,0,0,0,0,0,0,0,1,257,0,2,51,2,312,2090,0,61560,4388,68038,EXPLORATORY_COMPONENT_PROXY__NOT_DECISION_ELIGIBLE,AUTHORITATIVE_W_BIT_LOAD_ADD_MUL_OUTPUT_DATAPATH_NOT_REBUILT_AT_W16_W32; EXACT_OPERATION_COUNTS_AND_IDENTICAL_MAGNITUDES_RETAINED; PROPAGATION_COMBINER_AND_POLICY_MATCHED_CONTENT_CACHE_LOGIC_NOT_IN_NAND_TOTAL,1820,0,IMPLEMENTED_TRACE_PASS
PAH-BUILD005-DEMAND-VALUATION-0001,16,HOSTILE_GENERATION_WRAP,full-flush-before-tag-reuse,51813C84C594936402C49943EB75C905520E2B81010C20898F6BB434E1EECF56,COLD_MAG,MAGNITUDE_FINAL,true,false,true,BIN_FRONTIER_NOPROP_K,2,0,259,0,0,3,1,2,2,2,0,0,0,0,2,2,0,0,1,0,0,1,2,0,0,0,0,0,2,0,0,0,0,0,0,0,0,0,0,1,257,0,2,51,259,569,2090,0,61560,286317,349967,EXPLORATORY_COMPONENT_PROXY__NOT_DECISION_ELIGIBLE,AUTHORITATIVE_W_BIT_LOAD_ADD_MUL_OUTPUT_DATAPATH_NOT_REBUILT_AT_W16_W32; EXACT_OPERATION_COUNTS_AND_IDENTICAL_MAGNITUDES_RETAINED; PROPAGATION_COMBINER_AND_POLICY_MATCHED_CONTENT_CACHE_LOGIC_NOT_IN_NAND_TOTAL,1820,0,IMPLEMENTED_TRACE_PASS
PAH-BUILD005-DEMAND-VALUATION-0001,16,HOSTILE_GENERATION_WRAP,full-flush-before-tag-reuse,51813C84C594936402C49943EB75C905520E2B81010C20898F6BB434E1EECF56,COLD_MAG,MAGNITUDE_FINAL,true,false,true,BIN_PRIME_FRONTIER_PROP_K,2,0,259,0,0,3,1,2,2,2,0,0,0,0,2,2,0,0,1,0,0,1,2,0,0,0,0,0,2,0,0,0,0,0,0,0,0,0,0,1,257,0,2,51,259,569,2090,0,61560,286317,349967,EXPLORATORY_COMPONENT_PROXY__NOT_DECISION_ELIGIBLE,AUTHORITATIVE_W_BIT_LOAD_ADD_MUL_OUTPUT_DATAPATH_NOT_REBUILT_AT_W16_W32; EXACT_OPERATION_COUNTS_AND_IDENTICAL_MAGNITUDES_RETAINED; PROPAGATION_COMBINER_AND_POLICY_MATCHED_CONTENT_CACHE_LOGIC_NOT_IN_NAND_TOTAL,1820,0,IMPLEMENTED_TRACE_PASS
PAH-BUILD005-DEMAND-VALUATION-0001,16,HOSTILE_GENERATION_WRAP,full-flush-before-tag-reuse,51813C84C594936402C49943EB75C905520E2B81010C20898F6BB434E1EECF56,COLD_MAG,MAGNITUDE_FINAL,true,false,true,BIN_PRIME_FRONTIER_SPEC_B1_K,2,1,516,0,0,258,129,129,258,259,511,2,0,0,257,257,1,253,256,0,509,1,129,129,0,0,0,0,2,257,257,1,255,1,1,0,0,0,0,1,257,0,259,4386,515,5417,270655,0,5294160,849078,6413893,EXPLORATORY_COMPONENT_PROXY__NOT_DECISION_ELIGIBLE,AUTHORITATIVE_W_BIT_LOAD_ADD_MUL_OUTPUT_DATAPATH_NOT_REBUILT_AT_W16_W32; EXACT_OPERATION_COUNTS_AND_IDENTICAL_MAGNITUDES_RETAINED; PROPAGATION_COMBINER_AND_POLICY_MATCHED_CONTENT_CACHE_LOGIC_NOT_IN_NAND_TOTAL,2334,0,IMPLEMENTED_TRACE_PASS
PAH-BUILD005-DEMAND-VALUATION-0001,16,HOSTILE_GENERATION_WRAP,full-flush-before-tag-reuse,51813C84C594936402C49943EB75C905520E2B81010C20898F6BB434E1EECF56,COLD_MAG,MAGNITUDE_FINAL,true,false,true,BIN_PRIME_FRONTIER_SPEC_B4_K,2,4,1287,0,0,1031,130,901,1030,1030,2054,0,0,0,1030,1030,0,1026,512,0,1,1,901,129,0,0,0,0,2,1028,1028,1,1023,1,1,0,0,0,0,1,257,0,1030,17527,1287,20101,1076350,0,21156120,2541749,24774219,EXPLORATORY_COMPONENT_PROXY__NOT_DECISION_ELIGIBLE,AUTHORITATIVE_W_BIT_LOAD_ADD_MUL_OUTPUT_DATAPATH_NOT_REBUILT_AT_W16_W32; EXACT_OPERATION_COUNTS_AND_IDENTICAL_MAGNITUDES_RETAINED; PROPAGATION_COMBINER_AND_POLICY_MATCHED_CONTENT_CACHE_LOGIC_NOT_IN_NAND_TOTAL,3876,0,IMPLEMENTED_TRACE_PASS
PAH-BUILD005-DEMAND-VALUATION-0001,16,HOSTILE_GENERATION_WRAP,full-flush-before-tag-reuse,51813C84C594936402C49943EB75C905520E2B81010C20898F6BB434E1EECF56,COLD_MAG,MAGNITUDE_FINAL,true,false,true,BIN_CONTENT_ANSWER_LRU_K,4,0,259,0,0,3,1,2,2,2,0,0,0,0,2,2,0,0,0,0,0,1,2,0,0,0,0,0,2,0,0,0,0,0,0,0,0,0,0,1,257,0,2,51,2,312,2090,0,61560,8880,72530,EXPLORATORY_COMPONENT_PROXY__NOT_DECISION_ELIGIBLE,AUTHORITATIVE_W_BIT_LOAD_ADD_MUL_OUTPUT_DATAPATH_NOT_REBUILT_AT_W16_W32; EXACT_OPERATION_COUNTS_AND_IDENTICAL_MAGNITUDES_RETAINED; PROPAGATION_COMBINER_AND_POLICY_MATCHED_CONTENT_CACHE_LOGIC_NOT_IN_NAND_TOTAL,1820,0,IMPLEMENTED_TRACE_PASS
PAH-BUILD005-DEMAND-VALUATION-0001,16,HOSTILE_GENERATION_WRAP,full-flush-before-tag-reuse,51813C84C594936402C49943EB75C905520E2B81010C20898F6BB434E1EECF56,COLD_MAG,MAGNITUDE_FINAL,true,false,true,BIN_FRONTIER_NOPROP_K,4,0,259,0,0,3,1,2,2,2,0,0,0,0,2,2,0,0,1,0,0,1,2,0,0,0,0,0,2,0,0,0,0,0,0,0,0,0,0,1,257,0,2,51,259,569,2090,0,61560,579420,643070,EXPLORATORY_COMPONENT_PROXY__NOT_DECISION_ELIGIBLE,AUTHORITATIVE_W_BIT_LOAD_ADD_MUL_OUTPUT_DATAPATH_NOT_REBUILT_AT_W16_W32; EXACT_OPERATION_COUNTS_AND_IDENTICAL_MAGNITUDES_RETAINED; PROPAGATION_COMBINER_AND_POLICY_MATCHED_CONTENT_CACHE_LOGIC_NOT_IN_NAND_TOTAL,1820,0,IMPLEMENTED_TRACE_PASS
PAH-BUILD005-DEMAND-VALUATION-0001,16,HOSTILE_GENERATION_WRAP,full-flush-before-tag-reuse,51813C84C594936402C49943EB75C905520E2B81010C20898F6BB434E1EECF56,COLD_MAG,MAGNITUDE_FINAL,true,false,true,BIN_PRIME_FRONTIER_PROP_K,4,0,259,0,0,3,1,2,2,2,0,0,0,0,2,2,0,0,1,0,0,1,2,0,0,0,0,0,2,0,0,0,0,0,0,0,0,0,0,1,257,0,2,51,259,569,2090,0,61560,579420,643070,EXPLORATORY_COMPONENT_PROXY__NOT_DECISION_ELIGIBLE,AUTHORITATIVE_W_BIT_LOAD_ADD_MUL_OUTPUT_DATAPATH_NOT_REBUILT_AT_W16_W32; EXACT_OPERATION_COUNTS_AND_IDENTICAL_MAGNITUDES_RETAINED; PROPAGATION_COMBINER_AND_POLICY_MATCHED_CONTENT_CACHE_LOGIC_NOT_IN_NAND_TOTAL,1820,0,IMPLEMENTED_TRACE_PASS
PAH-BUILD005-DEMAND-VALUATION-0001,16,HOSTILE_GENERATION_WRAP,full-flush-before-tag-reuse,51813C84C594936402C49943EB75C905520E2B81010C20898F6BB434E1EECF56,COLD_MAG,MAGNITUDE_FINAL,true,false,true,BIN_PRIME_FRONTIER_SPEC_B1_K,4,1,516,0,0,258,129,129,258,259,1014,2,0,0,257,257,1,251,256,0,1012,1,129,129,0,0,0,0,2,257,257,1,255,1,1,0,0,0,0,1,257,0,259,4386,515,5417,270655,0,5294160,1718280,7283095,EXPLORATORY_COMPONENT_PROXY__NOT_DECISION_ELIGIBLE,AUTHORITATIVE_W_BIT_LOAD_ADD_MUL_OUTPUT_DATAPATH_NOT_REBUILT_AT_W16_W32; EXACT_OPERATION_COUNTS_AND_IDENTICAL_MAGNITUDES_RETAINED; PROPAGATION_COMBINER_AND_POLICY_MATCHED_CONTENT_CACHE_LOGIC_NOT_IN_NAND_TOTAL,2334,0,IMPLEMENTED_TRACE_PASS
PAH-BUILD005-DEMAND-VALUATION-0001,16,HOSTILE_GENERATION_WRAP,full-flush-before-tag-reuse,51813C84C594936402C49943EB75C905520E2B81010C20898F6BB434E1EECF56,COLD_MAG,MAGNITUDE_FINAL,true,false,true,BIN_PRIME_FRONTIER_SPEC_B4_K,4,4,1287,0,0,1029,129,900,1029,1030,4100,2,0,0,1028,1028,1,1020,1024,0,1017,1,900,129,0,0,0,0,2,1028,1028,1,1023,1,1,0,0,0,0,1,257,0,1030,17493,1286,20066,1076350,0,21115080,5141520,27332950,EXPLORATORY_COMPONENT_PROXY__NOT_DECISION_ELIGIBLE,AUTHORITATIVE_W_BIT_LOAD_ADD_MUL_OUTPUT_DATAPATH_NOT_REBUILT_AT_W16_W32; EXACT_OPERATION_COUNTS_AND_IDENTICAL_MAGNITUDES_RETAINED; PROPAGATION_COMBINER_AND_POLICY_MATCHED_CONTENT_CACHE_LOGIC_NOT_IN_NAND_TOTAL,3876,0,IMPLEMENTED_TRACE_PASS
PAH-BUILD005-DEMAND-VALUATION-0001,32,STATIC_REUSE,unchanged-positive-and-negative-hits,C8A7916710B8EB38DC79C6EDF0C053B7A7496C77C5BB86E85EF5347EB2AA19CF,COLD_MAG,MAGNITUDE_FINAL,false,false,true,BIN_DIRECT_BEST,0,0,38,0,0,312,284,28,36,0,0,0,0,0,0,0,0,0,0,0,0,0,28,8,0,0,0,0,36,0,0,0,0,0,0,0,0,0,0,1,2,0,36,10296,0,10334,62964,0,22128288,0,22191252,EXPLORATORY_COMPONENT_PROXY__NOT_DECISION_ELIGIBLE,AUTHORITATIVE_W_BIT_LOAD_ADD_MUL_OUTPUT_DATAPATH_NOT_REBUILT_AT_W16_W32; EXACT_OPERATION_COUNTS_AND_IDENTICAL_MAGNITUDES_RETAINED; PROPAGATION_COMBINER_AND_POLICY_MATCHED_CONTENT_CACHE_LOGIC_NOT_IN_NAND_TOTAL,375,0,IMPLEMENTED_TRACE_PASS
PAH-BUILD005-DEMAND-VALUATION-0001,32,STATIC_REUSE,unchanged-positive-and-negative-hits,C8A7916710B8EB38DC79C6EDF0C053B7A7496C77C5BB86E85EF5347EB2AA19CF,COLD_MAG,MAGNITUDE_FINAL,false,false,true,BIN_CONTENT_ANSWER_LRU_K,1,0,38,0,0,20,18,2,3,36,34,33,7,0,3,2,0,1,0,0,0,0,2,1,0,0,0,0,36,0,0,0,0,0,0,0,0,0,0,1,2,0,36,660,2,700,62964,0,1418480,28500,1509944,EXPLORATORY_COMPONENT_PROXY__NOT_DECISION_ELIGIBLE,AUTHORITATIVE_W_BIT_LOAD_ADD_MUL_OUTPUT_DATAPATH_NOT_REBUILT_AT_W16_W32; EXACT_OPERATION_COUNTS_AND_IDENTICAL_MAGNITUDES_RETAINED; PROPAGATION_COMBINER_AND_POLICY_MATCHED_CONTENT_CACHE_LOGIC_NOT_IN_NAND_TOTAL,375,0,IMPLEMENTED_TRACE_PASS
PAH-BUILD005-DEMAND-VALUATION-0001,32,STATIC_REUSE,unchanged-positive-and-negative-hits,C8A7916710B8EB38DC79C6EDF0C053B7A7496C77C5BB86E85EF5347EB2AA19CF,COLD_MAG,MAGNITUDE_FINAL,false,false,true,BIN_FRONTIER_NOPROP_K,1,0,38,0,0,18,16,2,3,36,35,34,7,0,2,2,1,1,1,0,0,0,2,1,0,0,0,0,36,0,0,0,0,0,0,0,0,0,0,1,2,0,36,594,5,637,62964,0,1276632,30750,1370346,EXPLORATORY_COMPONENT_PROXY__NOT_DECISION_ELIGIBLE,AUTHORITATIVE_W_BIT_LOAD_ADD_MUL_OUTPUT_DATAPATH_NOT_REBUILT_AT_W16_W32; EXACT_OPERATION_COUNTS_AND_IDENTICAL_MAGNITUDES_RETAINED; PROPAGATION_COMBINER_AND_POLICY_MATCHED_CONTENT_CACHE_LOGIC_NOT_IN_NAND_TOTAL,375,0,IMPLEMENTED_TRACE_PASS
PAH-BUILD005-DEMAND-VALUATION-0001,32,STATIC_REUSE,unchanged-positive-and-negative-hits,C8A7916710B8EB38DC79C6EDF0C053B7A7496C77C5BB86E85EF5347EB2AA19CF,COLD_MAG,MAGNITUDE_FINAL,false,false,true,BIN_PRIME_FRONTIER_PROP_K,1,0,38,0,0,18,16,2,3,36,35,34,7,0,2,2,1,1,1,0,0,0,2,1,0,0,0,0,36,0,0,0,0,0,0,0,0,0,0,1,2,0,36,594,5,637,62964,0,1276632,30750,1370346,EXPLORATORY_COMPONENT_PROXY__NOT_DECISION_ELIGIBLE,AUTHORITATIVE_W_BIT_LOAD_ADD_MUL_OUTPUT_DATAPATH_NOT_REBUILT_AT_W16_W32; EXACT_OPERATION_COUNTS_AND_IDENTICAL_MAGNITUDES_RETAINED; PROPAGATION_COMBINER_AND_POLICY_MATCHED_CONTENT_CACHE_LOGIC_NOT_IN_NAND_TOTAL,375,0,IMPLEMENTED_TRACE_PASS
PAH-BUILD005-DEMAND-VALUATION-0001,32,STATIC_REUSE,unchanged-positive-and-negative-hits,C8A7916710B8EB38DC79C6EDF0C053B7A7496C77C5BB86E85EF5347EB2AA19CF,COLD_MAG,MAGNITUDE_FINAL,false,false,true,BIN_PRIME_FRONTIER_SPEC_B1_K,1,1,40,0,0,19,17,2,5,38,37,35,7,0,3,3,2,2,1,0,1,0,2,3,0,0,0,0,36,2,2,1,1,1,1,0,0,0,0,1,2,0,38,627,7,674,66462,0,1347556,33750,1447768,EXPLORATORY_COMPONENT_PROXY__NOT_DECISION_ELIGIBLE,AUTHORITATIVE_W_BIT_LOAD_ADD_MUL_OUTPUT_DATAPATH_NOT_REBUILT_AT_W16_W32; EXACT_OPERATION_COUNTS_AND_IDENTICAL_MAGNITUDES_RETAINED; PROPAGATION_COMBINER_AND_POLICY_MATCHED_CONTENT_CACHE_LOGIC_NOT_IN_NAND_TOTAL,379,0,IMPLEMENTED_TRACE_PASS
PAH-BUILD005-DEMAND-VALUATION-0001,32,STATIC_REUSE,unchanged-positive-and-negative-hits,C8A7916710B8EB38DC79C6EDF0C053B7A7496C77C5BB86E85EF5347EB2AA19CF,COLD_MAG,MAGNITUDE_FINAL,false,false,true,BIN_PRIME_FRONTIER_SPEC_B4_K,1,4,46,0,0,26,20,6,11,44,43,34,7,0,10,10,1,9,1,0,1,0,6,5,0,0,0,0,36,8,8,1,7,1,1,0,0,0,0,1,2,0,44,858,13,917,76956,0,1844024,42750,1963730,EXPLORATORY_COMPONENT_PROXY__NOT_DECISION_ELIGIBLE,AUTHORITATIVE_W_BIT_LOAD_ADD_MUL_OUTPUT_DATAPATH_NOT_REBUILT_AT_W16_W32; EXACT_OPERATION_COUNTS_AND_IDENTICAL_MAGNITUDES_RETAINED; PROPAGATION_COMBINER_AND_POLICY_MATCHED_CONTENT_CACHE_LOGIC_NOT_IN_NAND_TOTAL,391,0,IMPLEMENTED_TRACE_PASS
PAH-BUILD005-DEMAND-VALUATION-0001,32,STATIC_REUSE,unchanged-positive-and-negative-hits,C8A7916710B8EB38DC79C6EDF0C053B7A7496C77C5BB86E85EF5347EB2AA19CF,COLD_MAG,MAGNITUDE_FINAL,false,false,true,BIN_CONTENT_ANSWER_LRU_K,2,0,38,0,0,20,18,2,3,36,45,33,7,0,3,2,0,0,0,0,0,0,2,1,0,0,0,0,36,0,0,0,0,0,0,0,0,0,0,1,2,0,36,660,2,700,62964,0,1418480,57190,1538634,EXPLORATORY_COMPONENT_PROXY__NOT_DECISION_ELIGIBLE,AUTHORITATIVE_W_BIT_LOAD_ADD_MUL_OUTPUT_DATAPATH_NOT_REBUILT_AT_W16_W32; EXACT_OPERATION_COUNTS_AND_IDENTICAL_MAGNITUDES_RETAINED; PROPAGATION_COMBINER_AND_POLICY_MATCHED_CONTENT_CACHE_LOGIC_NOT_IN_NAND_TOTAL,375,0,IMPLEMENTED_TRACE_PASS
PAH-BUILD005-DEMAND-VALUATION-0001,32,STATIC_REUSE,unchanged-positive-and-negative-hits,C8A7916710B8EB38DC79C6EDF0C053B7A7496C77C5BB86E85EF5347EB2AA19CF,COLD_MAG,MAGNITUDE_FINAL,false,false,true,BIN_FRONTIER_NOPROP_K,2,0,38,0,0,18,16,2,3,36,46,34,7,0,2,2,1,0,1,0,0,0,2,1,0,0,0,0,36,0,0,0,0,0,0,0,0,0,0,1,2,0,36,594,5,637,62964,0,1276632,61705,1401301,EXPLORATORY_COMPONENT_PROXY__NOT_DECISION_ELIGIBLE,AUTHORITATIVE_W_BIT_LOAD_ADD_MUL_OUTPUT_DATAPATH_NOT_REBUILT_AT_W16_W32; EXACT_OPERATION_COUNTS_AND_IDENTICAL_MAGNITUDES_RETAINED; PROPAGATION_COMBINER_AND_POLICY_MATCHED_CONTENT_CACHE_LOGIC_NOT_IN_NAND_TOTAL,375,0,IMPLEMENTED_TRACE_PASS
PAH-BUILD005-DEMAND-VALUATION-0001,32,STATIC_REUSE,unchanged-positive-and-negative-hits,C8A7916710B8EB38DC79C6EDF0C053B7A7496C77C5BB86E85EF5347EB2AA19CF,COLD_MAG,MAGNITUDE_FINAL,false,false,true,BIN_PRIME_FRONTIER_PROP_K,2,0,38,0,0,18,16,2,3,36,46,34,7,0,2,2,1,0,1,0,0,0,2,1,0,0,0,0,36,0,0,0,0,0,0,0,0,0,0,1,2,0,36,594,5,637,62964,0,1276632,61705,1401301,EXPLORATORY_COMPONENT_PROXY__NOT_DECISION_ELIGIBLE,AUTHORITATIVE_W_BIT_LOAD_ADD_MUL_OUTPUT_DATAPATH_NOT_REBUILT_AT_W16_W32; EXACT_OPERATION_COUNTS_AND_IDENTICAL_MAGNITUDES_RETAINED; PROPAGATION_COMBINER_AND_POLICY_MATCHED_CONTENT_CACHE_LOGIC_NOT_IN_NAND_TOTAL,375,0,IMPLEMENTED_TRACE_PASS
PAH-BUILD005-DEMAND-VALUATION-0001,32,STATIC_REUSE,unchanged-positive-and-negative-hits,C8A7916710B8EB38DC79C6EDF0C053B7A7496C77C5BB86E85EF5347EB2AA19CF,COLD_MAG,MAGNITUDE_FINAL,false,false,true,BIN_PRIME_FRONTIER_SPEC_B1_K,2,1,40,0,0,19,17,2,5,38,49,35,7,0,3,3,2,1,1,0,1,0,2,3,0,0,0,0,36,2,2,1,1,1,1,0,0,0,0,1,2,0,38,627,7,674,66462,0,1347556,67725,1481743,EXPLORATORY_COMPONENT_PROXY__NOT_DECISION_ELIGIBLE,AUTHORITATIVE_W_BIT_LOAD_ADD_MUL_OUTPUT_DATAPATH_NOT_REBUILT_AT_W16_W32; EXACT_OPERATION_COUNTS_AND_IDENTICAL_MAGNITUDES_RETAINED; PROPAGATION_COMBINER_AND_POLICY_MATCHED_CONTENT_CACHE_LOGIC_NOT_IN_NAND_TOTAL,379,0,IMPLEMENTED_TRACE_PASS
PAH-BUILD005-DEMAND-VALUATION-0001,32,STATIC_REUSE,unchanged-positive-and-negative-hits,C8A7916710B8EB38DC79C6EDF0C053B7A7496C77C5BB86E85EF5347EB2AA19CF,COLD_MAG,MAGNITUDE_FINAL,false,false,true,BIN_PRIME_FRONTIER_SPEC_B4_K,2,4,46,0,0,26,20,6,11,44,85,34,7,0,10,10,1,8,2,0,1,0,6,5,0,0,0,0,36,8,8,1,7,1,1,0,0,0,0,1,2,0,44,858,13,917,76956,0,1844024,85785,2006765,EXPLORATORY_COMPONENT_PROXY__NOT_DECISION_ELIGIBLE,AUTHORITATIVE_W_BIT_LOAD_ADD_MUL_OUTPUT_DATAPATH_NOT_REBUILT_AT_W16_W32; EXACT_OPERATION_COUNTS_AND_IDENTICAL_MAGNITUDES_RETAINED; PROPAGATION_COMBINER_AND_POLICY_MATCHED_CONTENT_CACHE_LOGIC_NOT_IN_NAND_TOTAL,391,0,IMPLEMENTED_TRACE_PASS
PAH-BUILD005-DEMAND-VALUATION-0001,32,STATIC_REUSE,unchanged-positive-and-negative-hits,C8A7916710B8EB38DC79C6EDF0C053B7A7496C77C5BB86E85EF5347EB2AA19CF,COLD_MAG,MAGNITUDE_FINAL,false,false,true,BIN_CONTENT_ANSWER_LRU_K,4,0,38,0,0,20,18,2,3,36,45,33,7,0,3,2,0,0,0,0,0,0,2,1,0,0,0,0,36,0,0,0,0,0,0,0,0,0,0,1,2,0,36,660,2,700,62964,0,1418480,115368,1596812,EXPLORATORY_COMPONENT_PROXY__NOT_DECISION_ELIGIBLE,AUTHORITATIVE_W_BIT_LOAD_ADD_MUL_OUTPUT_DATAPATH_NOT_REBUILT_AT_W16_W32; EXACT_OPERATION_COUNTS_AND_IDENTICAL_MAGNITUDES_RETAINED; PROPAGATION_COMBINER_AND_POLICY_MATCHED_CONTENT_CACHE_LOGIC_NOT_IN_NAND_TOTAL,375,0,IMPLEMENTED_TRACE_PASS
PAH-BUILD005-DEMAND-VALUATION-0001,32,STATIC_REUSE,unchanged-positive-and-negative-hits,C8A7916710B8EB38DC79C6EDF0C053B7A7496C77C5BB86E85EF5347EB2AA19CF,COLD_MAG,MAGNITUDE_FINAL,false,false,true,BIN_FRONTIER_NOPROP_K,4,0,38,0,0,18,16,2,3,36,46,34,7,0,2,2,1,0,1,0,0,0,2,1,0,0,0,0,36,0,0,0,0,0,0,0,0,0,0,1,2,0,36,594,5,637,62964,0,1276632,124476,1464072,EXPLORATORY_COMPONENT_PROXY__NOT_DECISION_ELIGIBLE,AUTHORITATIVE_W_BIT_LOAD_ADD_MUL_OUTPUT_DATAPATH_NOT_REBUILT_AT_W16_W32; EXACT_OPERATION_COUNTS_AND_IDENTICAL_MAGNITUDES_RETAINED; PROPAGATION_COMBINER_AND_POLICY_MATCHED_CONTENT_CACHE_LOGIC_NOT_IN_NAND_TOTAL,375,0,IMPLEMENTED_TRACE_PASS
PAH-BUILD005-DEMAND-VALUATION-0001,32,STATIC_REUSE,unchanged-positive-and-negative-hits,C8A7916710B8EB38DC79C6EDF0C053B7A7496C77C5BB86E85EF5347EB2AA19CF,COLD_MAG,MAGNITUDE_FINAL,false,false,true,BIN_PRIME_FRONTIER_PROP_K,4,0,38,0,0,18,16,2,3,36,46,34,7,0,2,2,1,0,1,0,0,0,2,1,0,0,0,0,36,0,0,0,0,0,0,0,0,0,0,1,2,0,36,594,5,637,62964,0,1276632,124476,1464072,EXPLORATORY_COMPONENT_PROXY__NOT_DECISION_ELIGIBLE,AUTHORITATIVE_W_BIT_LOAD_ADD_MUL_OUTPUT_DATAPATH_NOT_REBUILT_AT_W16_W32; EXACT_OPERATION_COUNTS_AND_IDENTICAL_MAGNITUDES_RETAINED; PROPAGATION_COMBINER_AND_POLICY_MATCHED_CONTENT_CACHE_LOGIC_NOT_IN_NAND_TOTAL,375,0,IMPLEMENTED_TRACE_PASS
PAH-BUILD005-DEMAND-VALUATION-0001,32,STATIC_REUSE,unchanged-positive-and-negative-hits,C8A7916710B8EB38DC79C6EDF0C053B7A7496C77C5BB86E85EF5347EB2AA19CF,COLD_MAG,MAGNITUDE_FINAL,false,false,true,BIN_PRIME_FRONTIER_SPEC_B1_K,4,1,40,0,0,19,17,2,5,38,60,35,7,0,3,3,2,0,1,0,1,0,2,3,0,0,0,0,36,2,2,1,1,1,1,0,0,0,0,1,2,0,38,627,7,674,66462,0,1347556,136620,1550638,EXPLORATORY_COMPONENT_PROXY__NOT_DECISION_ELIGIBLE,AUTHORITATIVE_W_BIT_LOAD_ADD_MUL_OUTPUT_DATAPATH_NOT_REBUILT_AT_W16_W32; EXACT_OPERATION_COUNTS_AND_IDENTICAL_MAGNITUDES_RETAINED; PROPAGATION_COMBINER_AND_POLICY_MATCHED_CONTENT_CACHE_LOGIC_NOT_IN_NAND_TOTAL,379,0,IMPLEMENTED_TRACE_PASS
PAH-BUILD005-DEMAND-VALUATION-0001,32,STATIC_REUSE,unchanged-positive-and-negative-hits,C8A7916710B8EB38DC79C6EDF0C053B7A7496C77C5BB86E85EF5347EB2AA19CF,COLD_MAG,MAGNITUDE_FINAL,false,false,true,BIN_PRIME_FRONTIER_SPEC_B4_K,4,4,46,0,0,25,19,6,11,44,166,35,7,0,9,9,2,5,4,0,1,0,6,5,0,0,0,0,36,8,8,1,7,1,1,0,0,0,0,1,2,0,44,825,13,884,76956,0,1773100,173052,2023108,EXPLORATORY_COMPONENT_PROXY__NOT_DECISION_ELIGIBLE,AUTHORITATIVE_W_BIT_LOAD_ADD_MUL_OUTPUT_DATAPATH_NOT_REBUILT_AT_W16_W32; EXACT_OPERATION_COUNTS_AND_IDENTICAL_MAGNITUDES_RETAINED; PROPAGATION_COMBINER_AND_POLICY_MATCHED_CONTENT_CACHE_LOGIC_NOT_IN_NAND_TOTAL,391,0,IMPLEMENTED_TRACE_PASS
PAH-BUILD005-DEMAND-VALUATION-0001,32,THRESHOLD_STAIRCASE,ascending-descending-shuffled,4ABAC2DAFABD1CBE03E0AD76171F04B72D75B9B33534900EB0FA4946F57A2902,COLD_MAG,MAGNITUDE_FINAL,false,false,true,BIN_DIRECT_BEST,0,0,62,0,0,646,639,7,61,0,0,0,0,0,0,0,0,0,0,0,0,0,7,54,0,0,0,0,61,0,0,0,0,0,0,0,0,0,0,1,1,0,61,21318,0,21380,106689,0,45816904,0,45923593,EXPLORATORY_COMPONENT_PROXY__NOT_DECISION_ELIGIBLE,AUTHORITATIVE_W_BIT_LOAD_ADD_MUL_OUTPUT_DATAPATH_NOT_REBUILT_AT_W16_W32; EXACT_OPERATION_COUNTS_AND_IDENTICAL_MAGNITUDES_RETAINED; PROPAGATION_COMBINER_AND_POLICY_MATCHED_CONTENT_CACHE_LOGIC_NOT_IN_NAND_TOTAL,618,0,IMPLEMENTED_TRACE_PASS
PAH-BUILD005-DEMAND-VALUATION-0001,32,THRESHOLD_STAIRCASE,ascending-descending-shuffled,4ABAC2DAFABD1CBE03E0AD76171F04B72D75B9B33534900EB0FA4946F57A2902,COLD_MAG,MAGNITUDE_FINAL,false,false,true,BIN_CONTENT_ANSWER_LRU_K,1,0,62,0,0,190,189,1,19,61,42,42,36,5,19,1,0,0,0,0,0,0,1,18,0,0,0,0,61,0,0,0,0,0,0,0,0,0,0,1,1,0,61,6270,1,6333,106689,0,13475560,46500,13628749,EXPLORATORY_COMPONENT_PROXY__NOT_DECISION_ELIGIBLE,AUTHORITATIVE_W_BIT_LOAD_ADD_MUL_OUTPUT_DATAPATH_NOT_REBUILT_AT_W16_W32; EXACT_OPERATION_COUNTS_AND_IDENTICAL_MAGNITUDES_RETAINED; PROPAGATION_COMBINER_AND_POLICY_MATCHED_CONTENT_CACHE_LOGIC_NOT_IN_NAND_TOTAL,618,0,IMPLEMENTED_TRACE_PASS
PAH-BUILD005-DEMAND-VALUATION-0001,32,THRESHOLD_STAIRCASE,ascending-descending-shuffled,4ABAC2DAFABD1CBE03E0AD76171F04B72D75B9B33534900EB0FA4946F57A2902,COLD_MAG,MAGNITUDE_FINAL,false,false,true,BIN_FRONTIER_NOPROP_K,1,0,62,0,0,19,18,1,19,61,60,60,36,5,1,1,18,0,0,0,0,0,1,18,0,0,0,0,61,0,0,0,0,0,0,0,0,0,0,1,1,0,61,627,20,709,106689,0,1347556,60750,1514995,EXPLORATORY_COMPONENT_PROXY__NOT_DECISION_ELIGIBLE,AUTHORITATIVE_W_BIT_LOAD_ADD_MUL_OUTPUT_DATAPATH_NOT_REBUILT_AT_W16_W32; EXACT_OPERATION_COUNTS_AND_IDENTICAL_MAGNITUDES_RETAINED; PROPAGATION_COMBINER_AND_POLICY_MATCHED_CONTENT_CACHE_LOGIC_NOT_IN_NAND_TOTAL,618,0,IMPLEMENTED_TRACE_PASS
PAH-BUILD005-DEMAND-VALUATION-0001,32,THRESHOLD_STAIRCASE,ascending-descending-shuffled,4ABAC2DAFABD1CBE03E0AD76171F04B72D75B9B33534900EB0FA4946F57A2902,COLD_MAG,MAGNITUDE_FINAL,false,false,true,BIN_PRIME_FRONTIER_PROP_K,1,0,62,0,0,19,18,1,19,61,60,60,36,5,1,1,18,0,0,0,0,0,1,18,0,0,0,0,61,0,0,0,0,0,0,0,0,0,0,1,1,0,61,627,20,709,106689,0,1347556,60750,1514995,EXPLORATORY_COMPONENT_PROXY__NOT_DECISION_ELIGIBLE,AUTHORITATIVE_W_BIT_LOAD_ADD_MUL_OUTPUT_DATAPATH_NOT_REBUILT_AT_W16_W32; EXACT_OPERATION_COUNTS_AND_IDENTICAL_MAGNITUDES_RETAINED; PROPAGATION_COMBINER_AND_POLICY_MATCHED_CONTENT_CACHE_LOGIC_NOT_IN_NAND_TOTAL,618,0,IMPLEMENTED_TRACE_PASS
PAH-BUILD005-DEMAND-VALUATION-0001,32,THRESHOLD_STAIRCASE,ascending-descending-shuffled,4ABAC2DAFABD1CBE03E0AD76171F04B72D75B9B33534900EB0FA4946F57A2902,COLD_MAG,MAGNITUDE_FINAL,false,false,true,BIN_PRIME_FRONTIER_SPEC_B1_K,1,1,63,0,0,19,18,1,19,62,61,61,37,5,1,1,18,0,0,0,0,0,1,18,0,0,0,0,61,1,1,1,0,1,1,0,0,0,0,1,1,0,62,627,20,710,108438,0,1347556,61500,1517494,EXPLORATORY_COMPONENT_PROXY__NOT_DECISION_ELIGIBLE,AUTHORITATIVE_W_BIT_LOAD_ADD_MUL_OUTPUT_DATAPATH_NOT_REBUILT_AT_W16_W32; EXACT_OPERATION_COUNTS_AND_IDENTICAL_MAGNITUDES_RETAINED; PROPAGATION_COMBINER_AND_POLICY_MATCHED_CONTENT_CACHE_LOGIC_NOT_IN_NAND_TOTAL,620,0,IMPLEMENTED_TRACE_PASS
PAH-BUILD005-DEMAND-VALUATION-0001,32,THRESHOLD_STAIRCASE,ascending-descending-shuffled,4ABAC2DAFABD1CBE03E0AD76171F04B72D75B9B33534900EB0FA4946F57A2902,COLD_MAG,MAGNITUDE_FINAL,false,false,true,BIN_PRIME_FRONTIER_SPEC_B4_K,1,4,66,0,0,23,19,4,23,65,64,60,36,5,5,5,18,4,0,0,0,0,4,19,0,0,0,0,61,4,4,1,3,1,1,0,0,0,0,1,1,0,65,759,24,849,113685,0,1631252,66750,1811687,EXPLORATORY_COMPONENT_PROXY__NOT_DECISION_ELIGIBLE,AUTHORITATIVE_W_BIT_LOAD_ADD_MUL_OUTPUT_DATAPATH_NOT_REBUILT_AT_W16_W32; EXACT_OPERATION_COUNTS_AND_IDENTICAL_MAGNITUDES_RETAINED; PROPAGATION_COMBINER_AND_POLICY_MATCHED_CONTENT_CACHE_LOGIC_NOT_IN_NAND_TOTAL,626,0,IMPLEMENTED_TRACE_PASS
PAH-BUILD005-DEMAND-VALUATION-0001,32,THRESHOLD_STAIRCASE,ascending-descending-shuffled,4ABAC2DAFABD1CBE03E0AD76171F04B72D75B9B33534900EB0FA4946F57A2902,COLD_MAG,MAGNITUDE_FINAL,false,false,true,BIN_CONTENT_ANSWER_LRU_K,2,0,62,0,0,190,189,1,19,61,42,42,36,5,19,1,0,0,0,0,0,0,1,18,0,0,0,0,61,0,0,0,0,0,0,0,0,0,0,1,1,0,61,6270,1,6333,106689,0,13475560,93310,13675559,EXPLORATORY_COMPONENT_PROXY__NOT_DECISION_ELIGIBLE,AUTHORITATIVE_W_BIT_LOAD_ADD_MUL_OUTPUT_DATAPATH_NOT_REBUILT_AT_W16_W32; EXACT_OPERATION_COUNTS_AND_IDENTICAL_MAGNITUDES_RETAINED; PROPAGATION_COMBINER_AND_POLICY_MATCHED_CONTENT_CACHE_LOGIC_NOT_IN_NAND_TOTAL,618,0,IMPLEMENTED_TRACE_PASS
PAH-BUILD005-DEMAND-VALUATION-0001,32,THRESHOLD_STAIRCASE,ascending-descending-shuffled,4ABAC2DAFABD1CBE03E0AD76171F04B72D75B9B33534900EB0FA4946F57A2902,COLD_MAG,MAGNITUDE_FINAL,false,false,true,BIN_FRONTIER_NOPROP_K,2,0,62,0,0,19,18,1,19,61,60,60,36,5,1,1,18,0,0,0,0,0,1,18,0,0,0,0,61,0,0,0,0,0,0,0,0,0,0,1,1,0,61,627,20,709,106689,0,1347556,121905,1576150,EXPLORATORY_COMPONENT_PROXY__NOT_DECISION_ELIGIBLE,AUTHORITATIVE_W_BIT_LOAD_ADD_MUL_OUTPUT_DATAPATH_NOT_REBUILT_AT_W16_W32; EXACT_OPERATION_COUNTS_AND_IDENTICAL_MAGNITUDES_RETAINED; PROPAGATION_COMBINER_AND_POLICY_MATCHED_CONTENT_CACHE_LOGIC_NOT_IN_NAND_TOTAL,618,0,IMPLEMENTED_TRACE_PASS
PAH-BUILD005-DEMAND-VALUATION-0001,32,THRESHOLD_STAIRCASE,ascending-descending-shuffled,4ABAC2DAFABD1CBE03E0AD76171F04B72D75B9B33534900EB0FA4946F57A2902,COLD_MAG,MAGNITUDE_FINAL,false,false,true,BIN_PRIME_FRONTIER_PROP_K,2,0,62,0,0,19,18,1,19,61,60,60,36,5,1,1,18,0,0,0,0,0,1,18,0,0,0,0,61,0,0,0,0,0,0,0,0,0,0,1,1,0,61,627,20,709,106689,0,1347556,121905,1576150,EXPLORATORY_COMPONENT_PROXY__NOT_DECISION_ELIGIBLE,AUTHORITATIVE_W_BIT_LOAD_ADD_MUL_OUTPUT_DATAPATH_NOT_REBUILT_AT_W16_W32; EXACT_OPERATION_COUNTS_AND_IDENTICAL_MAGNITUDES_RETAINED; PROPAGATION_COMBINER_AND_POLICY_MATCHED_CONTENT_CACHE_LOGIC_NOT_IN_NAND_TOTAL,618,0,IMPLEMENTED_TRACE_PASS
PAH-BUILD005-DEMAND-VALUATION-0001,32,THRESHOLD_STAIRCASE,ascending-descending-shuffled,4ABAC2DAFABD1CBE03E0AD76171F04B72D75B9B33534900EB0FA4946F57A2902,COLD_MAG,MAGNITUDE_FINAL,false,false,true,BIN_PRIME_FRONTIER_SPEC_B1_K,2,1,63,0,0,19,18,1,19,62,61,61,37,5,1,1,18,0,0,0,0,0,1,18,0,0,0,0,61,1,1,1,0,1,1,0,0,0,0,1,1,0,62,627,20,710,108438,0,1347556,123410,1579404,EXPLORATORY_COMPONENT_PROXY__NOT_DECISION_ELIGIBLE,AUTHORITATIVE_W_BIT_LOAD_ADD_MUL_OUTPUT_DATAPATH_NOT_REBUILT_AT_W16_W32; EXACT_OPERATION_COUNTS_AND_IDENTICAL_MAGNITUDES_RETAINED; PROPAGATION_COMBINER_AND_POLICY_MATCHED_CONTENT_CACHE_LOGIC_NOT_IN_NAND_TOTAL,620,0,IMPLEMENTED_TRACE_PASS
PAH-BUILD005-DEMAND-VALUATION-0001,32,THRESHOLD_STAIRCASE,ascending-descending-shuffled,4ABAC2DAFABD1CBE03E0AD76171F04B72D75B9B33534900EB0FA4946F57A2902,COLD_MAG,MAGNITUDE_FINAL,false,false,true,BIN_PRIME_FRONTIER_SPEC_B4_K,2,4,66,0,0,23,19,4,23,65,127,60,36,5,5,5,18,3,0,0,0,0,4,19,0,0,0,0,61,4,4,1,3,1,1,0,0,0,0,1,1,0,65,759,24,849,113685,0,1631252,133945,1878882,EXPLORATORY_COMPONENT_PROXY__NOT_DECISION_ELIGIBLE,AUTHORITATIVE_W_BIT_LOAD_ADD_MUL_OUTPUT_DATAPATH_NOT_REBUILT_AT_W16_W32; EXACT_OPERATION_COUNTS_AND_IDENTICAL_MAGNITUDES_RETAINED; PROPAGATION_COMBINER_AND_POLICY_MATCHED_CONTENT_CACHE_LOGIC_NOT_IN_NAND_TOTAL,626,0,IMPLEMENTED_TRACE_PASS
PAH-BUILD005-DEMAND-VALUATION-0001,32,THRESHOLD_STAIRCASE,ascending-descending-shuffled,4ABAC2DAFABD1CBE03E0AD76171F04B72D75B9B33534900EB0FA4946F57A2902,COLD_MAG,MAGNITUDE_FINAL,false,false,true,BIN_CONTENT_ANSWER_LRU_K,4,0,62,0,0,190,189,1,19,61,42,42,36,5,19,1,0,0,0,0,0,0,1,18,0,0,0,0,61,0,0,0,0,0,0,0,0,0,0,1,1,0,61,6270,1,6333,106689,0,13475560,188232,13770481,EXPLORATORY_COMPONENT_PROXY__NOT_DECISION_ELIGIBLE,AUTHORITATIVE_W_BIT_LOAD_ADD_MUL_OUTPUT_DATAPATH_NOT_REBUILT_AT_W16_W32; EXACT_OPERATION_COUNTS_AND_IDENTICAL_MAGNITUDES_RETAINED; PROPAGATION_COMBINER_AND_POLICY_MATCHED_CONTENT_CACHE_LOGIC_NOT_IN_NAND_TOTAL,618,0,IMPLEMENTED_TRACE_PASS
PAH-BUILD005-DEMAND-VALUATION-0001,32,THRESHOLD_STAIRCASE,ascending-descending-shuffled,4ABAC2DAFABD1CBE03E0AD76171F04B72D75B9B33534900EB0FA4946F57A2902,COLD_MAG,MAGNITUDE_FINAL,false,false,true,BIN_FRONTIER_NOPROP_K,4,0,62,0,0,19,18,1,19,61,60,60,36,5,1,1,18,0,0,0,0,0,1,18,0,0,0,0,61,0,0,0,0,0,0,0,0,0,0,1,1,0,61,627,20,709,106689,0,1347556,245916,1700161,EXPLORATORY_COMPONENT_PROXY__NOT_DECISION_ELIGIBLE,AUTHORITATIVE_W_BIT_LOAD_ADD_MUL_OUTPUT_DATAPATH_NOT_REBUILT_AT_W16_W32; EXACT_OPERATION_COUNTS_AND_IDENTICAL_MAGNITUDES_RETAINED; PROPAGATION_COMBINER_AND_POLICY_MATCHED_CONTENT_CACHE_LOGIC_NOT_IN_NAND_TOTAL,618,0,IMPLEMENTED_TRACE_PASS
PAH-BUILD005-DEMAND-VALUATION-0001,32,THRESHOLD_STAIRCASE,ascending-descending-shuffled,4ABAC2DAFABD1CBE03E0AD76171F04B72D75B9B33534900EB0FA4946F57A2902,COLD_MAG,MAGNITUDE_FINAL,false,false,true,BIN_PRIME_FRONTIER_PROP_K,4,0,62,0,0,19,18,1,19,61,60,60,36,5,1,1,18,0,0,0,0,0,1,18,0,0,0,0,61,0,0,0,0,0,0,0,0,0,0,1,1,0,61,627,20,709,106689,0,1347556,245916,1700161,EXPLORATORY_COMPONENT_PROXY__NOT_DECISION_ELIGIBLE,AUTHORITATIVE_W_BIT_LOAD_ADD_MUL_OUTPUT_DATAPATH_NOT_REBUILT_AT_W16_W32; EXACT_OPERATION_COUNTS_AND_IDENTICAL_MAGNITUDES_RETAINED; PROPAGATION_COMBINER_AND_POLICY_MATCHED_CONTENT_CACHE_LOGIC_NOT_IN_NAND_TOTAL,618,0,IMPLEMENTED_TRACE_PASS
PAH-BUILD005-DEMAND-VALUATION-0001,32,THRESHOLD_STAIRCASE,ascending-descending-shuffled,4ABAC2DAFABD1CBE03E0AD76171F04B72D75B9B33534900EB0FA4946F57A2902,COLD_MAG,MAGNITUDE_FINAL,false,false,true,BIN_PRIME_FRONTIER_SPEC_B1_K,4,1,63,0,0,19,18,1,19,62,61,61,37,5,1,1,18,0,0,0,0,0,1,18,0,0,0,0,61,1,1,1,0,1,1,0,0,0,0,1,1,0,62,627,20,710,108438,0,1347556,248952,1704946,EXPLORATORY_COMPONENT_PROXY__NOT_DECISION_ELIGIBLE,AUTHORITATIVE_W_BIT_LOAD_ADD_MUL_OUTPUT_DATAPATH_NOT_REBUILT_AT_W16_W32; EXACT_OPERATION_COUNTS_AND_IDENTICAL_MAGNITUDES_RETAINED; PROPAGATION_COMBINER_AND_POLICY_MATCHED_CONTENT_CACHE_LOGIC_NOT_IN_NAND_TOTAL,620,0,IMPLEMENTED_TRACE_PASS
PAH-BUILD005-DEMAND-VALUATION-0001,32,THRESHOLD_STAIRCASE,ascending-descending-shuffled,4ABAC2DAFABD1CBE03E0AD76171F04B72D75B9B33534900EB0FA4946F57A2902,COLD_MAG,MAGNITUDE_FINAL,false,false,true,BIN_PRIME_FRONTIER_SPEC_B4_K,4,4,66,0,0,22,18,4,22,65,250,61,37,5,4,4,18,0,0,0,0,0,4,18,0,0,0,0,61,4,4,1,3,1,1,0,0,0,0,1,1,0,65,726,23,815,113685,0,1560328,267168,1941181,EXPLORATORY_COMPONENT_PROXY__NOT_DECISION_ELIGIBLE,AUTHORITATIVE_W_BIT_LOAD_ADD_MUL_OUTPUT_DATAPATH_NOT_REBUILT_AT_W16_W32; EXACT_OPERATION_COUNTS_AND_IDENTICAL_MAGNITUDES_RETAINED; PROPAGATION_COMBINER_AND_POLICY_MATCHED_CONTENT_CACHE_LOGIC_NOT_IN_NAND_TOTAL,626,0,IMPLEMENTED_TRACE_PASS
PAH-BUILD005-DEMAND-VALUATION-0001,32,RATIONAL_CANCEL,selected-primes-plus-full-gcd,3E12C1761A1A3882C10616F31D4AC08AC36081D1CEAF973148FACE3ABC2AD3AC,COLD_MAG,MAGNITUDE_FINAL,false,false,true,BIN_DIRECT_BEST,0,0,18,4,12,28,24,16,16,0,0,0,0,0,0,0,0,0,0,0,0,0,16,0,0,0,0,0,16,0,0,0,0,0,0,1,4,0,0,2,2,0,16,924,0,942,27984,11904,1985872,0,2025760,EXPLORATORY_COMPONENT_PROXY__NOT_DECISION_ELIGIBLE,AUTHORITATIVE_W_BIT_LOAD_ADD_MUL_OUTPUT_DATAPATH_NOT_REBUILT_AT_W16_W32; EXACT_OPERATION_COUNTS_AND_IDENTICAL_MAGNITUDES_RETAINED; PROPAGATION_COMBINER_AND_POLICY_MATCHED_CONTENT_CACHE_LOGIC_NOT_IN_NAND_TOTAL,201,0,IMPLEMENTED_TRACE_PASS
PAH-BUILD005-DEMAND-VALUATION-0001,32,RATIONAL_CANCEL,selected-primes-plus-full-gcd,3E12C1761A1A3882C10616F31D4AC08AC36081D1CEAF973148FACE3ABC2AD3AC,COLD_MAG,MAGNITUDE_FINAL,false,false,true,BIN_CONTENT_ANSWER_LRU_K,1,0,18,4,12,28,24,16,16,16,15,0,0,0,16,16,0,15,0,0,0,0,16,0,0,0,0,0,16,0,0,0,0,0,0,1,4,0,0,2,2,0,16,924,16,958,27984,11904,1985872,24000,2049760,EXPLORATORY_COMPONENT_PROXY__NOT_DECISION_ELIGIBLE,AUTHORITATIVE_W_BIT_LOAD_ADD_MUL_OUTPUT_DATAPATH_NOT_REBUILT_AT_W16_W32; EXACT_OPERATION_COUNTS_AND_IDENTICAL_MAGNITUDES_RETAINED; PROPAGATION_COMBINER_AND_POLICY_MATCHED_CONTENT_CACHE_LOGIC_NOT_IN_NAND_TOTAL,201,0,IMPLEMENTED_TRACE_PASS
PAH-BUILD005-DEMAND-VALUATION-0001,32,RATIONAL_CANCEL,selected-primes-plus-full-gcd,3E12C1761A1A3882C10616F31D4AC08AC36081D1CEAF973148FACE3ABC2AD3AC,COLD_MAG,MAGNITUDE_FINAL,false,false,true,BIN_FRONTIER_NOPROP_K,1,0,18,4,12,28,24,16,16,16,15,0,0,0,16,16,0,15,0,0,0,0,16,0,0,0,0,0,16,0,0,0,0,0,0,1,4,0,0,2,2,0,16,924,18,960,27984,11904,1985872,25500,2051260,EXPLORATORY_COMPONENT_PROXY__NOT_DECISION_ELIGIBLE,AUTHORITATIVE_W_BIT_LOAD_ADD_MUL_OUTPUT_DATAPATH_NOT_REBUILT_AT_W16_W32; EXACT_OPERATION_COUNTS_AND_IDENTICAL_MAGNITUDES_RETAINED; PROPAGATION_COMBINER_AND_POLICY_MATCHED_CONTENT_CACHE_LOGIC_NOT_IN_NAND_TOTAL,201,0,IMPLEMENTED_TRACE_PASS
PAH-BUILD005-DEMAND-VALUATION-0001,32,RATIONAL_CANCEL,selected-primes-plus-full-gcd,3E12C1761A1A3882C10616F31D4AC08AC36081D1CEAF973148FACE3ABC2AD3AC,COLD_MAG,MAGNITUDE_FINAL,false,false,true,BIN_PRIME_FRONTIER_PROP_K,1,0,18,4,12,28,24,16,16,16,15,0,0,0,16,16,0,15,0,0,0,0,16,0,0,0,0,0,16,0,0,0,0,0,0,1,4,0,0,2,2,0,16,924,18,960,27984,11904,1985872,25500,2051260,EXPLORATORY_COMPONENT_PROXY__NOT_DECISION_ELIGIBLE,AUTHORITATIVE_W_BIT_LOAD_ADD_MUL_OUTPUT_DATAPATH_NOT_REBUILT_AT_W16_W32; EXACT_OPERATION_COUNTS_AND_IDENTICAL_MAGNITUDES_RETAINED; PROPAGATION_COMBINER_AND_POLICY_MATCHED_CONTENT_CACHE_LOGIC_NOT_IN_NAND_TOTAL,201,0,IMPLEMENTED_TRACE_PASS
PAH-BUILD005-DEMAND-VALUATION-0001,32,RATIONAL_CANCEL,selected-primes-plus-full-gcd,3E12C1761A1A3882C10616F31D4AC08AC36081D1CEAF973148FACE3ABC2AD3AC,COLD_MAG,MAGNITUDE_FINAL,false,false,true,BIN_PRIME_FRONTIER_SPEC_B1_K,1,1,20,4,12,30,26,16,18,18,17,0,0,0,18,18,0,17,0,0,0,0,16,2,0,0,0,0,16,2,2,2,0,12,6,1,4,0,0,2,2,0,18,990,20,1030,31482,11904,2127720,28500,2199606,EXPLORATORY_COMPONENT_PROXY__NOT_DECISION_ELIGIBLE,AUTHORITATIVE_W_BIT_LOAD_ADD_MUL_OUTPUT_DATAPATH_NOT_REBUILT_AT_W16_W32; EXACT_OPERATION_COUNTS_AND_IDENTICAL_MAGNITUDES_RETAINED; PROPAGATION_COMBINER_AND_POLICY_MATCHED_CONTENT_CACHE_LOGIC_NOT_IN_NAND_TOTAL,205,0,IMPLEMENTED_TRACE_PASS
PAH-BUILD005-DEMAND-VALUATION-0001,32,RATIONAL_CANCEL,selected-primes-plus-full-gcd,3E12C1761A1A3882C10616F31D4AC08AC36081D1CEAF973148FACE3ABC2AD3AC,COLD_MAG,MAGNITUDE_FINAL,false,false,true,BIN_PRIME_FRONTIER_SPEC_B4_K,1,4,26,4,12,36,32,16,24,24,23,0,0,0,24,24,0,23,0,0,0,0,16,8,0,0,0,0,16,8,8,6,2,60,14,1,4,0,0,2,2,0,24,1188,26,1240,41976,11904,2553264,37500,2644644,EXPLORATORY_COMPONENT_PROXY__NOT_DECISION_ELIGIBLE,AUTHORITATIVE_W_BIT_LOAD_ADD_MUL_OUTPUT_DATAPATH_NOT_REBUILT_AT_W16_W32; EXACT_OPERATION_COUNTS_AND_IDENTICAL_MAGNITUDES_RETAINED; PROPAGATION_COMBINER_AND_POLICY_MATCHED_CONTENT_CACHE_LOGIC_NOT_IN_NAND_TOTAL,217,0,IMPLEMENTED_TRACE_PASS
PAH-BUILD005-DEMAND-VALUATION-0001,32,RATIONAL_CANCEL,selected-primes-plus-full-gcd,3E12C1761A1A3882C10616F31D4AC08AC36081D1CEAF973148FACE3ABC2AD3AC,COLD_MAG,MAGNITUDE_FINAL,false,false,true,BIN_CONTENT_ANSWER_LRU_K,2,0,18,2,6,14,12,8,8,16,29,8,0,0,8,8,0,6,0,0,0,0,8,0,0,0,0,0,16,0,0,0,0,0,0,1,4,0,0,2,2,0,16,462,8,488,27984,5952,992936,36120,1062992,EXPLORATORY_COMPONENT_PROXY__NOT_DECISION_ELIGIBLE,AUTHORITATIVE_W_BIT_LOAD_ADD_MUL_OUTPUT_DATAPATH_NOT_REBUILT_AT_W16_W32; EXACT_OPERATION_COUNTS_AND_IDENTICAL_MAGNITUDES_RETAINED; PROPAGATION_COMBINER_AND_POLICY_MATCHED_CONTENT_CACHE_LOGIC_NOT_IN_NAND_TOTAL,201,0,IMPLEMENTED_TRACE_PASS
PAH-BUILD005-DEMAND-VALUATION-0001,32,RATIONAL_CANCEL,selected-primes-plus-full-gcd,3E12C1761A1A3882C10616F31D4AC08AC36081D1CEAF973148FACE3ABC2AD3AC,COLD_MAG,MAGNITUDE_FINAL,false,false,true,BIN_FRONTIER_NOPROP_K,2,0,18,2,6,14,12,8,8,16,29,8,0,0,8,8,0,6,0,0,0,0,8,0,0,0,0,0,16,0,0,0,0,0,0,1,4,0,0,2,2,0,16,462,10,490,27984,5952,992936,39130,1066002,EXPLORATORY_COMPONENT_PROXY__NOT_DECISION_ELIGIBLE,AUTHORITATIVE_W_BIT_LOAD_ADD_MUL_OUTPUT_DATAPATH_NOT_REBUILT_AT_W16_W32; EXACT_OPERATION_COUNTS_AND_IDENTICAL_MAGNITUDES_RETAINED; PROPAGATION_COMBINER_AND_POLICY_MATCHED_CONTENT_CACHE_LOGIC_NOT_IN_NAND_TOTAL,201,0,IMPLEMENTED_TRACE_PASS
PAH-BUILD005-DEMAND-VALUATION-0001,32,RATIONAL_CANCEL,selected-primes-plus-full-gcd,3E12C1761A1A3882C10616F31D4AC08AC36081D1CEAF973148FACE3ABC2AD3AC,COLD_MAG,MAGNITUDE_FINAL,false,false,true,BIN_PRIME_FRONTIER_PROP_K,2,0,18,2,6,14,12,8,8,16,29,8,0,0,8,8,0,6,0,0,0,0,8,0,0,0,0,0,16,0,0,0,0,0,0,1,4,0,0,2,2,0,16,462,10,490,27984,5952,992936,39130,1066002,EXPLORATORY_COMPONENT_PROXY__NOT_DECISION_ELIGIBLE,AUTHORITATIVE_W_BIT_LOAD_ADD_MUL_OUTPUT_DATAPATH_NOT_REBUILT_AT_W16_W32; EXACT_OPERATION_COUNTS_AND_IDENTICAL_MAGNITUDES_RETAINED; PROPAGATION_COMBINER_AND_POLICY_MATCHED_CONTENT_CACHE_LOGIC_NOT_IN_NAND_TOTAL,201,0,IMPLEMENTED_TRACE_PASS
PAH-BUILD005-DEMAND-VALUATION-0001,32,RATIONAL_CANCEL,selected-primes-plus-full-gcd,3E12C1761A1A3882C10616F31D4AC08AC36081D1CEAF973148FACE3ABC2AD3AC,COLD_MAG,MAGNITUDE_FINAL,false,false,true,BIN_PRIME_FRONTIER_SPEC_B1_K,2,1,20,2,6,16,14,8,10,18,33,8,0,0,10,10,0,8,0,0,0,0,8,2,0,0,0,0,16,2,2,2,0,12,6,1,4,0,0,2,2,0,18,528,12,560,31482,5952,1134784,45150,1217368,EXPLORATORY_COMPONENT_PROXY__NOT_DECISION_ELIGIBLE,AUTHORITATIVE_W_BIT_LOAD_ADD_MUL_OUTPUT_DATAPATH_NOT_REBUILT_AT_W16_W32; EXACT_OPERATION_COUNTS_AND_IDENTICAL_MAGNITUDES_RETAINED; PROPAGATION_COMBINER_AND_POLICY_MATCHED_CONTENT_CACHE_LOGIC_NOT_IN_NAND_TOTAL,205,0,IMPLEMENTED_TRACE_PASS
PAH-BUILD005-DEMAND-VALUATION-0001,32,RATIONAL_CANCEL,selected-primes-plus-full-gcd,3E12C1761A1A3882C10616F31D4AC08AC36081D1CEAF973148FACE3ABC2AD3AC,COLD_MAG,MAGNITUDE_FINAL,false,false,true,BIN_PRIME_FRONTIER_SPEC_B4_K,2,4,26,2,6,22,20,8,16,24,45,8,0,0,16,16,0,14,0,0,0,0,8,8,0,0,0,0,16,8,8,6,2,60,14,1,4,0,0,2,2,0,24,726,18,770,41976,5952,1560328,63210,1671466,EXPLORATORY_COMPONENT_PROXY__NOT_DECISION_ELIGIBLE,AUTHORITATIVE_W_BIT_LOAD_ADD_MUL_OUTPUT_DATAPATH_NOT_REBUILT_AT_W16_W32; EXACT_OPERATION_COUNTS_AND_IDENTICAL_MAGNITUDES_RETAINED; PROPAGATION_COMBINER_AND_POLICY_MATCHED_CONTENT_CACHE_LOGIC_NOT_IN_NAND_TOTAL,217,0,IMPLEMENTED_TRACE_PASS
PAH-BUILD005-DEMAND-VALUATION-0001,32,RATIONAL_CANCEL,selected-primes-plus-full-gcd,3E12C1761A1A3882C10616F31D4AC08AC36081D1CEAF973148FACE3ABC2AD3AC,COLD_MAG,MAGNITUDE_FINAL,false,false,true,BIN_CONTENT_ANSWER_LRU_K,4,0,18,2,6,14,12,8,8,16,50,8,0,0,8,8,0,4,0,0,0,0,8,0,0,0,0,0,16,0,0,0,0,0,0,1,4,0,0,2,2,0,16,462,8,488,27984,5952,992936,72864,1099736,EXPLORATORY_COMPONENT_PROXY__NOT_DECISION_ELIGIBLE,AUTHORITATIVE_W_BIT_LOAD_ADD_MUL_OUTPUT_DATAPATH_NOT_REBUILT_AT_W16_W32; EXACT_OPERATION_COUNTS_AND_IDENTICAL_MAGNITUDES_RETAINED; PROPAGATION_COMBINER_AND_POLICY_MATCHED_CONTENT_CACHE_LOGIC_NOT_IN_NAND_TOTAL,201,0,IMPLEMENTED_TRACE_PASS
PAH-BUILD005-DEMAND-VALUATION-0001,32,RATIONAL_CANCEL,selected-primes-plus-full-gcd,3E12C1761A1A3882C10616F31D4AC08AC36081D1CEAF973148FACE3ABC2AD3AC,COLD_MAG,MAGNITUDE_FINAL,false,false,true,BIN_FRONTIER_NOPROP_K,4,0,18,2,6,14,12,8,8,16,50,8,0,0,8,8,0,4,0,0,0,0,8,0,0,0,0,0,16,0,0,0,0,0,0,1,4,0,0,2,2,0,16,462,10,490,27984,5952,992936,78936,1105808,EXPLORATORY_COMPONENT_PROXY__NOT_DECISION_ELIGIBLE,AUTHORITATIVE_W_BIT_LOAD_ADD_MUL_OUTPUT_DATAPATH_NOT_REBUILT_AT_W16_W32; EXACT_OPERATION_COUNTS_AND_IDENTICAL_MAGNITUDES_RETAINED; PROPAGATION_COMBINER_AND_POLICY_MATCHED_CONTENT_CACHE_LOGIC_NOT_IN_NAND_TOTAL,201,0,IMPLEMENTED_TRACE_PASS
PAH-BUILD005-DEMAND-VALUATION-0001,32,RATIONAL_CANCEL,selected-primes-plus-full-gcd,3E12C1761A1A3882C10616F31D4AC08AC36081D1CEAF973148FACE3ABC2AD3AC,COLD_MAG,MAGNITUDE_FINAL,false,false,true,BIN_PRIME_FRONTIER_PROP_K,4,0,18,2,6,14,12,8,8,16,50,8,0,0,8,8,0,4,0,0,0,0,8,0,0,0,0,0,16,0,0,0,0,0,0,1,4,0,0,2,2,0,16,462,10,490,27984,5952,992936,78936,1105808,EXPLORATORY_COMPONENT_PROXY__NOT_DECISION_ELIGIBLE,AUTHORITATIVE_W_BIT_LOAD_ADD_MUL_OUTPUT_DATAPATH_NOT_REBUILT_AT_W16_W32; EXACT_OPERATION_COUNTS_AND_IDENTICAL_MAGNITUDES_RETAINED; PROPAGATION_COMBINER_AND_POLICY_MATCHED_CONTENT_CACHE_LOGIC_NOT_IN_NAND_TOTAL,201,0,IMPLEMENTED_TRACE_PASS
PAH-BUILD005-DEMAND-VALUATION-0001,32,RATIONAL_CANCEL,selected-primes-plus-full-gcd,3E12C1761A1A3882C10616F31D4AC08AC36081D1CEAF973148FACE3ABC2AD3AC,COLD_MAG,MAGNITUDE_FINAL,false,false,true,BIN_PRIME_FRONTIER_SPEC_B1_K,4,1,20,2,6,14,12,8,10,18,62,10,0,0,8,8,2,4,0,0,0,0,8,2,0,0,0,0,16,2,2,2,0,12,6,1,4,0,0,2,2,0,18,462,12,494,31482,5952,992936,91080,1121450,EXPLORATORY_COMPONENT_PROXY__NOT_DECISION_ELIGIBLE,AUTHORITATIVE_W_BIT_LOAD_ADD_MUL_OUTPUT_DATAPATH_NOT_REBUILT_AT_W16_W32; EXACT_OPERATION_COUNTS_AND_IDENTICAL_MAGNITUDES_RETAINED; PROPAGATION_COMBINER_AND_POLICY_MATCHED_CONTENT_CACHE_LOGIC_NOT_IN_NAND_TOTAL,205,0,IMPLEMENTED_TRACE_PASS
PAH-BUILD005-DEMAND-VALUATION-0001,32,RATIONAL_CANCEL,selected-primes-plus-full-gcd,3E12C1761A1A3882C10616F31D4AC08AC36081D1CEAF973148FACE3ABC2AD3AC,COLD_MAG,MAGNITUDE_FINAL,false,false,true,BIN_PRIME_FRONTIER_SPEC_B4_K,4,4,26,2,6,22,20,8,16,24,86,8,0,0,16,16,0,12,0,0,0,0,8,8,0,0,0,0,16,8,8,6,2,60,14,1,4,0,0,2,2,0,24,726,18,770,41976,5952,1560328,127512,1735768,EXPLORATORY_COMPONENT_PROXY__NOT_DECISION_ELIGIBLE,AUTHORITATIVE_W_BIT_LOAD_ADD_MUL_OUTPUT_DATAPATH_NOT_REBUILT_AT_W16_W32; EXACT_OPERATION_COUNTS_AND_IDENTICAL_MAGNITUDES_RETAINED; PROPAGATION_COMBINER_AND_POLICY_MATCHED_CONTENT_CACHE_LOGIC_NOT_IN_NAND_TOTAL,217,0,IMPLEMENTED_TRACE_PASS
PAH-BUILD005-DEMAND-VALUATION-0001,32,DIVISIBILITY_FILTER_PERSISTENT,four-slot-reuse,09C9FE7FA5F02C551BAF59C567AEA378697EB7AD3DDDF256914C423BA91862E8,COLD_MAG,MAGNITUDE_FINAL,false,false,true,BIN_DIRECT_BEST,0,0,260,27,43,299,164,178,256,0,0,0,0,0,0,0,0,0,0,0,0,0,178,78,0,0,0,0,256,0,0,0,0,0,0,0,0,0,0,4,4,0,256,9867,0,10127,447744,80352,21206276,0,21734372,EXPLORATORY_COMPONENT_PROXY__NOT_DECISION_ELIGIBLE,AUTHORITATIVE_W_BIT_LOAD_ADD_MUL_OUTPUT_DATAPATH_NOT_REBUILT_AT_W16_W32; EXACT_OPERATION_COUNTS_AND_IDENTICAL_MAGNITUDES_RETAINED; PROPAGATION_COMBINER_AND_POLICY_MATCHED_CONTENT_CACHE_LOGIC_NOT_IN_NAND_TOTAL,3366,0,IMPLEMENTED_TRACE_PASS
PAH-BUILD005-DEMAND-VALUATION-0001,32,DIVISIBILITY_FILTER_PERSISTENT,four-slot-reuse,09C9FE7FA5F02C551BAF59C567AEA378697EB7AD3DDDF256914C423BA91862E8,COLD_MAG,MAGNITUDE_FINAL,false,false,true,BIN_CONTENT_ANSWER_LRU_K,1,0,260,27,43,296,164,175,253,256,254,3,0,3,253,175,0,174,0,0,0,0,175,78,0,0,0,0,256,0,0,0,0,0,0,0,0,0,0,4,4,0,256,9768,175,10203,447744,80352,20993504,323250,21844850,EXPLORATORY_COMPONENT_PROXY__NOT_DECISION_ELIGIBLE,AUTHORITATIVE_W_BIT_LOAD_ADD_MUL_OUTPUT_DATAPATH_NOT_REBUILT_AT_W16_W32; EXACT_OPERATION_COUNTS_AND_IDENTICAL_MAGNITUDES_RETAINED; PROPAGATION_COMBINER_AND_POLICY_MATCHED_CONTENT_CACHE_LOGIC_NOT_IN_NAND_TOTAL,3366,0,IMPLEMENTED_TRACE_PASS
PAH-BUILD005-DEMAND-VALUATION-0001,32,DIVISIBILITY_FILTER_PERSISTENT,four-slot-reuse,09C9FE7FA5F02C551BAF59C567AEA378697EB7AD3DDDF256914C423BA91862E8,COLD_MAG,MAGNITUDE_FINAL,false,false,true,BIN_FRONTIER_NOPROP_K,1,0,260,27,43,296,164,175,253,256,255,3,0,3,253,253,0,252,0,0,0,0,175,78,0,0,0,0,256,0,0,0,0,0,0,0,0,0,0,4,4,0,256,9768,257,10285,447744,80352,20993504,384750,21906350,EXPLORATORY_COMPONENT_PROXY__NOT_DECISION_ELIGIBLE,AUTHORITATIVE_W_BIT_LOAD_ADD_MUL_OUTPUT_DATAPATH_NOT_REBUILT_AT_W16_W32; EXACT_OPERATION_COUNTS_AND_IDENTICAL_MAGNITUDES_RETAINED; PROPAGATION_COMBINER_AND_POLICY_MATCHED_CONTENT_CACHE_LOGIC_NOT_IN_NAND_TOTAL,3366,0,IMPLEMENTED_TRACE_PASS
PAH-BUILD005-DEMAND-VALUATION-0001,32,DIVISIBILITY_FILTER_PERSISTENT,four-slot-reuse,09C9FE7FA5F02C551BAF59C567AEA378697EB7AD3DDDF256914C423BA91862E8,COLD_MAG,MAGNITUDE_FINAL,false,false,true,BIN_PRIME_FRONTIER_PROP_K,1,0,260,27,43,296,164,175,253,256,255,3,0,3,253,253,0,252,0,0,0,0,175,78,0,0,0,0,256,0,0,0,0,0,0,0,0,0,0,4,4,0,256,9768,257,10285,447744,80352,20993504,384750,21906350,EXPLORATORY_COMPONENT_PROXY__NOT_DECISION_ELIGIBLE,AUTHORITATIVE_W_BIT_LOAD_ADD_MUL_OUTPUT_DATAPATH_NOT_REBUILT_AT_W16_W32; EXACT_OPERATION_COUNTS_AND_IDENTICAL_MAGNITUDES_RETAINED; PROPAGATION_COMBINER_AND_POLICY_MATCHED_CONTENT_CACHE_LOGIC_NOT_IN_NAND_TOTAL,3366,0,IMPLEMENTED_TRACE_PASS
PAH-BUILD005-DEMAND-VALUATION-0001,32,DIVISIBILITY_FILTER_PERSISTENT,four-slot-reuse,09C9FE7FA5F02C551BAF59C567AEA378697EB7AD3DDDF256914C423BA91862E8,COLD_MAG,MAGNITUDE_FINAL,false,false,true,BIN_PRIME_FRONTIER_SPEC_B1_K,1,1,264,27,43,300,167,176,257,260,259,3,0,3,257,257,0,256,0,0,0,0,176,81,0,0,0,0,256,4,4,4,0,192,91,0,0,0,0,4,4,0,260,9900,261,10425,454740,80352,21277200,390750,22203042,EXPLORATORY_COMPONENT_PROXY__NOT_DECISION_ELIGIBLE,AUTHORITATIVE_W_BIT_LOAD_ADD_MUL_OUTPUT_DATAPATH_NOT_REBUILT_AT_W16_W32; EXACT_OPERATION_COUNTS_AND_IDENTICAL_MAGNITUDES_RETAINED; PROPAGATION_COMBINER_AND_POLICY_MATCHED_CONTENT_CACHE_LOGIC_NOT_IN_NAND_TOTAL,3374,0,IMPLEMENTED_TRACE_PASS
PAH-BUILD005-DEMAND-VALUATION-0001,32,DIVISIBILITY_FILTER_PERSISTENT,four-slot-reuse,09C9FE7FA5F02C551BAF59C567AEA378697EB7AD3DDDF256914C423BA91862E8,COLD_MAG,MAGNITUDE_FINAL,false,false,true,BIN_PRIME_FRONTIER_SPEC_B4_K,1,4,276,27,43,312,176,179,269,272,271,3,0,3,269,269,0,268,0,0,0,0,179,90,0,0,0,0,256,16,16,16,0,902,153,0,0,0,0,4,4,0,272,10296,273,10845,475728,80352,22128288,408750,23093118,EXPLORATORY_COMPONENT_PROXY__NOT_DECISION_ELIGIBLE,AUTHORITATIVE_W_BIT_LOAD_ADD_MUL_OUTPUT_DATAPATH_NOT_REBUILT_AT_W16_W32; EXACT_OPERATION_COUNTS_AND_IDENTICAL_MAGNITUDES_RETAINED; PROPAGATION_COMBINER_AND_POLICY_MATCHED_CONTENT_CACHE_LOGIC_NOT_IN_NAND_TOTAL,3398,0,IMPLEMENTED_TRACE_PASS
PAH-BUILD005-DEMAND-VALUATION-0001,32,DIVISIBILITY_FILTER_PERSISTENT,four-slot-reuse,09C9FE7FA5F02C551BAF59C567AEA378697EB7AD3DDDF256914C423BA91862E8,COLD_MAG,MAGNITUDE_FINAL,false,false,true,BIN_CONTENT_ANSWER_LRU_K,2,0,260,27,43,293,164,172,250,256,507,6,0,6,250,172,0,170,0,0,0,0,172,78,0,0,0,0,256,0,0,0,0,0,0,0,0,0,0,4,4,0,256,9669,172,10101,447744,80352,20780732,644140,21952968,EXPLORATORY_COMPONENT_PROXY__NOT_DECISION_ELIGIBLE,AUTHORITATIVE_W_BIT_LOAD_ADD_MUL_OUTPUT_DATAPATH_NOT_REBUILT_AT_W16_W32; EXACT_OPERATION_COUNTS_AND_IDENTICAL_MAGNITUDES_RETAINED; PROPAGATION_COMBINER_AND_POLICY_MATCHED_CONTENT_CACHE_LOGIC_NOT_IN_NAND_TOTAL,3366,0,IMPLEMENTED_TRACE_PASS
PAH-BUILD005-DEMAND-VALUATION-0001,32,DIVISIBILITY_FILTER_PERSISTENT,four-slot-reuse,09C9FE7FA5F02C551BAF59C567AEA378697EB7AD3DDDF256914C423BA91862E8,COLD_MAG,MAGNITUDE_FINAL,false,false,true,BIN_FRONTIER_NOPROP_K,2,0,260,27,42,294,163,173,251,256,509,6,0,5,250,250,1,248,0,0,0,0,173,78,0,0,0,0,256,0,0,0,0,0,0,0,0,0,0,4,4,0,256,9702,255,10217,447744,80352,20851656,769055,22148807,EXPLORATORY_COMPONENT_PROXY__NOT_DECISION_ELIGIBLE,AUTHORITATIVE_W_BIT_LOAD_ADD_MUL_OUTPUT_DATAPATH_NOT_REBUILT_AT_W16_W32; EXACT_OPERATION_COUNTS_AND_IDENTICAL_MAGNITUDES_RETAINED; PROPAGATION_COMBINER_AND_POLICY_MATCHED_CONTENT_CACHE_LOGIC_NOT_IN_NAND_TOTAL,3366,0,IMPLEMENTED_TRACE_PASS
PAH-BUILD005-DEMAND-VALUATION-0001,32,DIVISIBILITY_FILTER_PERSISTENT,four-slot-reuse,09C9FE7FA5F02C551BAF59C567AEA378697EB7AD3DDDF256914C423BA91862E8,COLD_MAG,MAGNITUDE_FINAL,false,false,true,BIN_PRIME_FRONTIER_PROP_K,2,0,260,27,42,294,163,173,251,256,509,6,0,5,250,250,1,248,0,0,0,0,173,78,0,0,0,0,256,0,0,0,0,0,0,0,0,0,0,4,4,0,256,9702,255,10217,447744,80352,20851656,769055,22148807,EXPLORATORY_COMPONENT_PROXY__NOT_DECISION_ELIGIBLE,AUTHORITATIVE_W_BIT_LOAD_ADD_MUL_OUTPUT_DATAPATH_NOT_REBUILT_AT_W16_W32; EXACT_OPERATION_COUNTS_AND_IDENTICAL_MAGNITUDES_RETAINED; PROPAGATION_COMBINER_AND_POLICY_MATCHED_CONTENT_CACHE_LOGIC_NOT_IN_NAND_TOTAL,3366,0,IMPLEMENTED_TRACE_PASS
PAH-BUILD005-DEMAND-VALUATION-0001,32,DIVISIBILITY_FILTER_PERSISTENT,four-slot-reuse,09C9FE7FA5F02C551BAF59C567AEA378697EB7AD3DDDF256914C423BA91862E8,COLD_MAG,MAGNITUDE_FINAL,false,false,true,BIN_PRIME_FRONTIER_SPEC_B1_K,2,1,264,27,42,298,166,174,255,260,517,6,0,5,254,254,1,252,0,0,0,0,174,81,0,0,0,0,256,4,4,4,0,192,91,0,0,0,0,4,4,0,260,9834,259,10357,454740,80352,21135352,781095,22451539,EXPLORATORY_COMPONENT_PROXY__NOT_DECISION_ELIGIBLE,AUTHORITATIVE_W_BIT_LOAD_ADD_MUL_OUTPUT_DATAPATH_NOT_REBUILT_AT_W16_W32; EXACT_OPERATION_COUNTS_AND_IDENTICAL_MAGNITUDES_RETAINED; PROPAGATION_COMBINER_AND_POLICY_MATCHED_CONTENT_CACHE_LOGIC_NOT_IN_NAND_TOTAL,3374,0,IMPLEMENTED_TRACE_PASS
PAH-BUILD005-DEMAND-VALUATION-0001,32,DIVISIBILITY_FILTER_PERSISTENT,four-slot-reuse,09C9FE7FA5F02C551BAF59C567AEA378697EB7AD3DDDF256914C423BA91862E8,COLD_MAG,MAGNITUDE_FINAL,false,false,true,BIN_PRIME_FRONTIER_SPEC_B4_K,2,4,276,27,42,310,175,177,267,272,541,6,0,5,266,266,1,264,0,0,0,0,177,90,0,0,0,0,256,16,16,16,0,902,153,0,0,0,0,4,4,0,272,10230,271,10777,475728,80352,21986440,817215,23359735,EXPLORATORY_COMPONENT_PROXY__NOT_DECISION_ELIGIBLE,AUTHORITATIVE_W_BIT_LOAD_ADD_MUL_OUTPUT_DATAPATH_NOT_REBUILT_AT_W16_W32; EXACT_OPERATION_COUNTS_AND_IDENTICAL_MAGNITUDES_RETAINED; PROPAGATION_COMBINER_AND_POLICY_MATCHED_CONTENT_CACHE_LOGIC_NOT_IN_NAND_TOTAL,3398,0,IMPLEMENTED_TRACE_PASS
PAH-BUILD005-DEMAND-VALUATION-0001,32,DIVISIBILITY_FILTER_PERSISTENT,four-slot-reuse,09C9FE7FA5F02C551BAF59C567AEA378697EB7AD3DDDF256914C423BA91862E8,COLD_MAG,MAGNITUDE_FINAL,false,false,true,BIN_CONTENT_ANSWER_LRU_K,4,0,260,27,43,274,157,160,234,256,1010,22,4,18,234,160,0,156,0,0,0,0,160,74,0,0,0,0,256,0,0,0,0,0,0,0,0,0,0,4,4,0,256,9042,160,9462,447744,80352,19433176,1262976,21224248,EXPLORATORY_COMPONENT_PROXY__NOT_DECISION_ELIGIBLE,AUTHORITATIVE_W_BIT_LOAD_ADD_MUL_OUTPUT_DATAPATH_NOT_REBUILT_AT_W16_W32; EXACT_OPERATION_COUNTS_AND_IDENTICAL_MAGNITUDES_RETAINED; PROPAGATION_COMBINER_AND_POLICY_MATCHED_CONTENT_CACHE_LOGIC_NOT_IN_NAND_TOTAL,3366,0,IMPLEMENTED_TRACE_PASS
PAH-BUILD005-DEMAND-VALUATION-0001,32,DIVISIBILITY_FILTER_PERSISTENT,four-slot-reuse,09C9FE7FA5F02C551BAF59C567AEA378697EB7AD3DDDF256914C423BA91862E8,COLD_MAG,MAGNITUDE_FINAL,false,false,true,BIN_FRONTIER_NOPROP_K,4,0,260,27,42,285,158,169,246,256,1014,13,1,9,243,243,3,239,0,0,0,0,169,77,0,0,0,0,256,0,0,0,0,0,0,0,0,0,0,4,4,0,256,9405,250,9915,447744,80352,20213340,1536216,22277652,EXPLORATORY_COMPONENT_PROXY__NOT_DECISION_ELIGIBLE,AUTHORITATIVE_W_BIT_LOAD_ADD_MUL_OUTPUT_DATAPATH_NOT_REBUILT_AT_W16_W32; EXACT_OPERATION_COUNTS_AND_IDENTICAL_MAGNITUDES_RETAINED; PROPAGATION_COMBINER_AND_POLICY_MATCHED_CONTENT_CACHE_LOGIC_NOT_IN_NAND_TOTAL,3366,0,IMPLEMENTED_TRACE_PASS
PAH-BUILD005-DEMAND-VALUATION-0001,32,DIVISIBILITY_FILTER_PERSISTENT,four-slot-reuse,09C9FE7FA5F02C551BAF59C567AEA378697EB7AD3DDDF256914C423BA91862E8,COLD_MAG,MAGNITUDE_FINAL,false,false,true,BIN_PRIME_FRONTIER_PROP_K,4,0,260,27,42,285,158,169,246,256,1014,13,1,9,243,243,3,239,0,0,0,0,169,77,0,0,0,0,256,0,0,0,0,0,0,0,0,0,0,4,4,0,256,9405,250,9915,447744,80352,20213340,1536216,22277652,EXPLORATORY_COMPONENT_PROXY__NOT_DECISION_ELIGIBLE,AUTHORITATIVE_W_BIT_LOAD_ADD_MUL_OUTPUT_DATAPATH_NOT_REBUILT_AT_W16_W32; EXACT_OPERATION_COUNTS_AND_IDENTICAL_MAGNITUDES_RETAINED; PROPAGATION_COMBINER_AND_POLICY_MATCHED_CONTENT_CACHE_LOGIC_NOT_IN_NAND_TOTAL,3366,0,IMPLEMENTED_TRACE_PASS
PAH-BUILD005-DEMAND-VALUATION-0001,32,DIVISIBILITY_FILTER_PERSISTENT,four-slot-reuse,09C9FE7FA5F02C551BAF59C567AEA378697EB7AD3DDDF256914C423BA91862E8,COLD_MAG,MAGNITUDE_FINAL,false,false,true,BIN_PRIME_FRONTIER_SPEC_B1_K,4,1,264,27,42,289,161,170,250,260,1030,13,1,9,247,247,3,243,0,0,0,0,170,80,0,0,0,0,256,4,4,4,0,192,91,0,0,0,0,4,4,0,260,9537,254,10055,454740,80352,20497036,1560504,22592632,EXPLORATORY_COMPONENT_PROXY__NOT_DECISION_ELIGIBLE,AUTHORITATIVE_W_BIT_LOAD_ADD_MUL_OUTPUT_DATAPATH_NOT_REBUILT_AT_W16_W32; EXACT_OPERATION_COUNTS_AND_IDENTICAL_MAGNITUDES_RETAINED; PROPAGATION_COMBINER_AND_POLICY_MATCHED_CONTENT_CACHE_LOGIC_NOT_IN_NAND_TOTAL,3374,0,IMPLEMENTED_TRACE_PASS
PAH-BUILD005-DEMAND-VALUATION-0001,32,DIVISIBILITY_FILTER_PERSISTENT,four-slot-reuse,09C9FE7FA5F02C551BAF59C567AEA378697EB7AD3DDDF256914C423BA91862E8,COLD_MAG,MAGNITUDE_FINAL,false,false,true,BIN_PRIME_FRONTIER_SPEC_B4_K,4,4,276,27,42,301,170,173,262,272,1078,13,1,9,259,259,3,255,0,0,0,0,173,89,0,0,0,0,256,16,16,16,0,902,153,0,0,0,0,4,4,0,272,9933,266,10475,475728,80352,21348124,1633368,23537572,EXPLORATORY_COMPONENT_PROXY__NOT_DECISION_ELIGIBLE,AUTHORITATIVE_W_BIT_LOAD_ADD_MUL_OUTPUT_DATAPATH_NOT_REBUILT_AT_W16_W32; EXACT_OPERATION_COUNTS_AND_IDENTICAL_MAGNITUDES_RETAINED; PROPAGATION_COMBINER_AND_POLICY_MATCHED_CONTENT_CACHE_LOGIC_NOT_IN_NAND_TOTAL,3398,0,IMPLEMENTED_TRACE_PASS
PAH-BUILD005-DEMAND-VALUATION-0001,32,DIVISIBILITY_FILTER_STREAM,one-query-per-value,62C6B91A101037D3665EE072BBC4BBF2117217E3FEAF6EE23E530BDEDA6A3FD6,COLD_MAG,MAGNITUDE_FINAL,false,false,true,BIN_DIRECT_BEST,0,0,256,14,14,114,19,109,128,0,0,0,0,0,0,0,0,0,0,0,0,0,109,19,0,0,0,0,128,0,0,0,0,0,0,0,0,0,0,1,128,0,128,3762,0,4018,223872,41664,8085336,0,8350872,EXPLORATORY_COMPONENT_PROXY__NOT_DECISION_ELIGIBLE,AUTHORITATIVE_W_BIT_LOAD_ADD_MUL_OUTPUT_DATAPATH_NOT_REBUILT_AT_W16_W32; EXACT_OPERATION_COUNTS_AND_IDENTICAL_MAGNITUDES_RETAINED; PROPAGATION_COMBINER_AND_POLICY_MATCHED_CONTENT_CACHE_LOGIC_NOT_IN_NAND_TOTAL,2177,0,IMPLEMENTED_TRACE_PASS
PAH-BUILD005-DEMAND-VALUATION-0001,32,DIVISIBILITY_FILTER_STREAM,one-query-per-value,62C6B91A101037D3665EE072BBC4BBF2117217E3FEAF6EE23E530BDEDA6A3FD6,COLD_MAG,MAGNITUDE_FINAL,false,false,true,BIN_CONTENT_ANSWER_LRU_K,1,0,256,14,14,114,19,109,128,128,127,0,0,0,128,109,0,108,0,0,0,0,109,19,0,0,0,0,128,0,0,0,0,0,0,0,0,0,0,1,128,0,128,3762,109,4127,223872,41664,8085336,177750,8528622,EXPLORATORY_COMPONENT_PROXY__NOT_DECISION_ELIGIBLE,AUTHORITATIVE_W_BIT_LOAD_ADD_MUL_OUTPUT_DATAPATH_NOT_REBUILT_AT_W16_W32; EXACT_OPERATION_COUNTS_AND_IDENTICAL_MAGNITUDES_RETAINED; PROPAGATION_COMBINER_AND_POLICY_MATCHED_CONTENT_CACHE_LOGIC_NOT_IN_NAND_TOTAL,2177,0,IMPLEMENTED_TRACE_PASS
PAH-BUILD005-DEMAND-VALUATION-0001,32,DIVISIBILITY_FILTER_STREAM,one-query-per-value,62C6B91A101037D3665EE072BBC4BBF2117217E3FEAF6EE23E530BDEDA6A3FD6,COLD_MAG,MAGNITUDE_FINAL,false,false,true,BIN_FRONTIER_NOPROP_K,1,0,256,14,14,114,19,109,128,128,127,0,0,0,128,128,0,127,127,0,10,0,109,19,0,0,0,0,128,0,0,0,0,0,0,0,0,0,0,1,128,0,128,3762,256,4274,223872,41664,8085336,288000,8638872,EXPLORATORY_COMPONENT_PROXY__NOT_DECISION_ELIGIBLE,AUTHORITATIVE_W_BIT_LOAD_ADD_MUL_OUTPUT_DATAPATH_NOT_REBUILT_AT_W16_W32; EXACT_OPERATION_COUNTS_AND_IDENTICAL_MAGNITUDES_RETAINED; PROPAGATION_COMBINER_AND_POLICY_MATCHED_CONTENT_CACHE_LOGIC_NOT_IN_NAND_TOTAL,2177,0,IMPLEMENTED_TRACE_PASS
PAH-BUILD005-DEMAND-VALUATION-0001,32,DIVISIBILITY_FILTER_STREAM,one-query-per-value,62C6B91A101037D3665EE072BBC4BBF2117217E3FEAF6EE23E530BDEDA6A3FD6,COLD_MAG,MAGNITUDE_FINAL,false,false,true,BIN_PRIME_FRONTIER_PROP_K,1,0,256,14,14,114,19,109,128,128,127,0,0,0,128,128,0,127,127,0,10,0,109,19,0,0,0,0,128,0,0,0,0,0,0,0,0,0,0,1,128,0,128,3762,256,4274,223872,41664,8085336,288000,8638872,EXPLORATORY_COMPONENT_PROXY__NOT_DECISION_ELIGIBLE,AUTHORITATIVE_W_BIT_LOAD_ADD_MUL_OUTPUT_DATAPATH_NOT_REBUILT_AT_W16_W32; EXACT_OPERATION_COUNTS_AND_IDENTICAL_MAGNITUDES_RETAINED; PROPAGATION_COMBINER_AND_POLICY_MATCHED_CONTENT_CACHE_LOGIC_NOT_IN_NAND_TOTAL,2177,0,IMPLEMENTED_TRACE_PASS
PAH-BUILD005-DEMAND-VALUATION-0001,32,DIVISIBILITY_FILTER_STREAM,one-query-per-value,62C6B91A101037D3665EE072BBC4BBF2117217E3FEAF6EE23E530BDEDA6A3FD6,COLD_MAG,MAGNITUDE_FINAL,false,false,true,BIN_PRIME_FRONTIER_SPEC_B1_K,1,1,384,14,14,233,63,184,247,256,255,9,1,8,247,247,0,246,127,0,9,0,184,63,0,0,0,0,128,128,128,9,119,9,1,0,0,0,0,1,128,0,256,7689,375,8448,447744,41664,16525292,473250,17487950,EXPLORATORY_COMPONENT_PROXY__NOT_DECISION_ELIGIBLE,AUTHORITATIVE_W_BIT_LOAD_ADD_MUL_OUTPUT_DATAPATH_NOT_REBUILT_AT_W16_W32; EXACT_OPERATION_COUNTS_AND_IDENTICAL_MAGNITUDES_RETAINED; PROPAGATION_COMBINER_AND_POLICY_MATCHED_CONTENT_CACHE_LOGIC_NOT_IN_NAND_TOTAL,2433,0,IMPLEMENTED_TRACE_PASS
PAH-BUILD005-DEMAND-VALUATION-0001,32,DIVISIBILITY_FILTER_STREAM,one-query-per-value,62C6B91A101037D3665EE072BBC4BBF2117217E3FEAF6EE23E530BDEDA6A3FD6,COLD_MAG,MAGNITUDE_FINAL,false,false,true,BIN_PRIME_FRONTIER_SPEC_B4_K,1,4,768,14,14,614,114,514,628,640,639,12,2,10,628,628,0,627,127,0,9,0,514,114,0,0,0,0,128,512,512,54,458,54,1,0,0,0,0,1,128,0,640,20262,756,21786,1119360,41664,43547336,1047000,45755360,EXPLORATORY_COMPONENT_PROXY__NOT_DECISION_ELIGIBLE,AUTHORITATIVE_W_BIT_LOAD_ADD_MUL_OUTPUT_DATAPATH_NOT_REBUILT_AT_W16_W32; EXACT_OPERATION_COUNTS_AND_IDENTICAL_MAGNITUDES_RETAINED; PROPAGATION_COMBINER_AND_POLICY_MATCHED_CONTENT_CACHE_LOGIC_NOT_IN_NAND_TOTAL,3201,0,IMPLEMENTED_TRACE_PASS
PAH-BUILD005-DEMAND-VALUATION-0001,32,DIVISIBILITY_FILTER_STREAM,one-query-per-value,62C6B91A101037D3665EE072BBC4BBF2117217E3FEAF6EE23E530BDEDA6A3FD6,COLD_MAG,MAGNITUDE_FINAL,false,false,true,BIN_CONTENT_ANSWER_LRU_K,2,0,256,14,14,114,19,109,128,128,253,0,0,0,128,109,0,107,0,0,0,0,109,19,0,0,0,0,128,0,0,0,0,0,0,0,0,0,0,1,128,0,128,3762,109,4127,223872,41664,8085336,356685,8707557,EXPLORATORY_COMPONENT_PROXY__NOT_DECISION_ELIGIBLE,AUTHORITATIVE_W_BIT_LOAD_ADD_MUL_OUTPUT_DATAPATH_NOT_REBUILT_AT_W16_W32; EXACT_OPERATION_COUNTS_AND_IDENTICAL_MAGNITUDES_RETAINED; PROPAGATION_COMBINER_AND_POLICY_MATCHED_CONTENT_CACHE_LOGIC_NOT_IN_NAND_TOTAL,2177,0,IMPLEMENTED_TRACE_PASS
PAH-BUILD005-DEMAND-VALUATION-0001,32,DIVISIBILITY_FILTER_STREAM,one-query-per-value,62C6B91A101037D3665EE072BBC4BBF2117217E3FEAF6EE23E530BDEDA6A3FD6,COLD_MAG,MAGNITUDE_FINAL,false,false,true,BIN_FRONTIER_NOPROP_K,2,0,256,14,14,114,19,109,128,128,253,0,0,0,128,128,0,126,127,0,22,0,109,19,0,0,0,0,128,0,0,0,0,0,0,0,0,0,0,1,128,0,128,3762,256,4274,223872,41664,8085336,577920,8928792,EXPLORATORY_COMPONENT_PROXY__NOT_DECISION_ELIGIBLE,AUTHORITATIVE_W_BIT_LOAD_ADD_MUL_OUTPUT_DATAPATH_NOT_REBUILT_AT_W16_W32; EXACT_OPERATION_COUNTS_AND_IDENTICAL_MAGNITUDES_RETAINED; PROPAGATION_COMBINER_AND_POLICY_MATCHED_CONTENT_CACHE_LOGIC_NOT_IN_NAND_TOTAL,2177,0,IMPLEMENTED_TRACE_PASS
PAH-BUILD005-DEMAND-VALUATION-0001,32,DIVISIBILITY_FILTER_STREAM,one-query-per-value,62C6B91A101037D3665EE072BBC4BBF2117217E3FEAF6EE23E530BDEDA6A3FD6,COLD_MAG,MAGNITUDE_FINAL,false,false,true,BIN_PRIME_FRONTIER_PROP_K,2,0,256,14,14,114,19,109,128,128,253,0,0,0,128,128,0,126,127,0,22,0,109,19,0,0,0,0,128,0,0,0,0,0,0,0,0,0,0,1,128,0,128,3762,256,4274,223872,41664,8085336,577920,8928792,EXPLORATORY_COMPONENT_PROXY__NOT_DECISION_ELIGIBLE,AUTHORITATIVE_W_BIT_LOAD_ADD_MUL_OUTPUT_DATAPATH_NOT_REBUILT_AT_W16_W32; EXACT_OPERATION_COUNTS_AND_IDENTICAL_MAGNITUDES_RETAINED; PROPAGATION_COMBINER_AND_POLICY_MATCHED_CONTENT_CACHE_LOGIC_NOT_IN_NAND_TOTAL,2177,0,IMPLEMENTED_TRACE_PASS
PAH-BUILD005-DEMAND-VALUATION-0001,32,DIVISIBILITY_FILTER_STREAM,one-query-per-value,62C6B91A101037D3665EE072BBC4BBF2117217E3FEAF6EE23E530BDEDA6A3FD6,COLD_MAG,MAGNITUDE_FINAL,false,false,true,BIN_PRIME_FRONTIER_SPEC_B1_K,2,1,384,14,14,233,63,184,247,256,509,9,1,8,247,247,0,245,245,0,137,0,184,63,0,0,0,0,128,128,128,9,119,9,1,0,0,0,0,1,128,0,256,7689,375,8448,447744,41664,16525292,949655,17964355,EXPLORATORY_COMPONENT_PROXY__NOT_DECISION_ELIGIBLE,AUTHORITATIVE_W_BIT_LOAD_ADD_MUL_OUTPUT_DATAPATH_NOT_REBUILT_AT_W16_W32; EXACT_OPERATION_COUNTS_AND_IDENTICAL_MAGNITUDES_RETAINED; PROPAGATION_COMBINER_AND_POLICY_MATCHED_CONTENT_CACHE_LOGIC_NOT_IN_NAND_TOTAL,2433,0,IMPLEMENTED_TRACE_PASS
PAH-BUILD005-DEMAND-VALUATION-0001,32,DIVISIBILITY_FILTER_STREAM,one-query-per-value,62C6B91A101037D3665EE072BBC4BBF2117217E3FEAF6EE23E530BDEDA6A3FD6,COLD_MAG,MAGNITUDE_FINAL,false,false,true,BIN_PRIME_FRONTIER_SPEC_B4_K,2,4,768,14,14,597,109,502,611,640,1277,29,7,22,611,611,0,609,254,0,25,0,502,109,0,0,0,0,128,512,512,54,458,54,1,0,0,0,0,1,128,0,640,19701,739,21208,1119360,41664,42341628,2075395,45578047,EXPLORATORY_COMPONENT_PROXY__NOT_DECISION_ELIGIBLE,AUTHORITATIVE_W_BIT_LOAD_ADD_MUL_OUTPUT_DATAPATH_NOT_REBUILT_AT_W16_W32; EXACT_OPERATION_COUNTS_AND_IDENTICAL_MAGNITUDES_RETAINED; PROPAGATION_COMBINER_AND_POLICY_MATCHED_CONTENT_CACHE_LOGIC_NOT_IN_NAND_TOTAL,3201,0,IMPLEMENTED_TRACE_PASS
PAH-BUILD005-DEMAND-VALUATION-0001,32,DIVISIBILITY_FILTER_STREAM,one-query-per-value,62C6B91A101037D3665EE072BBC4BBF2117217E3FEAF6EE23E530BDEDA6A3FD6,COLD_MAG,MAGNITUDE_FINAL,false,false,true,BIN_CONTENT_ANSWER_LRU_K,4,0,256,14,14,114,19,109,128,128,502,0,0,0,128,109,0,105,0,0,0,0,109,19,0,0,0,0,128,0,0,0,0,0,0,0,0,0,0,1,128,0,128,3762,109,4127,223872,41664,8085336,719532,9070404,EXPLORATORY_COMPONENT_PROXY__NOT_DECISION_ELIGIBLE,AUTHORITATIVE_W_BIT_LOAD_ADD_MUL_OUTPUT_DATAPATH_NOT_REBUILT_AT_W16_W32; EXACT_OPERATION_COUNTS_AND_IDENTICAL_MAGNITUDES_RETAINED; PROPAGATION_COMBINER_AND_POLICY_MATCHED_CONTENT_CACHE_LOGIC_NOT_IN_NAND_TOTAL,2177,0,IMPLEMENTED_TRACE_PASS
PAH-BUILD005-DEMAND-VALUATION-0001,32,DIVISIBILITY_FILTER_STREAM,one-query-per-value,62C6B91A101037D3665EE072BBC4BBF2117217E3FEAF6EE23E530BDEDA6A3FD6,COLD_MAG,MAGNITUDE_FINAL,false,false,true,BIN_FRONTIER_NOPROP_K,4,0,256,14,14,114,19,109,128,128,502,0,0,0,128,128,0,124,127,0,50,0,109,19,0,0,0,0,128,0,0,0,0,0,0,0,0,0,0,1,128,0,128,3762,256,4274,223872,41664,8085336,1165824,9516696,EXPLORATORY_COMPONENT_PROXY__NOT_DECISION_ELIGIBLE,AUTHORITATIVE_W_BIT_LOAD_ADD_MUL_OUTPUT_DATAPATH_NOT_REBUILT_AT_W16_W32; EXACT_OPERATION_COUNTS_AND_IDENTICAL_MAGNITUDES_RETAINED; PROPAGATION_COMBINER_AND_POLICY_MATCHED_CONTENT_CACHE_LOGIC_NOT_IN_NAND_TOTAL,2177,0,IMPLEMENTED_TRACE_PASS
PAH-BUILD005-DEMAND-VALUATION-0001,32,DIVISIBILITY_FILTER_STREAM,one-query-per-value,62C6B91A101037D3665EE072BBC4BBF2117217E3FEAF6EE23E530BDEDA6A3FD6,COLD_MAG,MAGNITUDE_FINAL,false,false,true,BIN_PRIME_FRONTIER_PROP_K,4,0,256,14,14,114,19,109,128,128,502,0,0,0,128,128,0,124,127,0,50,0,109,19,0,0,0,0,128,0,0,0,0,0,0,0,0,0,0,1,128,0,128,3762,256,4274,223872,41664,8085336,1165824,9516696,EXPLORATORY_COMPONENT_PROXY__NOT_DECISION_ELIGIBLE,AUTHORITATIVE_W_BIT_LOAD_ADD_MUL_OUTPUT_DATAPATH_NOT_REBUILT_AT_W16_W32; EXACT_OPERATION_COUNTS_AND_IDENTICAL_MAGNITUDES_RETAINED; PROPAGATION_COMBINER_AND_POLICY_MATCHED_CONTENT_CACHE_LOGIC_NOT_IN_NAND_TOTAL,2177,0,IMPLEMENTED_TRACE_PASS
PAH-BUILD005-DEMAND-VALUATION-0001,32,DIVISIBILITY_FILTER_STREAM,one-query-per-value,62C6B91A101037D3665EE072BBC4BBF2117217E3FEAF6EE23E530BDEDA6A3FD6,COLD_MAG,MAGNITUDE_FINAL,false,false,true,BIN_PRIME_FRONTIER_SPEC_B1_K,4,1,384,14,14,233,63,184,247,256,1014,9,1,8,247,247,0,243,245,0,285,0,184,63,0,0,0,0,128,128,128,9,119,9,1,0,0,0,0,1,128,0,256,7689,375,8448,447744,41664,16525292,1915716,18930416,EXPLORATORY_COMPONENT_PROXY__NOT_DECISION_ELIGIBLE,AUTHORITATIVE_W_BIT_LOAD_ADD_MUL_OUTPUT_DATAPATH_NOT_REBUILT_AT_W16_W32; EXACT_OPERATION_COUNTS_AND_IDENTICAL_MAGNITUDES_RETAINED; PROPAGATION_COMBINER_AND_POLICY_MATCHED_CONTENT_CACHE_LOGIC_NOT_IN_NAND_TOTAL,2433,0,IMPLEMENTED_TRACE_PASS
PAH-BUILD005-DEMAND-VALUATION-0001,32,DIVISIBILITY_FILTER_STREAM,one-query-per-value,62C6B91A101037D3665EE072BBC4BBF2117217E3FEAF6EE23E530BDEDA6A3FD6,COLD_MAG,MAGNITUDE_FINAL,false,false,true,BIN_PRIME_FRONTIER_SPEC_B4_K,4,4,768,14,14,572,106,480,586,640,2550,54,10,44,586,586,0,582,508,0,140,0,480,106,0,0,0,0,128,512,512,54,458,54,1,0,0,0,0,1,128,0,640,18876,714,20358,1119360,41664,40568528,4110744,45840296,EXPLORATORY_COMPONENT_PROXY__NOT_DECISION_ELIGIBLE,AUTHORITATIVE_W_BIT_LOAD_ADD_MUL_OUTPUT_DATAPATH_NOT_REBUILT_AT_W16_W32; EXACT_OPERATION_COUNTS_AND_IDENTICAL_MAGNITUDES_RETAINED; PROPAGATION_COMBINER_AND_POLICY_MATCHED_CONTENT_CACHE_LOGIC_NOT_IN_NAND_TOTAL,3201,0,IMPLEMENTED_TRACE_PASS
PAH-BUILD005-DEMAND-VALUATION-0001,32,SMOOTH_STRIP,smooth-near-smooth-rough,3779E97B1B22EDD6DCBFDB44D1B6D6B740635307537002EA08F7F02A2C53DB94,COLD_MAG,MAGNITUDE_FINAL,false,false,true,BIN_DIRECT_BEST,0,0,228,17,28,196,37,187,187,0,0,0,0,0,0,0,0,0,0,0,0,0,209,0,0,0,0,0,209,0,0,0,0,0,0,0,0,57,0,1,19,0,209,6468,0,6696,365541,50592,13901104,0,14317237,EXPLORATORY_COMPONENT_PROXY__NOT_DECISION_ELIGIBLE,AUTHORITATIVE_W_BIT_LOAD_ADD_MUL_OUTPUT_DATAPATH_NOT_REBUILT_AT_W16_W32; EXACT_OPERATION_COUNTS_AND_IDENTICAL_MAGNITUDES_RETAINED; PROPAGATION_COMBINER_AND_POLICY_MATCHED_CONTENT_CACHE_LOGIC_NOT_IN_NAND_TOTAL,2224,0,IMPLEMENTED_TRACE_PASS
PAH-BUILD005-DEMAND-VALUATION-0001,32,SMOOTH_STRIP,smooth-near-smooth-rough,3779E97B1B22EDD6DCBFDB44D1B6D6B740635307537002EA08F7F02A2C53DB94,COLD_MAG,MAGNITUDE_FINAL,false,false,true,BIN_CONTENT_ANSWER_LRU_K,1,0,228,17,28,196,37,187,187,209,208,0,0,0,209,209,0,208,0,0,0,0,209,0,0,0,0,0,209,0,0,0,0,0,0,0,0,57,0,1,19,0,209,6468,209,6905,365541,50592,13901104,313500,14630737,EXPLORATORY_COMPONENT_PROXY__NOT_DECISION_ELIGIBLE,AUTHORITATIVE_W_BIT_LOAD_ADD_MUL_OUTPUT_DATAPATH_NOT_REBUILT_AT_W16_W32; EXACT_OPERATION_COUNTS_AND_IDENTICAL_MAGNITUDES_RETAINED; PROPAGATION_COMBINER_AND_POLICY_MATCHED_CONTENT_CACHE_LOGIC_NOT_IN_NAND_TOTAL,2224,0,IMPLEMENTED_TRACE_PASS
PAH-BUILD005-DEMAND-VALUATION-0001,32,SMOOTH_STRIP,smooth-near-smooth-rough,3779E97B1B22EDD6DCBFDB44D1B6D6B740635307537002EA08F7F02A2C53DB94,COLD_MAG,MAGNITUDE_FINAL,false,false,true,BIN_FRONTIER_NOPROP_K,1,0,228,17,28,196,37,187,187,209,208,0,0,0,209,209,0,208,18,0,0,0,209,0,0,0,0,0,209,0,0,0,0,0,0,0,0,57,0,1,19,0,209,6468,228,6924,365541,50592,13901104,327750,14644987,EXPLORATORY_COMPONENT_PROXY__NOT_DECISION_ELIGIBLE,AUTHORITATIVE_W_BIT_LOAD_ADD_MUL_OUTPUT_DATAPATH_NOT_REBUILT_AT_W16_W32; EXACT_OPERATION_COUNTS_AND_IDENTICAL_MAGNITUDES_RETAINED; PROPAGATION_COMBINER_AND_POLICY_MATCHED_CONTENT_CACHE_LOGIC_NOT_IN_NAND_TOTAL,2224,0,IMPLEMENTED_TRACE_PASS
PAH-BUILD005-DEMAND-VALUATION-0001,32,SMOOTH_STRIP,smooth-near-smooth-rough,3779E97B1B22EDD6DCBFDB44D1B6D6B740635307537002EA08F7F02A2C53DB94,COLD_MAG,MAGNITUDE_FINAL,false,false,true,BIN_PRIME_FRONTIER_PROP_K,1,0,228,17,28,196,37,187,187,209,208,0,0,0,209,209,0,208,18,0,0,0,209,0,0,0,0,0,209,0,0,0,0,0,0,0,0,57,0,1,19,0,209,6468,228,6924,365541,50592,13901104,327750,14644987,EXPLORATORY_COMPONENT_PROXY__NOT_DECISION_ELIGIBLE,AUTHORITATIVE_W_BIT_LOAD_ADD_MUL_OUTPUT_DATAPATH_NOT_REBUILT_AT_W16_W32; EXACT_OPERATION_COUNTS_AND_IDENTICAL_MAGNITUDES_RETAINED; PROPAGATION_COMBINER_AND_POLICY_MATCHED_CONTENT_CACHE_LOGIC_NOT_IN_NAND_TOTAL,2224,0,IMPLEMENTED_TRACE_PASS
PAH-BUILD005-DEMAND-VALUATION-0001,32,SMOOTH_STRIP,smooth-near-smooth-rough,3779E97B1B22EDD6DCBFDB44D1B6D6B740635307537002EA08F7F02A2C53DB94,COLD_MAG,MAGNITUDE_FINAL,false,false,true,BIN_PRIME_FRONTIER_SPEC_B1_K,1,1,265,17,28,213,45,196,204,246,245,0,0,0,246,246,0,245,18,0,0,0,238,8,0,0,0,0,209,37,17,37,0,164,11,0,0,57,0,1,19,0,246,7029,265,7559,430254,50592,15106812,383250,15970908,EXPLORATORY_COMPONENT_PROXY__NOT_DECISION_ELIGIBLE,AUTHORITATIVE_W_BIT_LOAD_ADD_MUL_OUTPUT_DATAPATH_NOT_REBUILT_AT_W16_W32; EXACT_OPERATION_COUNTS_AND_IDENTICAL_MAGNITUDES_RETAINED; PROPAGATION_COMBINER_AND_POLICY_MATCHED_CONTENT_CACHE_LOGIC_NOT_IN_NAND_TOTAL,2298,0,IMPLEMENTED_TRACE_PASS
PAH-BUILD005-DEMAND-VALUATION-0001,32,SMOOTH_STRIP,smooth-near-smooth-rough,3779E97B1B22EDD6DCBFDB44D1B6D6B740635307537002EA08F7F02A2C53DB94,COLD_MAG,MAGNITUDE_FINAL,false,false,true,BIN_PRIME_FRONTIER_SPEC_B4_K,1,4,316,17,28,264,58,234,255,297,296,0,0,0,297,297,0,296,18,0,0,0,276,21,0,0,0,0,209,88,68,88,0,368,11,0,0,57,0,1,19,0,297,8712,316,9344,519453,50592,18723936,459750,19753731,EXPLORATORY_COMPONENT_PROXY__NOT_DECISION_ELIGIBLE,AUTHORITATIVE_W_BIT_LOAD_ADD_MUL_OUTPUT_DATAPATH_NOT_REBUILT_AT_W16_W32; EXACT_OPERATION_COUNTS_AND_IDENTICAL_MAGNITUDES_RETAINED; PROPAGATION_COMBINER_AND_POLICY_MATCHED_CONTENT_CACHE_LOGIC_NOT_IN_NAND_TOTAL,2400,0,IMPLEMENTED_TRACE_PASS
PAH-BUILD005-DEMAND-VALUATION-0001,32,SMOOTH_STRIP,smooth-near-smooth-rough,3779E97B1B22EDD6DCBFDB44D1B6D6B740635307537002EA08F7F02A2C53DB94,COLD_MAG,MAGNITUDE_FINAL,false,false,true,BIN_CONTENT_ANSWER_LRU_K,2,0,228,17,28,196,37,187,187,209,415,0,0,0,209,209,0,207,0,0,0,0,209,0,0,0,0,0,209,0,0,0,0,0,0,0,0,57,0,1,19,0,209,6468,209,6905,365541,50592,13901104,629090,14946327,EXPLORATORY_COMPONENT_PROXY__NOT_DECISION_ELIGIBLE,AUTHORITATIVE_W_BIT_LOAD_ADD_MUL_OUTPUT_DATAPATH_NOT_REBUILT_AT_W16_W32; EXACT_OPERATION_COUNTS_AND_IDENTICAL_MAGNITUDES_RETAINED; PROPAGATION_COMBINER_AND_POLICY_MATCHED_CONTENT_CACHE_LOGIC_NOT_IN_NAND_TOTAL,2224,0,IMPLEMENTED_TRACE_PASS
PAH-BUILD005-DEMAND-VALUATION-0001,32,SMOOTH_STRIP,smooth-near-smooth-rough,3779E97B1B22EDD6DCBFDB44D1B6D6B740635307537002EA08F7F02A2C53DB94,COLD_MAG,MAGNITUDE_FINAL,false,false,true,BIN_FRONTIER_NOPROP_K,2,0,228,17,28,196,37,187,187,209,415,0,0,0,209,209,0,207,36,0,0,0,209,0,0,0,0,0,209,0,0,0,0,0,0,0,0,57,0,1,19,0,209,6468,228,6924,365541,50592,13901104,657685,14974922,EXPLORATORY_COMPONENT_PROXY__NOT_DECISION_ELIGIBLE,AUTHORITATIVE_W_BIT_LOAD_ADD_MUL_OUTPUT_DATAPATH_NOT_REBUILT_AT_W16_W32; EXACT_OPERATION_COUNTS_AND_IDENTICAL_MAGNITUDES_RETAINED; PROPAGATION_COMBINER_AND_POLICY_MATCHED_CONTENT_CACHE_LOGIC_NOT_IN_NAND_TOTAL,2224,0,IMPLEMENTED_TRACE_PASS
PAH-BUILD005-DEMAND-VALUATION-0001,32,SMOOTH_STRIP,smooth-near-smooth-rough,3779E97B1B22EDD6DCBFDB44D1B6D6B740635307537002EA08F7F02A2C53DB94,COLD_MAG,MAGNITUDE_FINAL,false,false,true,BIN_PRIME_FRONTIER_PROP_K,2,0,228,17,28,196,37,187,187,209,415,0,0,0,209,209,0,207,36,0,0,0,209,0,0,0,0,0,209,0,0,0,0,0,0,0,0,57,0,1,19,0,209,6468,228,6924,365541,50592,13901104,657685,14974922,EXPLORATORY_COMPONENT_PROXY__NOT_DECISION_ELIGIBLE,AUTHORITATIVE_W_BIT_LOAD_ADD_MUL_OUTPUT_DATAPATH_NOT_REBUILT_AT_W16_W32; EXACT_OPERATION_COUNTS_AND_IDENTICAL_MAGNITUDES_RETAINED; PROPAGATION_COMBINER_AND_POLICY_MATCHED_CONTENT_CACHE_LOGIC_NOT_IN_NAND_TOTAL,2224,0,IMPLEMENTED_TRACE_PASS
PAH-BUILD005-DEMAND-VALUATION-0001,32,SMOOTH_STRIP,smooth-near-smooth-rough,3779E97B1B22EDD6DCBFDB44D1B6D6B740635307537002EA08F7F02A2C53DB94,COLD_MAG,MAGNITUDE_FINAL,false,false,true,BIN_PRIME_FRONTIER_SPEC_B1_K,2,1,265,17,28,196,37,187,195,246,489,17,0,0,229,229,8,227,36,0,0,0,229,8,0,0,0,0,209,37,17,37,0,164,11,0,0,57,0,1,19,0,246,6468,256,6989,430254,50592,13901104,755510,15137460,EXPLORATORY_COMPONENT_PROXY__NOT_DECISION_ELIGIBLE,AUTHORITATIVE_W_BIT_LOAD_ADD_MUL_OUTPUT_DATAPATH_NOT_REBUILT_AT_W16_W32; EXACT_OPERATION_COUNTS_AND_IDENTICAL_MAGNITUDES_RETAINED; PROPAGATION_COMBINER_AND_POLICY_MATCHED_CONTENT_CACHE_LOGIC_NOT_IN_NAND_TOTAL,2298,0,IMPLEMENTED_TRACE_PASS
PAH-BUILD005-DEMAND-VALUATION-0001,32,SMOOTH_STRIP,smooth-near-smooth-rough,3779E97B1B22EDD6DCBFDB44D1B6D6B740635307537002EA08F7F02A2C53DB94,COLD_MAG,MAGNITUDE_FINAL,false,false,true,BIN_PRIME_FRONTIER_SPEC_B4_K,2,4,316,17,28,264,58,234,255,297,591,0,0,0,297,297,0,295,36,0,0,0,276,21,0,0,0,0,209,88,68,88,0,368,11,0,0,57,0,1,19,0,297,8712,316,9344,519453,50592,18723936,922565,20216546,EXPLORATORY_COMPONENT_PROXY__NOT_DECISION_ELIGIBLE,AUTHORITATIVE_W_BIT_LOAD_ADD_MUL_OUTPUT_DATAPATH_NOT_REBUILT_AT_W16_W32; EXACT_OPERATION_COUNTS_AND_IDENTICAL_MAGNITUDES_RETAINED; PROPAGATION_COMBINER_AND_POLICY_MATCHED_CONTENT_CACHE_LOGIC_NOT_IN_NAND_TOTAL,2400,0,IMPLEMENTED_TRACE_PASS
PAH-BUILD005-DEMAND-VALUATION-0001,32,SMOOTH_STRIP,smooth-near-smooth-rough,3779E97B1B22EDD6DCBFDB44D1B6D6B740635307537002EA08F7F02A2C53DB94,COLD_MAG,MAGNITUDE_FINAL,false,false,true,BIN_CONTENT_ANSWER_LRU_K,4,0,228,17,28,196,37,187,187,209,826,0,0,0,209,209,0,205,0,0,0,0,209,0,0,0,0,0,209,0,0,0,0,0,0,0,0,57,0,1,19,0,209,6468,209,6905,365541,50592,13901104,1269048,15586285,EXPLORATORY_COMPONENT_PROXY__NOT_DECISION_ELIGIBLE,AUTHORITATIVE_W_BIT_LOAD_ADD_MUL_OUTPUT_DATAPATH_NOT_REBUILT_AT_W16_W32; EXACT_OPERATION_COUNTS_AND_IDENTICAL_MAGNITUDES_RETAINED; PROPAGATION_COMBINER_AND_POLICY_MATCHED_CONTENT_CACHE_LOGIC_NOT_IN_NAND_TOTAL,2224,0,IMPLEMENTED_TRACE_PASS
PAH-BUILD005-DEMAND-VALUATION-0001,32,SMOOTH_STRIP,smooth-near-smooth-rough,3779E97B1B22EDD6DCBFDB44D1B6D6B740635307537002EA08F7F02A2C53DB94,COLD_MAG,MAGNITUDE_FINAL,false,false,true,BIN_FRONTIER_NOPROP_K,4,0,228,17,28,196,37,187,187,209,826,0,0,0,209,209,0,205,72,0,0,0,209,0,0,0,0,0,209,0,0,0,0,0,0,0,0,57,0,1,19,0,209,6468,228,6924,365541,50592,13901104,1326732,15643969,EXPLORATORY_COMPONENT_PROXY__NOT_DECISION_ELIGIBLE,AUTHORITATIVE_W_BIT_LOAD_ADD_MUL_OUTPUT_DATAPATH_NOT_REBUILT_AT_W16_W32; EXACT_OPERATION_COUNTS_AND_IDENTICAL_MAGNITUDES_RETAINED; PROPAGATION_COMBINER_AND_POLICY_MATCHED_CONTENT_CACHE_LOGIC_NOT_IN_NAND_TOTAL,2224,0,IMPLEMENTED_TRACE_PASS
PAH-BUILD005-DEMAND-VALUATION-0001,32,SMOOTH_STRIP,smooth-near-smooth-rough,3779E97B1B22EDD6DCBFDB44D1B6D6B740635307537002EA08F7F02A2C53DB94,COLD_MAG,MAGNITUDE_FINAL,false,false,true,BIN_PRIME_FRONTIER_PROP_K,4,0,228,17,28,196,37,187,187,209,826,0,0,0,209,209,0,205,72,0,0,0,209,0,0,0,0,0,209,0,0,0,0,0,0,0,0,57,0,1,19,0,209,6468,228,6924,365541,50592,13901104,1326732,15643969,EXPLORATORY_COMPONENT_PROXY__NOT_DECISION_ELIGIBLE,AUTHORITATIVE_W_BIT_LOAD_ADD_MUL_OUTPUT_DATAPATH_NOT_REBUILT_AT_W16_W32; EXACT_OPERATION_COUNTS_AND_IDENTICAL_MAGNITUDES_RETAINED; PROPAGATION_COMBINER_AND_POLICY_MATCHED_CONTENT_CACHE_LOGIC_NOT_IN_NAND_TOTAL,2224,0,IMPLEMENTED_TRACE_PASS
PAH-BUILD005-DEMAND-VALUATION-0001,32,SMOOTH_STRIP,smooth-near-smooth-rough,3779E97B1B22EDD6DCBFDB44D1B6D6B740635307537002EA08F7F02A2C53DB94,COLD_MAG,MAGNITUDE_FINAL,false,false,true,BIN_PRIME_FRONTIER_SPEC_B1_K,4,1,265,17,28,196,37,187,195,246,974,17,0,0,229,229,8,225,72,0,0,0,229,8,0,0,0,0,209,37,17,37,0,164,11,0,0,57,0,1,19,0,246,6468,256,6989,430254,50592,13901104,1524072,15906022,EXPLORATORY_COMPONENT_PROXY__NOT_DECISION_ELIGIBLE,AUTHORITATIVE_W_BIT_LOAD_ADD_MUL_OUTPUT_DATAPATH_NOT_REBUILT_AT_W16_W32; EXACT_OPERATION_COUNTS_AND_IDENTICAL_MAGNITUDES_RETAINED; PROPAGATION_COMBINER_AND_POLICY_MATCHED_CONTENT_CACHE_LOGIC_NOT_IN_NAND_TOTAL,2298,0,IMPLEMENTED_TRACE_PASS
PAH-BUILD005-DEMAND-VALUATION-0001,32,SMOOTH_STRIP,smooth-near-smooth-rough,3779E97B1B22EDD6DCBFDB44D1B6D6B740635307537002EA08F7F02A2C53DB94,COLD_MAG,MAGNITUDE_FINAL,false,false,true,BIN_PRIME_FRONTIER_SPEC_B4_K,4,4,316,17,28,264,58,234,255,297,1178,0,0,0,297,297,0,293,72,0,0,0,276,21,0,0,0,0,209,88,68,88,0,368,11,0,0,57,0,1,19,0,297,8712,316,9344,519453,50592,18723936,1861068,21155049,EXPLORATORY_COMPONENT_PROXY__NOT_DECISION_ELIGIBLE,AUTHORITATIVE_W_BIT_LOAD_ADD_MUL_OUTPUT_DATAPATH_NOT_REBUILT_AT_W16_W32; EXACT_OPERATION_COUNTS_AND_IDENTICAL_MAGNITUDES_RETAINED; PROPAGATION_COMBINER_AND_POLICY_MATCHED_CONTENT_CACHE_LOGIC_NOT_IN_NAND_TOTAL,2400,0,IMPLEMENTED_TRACE_PASS
PAH-BUILD005-DEMAND-VALUATION-0001,32,MULTIPLICATIVE_DAG,cold-leaves-balanced-products,59418D30627840E9501596130D90E337FAEDA99A516A6BA4C3D9E79187BC58C5,COLD_MAG,MAGNITUDE_FINAL,false,true,true,BIN_DIRECT_BEST,0,0,12,0,0,9,4,5,5,0,0,0,0,0,0,0,0,0,0,0,0,0,5,0,0,0,0,0,5,0,0,0,0,0,0,0,0,0,0,4,7,0,5,297,0,309,8745,0,638316,0,647061,EXPLORATORY_COMPONENT_PROXY__NOT_DECISION_ELIGIBLE,AUTHORITATIVE_W_BIT_LOAD_ADD_MUL_OUTPUT_DATAPATH_NOT_REBUILT_AT_W16_W32; EXACT_OPERATION_COUNTS_AND_IDENTICAL_MAGNITUDES_RETAINED; PROPAGATION_COMBINER_AND_POLICY_MATCHED_CONTENT_CACHE_LOGIC_NOT_IN_NAND_TOTAL,133,0,IMPLEMENTED_TRACE_PASS
PAH-BUILD005-DEMAND-VALUATION-0001,32,MULTIPLICATIVE_DAG,cold-leaves-balanced-products,59418D30627840E9501596130D90E337FAEDA99A516A6BA4C3D9E79187BC58C5,COLD_MAG,MAGNITUDE_FINAL,false,true,true,BIN_CONTENT_ANSWER_LRU_K,1,0,12,0,0,9,4,5,5,5,4,0,0,0,5,5,0,4,0,0,0,0,5,0,0,0,0,0,5,0,0,0,0,0,0,0,0,0,0,4,7,0,5,297,5,314,8745,0,638316,7500,654561,EXPLORATORY_COMPONENT_PROXY__NOT_DECISION_ELIGIBLE,AUTHORITATIVE_W_BIT_LOAD_ADD_MUL_OUTPUT_DATAPATH_NOT_REBUILT_AT_W16_W32; EXACT_OPERATION_COUNTS_AND_IDENTICAL_MAGNITUDES_RETAINED; PROPAGATION_COMBINER_AND_POLICY_MATCHED_CONTENT_CACHE_LOGIC_NOT_IN_NAND_TOTAL,133,0,IMPLEMENTED_TRACE_PASS
PAH-BUILD005-DEMAND-VALUATION-0001,32,MULTIPLICATIVE_DAG,cold-leaves-balanced-products,59418D30627840E9501596130D90E337FAEDA99A516A6BA4C3D9E79187BC58C5,COLD_MAG,MAGNITUDE_FINAL,false,true,true,BIN_FRONTIER_NOPROP_K,1,0,12,0,0,9,4,5,5,5,4,0,0,0,5,5,0,4,0,0,0,0,5,0,0,0,0,0,5,0,0,0,0,0,0,0,0,0,0,4,7,0,5,297,12,321,8745,0,638316,12750,659811,EXPLORATORY_COMPONENT_PROXY__NOT_DECISION_ELIGIBLE,AUTHORITATIVE_W_BIT_LOAD_ADD_MUL_OUTPUT_DATAPATH_NOT_REBUILT_AT_W16_W32; EXACT_OPERATION_COUNTS_AND_IDENTICAL_MAGNITUDES_RETAINED; PROPAGATION_COMBINER_AND_POLICY_MATCHED_CONTENT_CACHE_LOGIC_NOT_IN_NAND_TOTAL,133,0,IMPLEMENTED_TRACE_PASS
PAH-BUILD005-DEMAND-VALUATION-0001,32,MULTIPLICATIVE_DAG,cold-leaves-balanced-products,59418D30627840E9501596130D90E337FAEDA99A516A6BA4C3D9E79187BC58C5,COLD_MAG,MAGNITUDE_FINAL,false,true,true,BIN_PRIME_FRONTIER_PROP_K,1,0,12,0,0,9,4,5,5,11,10,1,0,0,10,5,0,4,0,0,0,0,5,0,0,0,0,0,5,0,0,0,0,0,0,0,0,0,0,4,7,0,5,297,18,327,8745,0,638316,17250,664311,EXPLORATORY_COMPONENT_PROXY__NOT_DECISION_ELIGIBLE,AUTHORITATIVE_W_BIT_LOAD_ADD_MUL_OUTPUT_DATAPATH_NOT_REBUILT_AT_W16_W32; EXACT_OPERATION_COUNTS_AND_IDENTICAL_MAGNITUDES_RETAINED; PROPAGATION_COMBINER_AND_POLICY_MATCHED_CONTENT_CACHE_LOGIC_NOT_IN_NAND_TOTAL,133,0,IMPLEMENTED_TRACE_PASS
PAH-BUILD005-DEMAND-VALUATION-0001,32,MULTIPLICATIVE_DAG,cold-leaves-balanced-products,59418D30627840E9501596130D90E337FAEDA99A516A6BA4C3D9E79187BC58C5,COLD_MAG,MAGNITUDE_FINAL,false,true,true,BIN_PRIME_FRONTIER_SPEC_B1_K,1,1,19,0,0,15,8,7,12,18,17,2,0,0,16,11,1,10,0,0,0,0,7,5,0,0,0,0,5,7,7,5,2,17,4,0,0,0,0,4,7,0,12,495,25,539,20988,0,1063860,27750,1112598,EXPLORATORY_COMPONENT_PROXY__NOT_DECISION_ELIGIBLE,AUTHORITATIVE_W_BIT_LOAD_ADD_MUL_OUTPUT_DATAPATH_NOT_REBUILT_AT_W16_W32; EXACT_OPERATION_COUNTS_AND_IDENTICAL_MAGNITUDES_RETAINED; PROPAGATION_COMBINER_AND_POLICY_MATCHED_CONTENT_CACHE_LOGIC_NOT_IN_NAND_TOTAL,147,0,IMPLEMENTED_TRACE_PASS
PAH-BUILD005-DEMAND-VALUATION-0001,32,MULTIPLICATIVE_DAG,cold-leaves-balanced-products,59418D30627840E9501596130D90E337FAEDA99A516A6BA4C3D9E79187BC58C5,COLD_MAG,MAGNITUDE_FINAL,false,true,true,BIN_PRIME_FRONTIER_SPEC_B4_K,1,4,40,0,0,37,17,20,33,39,38,1,0,0,38,33,0,32,0,0,0,0,20,13,0,0,0,0,5,28,28,5,23,17,4,0,0,0,0,4,7,0,33,1221,46,1307,57717,0,2624188,59250,2741155,EXPLORATORY_COMPONENT_PROXY__NOT_DECISION_ELIGIBLE,AUTHORITATIVE_W_BIT_LOAD_ADD_MUL_OUTPUT_DATAPATH_NOT_REBUILT_AT_W16_W32; EXACT_OPERATION_COUNTS_AND_IDENTICAL_MAGNITUDES_RETAINED; PROPAGATION_COMBINER_AND_POLICY_MATCHED_CONTENT_CACHE_LOGIC_NOT_IN_NAND_TOTAL,189,0,IMPLEMENTED_TRACE_PASS
PAH-BUILD005-DEMAND-VALUATION-0001,32,MULTIPLICATIVE_DAG,cold-leaves-balanced-products,59418D30627840E9501596130D90E337FAEDA99A516A6BA4C3D9E79187BC58C5,COLD_MAG,MAGNITUDE_FINAL,false,true,true,BIN_CONTENT_ANSWER_LRU_K,2,0,12,0,0,9,4,5,5,5,7,0,0,0,5,5,0,3,0,0,0,0,5,0,0,0,0,0,5,0,0,0,0,0,0,0,0,0,0,4,7,0,5,297,5,314,8745,0,638316,15050,662111,EXPLORATORY_COMPONENT_PROXY__NOT_DECISION_ELIGIBLE,AUTHORITATIVE_W_BIT_LOAD_ADD_MUL_OUTPUT_DATAPATH_NOT_REBUILT_AT_W16_W32; EXACT_OPERATION_COUNTS_AND_IDENTICAL_MAGNITUDES_RETAINED; PROPAGATION_COMBINER_AND_POLICY_MATCHED_CONTENT_CACHE_LOGIC_NOT_IN_NAND_TOTAL,133,0,IMPLEMENTED_TRACE_PASS
PAH-BUILD005-DEMAND-VALUATION-0001,32,MULTIPLICATIVE_DAG,cold-leaves-balanced-products,59418D30627840E9501596130D90E337FAEDA99A516A6BA4C3D9E79187BC58C5,COLD_MAG,MAGNITUDE_FINAL,false,true,true,BIN_FRONTIER_NOPROP_K,2,0,12,0,0,9,4,5,5,5,7,0,0,0,5,5,0,3,1,0,0,0,5,0,0,0,0,0,5,0,0,0,0,0,0,0,0,0,0,4,7,0,5,297,12,321,8745,0,638316,25585,672646,EXPLORATORY_COMPONENT_PROXY__NOT_DECISION_ELIGIBLE,AUTHORITATIVE_W_BIT_LOAD_ADD_MUL_OUTPUT_DATAPATH_NOT_REBUILT_AT_W16_W32; EXACT_OPERATION_COUNTS_AND_IDENTICAL_MAGNITUDES_RETAINED; PROPAGATION_COMBINER_AND_POLICY_MATCHED_CONTENT_CACHE_LOGIC_NOT_IN_NAND_TOTAL,133,0,IMPLEMENTED_TRACE_PASS
PAH-BUILD005-DEMAND-VALUATION-0001,32,MULTIPLICATIVE_DAG,cold-leaves-balanced-products,59418D30627840E9501596130D90E337FAEDA99A516A6BA4C3D9E79187BC58C5,COLD_MAG,MAGNITUDE_FINAL,false,true,true,BIN_PRIME_FRONTIER_PROP_K,2,0,12,0,0,9,4,5,5,11,19,3,0,0,8,6,0,4,1,1,0,0,5,0,1,0,1,1,5,0,0,0,0,0,0,0,0,0,0,4,7,2,5,297,19,330,8745,0,638316,36120,683181,EXPLORATORY_COMPONENT_PROXY__NOT_DECISION_ELIGIBLE,AUTHORITATIVE_W_BIT_LOAD_ADD_MUL_OUTPUT_DATAPATH_NOT_REBUILT_AT_W16_W32; EXACT_OPERATION_COUNTS_AND_IDENTICAL_MAGNITUDES_RETAINED; PROPAGATION_COMBINER_AND_POLICY_MATCHED_CONTENT_CACHE_LOGIC_NOT_IN_NAND_TOTAL,133,0,IMPLEMENTED_TRACE_PASS
PAH-BUILD005-DEMAND-VALUATION-0001,32,MULTIPLICATIVE_DAG,cold-leaves-balanced-products,59418D30627840E9501596130D90E337FAEDA99A516A6BA4C3D9E79187BC58C5,COLD_MAG,MAGNITUDE_FINAL,false,true,true,BIN_PRIME_FRONTIER_SPEC_B1_K,2,1,19,0,0,15,8,7,12,18,33,3,0,0,15,11,1,9,0,0,0,0,7,5,0,0,0,0,5,7,7,5,2,17,4,0,0,0,0,4,7,0,12,495,25,539,20988,0,1063860,55685,1140533,EXPLORATORY_COMPONENT_PROXY__NOT_DECISION_ELIGIBLE,AUTHORITATIVE_W_BIT_LOAD_ADD_MUL_OUTPUT_DATAPATH_NOT_REBUILT_AT_W16_W32; EXACT_OPERATION_COUNTS_AND_IDENTICAL_MAGNITUDES_RETAINED; PROPAGATION_COMBINER_AND_POLICY_MATCHED_CONTENT_CACHE_LOGIC_NOT_IN_NAND_TOTAL,147,0,IMPLEMENTED_TRACE_PASS
PAH-BUILD005-DEMAND-VALUATION-0001,32,MULTIPLICATIVE_DAG,cold-leaves-balanced-products,59418D30627840E9501596130D90E337FAEDA99A516A6BA4C3D9E79187BC58C5,COLD_MAG,MAGNITUDE_FINAL,false,true,true,BIN_PRIME_FRONTIER_SPEC_B4_K,2,4,40,0,0,37,17,20,33,39,75,1,0,0,38,33,0,31,0,0,0,0,20,13,0,0,0,0,5,28,28,5,23,17,4,0,0,0,0,4,7,0,33,1221,46,1307,57717,0,2624188,118895,2800800,EXPLORATORY_COMPONENT_PROXY__NOT_DECISION_ELIGIBLE,AUTHORITATIVE_W_BIT_LOAD_ADD_MUL_OUTPUT_DATAPATH_NOT_REBUILT_AT_W16_W32; EXACT_OPERATION_COUNTS_AND_IDENTICAL_MAGNITUDES_RETAINED; PROPAGATION_COMBINER_AND_POLICY_MATCHED_CONTENT_CACHE_LOGIC_NOT_IN_NAND_TOTAL,189,0,IMPLEMENTED_TRACE_PASS
PAH-BUILD005-DEMAND-VALUATION-0001,32,MULTIPLICATIVE_DAG,cold-leaves-balanced-products,59418D30627840E9501596130D90E337FAEDA99A516A6BA4C3D9E79187BC58C5,COLD_MAG,MAGNITUDE_FINAL,false,true,true,BIN_CONTENT_ANSWER_LRU_K,4,0,12,0,0,9,4,5,5,5,10,0,0,0,5,5,0,1,0,0,0,0,5,0,0,0,0,0,5,0,0,0,0,0,0,0,0,0,0,4,7,0,5,297,5,314,8745,0,638316,30360,677421,EXPLORATORY_COMPONENT_PROXY__NOT_DECISION_ELIGIBLE,AUTHORITATIVE_W_BIT_LOAD_ADD_MUL_OUTPUT_DATAPATH_NOT_REBUILT_AT_W16_W32; EXACT_OPERATION_COUNTS_AND_IDENTICAL_MAGNITUDES_RETAINED; PROPAGATION_COMBINER_AND_POLICY_MATCHED_CONTENT_CACHE_LOGIC_NOT_IN_NAND_TOTAL,133,0,IMPLEMENTED_TRACE_PASS
PAH-BUILD005-DEMAND-VALUATION-0001,32,MULTIPLICATIVE_DAG,cold-leaves-balanced-products,59418D30627840E9501596130D90E337FAEDA99A516A6BA4C3D9E79187BC58C5,COLD_MAG,MAGNITUDE_FINAL,false,true,true,BIN_FRONTIER_NOPROP_K,4,0,12,0,0,9,4,5,5,5,10,0,0,0,5,5,0,1,2,0,1,0,5,0,0,0,0,0,5,0,0,0,0,0,0,0,0,0,0,4,7,0,5,297,12,321,8745,0,638316,51612,698673,EXPLORATORY_COMPONENT_PROXY__NOT_DECISION_ELIGIBLE,AUTHORITATIVE_W_BIT_LOAD_ADD_MUL_OUTPUT_DATAPATH_NOT_REBUILT_AT_W16_W32; EXACT_OPERATION_COUNTS_AND_IDENTICAL_MAGNITUDES_RETAINED; PROPAGATION_COMBINER_AND_POLICY_MATCHED_CONTENT_CACHE_LOGIC_NOT_IN_NAND_TOTAL,133,0,IMPLEMENTED_TRACE_PASS
PAH-BUILD005-DEMAND-VALUATION-0001,32,MULTIPLICATIVE_DAG,cold-leaves-balanced-products,59418D30627840E9501596130D90E337FAEDA99A516A6BA4C3D9E79187BC58C5,COLD_MAG,MAGNITUDE_FINAL,false,true,true,BIN_PRIME_FRONTIER_PROP_K,4,0,12,0,0,9,4,5,5,11,34,4,0,0,7,6,0,2,2,1,3,0,5,0,1,0,1,1,5,0,0,0,0,0,0,0,0,0,0,4,7,2,5,297,19,330,8745,0,638316,72864,719925,EXPLORATORY_COMPONENT_PROXY__NOT_DECISION_ELIGIBLE,AUTHORITATIVE_W_BIT_LOAD_ADD_MUL_OUTPUT_DATAPATH_NOT_REBUILT_AT_W16_W32; EXACT_OPERATION_COUNTS_AND_IDENTICAL_MAGNITUDES_RETAINED; PROPAGATION_COMBINER_AND_POLICY_MATCHED_CONTENT_CACHE_LOGIC_NOT_IN_NAND_TOTAL,133,0,IMPLEMENTED_TRACE_PASS
PAH-BUILD005-DEMAND-VALUATION-0001,32,MULTIPLICATIVE_DAG,cold-leaves-balanced-products,59418D30627840E9501596130D90E337FAEDA99A516A6BA4C3D9E79187BC58C5,COLD_MAG,MAGNITUDE_FINAL,false,true,true,BIN_PRIME_FRONTIER_SPEC_B1_K,4,1,21,0,0,10,5,5,10,20,70,11,2,0,9,9,3,5,3,2,3,0,5,5,1,1,2,2,5,9,7,5,4,17,4,0,0,0,0,4,7,4,14,330,25,380,24486,0,709240,118404,852130,EXPLORATORY_COMPONENT_PROXY__NOT_DECISION_ELIGIBLE,AUTHORITATIVE_W_BIT_LOAD_ADD_MUL_OUTPUT_DATAPATH_NOT_REBUILT_AT_W16_W32; EXACT_OPERATION_COUNTS_AND_IDENTICAL_MAGNITUDES_RETAINED; PROPAGATION_COMBINER_AND_POLICY_MATCHED_CONTENT_CACHE_LOGIC_NOT_IN_NAND_TOTAL,151,0,IMPLEMENTED_TRACE_PASS
PAH-BUILD005-DEMAND-VALUATION-0001,32,MULTIPLICATIVE_DAG,cold-leaves-balanced-products,59418D30627840E9501596130D90E337FAEDA99A516A6BA4C3D9E79187BC58C5,COLD_MAG,MAGNITUDE_FINAL,false,true,true,BIN_PRIME_FRONTIER_SPEC_B4_K,4,4,41,0,0,36,15,21,33,40,150,5,1,0,35,33,1,29,1,1,1,0,21,12,1,0,1,1,5,29,28,5,24,17,4,0,0,0,0,4,7,2,34,1188,47,1278,59466,0,2553264,245916,2858646,EXPLORATORY_COMPONENT_PROXY__NOT_DECISION_ELIGIBLE,AUTHORITATIVE_W_BIT_LOAD_ADD_MUL_OUTPUT_DATAPATH_NOT_REBUILT_AT_W16_W32; EXACT_OPERATION_COUNTS_AND_IDENTICAL_MAGNITUDES_RETAINED; PROPAGATION_COMBINER_AND_POLICY_MATCHED_CONTENT_CACHE_LOGIC_NOT_IN_NAND_TOTAL,191,0,IMPLEMENTED_TRACE_PASS
PAH-BUILD005-DEMAND-VALUATION-0001,32,PRODUCER_FACTORED,known-prime-constructor,DA0DED9CEFA176FBDB82E060C46F7AB31620E7A44CA3D7174348AB20B88788E9,PRODUCER_GENERATED,MAGNITUDE_FINAL,false,false,false,BIN_DIRECT_BEST,0,0,11,1,2,8,5,5,5,0,0,0,0,0,0,0,0,0,0,0,0,0,5,0,0,0,0,0,5,0,0,0,0,0,0,0,0,0,0,1,6,0,5,264,0,275,8745,2976,567392,0,579113,EXPLORATORY_COMPONENT_PROXY__NOT_DECISION_ELIGIBLE,AUTHORITATIVE_W_BIT_LOAD_ADD_MUL_OUTPUT_DATAPATH_NOT_REBUILT_AT_W16_W32; EXACT_OPERATION_COUNTS_AND_IDENTICAL_MAGNITUDES_RETAINED; PROPAGATION_COMBINER_AND_POLICY_MATCHED_CONTENT_CACHE_LOGIC_NOT_IN_NAND_TOTAL,93,0,IMPLEMENTED_TRACE_PASS
PAH-BUILD005-DEMAND-VALUATION-0001,32,PRODUCER_FACTORED,known-prime-constructor,DA0DED9CEFA176FBDB82E060C46F7AB31620E7A44CA3D7174348AB20B88788E9,PRODUCER_GENERATED,MAGNITUDE_FINAL,false,false,false,BIN_CONTENT_ANSWER_LRU_K,1,0,11,1,2,8,5,5,5,5,4,0,0,0,5,5,0,4,0,0,0,0,5,0,0,0,0,0,5,0,0,0,0,0,0,0,0,0,0,1,6,0,5,264,5,280,8745,2976,567392,7500,586613,EXPLORATORY_COMPONENT_PROXY__NOT_DECISION_ELIGIBLE,AUTHORITATIVE_W_BIT_LOAD_ADD_MUL_OUTPUT_DATAPATH_NOT_REBUILT_AT_W16_W32; EXACT_OPERATION_COUNTS_AND_IDENTICAL_MAGNITUDES_RETAINED; PROPAGATION_COMBINER_AND_POLICY_MATCHED_CONTENT_CACHE_LOGIC_NOT_IN_NAND_TOTAL,93,0,IMPLEMENTED_TRACE_PASS
PAH-BUILD005-DEMAND-VALUATION-0001,32,PRODUCER_FACTORED,known-prime-constructor,DA0DED9CEFA176FBDB82E060C46F7AB31620E7A44CA3D7174348AB20B88788E9,PRODUCER_GENERATED,MAGNITUDE_FINAL,false,false,false,BIN_FRONTIER_NOPROP_K,1,0,11,1,2,8,5,5,5,5,4,0,0,0,5,5,0,4,0,0,0,0,5,0,0,0,0,0,5,0,0,0,0,0,0,0,0,0,0,1,6,0,5,264,11,286,8745,2976,567392,12000,591113,EXPLORATORY_COMPONENT_PROXY__NOT_DECISION_ELIGIBLE,AUTHORITATIVE_W_BIT_LOAD_ADD_MUL_OUTPUT_DATAPATH_NOT_REBUILT_AT_W16_W32; EXACT_OPERATION_COUNTS_AND_IDENTICAL_MAGNITUDES_RETAINED; PROPAGATION_COMBINER_AND_POLICY_MATCHED_CONTENT_CACHE_LOGIC_NOT_IN_NAND_TOTAL,93,0,IMPLEMENTED_TRACE_PASS
PAH-BUILD005-DEMAND-VALUATION-0001,32,PRODUCER_FACTORED,known-prime-constructor,DA0DED9CEFA176FBDB82E060C46F7AB31620E7A44CA3D7174348AB20B88788E9,PRODUCER_GENERATED,MAGNITUDE_FINAL,false,false,false,BIN_PRIME_FRONTIER_PROP_K,1,0,11,1,2,8,5,5,5,10,9,4,0,0,6,14,0,13,4,9,0,0,5,0,0,9,0,4,5,0,0,0,0,0,0,0,0,0,0,1,6,4,5,264,25,304,8745,2976,567392,22500,601613,EXPLORATORY_COMPONENT_PROXY__NOT_DECISION_ELIGIBLE,AUTHORITATIVE_W_BIT_LOAD_ADD_MUL_OUTPUT_DATAPATH_NOT_REBUILT_AT_W16_W32; EXACT_OPERATION_COUNTS_AND_IDENTICAL_MAGNITUDES_RETAINED; PROPAGATION_COMBINER_AND_POLICY_MATCHED_CONTENT_CACHE_LOGIC_NOT_IN_NAND_TOTAL,93,0,IMPLEMENTED_TRACE_PASS
PAH-BUILD005-DEMAND-VALUATION-0001,32,PRODUCER_FACTORED,known-prime-constructor,DA0DED9CEFA176FBDB82E060C46F7AB31620E7A44CA3D7174348AB20B88788E9,PRODUCER_GENERATED,MAGNITUDE_FINAL,false,false,false,BIN_PRIME_FRONTIER_SPEC_B1_K,1,1,27,1,2,13,8,7,10,26,25,6,1,0,20,28,0,27,5,8,0,0,17,3,3,5,2,3,5,16,5,1,15,2,2,0,0,0,0,1,6,5,21,429,39,500,36729,2976,922012,45000,1006717,EXPLORATORY_COMPONENT_PROXY__NOT_DECISION_ELIGIBLE,AUTHORITATIVE_W_BIT_LOAD_ADD_MUL_OUTPUT_DATAPATH_NOT_REBUILT_AT_W16_W32; EXACT_OPERATION_COUNTS_AND_IDENTICAL_MAGNITUDES_RETAINED; PROPAGATION_COMBINER_AND_POLICY_MATCHED_CONTENT_CACHE_LOGIC_NOT_IN_NAND_TOTAL,125,0,IMPLEMENTED_TRACE_PASS
PAH-BUILD005-DEMAND-VALUATION-0001,32,PRODUCER_FACTORED,known-prime-constructor,DA0DED9CEFA176FBDB82E060C46F7AB31620E7A44CA3D7174348AB20B88788E9,PRODUCER_GENERATED,MAGNITUDE_FINAL,false,false,false,BIN_PRIME_FRONTIER_SPEC_B4_K,1,4,41,1,2,28,15,15,25,40,39,5,0,0,35,44,0,43,5,9,0,0,25,10,5,4,1,4,5,30,20,4,26,14,5,0,0,0,0,1,6,5,35,924,55,1025,61215,2976,1985872,67500,2117563,EXPLORATORY_COMPONENT_PROXY__NOT_DECISION_ELIGIBLE,AUTHORITATIVE_W_BIT_LOAD_ADD_MUL_OUTPUT_DATAPATH_NOT_REBUILT_AT_W16_W32; EXACT_OPERATION_COUNTS_AND_IDENTICAL_MAGNITUDES_RETAINED; PROPAGATION_COMBINER_AND_POLICY_MATCHED_CONTENT_CACHE_LOGIC_NOT_IN_NAND_TOTAL,153,0,IMPLEMENTED_TRACE_PASS
PAH-BUILD005-DEMAND-VALUATION-0001,32,PRODUCER_FACTORED,known-prime-constructor,DA0DED9CEFA176FBDB82E060C46F7AB31620E7A44CA3D7174348AB20B88788E9,PRODUCER_GENERATED,MAGNITUDE_FINAL,false,false,false,BIN_CONTENT_ANSWER_LRU_K,2,0,11,1,2,8,5,5,5,5,7,0,0,0,5,5,0,3,0,0,0,0,5,0,0,0,0,0,5,0,0,0,0,0,0,0,0,0,0,1,6,0,5,264,5,280,8745,2976,567392,15050,594163,EXPLORATORY_COMPONENT_PROXY__NOT_DECISION_ELIGIBLE,AUTHORITATIVE_W_BIT_LOAD_ADD_MUL_OUTPUT_DATAPATH_NOT_REBUILT_AT_W16_W32; EXACT_OPERATION_COUNTS_AND_IDENTICAL_MAGNITUDES_RETAINED; PROPAGATION_COMBINER_AND_POLICY_MATCHED_CONTENT_CACHE_LOGIC_NOT_IN_NAND_TOTAL,93,0,IMPLEMENTED_TRACE_PASS
PAH-BUILD005-DEMAND-VALUATION-0001,32,PRODUCER_FACTORED,known-prime-constructor,DA0DED9CEFA176FBDB82E060C46F7AB31620E7A44CA3D7174348AB20B88788E9,PRODUCER_GENERATED,MAGNITUDE_FINAL,false,false,false,BIN_FRONTIER_NOPROP_K,2,0,11,1,2,8,5,5,5,5,7,0,0,0,5,5,0,3,0,0,0,0,5,0,0,0,0,0,5,0,0,0,0,0,0,0,0,0,0,1,6,0,5,264,11,286,8745,2976,567392,24080,603193,EXPLORATORY_COMPONENT_PROXY__NOT_DECISION_ELIGIBLE,AUTHORITATIVE_W_BIT_LOAD_ADD_MUL_OUTPUT_DATAPATH_NOT_REBUILT_AT_W16_W32; EXACT_OPERATION_COUNTS_AND_IDENTICAL_MAGNITUDES_RETAINED; PROPAGATION_COMBINER_AND_POLICY_MATCHED_CONTENT_CACHE_LOGIC_NOT_IN_NAND_TOTAL,93,0,IMPLEMENTED_TRACE_PASS
PAH-BUILD005-DEMAND-VALUATION-0001,32,PRODUCER_FACTORED,known-prime-constructor,DA0DED9CEFA176FBDB82E060C46F7AB31620E7A44CA3D7174348AB20B88788E9,PRODUCER_GENERATED,MAGNITUDE_FINAL,false,false,false,BIN_PRIME_FRONTIER_PROP_K,2,0,11,1,2,8,5,5,5,10,17,4,0,0,6,17,0,15,7,12,0,0,5,0,0,12,0,7,5,0,0,0,0,0,0,0,0,0,0,1,6,7,5,264,28,310,8745,2976,567392,49665,628778,EXPLORATORY_COMPONENT_PROXY__NOT_DECISION_ELIGIBLE,AUTHORITATIVE_W_BIT_LOAD_ADD_MUL_OUTPUT_DATAPATH_NOT_REBUILT_AT_W16_W32; EXACT_OPERATION_COUNTS_AND_IDENTICAL_MAGNITUDES_RETAINED; PROPAGATION_COMBINER_AND_POLICY_MATCHED_CONTENT_CACHE_LOGIC_NOT_IN_NAND_TOTAL,93,0,IMPLEMENTED_TRACE_PASS
PAH-BUILD005-DEMAND-VALUATION-0001,32,PRODUCER_FACTORED,known-prime-constructor,DA0DED9CEFA176FBDB82E060C46F7AB31620E7A44CA3D7174348AB20B88788E9,PRODUCER_GENERATED,MAGNITUDE_FINAL,false,false,false,BIN_PRIME_FRONTIER_SPEC_B1_K,2,1,29,1,2,12,6,8,10,28,53,9,3,0,19,31,1,29,10,12,0,0,18,2,9,3,3,7,5,18,5,1,17,2,2,0,0,0,0,1,6,10,23,396,43,478,40227,2976,851088,99330,993621,EXPLORATORY_COMPONENT_PROXY__NOT_DECISION_ELIGIBLE,AUTHORITATIVE_W_BIT_LOAD_ADD_MUL_OUTPUT_DATAPATH_NOT_REBUILT_AT_W16_W32; EXACT_OPERATION_COUNTS_AND_IDENTICAL_MAGNITUDES_RETAINED; PROPAGATION_COMBINER_AND_POLICY_MATCHED_CONTENT_CACHE_LOGIC_NOT_IN_NAND_TOTAL,129,0,IMPLEMENTED_TRACE_PASS
PAH-BUILD005-DEMAND-VALUATION-0001,32,PRODUCER_FACTORED,known-prime-constructor,DA0DED9CEFA176FBDB82E060C46F7AB31620E7A44CA3D7174348AB20B88788E9,PRODUCER_GENERATED,MAGNITUDE_FINAL,false,false,false,BIN_PRIME_FRONTIER_SPEC_B4_K,2,4,41,1,2,28,15,15,25,40,77,5,0,0,35,48,0,46,10,13,0,0,25,10,9,4,2,8,5,30,20,4,26,14,5,0,0,0,0,1,6,10,35,924,59,1034,61215,2976,1985872,141470,2191533,EXPLORATORY_COMPONENT_PROXY__NOT_DECISION_ELIGIBLE,AUTHORITATIVE_W_BIT_LOAD_ADD_MUL_OUTPUT_DATAPATH_NOT_REBUILT_AT_W16_W32; EXACT_OPERATION_COUNTS_AND_IDENTICAL_MAGNITUDES_RETAINED; PROPAGATION_COMBINER_AND_POLICY_MATCHED_CONTENT_CACHE_LOGIC_NOT_IN_NAND_TOTAL,153,0,IMPLEMENTED_TRACE_PASS
PAH-BUILD005-DEMAND-VALUATION-0001,32,PRODUCER_FACTORED,known-prime-constructor,DA0DED9CEFA176FBDB82E060C46F7AB31620E7A44CA3D7174348AB20B88788E9,PRODUCER_GENERATED,MAGNITUDE_FINAL,false,false,false,BIN_CONTENT_ANSWER_LRU_K,4,0,11,1,2,8,5,5,5,5,10,0,0,0,5,5,0,1,0,0,0,0,5,0,0,0,0,0,5,0,0,0,0,0,0,0,0,0,0,1,6,0,5,264,5,280,8745,2976,567392,30360,609473,EXPLORATORY_COMPONENT_PROXY__NOT_DECISION_ELIGIBLE,AUTHORITATIVE_W_BIT_LOAD_ADD_MUL_OUTPUT_DATAPATH_NOT_REBUILT_AT_W16_W32; EXACT_OPERATION_COUNTS_AND_IDENTICAL_MAGNITUDES_RETAINED; PROPAGATION_COMBINER_AND_POLICY_MATCHED_CONTENT_CACHE_LOGIC_NOT_IN_NAND_TOTAL,93,0,IMPLEMENTED_TRACE_PASS
PAH-BUILD005-DEMAND-VALUATION-0001,32,PRODUCER_FACTORED,known-prime-constructor,DA0DED9CEFA176FBDB82E060C46F7AB31620E7A44CA3D7174348AB20B88788E9,PRODUCER_GENERATED,MAGNITUDE_FINAL,false,false,false,BIN_FRONTIER_NOPROP_K,4,0,11,1,2,8,5,5,5,5,10,0,0,0,5,5,0,1,0,0,0,0,5,0,0,0,0,0,5,0,0,0,0,0,0,0,0,0,0,1,6,0,5,264,11,286,8745,2976,567392,48576,627689,EXPLORATORY_COMPONENT_PROXY__NOT_DECISION_ELIGIBLE,AUTHORITATIVE_W_BIT_LOAD_ADD_MUL_OUTPUT_DATAPATH_NOT_REBUILT_AT_W16_W32; EXACT_OPERATION_COUNTS_AND_IDENTICAL_MAGNITUDES_RETAINED; PROPAGATION_COMBINER_AND_POLICY_MATCHED_CONTENT_CACHE_LOGIC_NOT_IN_NAND_TOTAL,93,0,IMPLEMENTED_TRACE_PASS
PAH-BUILD005-DEMAND-VALUATION-0001,32,PRODUCER_FACTORED,known-prime-constructor,DA0DED9CEFA176FBDB82E060C46F7AB31620E7A44CA3D7174348AB20B88788E9,PRODUCER_GENERATED,MAGNITUDE_FINAL,false,false,false,BIN_PRIME_FRONTIER_PROP_K,4,0,11,1,2,8,5,5,5,10,32,4,0,0,6,20,0,16,10,15,2,0,5,0,0,15,0,10,5,0,0,0,0,0,0,0,0,0,0,1,6,10,5,264,31,316,8745,2976,567392,109296,688409,EXPLORATORY_COMPONENT_PROXY__NOT_DECISION_ELIGIBLE,AUTHORITATIVE_W_BIT_LOAD_ADD_MUL_OUTPUT_DATAPATH_NOT_REBUILT_AT_W16_W32; EXACT_OPERATION_COUNTS_AND_IDENTICAL_MAGNITUDES_RETAINED; PROPAGATION_COMBINER_AND_POLICY_MATCHED_CONTENT_CACHE_LOGIC_NOT_IN_NAND_TOTAL,93,0,IMPLEMENTED_TRACE_PASS
PAH-BUILD005-DEMAND-VALUATION-0001,32,PRODUCER_FACTORED,known-prime-constructor,DA0DED9CEFA176FBDB82E060C46F7AB31620E7A44CA3D7174348AB20B88788E9,PRODUCER_GENERATED,MAGNITUDE_FINAL,false,false,false,BIN_PRIME_FRONTIER_SPEC_B1_K,4,1,36,1,2,13,5,10,10,35,130,15,10,0,20,41,0,37,20,21,0,0,20,0,20,1,4,16,5,25,5,4,21,14,5,0,0,0,0,1,6,20,30,429,52,537,52470,2976,922012,248952,1226410,EXPLORATORY_COMPONENT_PROXY__NOT_DECISION_ELIGIBLE,AUTHORITATIVE_W_BIT_LOAD_ADD_MUL_OUTPUT_DATAPATH_NOT_REBUILT_AT_W16_W32; EXACT_OPERATION_COUNTS_AND_IDENTICAL_MAGNITUDES_RETAINED; PROPAGATION_COMBINER_AND_POLICY_MATCHED_CONTENT_CACHE_LOGIC_NOT_IN_NAND_TOTAL,143,0,IMPLEMENTED_TRACE_PASS
PAH-BUILD005-DEMAND-VALUATION-0001,32,PRODUCER_FACTORED,known-prime-constructor,DA0DED9CEFA176FBDB82E060C46F7AB31620E7A44CA3D7174348AB20B88788E9,PRODUCER_GENERATED,MAGNITUDE_FINAL,false,false,false,BIN_PRIME_FRONTIER_SPEC_B4_K,4,4,49,1,2,28,11,19,25,48,182,13,4,4,35,58,0,54,20,23,0,0,29,6,18,5,2,18,5,38,20,4,34,14,5,0,0,0,0,1,6,20,43,924,69,1062,75207,2976,1985872,340032,2404087,EXPLORATORY_COMPONENT_PROXY__NOT_DECISION_ELIGIBLE,AUTHORITATIVE_W_BIT_LOAD_ADD_MUL_OUTPUT_DATAPATH_NOT_REBUILT_AT_W16_W32; EXACT_OPERATION_COUNTS_AND_IDENTICAL_MAGNITUDES_RETAINED; PROPAGATION_COMBINER_AND_POLICY_MATCHED_CONTENT_CACHE_LOGIC_NOT_IN_NAND_TOTAL,169,0,IMPLEMENTED_TRACE_PASS
PAH-BUILD005-DEMAND-VALUATION-0001,32,ADDITION_MUTATION,query-then-increment,EC4FB446354BC8A000D0515ADB699F7807F82CAB6AD152D64A5B34661F0AA507,COLD_MAG,MAGNITUDE_FINAL,true,false,true,BIN_DIRECT_BEST,0,0,98,0,0,70,22,48,48,0,0,0,0,0,0,0,0,0,0,0,0,0,48,0,0,0,0,0,48,0,0,0,0,0,0,0,0,0,0,2,50,0,48,2310,0,2408,83952,0,4964680,0,5048632,EXPLORATORY_COMPONENT_PROXY__NOT_DECISION_ELIGIBLE,AUTHORITATIVE_W_BIT_LOAD_ADD_MUL_OUTPUT_DATAPATH_NOT_REBUILT_AT_W16_W32; EXACT_OPERATION_COUNTS_AND_IDENTICAL_MAGNITUDES_RETAINED; PROPAGATION_COMBINER_AND_POLICY_MATCHED_CONTENT_CACHE_LOGIC_NOT_IN_NAND_TOTAL,929,0,IMPLEMENTED_TRACE_PASS
PAH-BUILD005-DEMAND-VALUATION-0001,32,ADDITION_MUTATION,query-then-increment,EC4FB446354BC8A000D0515ADB699F7807F82CAB6AD152D64A5B34661F0AA507,COLD_MAG,MAGNITUDE_FINAL,true,false,true,BIN_CONTENT_ANSWER_LRU_K,1,0,98,0,0,70,22,48,48,48,47,0,0,0,48,48,0,47,0,0,0,0,48,0,0,0,0,0,48,0,0,0,0,0,0,0,0,0,0,2,50,0,48,2310,48,2456,83952,0,4964680,72000,5120632,EXPLORATORY_COMPONENT_PROXY__NOT_DECISION_ELIGIBLE,AUTHORITATIVE_W_BIT_LOAD_ADD_MUL_OUTPUT_DATAPATH_NOT_REBUILT_AT_W16_W32; EXACT_OPERATION_COUNTS_AND_IDENTICAL_MAGNITUDES_RETAINED; PROPAGATION_COMBINER_AND_POLICY_MATCHED_CONTENT_CACHE_LOGIC_NOT_IN_NAND_TOTAL,929,0,IMPLEMENTED_TRACE_PASS
PAH-BUILD005-DEMAND-VALUATION-0001,32,ADDITION_MUTATION,query-then-increment,EC4FB446354BC8A000D0515ADB699F7807F82CAB6AD152D64A5B34661F0AA507,COLD_MAG,MAGNITUDE_FINAL,true,false,true,BIN_FRONTIER_NOPROP_K,1,0,98,0,0,70,22,48,48,48,47,0,0,0,48,48,0,47,48,0,47,0,48,0,0,0,0,0,48,0,0,0,0,0,0,0,0,0,0,2,50,0,48,2310,98,2506,83952,0,4964680,109500,5158132,EXPLORATORY_COMPONENT_PROXY__NOT_DECISION_ELIGIBLE,AUTHORITATIVE_W_BIT_LOAD_ADD_MUL_OUTPUT_DATAPATH_NOT_REBUILT_AT_W16_W32; EXACT_OPERATION_COUNTS_AND_IDENTICAL_MAGNITUDES_RETAINED; PROPAGATION_COMBINER_AND_POLICY_MATCHED_CONTENT_CACHE_LOGIC_NOT_IN_NAND_TOTAL,929,0,IMPLEMENTED_TRACE_PASS
PAH-BUILD005-DEMAND-VALUATION-0001,32,ADDITION_MUTATION,query-then-increment,EC4FB446354BC8A000D0515ADB699F7807F82CAB6AD152D64A5B34661F0AA507,COLD_MAG,MAGNITUDE_FINAL,true,false,true,BIN_PRIME_FRONTIER_PROP_K,1,0,98,0,0,70,22,48,48,48,47,0,0,0,48,48,0,47,48,0,47,0,48,0,0,0,0,0,48,0,0,0,0,0,0,0,0,0,0,2,50,0,48,2310,98,2506,83952,0,4964680,109500,5158132,EXPLORATORY_COMPONENT_PROXY__NOT_DECISION_ELIGIBLE,AUTHORITATIVE_W_BIT_LOAD_ADD_MUL_OUTPUT_DATAPATH_NOT_REBUILT_AT_W16_W32; EXACT_OPERATION_COUNTS_AND_IDENTICAL_MAGNITUDES_RETAINED; PROPAGATION_COMBINER_AND_POLICY_MATCHED_CONTENT_CACHE_LOGIC_NOT_IN_NAND_TOTAL,929,0,IMPLEMENTED_TRACE_PASS
PAH-BUILD005-DEMAND-VALUATION-0001,32,ADDITION_MUTATION,query-then-increment,EC4FB446354BC8A000D0515ADB699F7807F82CAB6AD152D64A5B34661F0AA507,COLD_MAG,MAGNITUDE_FINAL,true,false,true,BIN_PRIME_FRONTIER_SPEC_B1_K,1,1,157,0,0,72,24,48,65,107,106,47,0,0,60,60,15,59,48,0,48,0,58,17,0,0,0,0,48,59,49,48,11,49,2,0,0,0,0,2,50,0,107,2376,125,2658,187143,0,5106528,174000,5467671,EXPLORATORY_COMPONENT_PROXY__NOT_DECISION_ELIGIBLE,AUTHORITATIVE_W_BIT_LOAD_ADD_MUL_OUTPUT_DATAPATH_NOT_REBUILT_AT_W16_W32; EXACT_OPERATION_COUNTS_AND_IDENTICAL_MAGNITUDES_RETAINED; PROPAGATION_COMBINER_AND_POLICY_MATCHED_CONTENT_CACHE_LOGIC_NOT_IN_NAND_TOTAL,1047,0,IMPLEMENTED_TRACE_PASS
PAH-BUILD005-DEMAND-VALUATION-0001,32,ADDITION_MUTATION,query-then-increment,EC4FB446354BC8A000D0515ADB699F7807F82CAB6AD152D64A5B34661F0AA507,COLD_MAG,MAGNITUDE_FINAL,true,false,true,BIN_PRIME_FRONTIER_SPEC_B4_K,1,4,304,0,0,266,59,207,244,254,253,0,0,0,254,254,0,253,48,0,48,0,217,37,0,0,0,0,48,206,196,48,158,49,2,0,0,0,0,2,50,0,254,8778,304,9386,444246,0,18865784,418500,19728530,EXPLORATORY_COMPONENT_PROXY__NOT_DECISION_ELIGIBLE,AUTHORITATIVE_W_BIT_LOAD_ADD_MUL_OUTPUT_DATAPATH_NOT_REBUILT_AT_W16_W32; EXACT_OPERATION_COUNTS_AND_IDENTICAL_MAGNITUDES_RETAINED; PROPAGATION_COMBINER_AND_POLICY_MATCHED_CONTENT_CACHE_LOGIC_NOT_IN_NAND_TOTAL,1341,0,IMPLEMENTED_TRACE_PASS
PAH-BUILD005-DEMAND-VALUATION-0001,32,ADDITION_MUTATION,query-then-increment,EC4FB446354BC8A000D0515ADB699F7807F82CAB6AD152D64A5B34661F0AA507,COLD_MAG,MAGNITUDE_FINAL,true,false,true,BIN_CONTENT_ANSWER_LRU_K,2,0,98,0,0,70,22,48,48,48,93,0,0,0,48,48,0,46,0,0,0,0,48,0,0,0,0,0,48,0,0,0,0,0,0,0,0,0,0,2,50,0,48,2310,48,2456,83952,0,4964680,144480,5193112,EXPLORATORY_COMPONENT_PROXY__NOT_DECISION_ELIGIBLE,AUTHORITATIVE_W_BIT_LOAD_ADD_MUL_OUTPUT_DATAPATH_NOT_REBUILT_AT_W16_W32; EXACT_OPERATION_COUNTS_AND_IDENTICAL_MAGNITUDES_RETAINED; PROPAGATION_COMBINER_AND_POLICY_MATCHED_CONTENT_CACHE_LOGIC_NOT_IN_NAND_TOTAL,929,0,IMPLEMENTED_TRACE_PASS
PAH-BUILD005-DEMAND-VALUATION-0001,32,ADDITION_MUTATION,query-then-increment,EC4FB446354BC8A000D0515ADB699F7807F82CAB6AD152D64A5B34661F0AA507,COLD_MAG,MAGNITUDE_FINAL,true,false,true,BIN_FRONTIER_NOPROP_K,2,0,98,0,0,70,22,48,48,48,93,0,0,0,48,48,0,46,48,0,93,0,48,0,0,0,0,0,48,0,0,0,0,0,0,0,0,0,0,2,50,0,48,2310,98,2506,83952,0,4964680,219730,5268362,EXPLORATORY_COMPONENT_PROXY__NOT_DECISION_ELIGIBLE,AUTHORITATIVE_W_BIT_LOAD_ADD_MUL_OUTPUT_DATAPATH_NOT_REBUILT_AT_W16_W32; EXACT_OPERATION_COUNTS_AND_IDENTICAL_MAGNITUDES_RETAINED; PROPAGATION_COMBINER_AND_POLICY_MATCHED_CONTENT_CACHE_LOGIC_NOT_IN_NAND_TOTAL,929,0,IMPLEMENTED_TRACE_PASS
PAH-BUILD005-DEMAND-VALUATION-0001,32,ADDITION_MUTATION,query-then-increment,EC4FB446354BC8A000D0515ADB699F7807F82CAB6AD152D64A5B34661F0AA507,COLD_MAG,MAGNITUDE_FINAL,true,false,true,BIN_PRIME_FRONTIER_PROP_K,2,0,98,0,0,70,22,48,48,48,93,0,0,0,48,48,0,46,48,0,93,0,48,0,0,0,0,0,48,0,0,0,0,0,0,0,0,0,0,2,50,0,48,2310,98,2506,83952,0,4964680,219730,5268362,EXPLORATORY_COMPONENT_PROXY__NOT_DECISION_ELIGIBLE,AUTHORITATIVE_W_BIT_LOAD_ADD_MUL_OUTPUT_DATAPATH_NOT_REBUILT_AT_W16_W32; EXACT_OPERATION_COUNTS_AND_IDENTICAL_MAGNITUDES_RETAINED; PROPAGATION_COMBINER_AND_POLICY_MATCHED_CONTENT_CACHE_LOGIC_NOT_IN_NAND_TOTAL,929,0,IMPLEMENTED_TRACE_PASS
PAH-BUILD005-DEMAND-VALUATION-0001,32,ADDITION_MUTATION,query-then-increment,EC4FB446354BC8A000D0515ADB699F7807F82CAB6AD152D64A5B34661F0AA507,COLD_MAG,MAGNITUDE_FINAL,true,false,true,BIN_PRIME_FRONTIER_SPEC_B1_K,2,1,157,0,0,72,24,48,65,107,211,47,0,0,60,60,15,58,48,0,142,0,58,17,0,0,0,0,48,59,49,48,11,49,2,0,0,0,0,2,50,0,107,2376,125,2658,187143,0,5106528,349160,5642831,EXPLORATORY_COMPONENT_PROXY__NOT_DECISION_ELIGIBLE,AUTHORITATIVE_W_BIT_LOAD_ADD_MUL_OUTPUT_DATAPATH_NOT_REBUILT_AT_W16_W32; EXACT_OPERATION_COUNTS_AND_IDENTICAL_MAGNITUDES_RETAINED; PROPAGATION_COMBINER_AND_POLICY_MATCHED_CONTENT_CACHE_LOGIC_NOT_IN_NAND_TOTAL,1047,0,IMPLEMENTED_TRACE_PASS
PAH-BUILD005-DEMAND-VALUATION-0001,32,ADDITION_MUTATION,query-then-increment,EC4FB446354BC8A000D0515ADB699F7807F82CAB6AD152D64A5B34661F0AA507,COLD_MAG,MAGNITUDE_FINAL,true,false,true,BIN_PRIME_FRONTIER_SPEC_B4_K,2,4,304,0,0,266,59,207,244,254,505,0,0,0,254,254,0,252,95,0,48,0,217,37,0,0,0,0,48,206,196,48,158,49,2,0,0,0,0,2,50,0,254,8778,304,9386,444246,0,18865784,839790,20149820,EXPLORATORY_COMPONENT_PROXY__NOT_DECISION_ELIGIBLE,AUTHORITATIVE_W_BIT_LOAD_ADD_MUL_OUTPUT_DATAPATH_NOT_REBUILT_AT_W16_W32; EXACT_OPERATION_COUNTS_AND_IDENTICAL_MAGNITUDES_RETAINED; PROPAGATION_COMBINER_AND_POLICY_MATCHED_CONTENT_CACHE_LOGIC_NOT_IN_NAND_TOTAL,1341,0,IMPLEMENTED_TRACE_PASS
PAH-BUILD005-DEMAND-VALUATION-0001,32,ADDITION_MUTATION,query-then-increment,EC4FB446354BC8A000D0515ADB699F7807F82CAB6AD152D64A5B34661F0AA507,COLD_MAG,MAGNITUDE_FINAL,true,false,true,BIN_CONTENT_ANSWER_LRU_K,4,0,98,0,0,70,22,48,48,48,182,0,0,0,48,48,0,44,0,0,0,0,48,0,0,0,0,0,48,0,0,0,0,0,0,0,0,0,0,2,50,0,48,2310,48,2456,83952,0,4964680,291456,5340088,EXPLORATORY_COMPONENT_PROXY__NOT_DECISION_ELIGIBLE,AUTHORITATIVE_W_BIT_LOAD_ADD_MUL_OUTPUT_DATAPATH_NOT_REBUILT_AT_W16_W32; EXACT_OPERATION_COUNTS_AND_IDENTICAL_MAGNITUDES_RETAINED; PROPAGATION_COMBINER_AND_POLICY_MATCHED_CONTENT_CACHE_LOGIC_NOT_IN_NAND_TOTAL,929,0,IMPLEMENTED_TRACE_PASS
PAH-BUILD005-DEMAND-VALUATION-0001,32,ADDITION_MUTATION,query-then-increment,EC4FB446354BC8A000D0515ADB699F7807F82CAB6AD152D64A5B34661F0AA507,COLD_MAG,MAGNITUDE_FINAL,true,false,true,BIN_FRONTIER_NOPROP_K,4,0,98,0,0,70,22,48,48,48,182,0,0,0,48,48,0,44,48,0,182,0,48,0,0,0,0,0,48,0,0,0,0,0,0,0,0,0,0,2,50,0,48,2310,98,2506,83952,0,4964680,443256,5491888,EXPLORATORY_COMPONENT_PROXY__NOT_DECISION_ELIGIBLE,AUTHORITATIVE_W_BIT_LOAD_ADD_MUL_OUTPUT_DATAPATH_NOT_REBUILT_AT_W16_W32; EXACT_OPERATION_COUNTS_AND_IDENTICAL_MAGNITUDES_RETAINED; PROPAGATION_COMBINER_AND_POLICY_MATCHED_CONTENT_CACHE_LOGIC_NOT_IN_NAND_TOTAL,929,0,IMPLEMENTED_TRACE_PASS
PAH-BUILD005-DEMAND-VALUATION-0001,32,ADDITION_MUTATION,query-then-increment,EC4FB446354BC8A000D0515ADB699F7807F82CAB6AD152D64A5B34661F0AA507,COLD_MAG,MAGNITUDE_FINAL,true,false,true,BIN_PRIME_FRONTIER_PROP_K,4,0,98,0,0,70,22,48,48,48,182,0,0,0,48,48,0,44,48,0,182,0,48,0,0,0,0,0,48,0,0,0,0,0,0,0,0,0,0,2,50,0,48,2310,98,2506,83952,0,4964680,443256,5491888,EXPLORATORY_COMPONENT_PROXY__NOT_DECISION_ELIGIBLE,AUTHORITATIVE_W_BIT_LOAD_ADD_MUL_OUTPUT_DATAPATH_NOT_REBUILT_AT_W16_W32; EXACT_OPERATION_COUNTS_AND_IDENTICAL_MAGNITUDES_RETAINED; PROPAGATION_COMBINER_AND_POLICY_MATCHED_CONTENT_CACHE_LOGIC_NOT_IN_NAND_TOTAL,929,0,IMPLEMENTED_TRACE_PASS
PAH-BUILD005-DEMAND-VALUATION-0001,32,ADDITION_MUTATION,query-then-increment,EC4FB446354BC8A000D0515ADB699F7807F82CAB6AD152D64A5B34661F0AA507,COLD_MAG,MAGNITUDE_FINAL,true,false,true,BIN_PRIME_FRONTIER_SPEC_B1_K,4,1,157,0,0,72,24,48,65,107,418,47,0,0,60,60,15,56,48,0,324,0,58,17,0,0,0,0,48,59,49,48,11,49,2,0,0,0,0,2,50,0,107,2376,125,2658,187143,0,5106528,704352,5998023,EXPLORATORY_COMPONENT_PROXY__NOT_DECISION_ELIGIBLE,AUTHORITATIVE_W_BIT_LOAD_ADD_MUL_OUTPUT_DATAPATH_NOT_REBUILT_AT_W16_W32; EXACT_OPERATION_COUNTS_AND_IDENTICAL_MAGNITUDES_RETAINED; PROPAGATION_COMBINER_AND_POLICY_MATCHED_CONTENT_CACHE_LOGIC_NOT_IN_NAND_TOTAL,1047,0,IMPLEMENTED_TRACE_PASS
PAH-BUILD005-DEMAND-VALUATION-0001,32,ADDITION_MUTATION,query-then-increment,EC4FB446354BC8A000D0515ADB699F7807F82CAB6AD152D64A5B34661F0AA507,COLD_MAG,MAGNITUDE_FINAL,true,false,true,BIN_PRIME_FRONTIER_SPEC_B4_K,4,4,304,0,0,219,44,175,212,254,1006,47,0,0,207,207,15,203,189,0,48,0,185,37,0,0,0,0,48,206,196,48,158,49,2,0,0,0,0,2,50,0,254,7227,272,7803,444246,0,15532356,1596936,17573538,EXPLORATORY_COMPONENT_PROXY__NOT_DECISION_ELIGIBLE,AUTHORITATIVE_W_BIT_LOAD_ADD_MUL_OUTPUT_DATAPATH_NOT_REBUILT_AT_W16_W32; EXACT_OPERATION_COUNTS_AND_IDENTICAL_MAGNITUDES_RETAINED; PROPAGATION_COMBINER_AND_POLICY_MATCHED_CONTENT_CACHE_LOGIC_NOT_IN_NAND_TOTAL,1341,0,IMPLEMENTED_TRACE_PASS
PAH-BUILD005-DEMAND-VALUATION-0001,32,PHASE_SHIFT,locality-to-stream,4CF4176A78DD8FCAD2110D1736CEFD30233DE57665874EA46D5BB519C1D763A4,COLD_MAG,MAGNITUDE_FINAL,true,false,true,BIN_DIRECT_BEST,0,0,193,5,13,642,527,128,128,0,0,0,0,0,0,0,0,0,0,0,0,0,128,0,0,0,0,0,128,0,0,0,0,0,0,0,0,0,0,1,65,0,128,21186,0,21379,223872,14880,45533208,0,45771960,EXPLORATORY_COMPONENT_PROXY__NOT_DECISION_ELIGIBLE,AUTHORITATIVE_W_BIT_LOAD_ADD_MUL_OUTPUT_DATAPATH_NOT_REBUILT_AT_W16_W32; EXACT_OPERATION_COUNTS_AND_IDENTICAL_MAGNITUDES_RETAINED; PROPAGATION_COMBINER_AND_POLICY_MATCHED_CONTENT_CACHE_LOGIC_NOT_IN_NAND_TOTAL,1736,0,IMPLEMENTED_TRACE_PASS
PAH-BUILD005-DEMAND-VALUATION-0001,32,PHASE_SHIFT,locality-to-stream,4CF4176A78DD8FCAD2110D1736CEFD30233DE57665874EA46D5BB519C1D763A4,COLD_MAG,MAGNITUDE_FINAL,true,false,true,BIN_CONTENT_ANSWER_LRU_K,1,0,193,5,13,75,23,65,65,128,127,63,0,0,65,65,0,64,0,0,0,0,65,0,0,0,0,0,128,0,0,0,0,0,0,0,0,0,0,1,65,0,128,2475,65,2733,223872,14880,5319300,144750,5702802,EXPLORATORY_COMPONENT_PROXY__NOT_DECISION_ELIGIBLE,AUTHORITATIVE_W_BIT_LOAD_ADD_MUL_OUTPUT_DATAPATH_NOT_REBUILT_AT_W16_W32; EXACT_OPERATION_COUNTS_AND_IDENTICAL_MAGNITUDES_RETAINED; PROPAGATION_COMBINER_AND_POLICY_MATCHED_CONTENT_CACHE_LOGIC_NOT_IN_NAND_TOTAL,1736,0,IMPLEMENTED_TRACE_PASS
PAH-BUILD005-DEMAND-VALUATION-0001,32,PHASE_SHIFT,locality-to-stream,4CF4176A78DD8FCAD2110D1736CEFD30233DE57665874EA46D5BB519C1D763A4,COLD_MAG,MAGNITUDE_FINAL,true,false,true,BIN_FRONTIER_NOPROP_K,1,0,193,5,13,75,23,65,65,128,127,63,0,0,65,65,0,64,64,0,4,0,65,0,0,0,0,0,128,0,0,0,0,0,0,0,0,0,0,1,65,0,128,2475,130,2798,223872,14880,5319300,193500,5751552,EXPLORATORY_COMPONENT_PROXY__NOT_DECISION_ELIGIBLE,AUTHORITATIVE_W_BIT_LOAD_ADD_MUL_OUTPUT_DATAPATH_NOT_REBUILT_AT_W16_W32; EXACT_OPERATION_COUNTS_AND_IDENTICAL_MAGNITUDES_RETAINED; PROPAGATION_COMBINER_AND_POLICY_MATCHED_CONTENT_CACHE_LOGIC_NOT_IN_NAND_TOTAL,1736,0,IMPLEMENTED_TRACE_PASS
PAH-BUILD005-DEMAND-VALUATION-0001,32,PHASE_SHIFT,locality-to-stream,4CF4176A78DD8FCAD2110D1736CEFD30233DE57665874EA46D5BB519C1D763A4,COLD_MAG,MAGNITUDE_FINAL,true,false,true,BIN_PRIME_FRONTIER_PROP_K,1,0,193,5,13,75,23,65,65,128,127,63,0,0,65,65,0,64,64,0,4,0,65,0,0,0,0,0,128,0,0,0,0,0,0,0,0,0,0,1,65,0,128,2475,130,2798,223872,14880,5319300,193500,5751552,EXPLORATORY_COMPONENT_PROXY__NOT_DECISION_ELIGIBLE,AUTHORITATIVE_W_BIT_LOAD_ADD_MUL_OUTPUT_DATAPATH_NOT_REBUILT_AT_W16_W32; EXACT_OPERATION_COUNTS_AND_IDENTICAL_MAGNITUDES_RETAINED; PROPAGATION_COMBINER_AND_POLICY_MATCHED_CONTENT_CACHE_LOGIC_NOT_IN_NAND_TOTAL,1736,0,IMPLEMENTED_TRACE_PASS
PAH-BUILD005-DEMAND-VALUATION-0001,32,PHASE_SHIFT,locality-to-stream,4CF4176A78DD8FCAD2110D1736CEFD30233DE57665874EA46D5BB519C1D763A4,COLD_MAG,MAGNITUDE_FINAL,true,false,true,BIN_PRIME_FRONTIER_SPEC_B1_K,1,1,258,5,13,132,51,94,123,193,192,71,0,0,122,122,1,121,64,0,8,0,94,29,0,0,0,0,128,65,65,8,57,8,1,0,0,0,0,1,65,0,193,4356,188,4802,337557,14880,9361968,285750,10000155,EXPLORATORY_COMPONENT_PROXY__NOT_DECISION_ELIGIBLE,AUTHORITATIVE_W_BIT_LOAD_ADD_MUL_OUTPUT_DATAPATH_NOT_REBUILT_AT_W16_W32; EXACT_OPERATION_COUNTS_AND_IDENTICAL_MAGNITUDES_RETAINED; PROPAGATION_COMBINER_AND_POLICY_MATCHED_CONTENT_CACHE_LOGIC_NOT_IN_NAND_TOTAL,1866,0,IMPLEMENTED_TRACE_PASS
PAH-BUILD005-DEMAND-VALUATION-0001,32,PHASE_SHIFT,locality-to-stream,4CF4176A78DD8FCAD2110D1736CEFD30233DE57665874EA46D5BB519C1D763A4,COLD_MAG,MAGNITUDE_FINAL,true,false,true,BIN_PRIME_FRONTIER_SPEC_B4_K,1,4,453,5,13,329,83,259,320,388,387,69,0,0,319,319,1,318,64,0,8,0,259,61,0,0,0,0,128,260,260,27,233,27,1,0,0,0,0,1,65,0,388,10857,385,11695,678612,14880,23333996,579750,24607238,EXPLORATORY_COMPONENT_PROXY__NOT_DECISION_ELIGIBLE,AUTHORITATIVE_W_BIT_LOAD_ADD_MUL_OUTPUT_DATAPATH_NOT_REBUILT_AT_W16_W32; EXACT_OPERATION_COUNTS_AND_IDENTICAL_MAGNITUDES_RETAINED; PROPAGATION_COMBINER_AND_POLICY_MATCHED_CONTENT_CACHE_LOGIC_NOT_IN_NAND_TOTAL,2256,0,IMPLEMENTED_TRACE_PASS
PAH-BUILD005-DEMAND-VALUATION-0001,32,PHASE_SHIFT,locality-to-stream,4CF4176A78DD8FCAD2110D1736CEFD30233DE57665874EA46D5BB519C1D763A4,COLD_MAG,MAGNITUDE_FINAL,true,false,true,BIN_CONTENT_ANSWER_LRU_K,2,0,193,5,13,75,23,65,65,128,190,63,0,0,65,65,0,63,0,0,0,0,65,0,0,0,0,0,128,0,0,0,0,0,0,0,0,0,0,1,65,0,128,2475,65,2733,223872,14880,5319300,290465,5848517,EXPLORATORY_COMPONENT_PROXY__NOT_DECISION_ELIGIBLE,AUTHORITATIVE_W_BIT_LOAD_ADD_MUL_OUTPUT_DATAPATH_NOT_REBUILT_AT_W16_W32; EXACT_OPERATION_COUNTS_AND_IDENTICAL_MAGNITUDES_RETAINED; PROPAGATION_COMBINER_AND_POLICY_MATCHED_CONTENT_CACHE_LOGIC_NOT_IN_NAND_TOTAL,1736,0,IMPLEMENTED_TRACE_PASS
PAH-BUILD005-DEMAND-VALUATION-0001,32,PHASE_SHIFT,locality-to-stream,4CF4176A78DD8FCAD2110D1736CEFD30233DE57665874EA46D5BB519C1D763A4,COLD_MAG,MAGNITUDE_FINAL,true,false,true,BIN_FRONTIER_NOPROP_K,2,0,193,5,13,75,23,65,65,128,190,63,0,0,65,65,0,63,64,0,8,0,65,0,0,0,0,0,128,0,0,0,0,0,0,0,0,0,0,1,65,0,128,2475,130,2798,223872,14880,5319300,388290,5946342,EXPLORATORY_COMPONENT_PROXY__NOT_DECISION_ELIGIBLE,AUTHORITATIVE_W_BIT_LOAD_ADD_MUL_OUTPUT_DATAPATH_NOT_REBUILT_AT_W16_W32; EXACT_OPERATION_COUNTS_AND_IDENTICAL_MAGNITUDES_RETAINED; PROPAGATION_COMBINER_AND_POLICY_MATCHED_CONTENT_CACHE_LOGIC_NOT_IN_NAND_TOTAL,1736,0,IMPLEMENTED_TRACE_PASS
PAH-BUILD005-DEMAND-VALUATION-0001,32,PHASE_SHIFT,locality-to-stream,4CF4176A78DD8FCAD2110D1736CEFD30233DE57665874EA46D5BB519C1D763A4,COLD_MAG,MAGNITUDE_FINAL,true,false,true,BIN_PRIME_FRONTIER_PROP_K,2,0,193,5,13,75,23,65,65,128,190,63,0,0,65,65,0,63,64,0,8,0,65,0,0,0,0,0,128,0,0,0,0,0,0,0,0,0,0,1,65,0,128,2475,130,2798,223872,14880,5319300,388290,5946342,EXPLORATORY_COMPONENT_PROXY__NOT_DECISION_ELIGIBLE,AUTHORITATIVE_W_BIT_LOAD_ADD_MUL_OUTPUT_DATAPATH_NOT_REBUILT_AT_W16_W32; EXACT_OPERATION_COUNTS_AND_IDENTICAL_MAGNITUDES_RETAINED; PROPAGATION_COMBINER_AND_POLICY_MATCHED_CONTENT_CACHE_LOGIC_NOT_IN_NAND_TOTAL,1736,0,IMPLEMENTED_TRACE_PASS
PAH-BUILD005-DEMAND-VALUATION-0001,32,PHASE_SHIFT,locality-to-stream,4CF4176A78DD8FCAD2110D1736CEFD30233DE57665874EA46D5BB519C1D763A4,COLD_MAG,MAGNITUDE_FINAL,true,false,true,BIN_PRIME_FRONTIER_SPEC_B1_K,2,1,258,5,13,132,51,94,123,193,319,71,0,0,122,122,1,120,120,0,68,0,94,29,0,0,0,0,128,65,65,8,57,8,1,0,0,0,0,1,65,0,193,4356,188,4802,337557,14880,9361968,573405,10287810,EXPLORATORY_COMPONENT_PROXY__NOT_DECISION_ELIGIBLE,AUTHORITATIVE_W_BIT_LOAD_ADD_MUL_OUTPUT_DATAPATH_NOT_REBUILT_AT_W16_W32; EXACT_OPERATION_COUNTS_AND_IDENTICAL_MAGNITUDES_RETAINED; PROPAGATION_COMBINER_AND_POLICY_MATCHED_CONTENT_CACHE_LOGIC_NOT_IN_NAND_TOTAL,1866,0,IMPLEMENTED_TRACE_PASS
PAH-BUILD005-DEMAND-VALUATION-0001,32,PHASE_SHIFT,locality-to-stream,4CF4176A78DD8FCAD2110D1736CEFD30233DE57665874EA46D5BB519C1D763A4,COLD_MAG,MAGNITUDE_FINAL,true,false,true,BIN_PRIME_FRONTIER_SPEC_B4_K,2,4,453,5,13,322,82,253,314,388,773,76,0,0,312,312,2,310,128,0,13,0,253,61,0,0,0,0,128,260,260,27,233,27,1,0,0,0,0,1,65,0,388,10626,379,11458,678612,14880,22837528,1154335,24685355,EXPLORATORY_COMPONENT_PROXY__NOT_DECISION_ELIGIBLE,AUTHORITATIVE_W_BIT_LOAD_ADD_MUL_OUTPUT_DATAPATH_NOT_REBUILT_AT_W16_W32; EXACT_OPERATION_COUNTS_AND_IDENTICAL_MAGNITUDES_RETAINED; PROPAGATION_COMBINER_AND_POLICY_MATCHED_CONTENT_CACHE_LOGIC_NOT_IN_NAND_TOTAL,2256,0,IMPLEMENTED_TRACE_PASS
PAH-BUILD005-DEMAND-VALUATION-0001,32,PHASE_SHIFT,locality-to-stream,4CF4176A78DD8FCAD2110D1736CEFD30233DE57665874EA46D5BB519C1D763A4,COLD_MAG,MAGNITUDE_FINAL,true,false,true,BIN_CONTENT_ANSWER_LRU_K,4,0,193,5,13,75,23,65,65,128,313,63,0,0,65,65,0,61,0,0,0,0,65,0,0,0,0,0,128,0,0,0,0,0,0,0,0,0,0,1,65,0,128,2475,65,2733,223872,14880,5319300,585948,6144000,EXPLORATORY_COMPONENT_PROXY__NOT_DECISION_ELIGIBLE,AUTHORITATIVE_W_BIT_LOAD_ADD_MUL_OUTPUT_DATAPATH_NOT_REBUILT_AT_W16_W32; EXACT_OPERATION_COUNTS_AND_IDENTICAL_MAGNITUDES_RETAINED; PROPAGATION_COMBINER_AND_POLICY_MATCHED_CONTENT_CACHE_LOGIC_NOT_IN_NAND_TOTAL,1736,0,IMPLEMENTED_TRACE_PASS
PAH-BUILD005-DEMAND-VALUATION-0001,32,PHASE_SHIFT,locality-to-stream,4CF4176A78DD8FCAD2110D1736CEFD30233DE57665874EA46D5BB519C1D763A4,COLD_MAG,MAGNITUDE_FINAL,true,false,true,BIN_FRONTIER_NOPROP_K,4,0,193,5,13,75,23,65,65,128,313,63,0,0,65,65,0,61,64,0,23,0,65,0,0,0,0,0,128,0,0,0,0,0,0,0,0,0,0,1,65,0,128,2475,130,2798,223872,14880,5319300,783288,6341340,EXPLORATORY_COMPONENT_PROXY__NOT_DECISION_ELIGIBLE,AUTHORITATIVE_W_BIT_LOAD_ADD_MUL_OUTPUT_DATAPATH_NOT_REBUILT_AT_W16_W32; EXACT_OPERATION_COUNTS_AND_IDENTICAL_MAGNITUDES_RETAINED; PROPAGATION_COMBINER_AND_POLICY_MATCHED_CONTENT_CACHE_LOGIC_NOT_IN_NAND_TOTAL,1736,0,IMPLEMENTED_TRACE_PASS
PAH-BUILD005-DEMAND-VALUATION-0001,32,PHASE_SHIFT,locality-to-stream,4CF4176A78DD8FCAD2110D1736CEFD30233DE57665874EA46D5BB519C1D763A4,COLD_MAG,MAGNITUDE_FINAL,true,false,true,BIN_PRIME_FRONTIER_PROP_K,4,0,193,5,13,75,23,65,65,128,313,63,0,0,65,65,0,61,64,0,23,0,65,0,0,0,0,0,128,0,0,0,0,0,0,0,0,0,0,1,65,0,128,2475,130,2798,223872,14880,5319300,783288,6341340,EXPLORATORY_COMPONENT_PROXY__NOT_DECISION_ELIGIBLE,AUTHORITATIVE_W_BIT_LOAD_ADD_MUL_OUTPUT_DATAPATH_NOT_REBUILT_AT_W16_W32; EXACT_OPERATION_COUNTS_AND_IDENTICAL_MAGNITUDES_RETAINED; PROPAGATION_COMBINER_AND_POLICY_MATCHED_CONTENT_CACHE_LOGIC_NOT_IN_NAND_TOTAL,1736,0,IMPLEMENTED_TRACE_PASS
PAH-BUILD005-DEMAND-VALUATION-0001,32,PHASE_SHIFT,locality-to-stream,4CF4176A78DD8FCAD2110D1736CEFD30233DE57665874EA46D5BB519C1D763A4,COLD_MAG,MAGNITUDE_FINAL,true,false,true,BIN_PRIME_FRONTIER_SPEC_B1_K,4,1,258,5,13,132,51,94,123,193,570,71,0,0,122,122,1,118,120,0,143,0,94,29,0,0,0,0,128,65,65,8,57,8,1,0,0,0,0,1,65,0,193,4356,188,4802,337557,14880,9361968,1156716,10871121,EXPLORATORY_COMPONENT_PROXY__NOT_DECISION_ELIGIBLE,AUTHORITATIVE_W_BIT_LOAD_ADD_MUL_OUTPUT_DATAPATH_NOT_REBUILT_AT_W16_W32; EXACT_OPERATION_COUNTS_AND_IDENTICAL_MAGNITUDES_RETAINED; PROPAGATION_COMBINER_AND_POLICY_MATCHED_CONTENT_CACHE_LOGIC_NOT_IN_NAND_TOTAL,1866,0,IMPLEMENTED_TRACE_PASS
PAH-BUILD005-DEMAND-VALUATION-0001,32,PHASE_SHIFT,locality-to-stream,4CF4176A78DD8FCAD2110D1736CEFD30233DE57665874EA46D5BB519C1D763A4,COLD_MAG,MAGNITUDE_FINAL,true,false,true,BIN_PRIME_FRONTIER_SPEC_B4_K,4,4,453,5,13,308,78,243,304,388,1542,90,0,0,298,298,6,294,256,0,63,0,243,61,0,0,0,0,128,260,260,27,233,27,1,0,0,0,0,1,65,0,388,10164,369,10986,678612,14880,21844592,2298252,24836336,EXPLORATORY_COMPONENT_PROXY__NOT_DECISION_ELIGIBLE,AUTHORITATIVE_W_BIT_LOAD_ADD_MUL_OUTPUT_DATAPATH_NOT_REBUILT_AT_W16_W32; EXACT_OPERATION_COUNTS_AND_IDENTICAL_MAGNITUDES_RETAINED; PROPAGATION_COMBINER_AND_POLICY_MATCHED_CONTENT_CACHE_LOGIC_NOT_IN_NAND_TOTAL,2256,0,IMPLEMENTED_TRACE_PASS
PAH-BUILD005-DEMAND-VALUATION-0001,32,COMPOSITE_CONTROL,size-matched-divisors-and-2x3-counterexample,7F39A1EBBB1D52EE98990452F8C03F96384DC060601606AC2F89DA3EB302EF4F,COLD_MAG,MAGNITUDE_FINAL,false,false,false,BIN_DIRECT_BEST,0,0,13,0,0,18,7,11,11,0,0,0,0,0,0,0,0,0,0,0,0,0,11,0,0,0,0,0,11,0,0,0,0,0,0,0,0,0,18,1,2,0,11,594,0,607,19239,0,1276632,0,1295871,EXPLORATORY_COMPONENT_PROXY__NOT_DECISION_ELIGIBLE,AUTHORITATIVE_W_BIT_LOAD_ADD_MUL_OUTPUT_DATAPATH_NOT_REBUILT_AT_W16_W32; EXACT_OPERATION_COUNTS_AND_IDENTICAL_MAGNITUDES_RETAINED; PROPAGATION_COMBINER_AND_POLICY_MATCHED_CONTENT_CACHE_LOGIC_NOT_IN_NAND_TOTAL,125,0,IMPLEMENTED_TRACE_PASS
PAH-BUILD005-DEMAND-VALUATION-0001,32,COMPOSITE_CONTROL,size-matched-divisors-and-2x3-counterexample,7F39A1EBBB1D52EE98990452F8C03F96384DC060601606AC2F89DA3EB302EF4F,COLD_MAG,MAGNITUDE_FINAL,false,false,false,BIN_CONTENT_ANSWER_LRU_K,1,0,13,0,0,18,7,11,11,11,10,0,0,0,11,11,0,10,0,0,0,0,11,0,0,0,0,0,11,0,0,0,0,0,0,0,0,0,18,1,2,0,11,594,11,618,19239,0,1276632,16500,1312371,EXPLORATORY_COMPONENT_PROXY__NOT_DECISION_ELIGIBLE,AUTHORITATIVE_W_BIT_LOAD_ADD_MUL_OUTPUT_DATAPATH_NOT_REBUILT_AT_W16_W32; EXACT_OPERATION_COUNTS_AND_IDENTICAL_MAGNITUDES_RETAINED; PROPAGATION_COMBINER_AND_POLICY_MATCHED_CONTENT_CACHE_LOGIC_NOT_IN_NAND_TOTAL,125,0,IMPLEMENTED_TRACE_PASS
PAH-BUILD005-DEMAND-VALUATION-0001,32,COMPOSITE_CONTROL,size-matched-divisors-and-2x3-counterexample,7F39A1EBBB1D52EE98990452F8C03F96384DC060601606AC2F89DA3EB302EF4F,COLD_MAG,MAGNITUDE_FINAL,false,false,false,BIN_FRONTIER_NOPROP_K,1,0,13,0,0,18,7,11,11,11,10,0,0,0,11,11,0,10,1,0,0,0,11,0,0,0,0,0,11,0,0,0,0,0,0,0,0,0,18,1,2,0,11,594,13,620,19239,0,1276632,18000,1313871,EXPLORATORY_COMPONENT_PROXY__NOT_DECISION_ELIGIBLE,AUTHORITATIVE_W_BIT_LOAD_ADD_MUL_OUTPUT_DATAPATH_NOT_REBUILT_AT_W16_W32; EXACT_OPERATION_COUNTS_AND_IDENTICAL_MAGNITUDES_RETAINED; PROPAGATION_COMBINER_AND_POLICY_MATCHED_CONTENT_CACHE_LOGIC_NOT_IN_NAND_TOTAL,125,0,IMPLEMENTED_TRACE_PASS
PAH-BUILD005-DEMAND-VALUATION-0001,32,COMPOSITE_CONTROL,size-matched-divisors-and-2x3-counterexample,7F39A1EBBB1D52EE98990452F8C03F96384DC060601606AC2F89DA3EB302EF4F,COLD_MAG,MAGNITUDE_FINAL,false,false,false,BIN_PRIME_FRONTIER_PROP_K,1,0,13,0,0,18,7,11,11,11,10,0,0,0,11,11,0,10,1,0,0,0,11,0,0,0,0,0,11,0,0,0,0,0,0,0,0,0,18,1,2,0,11,594,13,620,19239,0,1276632,18000,1313871,EXPLORATORY_COMPONENT_PROXY__NOT_DECISION_ELIGIBLE,AUTHORITATIVE_W_BIT_LOAD_ADD_MUL_OUTPUT_DATAPATH_NOT_REBUILT_AT_W16_W32; EXACT_OPERATION_COUNTS_AND_IDENTICAL_MAGNITUDES_RETAINED; PROPAGATION_COMBINER_AND_POLICY_MATCHED_CONTENT_CACHE_LOGIC_NOT_IN_NAND_TOTAL,125,0,IMPLEMENTED_TRACE_PASS
PAH-BUILD005-DEMAND-VALUATION-0001,32,COMPOSITE_CONTROL,size-matched-divisors-and-2x3-counterexample,7F39A1EBBB1D52EE98990452F8C03F96384DC060601606AC2F89DA3EB302EF4F,COLD_MAG,MAGNITUDE_FINAL,false,false,false,BIN_PRIME_FRONTIER_SPEC_B1_K,1,1,13,0,0,18,7,11,11,11,10,0,0,0,11,11,0,10,1,0,0,0,11,0,0,0,0,0,11,0,0,0,0,0,0,0,0,0,18,1,2,0,11,594,13,620,19239,0,1276632,18000,1313871,EXPLORATORY_COMPONENT_PROXY__NOT_DECISION_ELIGIBLE,AUTHORITATIVE_W_BIT_LOAD_ADD_MUL_OUTPUT_DATAPATH_NOT_REBUILT_AT_W16_W32; EXACT_OPERATION_COUNTS_AND_IDENTICAL_MAGNITUDES_RETAINED; PROPAGATION_COMBINER_AND_POLICY_MATCHED_CONTENT_CACHE_LOGIC_NOT_IN_NAND_TOTAL,125,0,IMPLEMENTED_TRACE_PASS
PAH-BUILD005-DEMAND-VALUATION-0001,32,COMPOSITE_CONTROL,size-matched-divisors-and-2x3-counterexample,7F39A1EBBB1D52EE98990452F8C03F96384DC060601606AC2F89DA3EB302EF4F,COLD_MAG,MAGNITUDE_FINAL,false,false,false,BIN_PRIME_FRONTIER_SPEC_B4_K,1,4,13,0,0,18,7,11,11,11,10,0,0,0,11,11,0,10,1,0,0,0,11,0,0,0,0,0,11,0,0,0,0,0,0,0,0,0,18,1,2,0,11,594,13,620,19239,0,1276632,18000,1313871,EXPLORATORY_COMPONENT_PROXY__NOT_DECISION_ELIGIBLE,AUTHORITATIVE_W_BIT_LOAD_ADD_MUL_OUTPUT_DATAPATH_NOT_REBUILT_AT_W16_W32; EXACT_OPERATION_COUNTS_AND_IDENTICAL_MAGNITUDES_RETAINED; PROPAGATION_COMBINER_AND_POLICY_MATCHED_CONTENT_CACHE_LOGIC_NOT_IN_NAND_TOTAL,125,0,IMPLEMENTED_TRACE_PASS
PAH-BUILD005-DEMAND-VALUATION-0001,32,COMPOSITE_CONTROL,size-matched-divisors-and-2x3-counterexample,7F39A1EBBB1D52EE98990452F8C03F96384DC060601606AC2F89DA3EB302EF4F,COLD_MAG,MAGNITUDE_FINAL,false,false,false,BIN_CONTENT_ANSWER_LRU_K,2,0,13,0,0,18,7,11,11,11,19,0,0,0,11,11,0,9,0,0,0,0,11,0,0,0,0,0,11,0,0,0,0,0,0,0,0,0,18,1,2,0,11,594,11,618,19239,0,1276632,33110,1328981,EXPLORATORY_COMPONENT_PROXY__NOT_DECISION_ELIGIBLE,AUTHORITATIVE_W_BIT_LOAD_ADD_MUL_OUTPUT_DATAPATH_NOT_REBUILT_AT_W16_W32; EXACT_OPERATION_COUNTS_AND_IDENTICAL_MAGNITUDES_RETAINED; PROPAGATION_COMBINER_AND_POLICY_MATCHED_CONTENT_CACHE_LOGIC_NOT_IN_NAND_TOTAL,125,0,IMPLEMENTED_TRACE_PASS
PAH-BUILD005-DEMAND-VALUATION-0001,32,COMPOSITE_CONTROL,size-matched-divisors-and-2x3-counterexample,7F39A1EBBB1D52EE98990452F8C03F96384DC060601606AC2F89DA3EB302EF4F,COLD_MAG,MAGNITUDE_FINAL,false,false,false,BIN_FRONTIER_NOPROP_K,2,0,13,0,0,18,7,11,11,11,19,0,0,0,11,11,0,9,2,0,0,0,11,0,0,0,0,0,11,0,0,0,0,0,0,0,0,0,18,1,2,0,11,594,13,620,19239,0,1276632,36120,1331991,EXPLORATORY_COMPONENT_PROXY__NOT_DECISION_ELIGIBLE,AUTHORITATIVE_W_BIT_LOAD_ADD_MUL_OUTPUT_DATAPATH_NOT_REBUILT_AT_W16_W32; EXACT_OPERATION_COUNTS_AND_IDENTICAL_MAGNITUDES_RETAINED; PROPAGATION_COMBINER_AND_POLICY_MATCHED_CONTENT_CACHE_LOGIC_NOT_IN_NAND_TOTAL,125,0,IMPLEMENTED_TRACE_PASS
PAH-BUILD005-DEMAND-VALUATION-0001,32,COMPOSITE_CONTROL,size-matched-divisors-and-2x3-counterexample,7F39A1EBBB1D52EE98990452F8C03F96384DC060601606AC2F89DA3EB302EF4F,COLD_MAG,MAGNITUDE_FINAL,false,false,false,BIN_PRIME_FRONTIER_PROP_K,2,0,13,0,0,18,7,11,11,11,19,0,0,0,11,11,0,9,2,0,0,0,11,0,0,0,0,0,11,0,0,0,0,0,0,0,0,0,18,1,2,0,11,594,13,620,19239,0,1276632,36120,1331991,EXPLORATORY_COMPONENT_PROXY__NOT_DECISION_ELIGIBLE,AUTHORITATIVE_W_BIT_LOAD_ADD_MUL_OUTPUT_DATAPATH_NOT_REBUILT_AT_W16_W32; EXACT_OPERATION_COUNTS_AND_IDENTICAL_MAGNITUDES_RETAINED; PROPAGATION_COMBINER_AND_POLICY_MATCHED_CONTENT_CACHE_LOGIC_NOT_IN_NAND_TOTAL,125,0,IMPLEMENTED_TRACE_PASS
PAH-BUILD005-DEMAND-VALUATION-0001,32,COMPOSITE_CONTROL,size-matched-divisors-and-2x3-counterexample,7F39A1EBBB1D52EE98990452F8C03F96384DC060601606AC2F89DA3EB302EF4F,COLD_MAG,MAGNITUDE_FINAL,false,false,false,BIN_PRIME_FRONTIER_SPEC_B1_K,2,1,13,0,0,18,7,11,11,11,19,0,0,0,11,11,0,9,2,0,0,0,11,0,0,0,0,0,11,0,0,0,0,0,0,0,0,0,18,1,2,0,11,594,13,620,19239,0,1276632,36120,1331991,EXPLORATORY_COMPONENT_PROXY__NOT_DECISION_ELIGIBLE,AUTHORITATIVE_W_BIT_LOAD_ADD_MUL_OUTPUT_DATAPATH_NOT_REBUILT_AT_W16_W32; EXACT_OPERATION_COUNTS_AND_IDENTICAL_MAGNITUDES_RETAINED; PROPAGATION_COMBINER_AND_POLICY_MATCHED_CONTENT_CACHE_LOGIC_NOT_IN_NAND_TOTAL,125,0,IMPLEMENTED_TRACE_PASS
PAH-BUILD005-DEMAND-VALUATION-0001,32,COMPOSITE_CONTROL,size-matched-divisors-and-2x3-counterexample,7F39A1EBBB1D52EE98990452F8C03F96384DC060601606AC2F89DA3EB302EF4F,COLD_MAG,MAGNITUDE_FINAL,false,false,false,BIN_PRIME_FRONTIER_SPEC_B4_K,2,4,13,0,0,18,7,11,11,11,19,0,0,0,11,11,0,9,2,0,0,0,11,0,0,0,0,0,11,0,0,0,0,0,0,0,0,0,18,1,2,0,11,594,13,620,19239,0,1276632,36120,1331991,EXPLORATORY_COMPONENT_PROXY__NOT_DECISION_ELIGIBLE,AUTHORITATIVE_W_BIT_LOAD_ADD_MUL_OUTPUT_DATAPATH_NOT_REBUILT_AT_W16_W32; EXACT_OPERATION_COUNTS_AND_IDENTICAL_MAGNITUDES_RETAINED; PROPAGATION_COMBINER_AND_POLICY_MATCHED_CONTENT_CACHE_LOGIC_NOT_IN_NAND_TOTAL,125,0,IMPLEMENTED_TRACE_PASS
PAH-BUILD005-DEMAND-VALUATION-0001,32,COMPOSITE_CONTROL,size-matched-divisors-and-2x3-counterexample,7F39A1EBBB1D52EE98990452F8C03F96384DC060601606AC2F89DA3EB302EF4F,COLD_MAG,MAGNITUDE_FINAL,false,false,false,BIN_CONTENT_ANSWER_LRU_K,4,0,13,0,0,18,7,11,11,11,34,0,0,0,11,11,0,7,0,0,0,0,11,0,0,0,0,0,11,0,0,0,0,0,0,0,0,0,18,1,2,0,11,594,11,618,19239,0,1276632,66792,1362663,EXPLORATORY_COMPONENT_PROXY__NOT_DECISION_ELIGIBLE,AUTHORITATIVE_W_BIT_LOAD_ADD_MUL_OUTPUT_DATAPATH_NOT_REBUILT_AT_W16_W32; EXACT_OPERATION_COUNTS_AND_IDENTICAL_MAGNITUDES_RETAINED; PROPAGATION_COMBINER_AND_POLICY_MATCHED_CONTENT_CACHE_LOGIC_NOT_IN_NAND_TOTAL,125,0,IMPLEMENTED_TRACE_PASS
PAH-BUILD005-DEMAND-VALUATION-0001,32,COMPOSITE_CONTROL,size-matched-divisors-and-2x3-counterexample,7F39A1EBBB1D52EE98990452F8C03F96384DC060601606AC2F89DA3EB302EF4F,COLD_MAG,MAGNITUDE_FINAL,false,false,false,BIN_FRONTIER_NOPROP_K,4,0,13,0,0,18,7,11,11,11,34,0,0,0,11,11,0,7,4,0,0,0,11,0,0,0,0,0,11,0,0,0,0,0,0,0,0,0,18,1,2,0,11,594,13,620,19239,0,1276632,72864,1368735,EXPLORATORY_COMPONENT_PROXY__NOT_DECISION_ELIGIBLE,AUTHORITATIVE_W_BIT_LOAD_ADD_MUL_OUTPUT_DATAPATH_NOT_REBUILT_AT_W16_W32; EXACT_OPERATION_COUNTS_AND_IDENTICAL_MAGNITUDES_RETAINED; PROPAGATION_COMBINER_AND_POLICY_MATCHED_CONTENT_CACHE_LOGIC_NOT_IN_NAND_TOTAL,125,0,IMPLEMENTED_TRACE_PASS
PAH-BUILD005-DEMAND-VALUATION-0001,32,COMPOSITE_CONTROL,size-matched-divisors-and-2x3-counterexample,7F39A1EBBB1D52EE98990452F8C03F96384DC060601606AC2F89DA3EB302EF4F,COLD_MAG,MAGNITUDE_FINAL,false,false,false,BIN_PRIME_FRONTIER_PROP_K,4,0,13,0,0,18,7,11,11,11,34,0,0,0,11,11,0,7,4,0,0,0,11,0,0,0,0,0,11,0,0,0,0,0,0,0,0,0,18,1,2,0,11,594,13,620,19239,0,1276632,72864,1368735,EXPLORATORY_COMPONENT_PROXY__NOT_DECISION_ELIGIBLE,AUTHORITATIVE_W_BIT_LOAD_ADD_MUL_OUTPUT_DATAPATH_NOT_REBUILT_AT_W16_W32; EXACT_OPERATION_COUNTS_AND_IDENTICAL_MAGNITUDES_RETAINED; PROPAGATION_COMBINER_AND_POLICY_MATCHED_CONTENT_CACHE_LOGIC_NOT_IN_NAND_TOTAL,125,0,IMPLEMENTED_TRACE_PASS
PAH-BUILD005-DEMAND-VALUATION-0001,32,COMPOSITE_CONTROL,size-matched-divisors-and-2x3-counterexample,7F39A1EBBB1D52EE98990452F8C03F96384DC060601606AC2F89DA3EB302EF4F,COLD_MAG,MAGNITUDE_FINAL,false,false,false,BIN_PRIME_FRONTIER_SPEC_B1_K,4,1,13,0,0,18,7,11,11,11,34,0,0,0,11,11,0,7,4,0,0,0,11,0,0,0,0,0,11,0,0,0,0,0,0,0,0,0,18,1,2,0,11,594,13,620,19239,0,1276632,72864,1368735,EXPLORATORY_COMPONENT_PROXY__NOT_DECISION_ELIGIBLE,AUTHORITATIVE_W_BIT_LOAD_ADD_MUL_OUTPUT_DATAPATH_NOT_REBUILT_AT_W16_W32; EXACT_OPERATION_COUNTS_AND_IDENTICAL_MAGNITUDES_RETAINED; PROPAGATION_COMBINER_AND_POLICY_MATCHED_CONTENT_CACHE_LOGIC_NOT_IN_NAND_TOTAL,125,0,IMPLEMENTED_TRACE_PASS
PAH-BUILD005-DEMAND-VALUATION-0001,32,COMPOSITE_CONTROL,size-matched-divisors-and-2x3-counterexample,7F39A1EBBB1D52EE98990452F8C03F96384DC060601606AC2F89DA3EB302EF4F,COLD_MAG,MAGNITUDE_FINAL,false,false,false,BIN_PRIME_FRONTIER_SPEC_B4_K,4,4,13,0,0,18,7,11,11,11,34,0,0,0,11,11,0,7,4,0,0,0,11,0,0,0,0,0,11,0,0,0,0,0,0,0,0,0,18,1,2,0,11,594,13,620,19239,0,1276632,72864,1368735,EXPLORATORY_COMPONENT_PROXY__NOT_DECISION_ELIGIBLE,AUTHORITATIVE_W_BIT_LOAD_ADD_MUL_OUTPUT_DATAPATH_NOT_REBUILT_AT_W16_W32; EXACT_OPERATION_COUNTS_AND_IDENTICAL_MAGNITUDES_RETAINED; PROPAGATION_COMBINER_AND_POLICY_MATCHED_CONTENT_CACHE_LOGIC_NOT_IN_NAND_TOTAL,125,0,IMPLEMENTED_TRACE_PASS
PAH-BUILD005-DEMAND-VALUATION-0001,32,RADIX_V2,ctz-isolated,B0D626AB5E64F60A21A9BF7E9AC32C902097B6BA4DBCEA4BB9EEAAAE81F7A286,COLD_MAG,MAGNITUDE_FINAL,false,false,false,BIN_DIRECT_BEST,0,0,128,62,119,0,57,62,62,0,0,0,0,0,0,0,0,0,0,0,0,0,64,0,0,0,0,0,64,0,0,0,0,0,0,0,0,0,0,1,64,0,64,0,0,128,111936,184512,0,0,296448,EXPLORATORY_COMPONENT_PROXY__NOT_DECISION_ELIGIBLE,AUTHORITATIVE_W_BIT_LOAD_ADD_MUL_OUTPUT_DATAPATH_NOT_REBUILT_AT_W16_W32; EXACT_OPERATION_COUNTS_AND_IDENTICAL_MAGNITUDES_RETAINED; PROPAGATION_COMBINER_AND_POLICY_MATCHED_CONTENT_CACHE_LOGIC_NOT_IN_NAND_TOTAL,1089,0,IMPLEMENTED_TRACE_PASS
PAH-BUILD005-DEMAND-VALUATION-0001,32,RADIX_V2,ctz-isolated,B0D626AB5E64F60A21A9BF7E9AC32C902097B6BA4DBCEA4BB9EEAAAE81F7A286,COLD_MAG,MAGNITUDE_FINAL,false,false,false,BIN_CONTENT_ANSWER_LRU_K,1,0,128,62,119,0,57,62,62,64,63,0,0,0,64,64,0,63,0,0,0,0,64,0,0,0,0,0,64,0,0,0,0,0,0,0,0,0,0,1,64,0,64,0,64,192,111936,184512,0,96000,392448,EXPLORATORY_COMPONENT_PROXY__NOT_DECISION_ELIGIBLE,AUTHORITATIVE_W_BIT_LOAD_ADD_MUL_OUTPUT_DATAPATH_NOT_REBUILT_AT_W16_W32; EXACT_OPERATION_COUNTS_AND_IDENTICAL_MAGNITUDES_RETAINED; PROPAGATION_COMBINER_AND_POLICY_MATCHED_CONTENT_CACHE_LOGIC_NOT_IN_NAND_TOTAL,1089,0,IMPLEMENTED_TRACE_PASS
PAH-BUILD005-DEMAND-VALUATION-0001,32,RADIX_V2,ctz-isolated,B0D626AB5E64F60A21A9BF7E9AC32C902097B6BA4DBCEA4BB9EEAAAE81F7A286,COLD_MAG,MAGNITUDE_FINAL,false,false,false,BIN_FRONTIER_NOPROP_K,1,0,128,62,119,0,57,62,62,64,63,0,0,0,64,64,0,63,63,0,63,0,64,0,0,0,0,0,64,0,0,0,0,0,0,0,0,0,0,1,64,0,64,0,128,256,111936,184512,0,144000,440448,EXPLORATORY_COMPONENT_PROXY__NOT_DECISION_ELIGIBLE,AUTHORITATIVE_W_BIT_LOAD_ADD_MUL_OUTPUT_DATAPATH_NOT_REBUILT_AT_W16_W32; EXACT_OPERATION_COUNTS_AND_IDENTICAL_MAGNITUDES_RETAINED; PROPAGATION_COMBINER_AND_POLICY_MATCHED_CONTENT_CACHE_LOGIC_NOT_IN_NAND_TOTAL,1089,0,IMPLEMENTED_TRACE_PASS
PAH-BUILD005-DEMAND-VALUATION-0001,32,RADIX_V2,ctz-isolated,B0D626AB5E64F60A21A9BF7E9AC32C902097B6BA4DBCEA4BB9EEAAAE81F7A286,COLD_MAG,MAGNITUDE_FINAL,false,false,false,BIN_PRIME_FRONTIER_PROP_K,1,0,128,62,119,0,57,62,62,64,63,0,0,0,64,64,0,63,63,0,63,0,64,0,0,0,0,0,64,0,0,0,0,0,0,0,0,0,0,1,64,0,64,0,128,256,111936,184512,0,144000,440448,EXPLORATORY_COMPONENT_PROXY__NOT_DECISION_ELIGIBLE,AUTHORITATIVE_W_BIT_LOAD_ADD_MUL_OUTPUT_DATAPATH_NOT_REBUILT_AT_W16_W32; EXACT_OPERATION_COUNTS_AND_IDENTICAL_MAGNITUDES_RETAINED; PROPAGATION_COMBINER_AND_POLICY_MATCHED_CONTENT_CACHE_LOGIC_NOT_IN_NAND_TOTAL,1089,0,IMPLEMENTED_TRACE_PASS
PAH-BUILD005-DEMAND-VALUATION-0001,32,RADIX_V2,ctz-isolated,B0D626AB5E64F60A21A9BF7E9AC32C902097B6BA4DBCEA4BB9EEAAAE81F7A286,COLD_MAG,MAGNITUDE_FINAL,false,false,false,BIN_PRIME_FRONTIER_SPEC_B1_K,1,1,210,62,119,62,78,103,124,146,145,0,0,0,146,146,0,145,63,0,0,0,125,21,0,0,0,0,64,82,62,0,82,0,0,0,0,0,0,1,64,0,146,2046,210,2466,255354,184512,4397288,267000,5104154,EXPLORATORY_COMPONENT_PROXY__NOT_DECISION_ELIGIBLE,AUTHORITATIVE_W_BIT_LOAD_ADD_MUL_OUTPUT_DATAPATH_NOT_REBUILT_AT_W16_W32; EXACT_OPERATION_COUNTS_AND_IDENTICAL_MAGNITUDES_RETAINED; PROPAGATION_COMBINER_AND_POLICY_MATCHED_CONTENT_CACHE_LOGIC_NOT_IN_NAND_TOTAL,1253,0,IMPLEMENTED_TRACE_PASS
PAH-BUILD005-DEMAND-VALUATION-0001,32,RADIX_V2,ctz-isolated,B0D626AB5E64F60A21A9BF7E9AC32C902097B6BA4DBCEA4BB9EEAAAE81F7A286,COLD_MAG,MAGNITUDE_FINAL,false,false,false,BIN_PRIME_FRONTIER_SPEC_B4_K,1,4,396,62,119,248,104,263,310,332,331,0,0,0,332,332,0,331,63,0,0,0,285,47,0,0,0,0,64,268,248,0,268,0,0,0,0,0,0,1,64,0,332,8184,396,8976,580668,184512,17589152,546000,18900332,EXPLORATORY_COMPONENT_PROXY__NOT_DECISION_ELIGIBLE,AUTHORITATIVE_W_BIT_LOAD_ADD_MUL_OUTPUT_DATAPATH_NOT_REBUILT_AT_W16_W32; EXACT_OPERATION_COUNTS_AND_IDENTICAL_MAGNITUDES_RETAINED; PROPAGATION_COMBINER_AND_POLICY_MATCHED_CONTENT_CACHE_LOGIC_NOT_IN_NAND_TOTAL,1625,0,IMPLEMENTED_TRACE_PASS
PAH-BUILD005-DEMAND-VALUATION-0001,32,RADIX_V2,ctz-isolated,B0D626AB5E64F60A21A9BF7E9AC32C902097B6BA4DBCEA4BB9EEAAAE81F7A286,COLD_MAG,MAGNITUDE_FINAL,false,false,false,BIN_CONTENT_ANSWER_LRU_K,2,0,128,62,119,0,57,62,62,64,125,0,0,0,64,64,0,62,0,0,0,0,64,0,0,0,0,0,64,0,0,0,0,0,0,0,0,0,0,1,64,0,64,0,64,192,111936,184512,0,192640,489088,EXPLORATORY_COMPONENT_PROXY__NOT_DECISION_ELIGIBLE,AUTHORITATIVE_W_BIT_LOAD_ADD_MUL_OUTPUT_DATAPATH_NOT_REBUILT_AT_W16_W32; EXACT_OPERATION_COUNTS_AND_IDENTICAL_MAGNITUDES_RETAINED; PROPAGATION_COMBINER_AND_POLICY_MATCHED_CONTENT_CACHE_LOGIC_NOT_IN_NAND_TOTAL,1089,0,IMPLEMENTED_TRACE_PASS
PAH-BUILD005-DEMAND-VALUATION-0001,32,RADIX_V2,ctz-isolated,B0D626AB5E64F60A21A9BF7E9AC32C902097B6BA4DBCEA4BB9EEAAAE81F7A286,COLD_MAG,MAGNITUDE_FINAL,false,false,false,BIN_FRONTIER_NOPROP_K,2,0,128,62,119,0,57,62,62,64,125,0,0,0,64,64,0,62,63,0,125,0,64,0,0,0,0,0,64,0,0,0,0,0,0,0,0,0,0,1,64,0,64,0,128,256,111936,184512,0,288960,585408,EXPLORATORY_COMPONENT_PROXY__NOT_DECISION_ELIGIBLE,AUTHORITATIVE_W_BIT_LOAD_ADD_MUL_OUTPUT_DATAPATH_NOT_REBUILT_AT_W16_W32; EXACT_OPERATION_COUNTS_AND_IDENTICAL_MAGNITUDES_RETAINED; PROPAGATION_COMBINER_AND_POLICY_MATCHED_CONTENT_CACHE_LOGIC_NOT_IN_NAND_TOTAL,1089,0,IMPLEMENTED_TRACE_PASS
PAH-BUILD005-DEMAND-VALUATION-0001,32,RADIX_V2,ctz-isolated,B0D626AB5E64F60A21A9BF7E9AC32C902097B6BA4DBCEA4BB9EEAAAE81F7A286,COLD_MAG,MAGNITUDE_FINAL,false,false,false,BIN_PRIME_FRONTIER_PROP_K,2,0,128,62,119,0,57,62,62,64,125,0,0,0,64,64,0,62,63,0,125,0,64,0,0,0,0,0,64,0,0,0,0,0,0,0,0,0,0,1,64,0,64,0,128,256,111936,184512,0,288960,585408,EXPLORATORY_COMPONENT_PROXY__NOT_DECISION_ELIGIBLE,AUTHORITATIVE_W_BIT_LOAD_ADD_MUL_OUTPUT_DATAPATH_NOT_REBUILT_AT_W16_W32; EXACT_OPERATION_COUNTS_AND_IDENTICAL_MAGNITUDES_RETAINED; PROPAGATION_COMBINER_AND_POLICY_MATCHED_CONTENT_CACHE_LOGIC_NOT_IN_NAND_TOTAL,1089,0,IMPLEMENTED_TRACE_PASS
PAH-BUILD005-DEMAND-VALUATION-0001,32,RADIX_V2,ctz-isolated,B0D626AB5E64F60A21A9BF7E9AC32C902097B6BA4DBCEA4BB9EEAAAE81F7A286,COLD_MAG,MAGNITUDE_FINAL,false,false,false,BIN_PRIME_FRONTIER_SPEC_B1_K,2,1,210,62,119,62,78,103,124,146,289,0,0,0,146,146,0,144,126,0,123,0,125,21,0,0,0,0,64,82,62,0,82,0,0,0,0,0,0,1,64,0,146,2046,210,2466,255354,184512,4397288,535780,5372934,EXPLORATORY_COMPONENT_PROXY__NOT_DECISION_ELIGIBLE,AUTHORITATIVE_W_BIT_LOAD_ADD_MUL_OUTPUT_DATAPATH_NOT_REBUILT_AT_W16_W32; EXACT_OPERATION_COUNTS_AND_IDENTICAL_MAGNITUDES_RETAINED; PROPAGATION_COMBINER_AND_POLICY_MATCHED_CONTENT_CACHE_LOGIC_NOT_IN_NAND_TOTAL,1253,0,IMPLEMENTED_TRACE_PASS
PAH-BUILD005-DEMAND-VALUATION-0001,32,RADIX_V2,ctz-isolated,B0D626AB5E64F60A21A9BF7E9AC32C902097B6BA4DBCEA4BB9EEAAAE81F7A286,COLD_MAG,MAGNITUDE_FINAL,false,false,false,BIN_PRIME_FRONTIER_SPEC_B4_K,2,4,396,62,119,248,104,263,310,332,661,0,0,0,332,332,0,330,126,0,0,0,285,47,0,0,0,0,64,268,248,0,268,0,0,0,0,0,0,1,64,0,332,8184,396,8976,580668,184512,17589152,1095640,19449972,EXPLORATORY_COMPONENT_PROXY__NOT_DECISION_ELIGIBLE,AUTHORITATIVE_W_BIT_LOAD_ADD_MUL_OUTPUT_DATAPATH_NOT_REBUILT_AT_W16_W32; EXACT_OPERATION_COUNTS_AND_IDENTICAL_MAGNITUDES_RETAINED; PROPAGATION_COMBINER_AND_POLICY_MATCHED_CONTENT_CACHE_LOGIC_NOT_IN_NAND_TOTAL,1625,0,IMPLEMENTED_TRACE_PASS
PAH-BUILD005-DEMAND-VALUATION-0001,32,RADIX_V2,ctz-isolated,B0D626AB5E64F60A21A9BF7E9AC32C902097B6BA4DBCEA4BB9EEAAAE81F7A286,COLD_MAG,MAGNITUDE_FINAL,false,false,false,BIN_CONTENT_ANSWER_LRU_K,4,0,128,62,119,0,57,62,62,64,246,0,0,0,64,64,0,60,0,0,0,0,64,0,0,0,0,0,64,0,0,0,0,0,0,0,0,0,0,1,64,0,64,0,64,192,111936,184512,0,388608,685056,EXPLORATORY_COMPONENT_PROXY__NOT_DECISION_ELIGIBLE,AUTHORITATIVE_W_BIT_LOAD_ADD_MUL_OUTPUT_DATAPATH_NOT_REBUILT_AT_W16_W32; EXACT_OPERATION_COUNTS_AND_IDENTICAL_MAGNITUDES_RETAINED; PROPAGATION_COMBINER_AND_POLICY_MATCHED_CONTENT_CACHE_LOGIC_NOT_IN_NAND_TOTAL,1089,0,IMPLEMENTED_TRACE_PASS
PAH-BUILD005-DEMAND-VALUATION-0001,32,RADIX_V2,ctz-isolated,B0D626AB5E64F60A21A9BF7E9AC32C902097B6BA4DBCEA4BB9EEAAAE81F7A286,COLD_MAG,MAGNITUDE_FINAL,false,false,false,BIN_FRONTIER_NOPROP_K,4,0,128,62,119,0,57,62,62,64,246,0,0,0,64,64,0,60,63,0,246,0,64,0,0,0,0,0,64,0,0,0,0,0,0,0,0,0,0,1,64,0,64,0,128,256,111936,184512,0,582912,879360,EXPLORATORY_COMPONENT_PROXY__NOT_DECISION_ELIGIBLE,AUTHORITATIVE_W_BIT_LOAD_ADD_MUL_OUTPUT_DATAPATH_NOT_REBUILT_AT_W16_W32; EXACT_OPERATION_COUNTS_AND_IDENTICAL_MAGNITUDES_RETAINED; PROPAGATION_COMBINER_AND_POLICY_MATCHED_CONTENT_CACHE_LOGIC_NOT_IN_NAND_TOTAL,1089,0,IMPLEMENTED_TRACE_PASS
PAH-BUILD005-DEMAND-VALUATION-0001,32,RADIX_V2,ctz-isolated,B0D626AB5E64F60A21A9BF7E9AC32C902097B6BA4DBCEA4BB9EEAAAE81F7A286,COLD_MAG,MAGNITUDE_FINAL,false,false,false,BIN_PRIME_FRONTIER_PROP_K,4,0,128,62,119,0,57,62,62,64,246,0,0,0,64,64,0,60,63,0,246,0,64,0,0,0,0,0,64,0,0,0,0,0,0,0,0,0,0,1,64,0,64,0,128,256,111936,184512,0,582912,879360,EXPLORATORY_COMPONENT_PROXY__NOT_DECISION_ELIGIBLE,AUTHORITATIVE_W_BIT_LOAD_ADD_MUL_OUTPUT_DATAPATH_NOT_REBUILT_AT_W16_W32; EXACT_OPERATION_COUNTS_AND_IDENTICAL_MAGNITUDES_RETAINED; PROPAGATION_COMBINER_AND_POLICY_MATCHED_CONTENT_CACHE_LOGIC_NOT_IN_NAND_TOTAL,1089,0,IMPLEMENTED_TRACE_PASS
PAH-BUILD005-DEMAND-VALUATION-0001,32,RADIX_V2,ctz-isolated,B0D626AB5E64F60A21A9BF7E9AC32C902097B6BA4DBCEA4BB9EEAAAE81F7A286,COLD_MAG,MAGNITUDE_FINAL,false,false,false,BIN_PRIME_FRONTIER_SPEC_B1_K,4,1,210,62,119,62,78,103,124,146,574,0,0,0,146,146,0,142,130,0,244,0,125,21,0,0,0,0,64,82,62,0,82,0,0,0,0,0,0,1,64,0,146,2046,210,2466,255354,184512,4397288,1080816,5917970,EXPLORATORY_COMPONENT_PROXY__NOT_DECISION_ELIGIBLE,AUTHORITATIVE_W_BIT_LOAD_ADD_MUL_OUTPUT_DATAPATH_NOT_REBUILT_AT_W16_W32; EXACT_OPERATION_COUNTS_AND_IDENTICAL_MAGNITUDES_RETAINED; PROPAGATION_COMBINER_AND_POLICY_MATCHED_CONTENT_CACHE_LOGIC_NOT_IN_NAND_TOTAL,1253,0,IMPLEMENTED_TRACE_PASS
PAH-BUILD005-DEMAND-VALUATION-0001,32,RADIX_V2,ctz-isolated,B0D626AB5E64F60A21A9BF7E9AC32C902097B6BA4DBCEA4BB9EEAAAE81F7A286,COLD_MAG,MAGNITUDE_FINAL,false,false,false,BIN_PRIME_FRONTIER_SPEC_B4_K,4,4,396,62,119,248,104,263,310,332,1318,0,0,0,332,332,0,328,252,0,0,0,285,47,0,0,0,0,64,268,248,0,268,0,0,0,0,0,0,1,64,0,332,8184,396,8976,580668,184512,17589152,2210208,20564540,EXPLORATORY_COMPONENT_PROXY__NOT_DECISION_ELIGIBLE,AUTHORITATIVE_W_BIT_LOAD_ADD_MUL_OUTPUT_DATAPATH_NOT_REBUILT_AT_W16_W32; EXACT_OPERATION_COUNTS_AND_IDENTICAL_MAGNITUDES_RETAINED; PROPAGATION_COMBINER_AND_POLICY_MATCHED_CONTENT_CACHE_LOGIC_NOT_IN_NAND_TOTAL,1625,0,IMPLEMENTED_TRACE_PASS
PAH-BUILD005-DEMAND-VALUATION-0001,32,HOSTILE_SLOT_THRASH,four-slots,5A75A1BEBBAB60FFC7BC0A35E68879BDC46A87E75FA4147F7B978C57123283A7,COLD_MAG,MAGNITUDE_FINAL,true,false,true,BIN_DIRECT_BEST,0,0,68,0,0,112,48,64,64,0,0,0,0,0,0,0,0,0,0,0,0,0,64,0,0,0,0,0,64,0,0,0,0,0,0,0,0,0,0,4,4,0,64,3696,0,3764,111936,0,7943488,0,8055424,EXPLORATORY_COMPONENT_PROXY__NOT_DECISION_ELIGIBLE,AUTHORITATIVE_W_BIT_LOAD_ADD_MUL_OUTPUT_DATAPATH_NOT_REBUILT_AT_W16_W32; EXACT_OPERATION_COUNTS_AND_IDENTICAL_MAGNITUDES_RETAINED; PROPAGATION_COMBINER_AND_POLICY_MATCHED_CONTENT_CACHE_LOGIC_NOT_IN_NAND_TOTAL,870,0,IMPLEMENTED_TRACE_PASS
PAH-BUILD005-DEMAND-VALUATION-0001,32,HOSTILE_SLOT_THRASH,four-slots,5A75A1BEBBAB60FFC7BC0A35E68879BDC46A87E75FA4147F7B978C57123283A7,COLD_MAG,MAGNITUDE_FINAL,true,false,true,BIN_CONTENT_ANSWER_LRU_K,1,0,68,0,0,112,48,64,64,64,63,0,0,0,64,64,0,63,0,0,0,0,64,0,0,0,0,0,64,0,0,0,0,0,0,0,0,0,0,4,4,0,64,3696,64,3828,111936,0,7943488,96000,8151424,EXPLORATORY_COMPONENT_PROXY__NOT_DECISION_ELIGIBLE,AUTHORITATIVE_W_BIT_LOAD_ADD_MUL_OUTPUT_DATAPATH_NOT_REBUILT_AT_W16_W32; EXACT_OPERATION_COUNTS_AND_IDENTICAL_MAGNITUDES_RETAINED; PROPAGATION_COMBINER_AND_POLICY_MATCHED_CONTENT_CACHE_LOGIC_NOT_IN_NAND_TOTAL,870,0,IMPLEMENTED_TRACE_PASS
PAH-BUILD005-DEMAND-VALUATION-0001,32,HOSTILE_SLOT_THRASH,four-slots,5A75A1BEBBAB60FFC7BC0A35E68879BDC46A87E75FA4147F7B978C57123283A7,COLD_MAG,MAGNITUDE_FINAL,true,false,true,BIN_FRONTIER_NOPROP_K,1,0,68,0,0,112,48,64,64,64,63,0,0,0,64,64,0,63,0,0,0,0,64,0,0,0,0,0,64,0,0,0,0,0,0,0,0,0,0,4,4,0,64,3696,68,3832,111936,0,7943488,99000,8154424,EXPLORATORY_COMPONENT_PROXY__NOT_DECISION_ELIGIBLE,AUTHORITATIVE_W_BIT_LOAD_ADD_MUL_OUTPUT_DATAPATH_NOT_REBUILT_AT_W16_W32; EXACT_OPERATION_COUNTS_AND_IDENTICAL_MAGNITUDES_RETAINED; PROPAGATION_COMBINER_AND_POLICY_MATCHED_CONTENT_CACHE_LOGIC_NOT_IN_NAND_TOTAL,870,0,IMPLEMENTED_TRACE_PASS
PAH-BUILD005-DEMAND-VALUATION-0001,32,HOSTILE_SLOT_THRASH,four-slots,5A75A1BEBBAB60FFC7BC0A35E68879BDC46A87E75FA4147F7B978C57123283A7,COLD_MAG,MAGNITUDE_FINAL,true,false,true,BIN_PRIME_FRONTIER_PROP_K,1,0,68,0,0,112,48,64,64,64,63,0,0,0,64,64,0,63,0,0,0,0,64,0,0,0,0,0,64,0,0,0,0,0,0,0,0,0,0,4,4,0,64,3696,68,3832,111936,0,7943488,99000,8154424,EXPLORATORY_COMPONENT_PROXY__NOT_DECISION_ELIGIBLE,AUTHORITATIVE_W_BIT_LOAD_ADD_MUL_OUTPUT_DATAPATH_NOT_REBUILT_AT_W16_W32; EXACT_OPERATION_COUNTS_AND_IDENTICAL_MAGNITUDES_RETAINED; PROPAGATION_COMBINER_AND_POLICY_MATCHED_CONTENT_CACHE_LOGIC_NOT_IN_NAND_TOTAL,870,0,IMPLEMENTED_TRACE_PASS
PAH-BUILD005-DEMAND-VALUATION-0001,32,HOSTILE_SLOT_THRASH,four-slots,5A75A1BEBBAB60FFC7BC0A35E68879BDC46A87E75FA4147F7B978C57123283A7,COLD_MAG,MAGNITUDE_FINAL,true,false,true,BIN_PRIME_FRONTIER_SPEC_B1_K,1,1,72,0,0,116,50,66,68,68,67,0,0,0,68,68,0,67,0,0,0,0,66,2,0,0,0,0,64,4,4,4,0,16,4,0,0,0,0,4,4,0,68,3828,72,3972,118932,0,8227184,105000,8451116,EXPLORATORY_COMPONENT_PROXY__NOT_DECISION_ELIGIBLE,AUTHORITATIVE_W_BIT_LOAD_ADD_MUL_OUTPUT_DATAPATH_NOT_REBUILT_AT_W16_W32; EXACT_OPERATION_COUNTS_AND_IDENTICAL_MAGNITUDES_RETAINED; PROPAGATION_COMBINER_AND_POLICY_MATCHED_CONTENT_CACHE_LOGIC_NOT_IN_NAND_TOTAL,878,0,IMPLEMENTED_TRACE_PASS
PAH-BUILD005-DEMAND-VALUATION-0001,32,HOSTILE_SLOT_THRASH,four-slots,5A75A1BEBBAB60FFC7BC0A35E68879BDC46A87E75FA4147F7B978C57123283A7,COLD_MAG,MAGNITUDE_FINAL,true,false,true,BIN_PRIME_FRONTIER_SPEC_B4_K,1,4,84,0,0,128,51,77,80,80,79,0,0,0,80,80,0,79,0,0,0,0,77,3,0,0,0,0,64,16,16,4,12,16,4,0,0,0,0,4,4,0,80,4224,84,4392,139920,0,9078272,123000,9341192,EXPLORATORY_COMPONENT_PROXY__NOT_DECISION_ELIGIBLE,AUTHORITATIVE_W_BIT_LOAD_ADD_MUL_OUTPUT_DATAPATH_NOT_REBUILT_AT_W16_W32; EXACT_OPERATION_COUNTS_AND_IDENTICAL_MAGNITUDES_RETAINED; PROPAGATION_COMBINER_AND_POLICY_MATCHED_CONTENT_CACHE_LOGIC_NOT_IN_NAND_TOTAL,902,0,IMPLEMENTED_TRACE_PASS
PAH-BUILD005-DEMAND-VALUATION-0001,32,HOSTILE_SLOT_THRASH,four-slots,5A75A1BEBBAB60FFC7BC0A35E68879BDC46A87E75FA4147F7B978C57123283A7,COLD_MAG,MAGNITUDE_FINAL,true,false,true,BIN_CONTENT_ANSWER_LRU_K,2,0,68,0,0,112,48,64,64,64,125,0,0,0,64,64,0,62,0,0,0,0,64,0,0,0,0,0,64,0,0,0,0,0,0,0,0,0,0,4,4,0,64,3696,64,3828,111936,0,7943488,192640,8248064,EXPLORATORY_COMPONENT_PROXY__NOT_DECISION_ELIGIBLE,AUTHORITATIVE_W_BIT_LOAD_ADD_MUL_OUTPUT_DATAPATH_NOT_REBUILT_AT_W16_W32; EXACT_OPERATION_COUNTS_AND_IDENTICAL_MAGNITUDES_RETAINED; PROPAGATION_COMBINER_AND_POLICY_MATCHED_CONTENT_CACHE_LOGIC_NOT_IN_NAND_TOTAL,870,0,IMPLEMENTED_TRACE_PASS
PAH-BUILD005-DEMAND-VALUATION-0001,32,HOSTILE_SLOT_THRASH,four-slots,5A75A1BEBBAB60FFC7BC0A35E68879BDC46A87E75FA4147F7B978C57123283A7,COLD_MAG,MAGNITUDE_FINAL,true,false,true,BIN_FRONTIER_NOPROP_K,2,0,68,0,0,112,48,64,64,64,125,0,0,0,64,64,0,62,0,0,0,0,64,0,0,0,0,0,64,0,0,0,0,0,0,0,0,0,0,4,4,0,64,3696,68,3832,111936,0,7943488,198660,8254084,EXPLORATORY_COMPONENT_PROXY__NOT_DECISION_ELIGIBLE,AUTHORITATIVE_W_BIT_LOAD_ADD_MUL_OUTPUT_DATAPATH_NOT_REBUILT_AT_W16_W32; EXACT_OPERATION_COUNTS_AND_IDENTICAL_MAGNITUDES_RETAINED; PROPAGATION_COMBINER_AND_POLICY_MATCHED_CONTENT_CACHE_LOGIC_NOT_IN_NAND_TOTAL,870,0,IMPLEMENTED_TRACE_PASS
PAH-BUILD005-DEMAND-VALUATION-0001,32,HOSTILE_SLOT_THRASH,four-slots,5A75A1BEBBAB60FFC7BC0A35E68879BDC46A87E75FA4147F7B978C57123283A7,COLD_MAG,MAGNITUDE_FINAL,true,false,true,BIN_PRIME_FRONTIER_PROP_K,2,0,68,0,0,112,48,64,64,64,125,0,0,0,64,64,0,62,0,0,0,0,64,0,0,0,0,0,64,0,0,0,0,0,0,0,0,0,0,4,4,0,64,3696,68,3832,111936,0,7943488,198660,8254084,EXPLORATORY_COMPONENT_PROXY__NOT_DECISION_ELIGIBLE,AUTHORITATIVE_W_BIT_LOAD_ADD_MUL_OUTPUT_DATAPATH_NOT_REBUILT_AT_W16_W32; EXACT_OPERATION_COUNTS_AND_IDENTICAL_MAGNITUDES_RETAINED; PROPAGATION_COMBINER_AND_POLICY_MATCHED_CONTENT_CACHE_LOGIC_NOT_IN_NAND_TOTAL,870,0,IMPLEMENTED_TRACE_PASS
PAH-BUILD005-DEMAND-VALUATION-0001,32,HOSTILE_SLOT_THRASH,four-slots,5A75A1BEBBAB60FFC7BC0A35E68879BDC46A87E75FA4147F7B978C57123283A7,COLD_MAG,MAGNITUDE_FINAL,true,false,true,BIN_PRIME_FRONTIER_SPEC_B1_K,2,1,72,0,0,116,50,66,68,68,133,0,0,0,68,68,0,66,0,0,0,0,66,2,0,0,0,0,64,4,4,4,0,16,4,0,0,0,0,4,4,0,68,3828,72,3972,118932,0,8227184,210700,8556816,EXPLORATORY_COMPONENT_PROXY__NOT_DECISION_ELIGIBLE,AUTHORITATIVE_W_BIT_LOAD_ADD_MUL_OUTPUT_DATAPATH_NOT_REBUILT_AT_W16_W32; EXACT_OPERATION_COUNTS_AND_IDENTICAL_MAGNITUDES_RETAINED; PROPAGATION_COMBINER_AND_POLICY_MATCHED_CONTENT_CACHE_LOGIC_NOT_IN_NAND_TOTAL,878,0,IMPLEMENTED_TRACE_PASS
PAH-BUILD005-DEMAND-VALUATION-0001,32,HOSTILE_SLOT_THRASH,four-slots,5A75A1BEBBAB60FFC7BC0A35E68879BDC46A87E75FA4147F7B978C57123283A7,COLD_MAG,MAGNITUDE_FINAL,true,false,true,BIN_PRIME_FRONTIER_SPEC_B4_K,2,4,84,0,0,128,51,77,80,80,157,0,0,0,80,80,0,78,0,0,0,0,77,3,0,0,0,0,64,16,16,4,12,16,4,0,0,0,0,4,4,0,80,4224,84,4392,139920,0,9078272,246820,9465012,EXPLORATORY_COMPONENT_PROXY__NOT_DECISION_ELIGIBLE,AUTHORITATIVE_W_BIT_LOAD_ADD_MUL_OUTPUT_DATAPATH_NOT_REBUILT_AT_W16_W32; EXACT_OPERATION_COUNTS_AND_IDENTICAL_MAGNITUDES_RETAINED; PROPAGATION_COMBINER_AND_POLICY_MATCHED_CONTENT_CACHE_LOGIC_NOT_IN_NAND_TOTAL,902,0,IMPLEMENTED_TRACE_PASS
PAH-BUILD005-DEMAND-VALUATION-0001,32,HOSTILE_SLOT_THRASH,four-slots,5A75A1BEBBAB60FFC7BC0A35E68879BDC46A87E75FA4147F7B978C57123283A7,COLD_MAG,MAGNITUDE_FINAL,true,false,true,BIN_CONTENT_ANSWER_LRU_K,4,0,68,0,0,7,3,4,4,64,246,60,0,0,4,4,0,0,0,0,0,0,4,0,0,0,0,0,64,0,0,0,0,0,0,0,0,0,0,4,4,0,64,231,4,303,111936,0,496468,206448,814852,EXPLORATORY_COMPONENT_PROXY__NOT_DECISION_ELIGIBLE,AUTHORITATIVE_W_BIT_LOAD_ADD_MUL_OUTPUT_DATAPATH_NOT_REBUILT_AT_W16_W32; EXACT_OPERATION_COUNTS_AND_IDENTICAL_MAGNITUDES_RETAINED; PROPAGATION_COMBINER_AND_POLICY_MATCHED_CONTENT_CACHE_LOGIC_NOT_IN_NAND_TOTAL,870,0,IMPLEMENTED_TRACE_PASS
PAH-BUILD005-DEMAND-VALUATION-0001,32,HOSTILE_SLOT_THRASH,four-slots,5A75A1BEBBAB60FFC7BC0A35E68879BDC46A87E75FA4147F7B978C57123283A7,COLD_MAG,MAGNITUDE_FINAL,true,false,true,BIN_FRONTIER_NOPROP_K,4,0,68,0,0,7,3,4,4,64,246,60,0,0,4,4,0,0,0,0,0,0,4,0,0,0,0,0,64,0,0,0,0,0,0,0,0,0,0,4,4,0,64,231,8,307,111936,0,496468,218592,826996,EXPLORATORY_COMPONENT_PROXY__NOT_DECISION_ELIGIBLE,AUTHORITATIVE_W_BIT_LOAD_ADD_MUL_OUTPUT_DATAPATH_NOT_REBUILT_AT_W16_W32; EXACT_OPERATION_COUNTS_AND_IDENTICAL_MAGNITUDES_RETAINED; PROPAGATION_COMBINER_AND_POLICY_MATCHED_CONTENT_CACHE_LOGIC_NOT_IN_NAND_TOTAL,870,0,IMPLEMENTED_TRACE_PASS
PAH-BUILD005-DEMAND-VALUATION-0001,32,HOSTILE_SLOT_THRASH,four-slots,5A75A1BEBBAB60FFC7BC0A35E68879BDC46A87E75FA4147F7B978C57123283A7,COLD_MAG,MAGNITUDE_FINAL,true,false,true,BIN_PRIME_FRONTIER_PROP_K,4,0,68,0,0,7,3,4,4,64,246,60,0,0,4,4,0,0,0,0,0,0,4,0,0,0,0,0,64,0,0,0,0,0,0,0,0,0,0,4,4,0,64,231,8,307,111936,0,496468,218592,826996,EXPLORATORY_COMPONENT_PROXY__NOT_DECISION_ELIGIBLE,AUTHORITATIVE_W_BIT_LOAD_ADD_MUL_OUTPUT_DATAPATH_NOT_REBUILT_AT_W16_W32; EXACT_OPERATION_COUNTS_AND_IDENTICAL_MAGNITUDES_RETAINED; PROPAGATION_COMBINER_AND_POLICY_MATCHED_CONTENT_CACHE_LOGIC_NOT_IN_NAND_TOTAL,870,0,IMPLEMENTED_TRACE_PASS
PAH-BUILD005-DEMAND-VALUATION-0001,32,HOSTILE_SLOT_THRASH,four-slots,5A75A1BEBBAB60FFC7BC0A35E68879BDC46A87E75FA4147F7B978C57123283A7,COLD_MAG,MAGNITUDE_FINAL,true,false,true,BIN_PRIME_FRONTIER_SPEC_B1_K,4,1,72,0,0,7,3,4,6,68,262,64,0,0,4,4,2,0,0,0,0,0,4,2,0,0,0,0,64,4,4,4,0,16,4,0,0,0,0,4,4,0,68,231,10,313,118932,0,496468,236808,852208,EXPLORATORY_COMPONENT_PROXY__NOT_DECISION_ELIGIBLE,AUTHORITATIVE_W_BIT_LOAD_ADD_MUL_OUTPUT_DATAPATH_NOT_REBUILT_AT_W16_W32; EXACT_OPERATION_COUNTS_AND_IDENTICAL_MAGNITUDES_RETAINED; PROPAGATION_COMBINER_AND_POLICY_MATCHED_CONTENT_CACHE_LOGIC_NOT_IN_NAND_TOTAL,878,0,IMPLEMENTED_TRACE_PASS
PAH-BUILD005-DEMAND-VALUATION-0001,32,HOSTILE_SLOT_THRASH,four-slots,5A75A1BEBBAB60FFC7BC0A35E68879BDC46A87E75FA4147F7B978C57123283A7,COLD_MAG,MAGNITUDE_FINAL,true,false,true,BIN_PRIME_FRONTIER_SPEC_B4_K,4,4,84,0,0,23,6,17,20,80,310,60,0,0,20,20,0,16,0,0,0,0,17,3,0,0,0,0,64,16,16,4,12,16,4,0,0,0,0,4,4,0,80,759,24,867,139920,0,1631252,315744,2086916,EXPLORATORY_COMPONENT_PROXY__NOT_DECISION_ELIGIBLE,AUTHORITATIVE_W_BIT_LOAD_ADD_MUL_OUTPUT_DATAPATH_NOT_REBUILT_AT_W16_W32; EXACT_OPERATION_COUNTS_AND_IDENTICAL_MAGNITUDES_RETAINED; PROPAGATION_COMBINER_AND_POLICY_MATCHED_CONTENT_CACHE_LOGIC_NOT_IN_NAND_TOTAL,902,0,IMPLEMENTED_TRACE_PASS
PAH-BUILD005-DEMAND-VALUATION-0001,32,HOSTILE_PRIME_THRASH,five-prime-rotation,99A5A0210E37C8549F762D4B7DA8A8482DC0307CCE8FEECD6EBFADBDF9216A4A,COLD_MAG,MAGNITUDE_FINAL,true,false,true,BIN_DIRECT_BEST,0,0,41,8,16,64,40,40,40,0,0,0,0,0,0,0,0,0,0,0,0,0,40,0,0,0,0,0,40,0,0,0,0,0,0,0,0,0,0,1,1,0,40,2112,0,2153,69960,23808,4539136,0,4632904,EXPLORATORY_COMPONENT_PROXY__NOT_DECISION_ELIGIBLE,AUTHORITATIVE_W_BIT_LOAD_ADD_MUL_OUTPUT_DATAPATH_NOT_REBUILT_AT_W16_W32; EXACT_OPERATION_COUNTS_AND_IDENTICAL_MAGNITUDES_RETAINED; PROPAGATION_COMBINER_AND_POLICY_MATCHED_CONTENT_CACHE_LOGIC_NOT_IN_NAND_TOTAL,408,0,IMPLEMENTED_TRACE_PASS
PAH-BUILD005-DEMAND-VALUATION-0001,32,HOSTILE_PRIME_THRASH,five-prime-rotation,99A5A0210E37C8549F762D4B7DA8A8482DC0307CCE8FEECD6EBFADBDF9216A4A,COLD_MAG,MAGNITUDE_FINAL,true,false,true,BIN_CONTENT_ANSWER_LRU_K,1,0,41,8,16,64,40,40,40,40,39,0,0,0,40,40,0,39,0,0,0,0,40,0,0,0,0,0,40,0,0,0,0,0,0,0,0,0,0,1,1,0,40,2112,40,2193,69960,23808,4539136,60000,4692904,EXPLORATORY_COMPONENT_PROXY__NOT_DECISION_ELIGIBLE,AUTHORITATIVE_W_BIT_LOAD_ADD_MUL_OUTPUT_DATAPATH_NOT_REBUILT_AT_W16_W32; EXACT_OPERATION_COUNTS_AND_IDENTICAL_MAGNITUDES_RETAINED; PROPAGATION_COMBINER_AND_POLICY_MATCHED_CONTENT_CACHE_LOGIC_NOT_IN_NAND_TOTAL,408,0,IMPLEMENTED_TRACE_PASS
PAH-BUILD005-DEMAND-VALUATION-0001,32,HOSTILE_PRIME_THRASH,five-prime-rotation,99A5A0210E37C8549F762D4B7DA8A8482DC0307CCE8FEECD6EBFADBDF9216A4A,COLD_MAG,MAGNITUDE_FINAL,true,false,true,BIN_FRONTIER_NOPROP_K,1,0,41,8,16,64,40,40,40,40,39,0,0,0,40,40,0,39,0,0,0,0,40,0,0,0,0,0,40,0,0,0,0,0,0,0,0,0,0,1,1,0,40,2112,41,2194,69960,23808,4539136,60750,4693654,EXPLORATORY_COMPONENT_PROXY__NOT_DECISION_ELIGIBLE,AUTHORITATIVE_W_BIT_LOAD_ADD_MUL_OUTPUT_DATAPATH_NOT_REBUILT_AT_W16_W32; EXACT_OPERATION_COUNTS_AND_IDENTICAL_MAGNITUDES_RETAINED; PROPAGATION_COMBINER_AND_POLICY_MATCHED_CONTENT_CACHE_LOGIC_NOT_IN_NAND_TOTAL,408,0,IMPLEMENTED_TRACE_PASS
PAH-BUILD005-DEMAND-VALUATION-0001,32,HOSTILE_PRIME_THRASH,five-prime-rotation,99A5A0210E37C8549F762D4B7DA8A8482DC0307CCE8FEECD6EBFADBDF9216A4A,COLD_MAG,MAGNITUDE_FINAL,true,false,true,BIN_PRIME_FRONTIER_PROP_K,1,0,41,8,16,64,40,40,40,40,39,0,0,0,40,40,0,39,0,0,0,0,40,0,0,0,0,0,40,0,0,0,0,0,0,0,0,0,0,1,1,0,40,2112,41,2194,69960,23808,4539136,60750,4693654,EXPLORATORY_COMPONENT_PROXY__NOT_DECISION_ELIGIBLE,AUTHORITATIVE_W_BIT_LOAD_ADD_MUL_OUTPUT_DATAPATH_NOT_REBUILT_AT_W16_W32; EXACT_OPERATION_COUNTS_AND_IDENTICAL_MAGNITUDES_RETAINED; PROPAGATION_COMBINER_AND_POLICY_MATCHED_CONTENT_CACHE_LOGIC_NOT_IN_NAND_TOTAL,408,0,IMPLEMENTED_TRACE_PASS
PAH-BUILD005-DEMAND-VALUATION-0001,32,HOSTILE_PRIME_THRASH,five-prime-rotation,99A5A0210E37C8549F762D4B7DA8A8482DC0307CCE8FEECD6EBFADBDF9216A4A,COLD_MAG,MAGNITUDE_FINAL,true,false,true,BIN_PRIME_FRONTIER_SPEC_B1_K,1,1,42,8,16,65,41,40,41,41,40,0,0,0,41,41,0,40,0,0,0,0,40,1,0,0,0,0,40,1,1,1,0,2,2,0,0,0,0,1,1,0,41,2145,42,2229,71709,23808,4610060,62250,4767827,EXPLORATORY_COMPONENT_PROXY__NOT_DECISION_ELIGIBLE,AUTHORITATIVE_W_BIT_LOAD_ADD_MUL_OUTPUT_DATAPATH_NOT_REBUILT_AT_W16_W32; EXACT_OPERATION_COUNTS_AND_IDENTICAL_MAGNITUDES_RETAINED; PROPAGATION_COMBINER_AND_POLICY_MATCHED_CONTENT_CACHE_LOGIC_NOT_IN_NAND_TOTAL,410,0,IMPLEMENTED_TRACE_PASS
PAH-BUILD005-DEMAND-VALUATION-0001,32,HOSTILE_PRIME_THRASH,five-prime-rotation,99A5A0210E37C8549F762D4B7DA8A8482DC0307CCE8FEECD6EBFADBDF9216A4A,COLD_MAG,MAGNITUDE_FINAL,true,false,true,BIN_PRIME_FRONTIER_SPEC_B4_K,1,4,45,8,16,68,44,40,44,44,43,0,0,0,44,44,0,43,0,0,0,0,40,4,0,0,0,0,40,4,4,4,0,14,5,0,0,0,0,1,1,0,44,2244,45,2334,76956,23808,4822832,66750,4990346,EXPLORATORY_COMPONENT_PROXY__NOT_DECISION_ELIGIBLE,AUTHORITATIVE_W_BIT_LOAD_ADD_MUL_OUTPUT_DATAPATH_NOT_REBUILT_AT_W16_W32; EXACT_OPERATION_COUNTS_AND_IDENTICAL_MAGNITUDES_RETAINED; PROPAGATION_COMBINER_AND_POLICY_MATCHED_CONTENT_CACHE_LOGIC_NOT_IN_NAND_TOTAL,416,0,IMPLEMENTED_TRACE_PASS
PAH-BUILD005-DEMAND-VALUATION-0001,32,HOSTILE_PRIME_THRASH,five-prime-rotation,99A5A0210E37C8549F762D4B7DA8A8482DC0307CCE8FEECD6EBFADBDF9216A4A,COLD_MAG,MAGNITUDE_FINAL,true,false,true,BIN_CONTENT_ANSWER_LRU_K,2,0,41,8,16,64,40,40,40,40,77,0,0,0,40,40,0,38,0,0,0,0,40,0,0,0,0,0,40,0,0,0,0,0,0,0,0,0,0,1,1,0,40,2112,40,2193,69960,23808,4539136,120400,4753304,EXPLORATORY_COMPONENT_PROXY__NOT_DECISION_ELIGIBLE,AUTHORITATIVE_W_BIT_LOAD_ADD_MUL_OUTPUT_DATAPATH_NOT_REBUILT_AT_W16_W32; EXACT_OPERATION_COUNTS_AND_IDENTICAL_MAGNITUDES_RETAINED; PROPAGATION_COMBINER_AND_POLICY_MATCHED_CONTENT_CACHE_LOGIC_NOT_IN_NAND_TOTAL,408,0,IMPLEMENTED_TRACE_PASS
PAH-BUILD005-DEMAND-VALUATION-0001,32,HOSTILE_PRIME_THRASH,five-prime-rotation,99A5A0210E37C8549F762D4B7DA8A8482DC0307CCE8FEECD6EBFADBDF9216A4A,COLD_MAG,MAGNITUDE_FINAL,true,false,true,BIN_FRONTIER_NOPROP_K,2,0,41,8,16,64,40,40,40,40,77,0,0,0,40,40,0,38,0,0,0,0,40,0,0,0,0,0,40,0,0,0,0,0,0,0,0,0,0,1,1,0,40,2112,41,2194,69960,23808,4539136,121905,4754809,EXPLORATORY_COMPONENT_PROXY__NOT_DECISION_ELIGIBLE,AUTHORITATIVE_W_BIT_LOAD_ADD_MUL_OUTPUT_DATAPATH_NOT_REBUILT_AT_W16_W32; EXACT_OPERATION_COUNTS_AND_IDENTICAL_MAGNITUDES_RETAINED; PROPAGATION_COMBINER_AND_POLICY_MATCHED_CONTENT_CACHE_LOGIC_NOT_IN_NAND_TOTAL,408,0,IMPLEMENTED_TRACE_PASS
PAH-BUILD005-DEMAND-VALUATION-0001,32,HOSTILE_PRIME_THRASH,five-prime-rotation,99A5A0210E37C8549F762D4B7DA8A8482DC0307CCE8FEECD6EBFADBDF9216A4A,COLD_MAG,MAGNITUDE_FINAL,true,false,true,BIN_PRIME_FRONTIER_PROP_K,2,0,41,8,16,64,40,40,40,40,77,0,0,0,40,40,0,38,0,0,0,0,40,0,0,0,0,0,40,0,0,0,0,0,0,0,0,0,0,1,1,0,40,2112,41,2194,69960,23808,4539136,121905,4754809,EXPLORATORY_COMPONENT_PROXY__NOT_DECISION_ELIGIBLE,AUTHORITATIVE_W_BIT_LOAD_ADD_MUL_OUTPUT_DATAPATH_NOT_REBUILT_AT_W16_W32; EXACT_OPERATION_COUNTS_AND_IDENTICAL_MAGNITUDES_RETAINED; PROPAGATION_COMBINER_AND_POLICY_MATCHED_CONTENT_CACHE_LOGIC_NOT_IN_NAND_TOTAL,408,0,IMPLEMENTED_TRACE_PASS
PAH-BUILD005-DEMAND-VALUATION-0001,32,HOSTILE_PRIME_THRASH,five-prime-rotation,99A5A0210E37C8549F762D4B7DA8A8482DC0307CCE8FEECD6EBFADBDF9216A4A,COLD_MAG,MAGNITUDE_FINAL,true,false,true,BIN_PRIME_FRONTIER_SPEC_B1_K,2,1,42,8,16,64,40,40,41,41,79,1,0,0,40,40,1,38,0,0,0,0,40,1,0,0,0,0,40,1,1,1,0,2,2,0,0,0,0,1,1,0,41,2112,42,2196,71709,23808,4539136,124915,4759568,EXPLORATORY_COMPONENT_PROXY__NOT_DECISION_ELIGIBLE,AUTHORITATIVE_W_BIT_LOAD_ADD_MUL_OUTPUT_DATAPATH_NOT_REBUILT_AT_W16_W32; EXACT_OPERATION_COUNTS_AND_IDENTICAL_MAGNITUDES_RETAINED; PROPAGATION_COMBINER_AND_POLICY_MATCHED_CONTENT_CACHE_LOGIC_NOT_IN_NAND_TOTAL,410,0,IMPLEMENTED_TRACE_PASS
PAH-BUILD005-DEMAND-VALUATION-0001,32,HOSTILE_PRIME_THRASH,five-prime-rotation,99A5A0210E37C8549F762D4B7DA8A8482DC0307CCE8FEECD6EBFADBDF9216A4A,COLD_MAG,MAGNITUDE_FINAL,true,false,true,BIN_PRIME_FRONTIER_SPEC_B4_K,2,4,45,8,16,68,44,40,44,44,85,0,0,0,44,44,0,42,0,0,0,0,40,4,0,0,0,0,40,4,4,4,0,14,5,0,0,0,0,1,1,0,44,2244,45,2334,76956,23808,4822832,133945,5057541,EXPLORATORY_COMPONENT_PROXY__NOT_DECISION_ELIGIBLE,AUTHORITATIVE_W_BIT_LOAD_ADD_MUL_OUTPUT_DATAPATH_NOT_REBUILT_AT_W16_W32; EXACT_OPERATION_COUNTS_AND_IDENTICAL_MAGNITUDES_RETAINED; PROPAGATION_COMBINER_AND_POLICY_MATCHED_CONTENT_CACHE_LOGIC_NOT_IN_NAND_TOTAL,416,0,IMPLEMENTED_TRACE_PASS
PAH-BUILD005-DEMAND-VALUATION-0001,32,HOSTILE_PRIME_THRASH,five-prime-rotation,99A5A0210E37C8549F762D4B7DA8A8482DC0307CCE8FEECD6EBFADBDF9216A4A,COLD_MAG,MAGNITUDE_FINAL,true,false,true,BIN_CONTENT_ANSWER_LRU_K,4,0,41,8,16,64,40,40,40,40,150,0,0,0,40,40,0,36,0,0,0,0,40,0,0,0,0,0,40,0,0,0,0,0,0,0,0,0,0,1,1,0,40,2112,40,2193,69960,23808,4539136,242880,4875784,EXPLORATORY_COMPONENT_PROXY__NOT_DECISION_ELIGIBLE,AUTHORITATIVE_W_BIT_LOAD_ADD_MUL_OUTPUT_DATAPATH_NOT_REBUILT_AT_W16_W32; EXACT_OPERATION_COUNTS_AND_IDENTICAL_MAGNITUDES_RETAINED; PROPAGATION_COMBINER_AND_POLICY_MATCHED_CONTENT_CACHE_LOGIC_NOT_IN_NAND_TOTAL,408,0,IMPLEMENTED_TRACE_PASS
PAH-BUILD005-DEMAND-VALUATION-0001,32,HOSTILE_PRIME_THRASH,five-prime-rotation,99A5A0210E37C8549F762D4B7DA8A8482DC0307CCE8FEECD6EBFADBDF9216A4A,COLD_MAG,MAGNITUDE_FINAL,true,false,true,BIN_FRONTIER_NOPROP_K,4,0,41,8,16,64,40,40,40,40,150,0,0,0,40,40,0,36,0,0,0,0,40,0,0,0,0,0,40,0,0,0,0,0,0,0,0,0,0,1,1,0,40,2112,41,2194,69960,23808,4539136,245916,4878820,EXPLORATORY_COMPONENT_PROXY__NOT_DECISION_ELIGIBLE,AUTHORITATIVE_W_BIT_LOAD_ADD_MUL_OUTPUT_DATAPATH_NOT_REBUILT_AT_W16_W32; EXACT_OPERATION_COUNTS_AND_IDENTICAL_MAGNITUDES_RETAINED; PROPAGATION_COMBINER_AND_POLICY_MATCHED_CONTENT_CACHE_LOGIC_NOT_IN_NAND_TOTAL,408,0,IMPLEMENTED_TRACE_PASS
PAH-BUILD005-DEMAND-VALUATION-0001,32,HOSTILE_PRIME_THRASH,five-prime-rotation,99A5A0210E37C8549F762D4B7DA8A8482DC0307CCE8FEECD6EBFADBDF9216A4A,COLD_MAG,MAGNITUDE_FINAL,true,false,true,BIN_PRIME_FRONTIER_PROP_K,4,0,41,8,16,64,40,40,40,40,150,0,0,0,40,40,0,36,0,0,0,0,40,0,0,0,0,0,40,0,0,0,0,0,0,0,0,0,0,1,1,0,40,2112,41,2194,69960,23808,4539136,245916,4878820,EXPLORATORY_COMPONENT_PROXY__NOT_DECISION_ELIGIBLE,AUTHORITATIVE_W_BIT_LOAD_ADD_MUL_OUTPUT_DATAPATH_NOT_REBUILT_AT_W16_W32; EXACT_OPERATION_COUNTS_AND_IDENTICAL_MAGNITUDES_RETAINED; PROPAGATION_COMBINER_AND_POLICY_MATCHED_CONTENT_CACHE_LOGIC_NOT_IN_NAND_TOTAL,408,0,IMPLEMENTED_TRACE_PASS
PAH-BUILD005-DEMAND-VALUATION-0001,32,HOSTILE_PRIME_THRASH,five-prime-rotation,99A5A0210E37C8549F762D4B7DA8A8482DC0307CCE8FEECD6EBFADBDF9216A4A,COLD_MAG,MAGNITUDE_FINAL,true,false,true,BIN_PRIME_FRONTIER_SPEC_B1_K,4,1,42,8,16,64,40,40,41,41,152,1,0,0,40,40,1,36,0,0,0,0,40,1,0,0,0,0,40,1,1,1,0,2,2,0,0,0,0,1,1,0,41,2112,42,2196,71709,23808,4539136,251988,4886641,EXPLORATORY_COMPONENT_PROXY__NOT_DECISION_ELIGIBLE,AUTHORITATIVE_W_BIT_LOAD_ADD_MUL_OUTPUT_DATAPATH_NOT_REBUILT_AT_W16_W32; EXACT_OPERATION_COUNTS_AND_IDENTICAL_MAGNITUDES_RETAINED; PROPAGATION_COMBINER_AND_POLICY_MATCHED_CONTENT_CACHE_LOGIC_NOT_IN_NAND_TOTAL,410,0,IMPLEMENTED_TRACE_PASS
PAH-BUILD005-DEMAND-VALUATION-0001,32,HOSTILE_PRIME_THRASH,five-prime-rotation,99A5A0210E37C8549F762D4B7DA8A8482DC0307CCE8FEECD6EBFADBDF9216A4A,COLD_MAG,MAGNITUDE_FINAL,true,false,true,BIN_PRIME_FRONTIER_SPEC_B4_K,4,4,45,8,16,68,44,40,44,44,166,0,0,0,44,44,0,40,0,0,0,0,40,4,0,0,0,0,40,4,4,4,0,14,5,0,0,0,0,1,1,0,44,2244,45,2334,76956,23808,4822832,270204,5193800,EXPLORATORY_COMPONENT_PROXY__NOT_DECISION_ELIGIBLE,AUTHORITATIVE_W_BIT_LOAD_ADD_MUL_OUTPUT_DATAPATH_NOT_REBUILT_AT_W16_W32; EXACT_OPERATION_COUNTS_AND_IDENTICAL_MAGNITUDES_RETAINED; PROPAGATION_COMBINER_AND_POLICY_MATCHED_CONTENT_CACHE_LOGIC_NOT_IN_NAND_TOTAL,416,0,IMPLEMENTED_TRACE_PASS
PAH-BUILD005-DEMAND-VALUATION-0001,32,HOSTILE_MUTATE_AFTER_FILL,fill-then-discard,9ACB675A2913460A856BBD941CE5F9BB2879B8C63EBD7DA9D20BFF27243A7F48,COLD_MAG,MAGNITUDE_FINAL,true,false,true,BIN_DIRECT_BEST,0,0,81,0,0,82,42,40,40,0,0,0,0,0,0,0,0,0,0,0,0,0,40,0,0,0,0,0,40,0,0,0,0,0,0,0,0,0,0,1,41,0,40,2706,0,2787,69960,0,5815768,0,5885728,EXPLORATORY_COMPONENT_PROXY__NOT_DECISION_ELIGIBLE,AUTHORITATIVE_W_BIT_LOAD_ADD_MUL_OUTPUT_DATAPATH_NOT_REBUILT_AT_W16_W32; EXACT_OPERATION_COUNTS_AND_IDENTICAL_MAGNITUDES_RETAINED; PROPAGATION_COMBINER_AND_POLICY_MATCHED_CONTENT_CACHE_LOGIC_NOT_IN_NAND_TOTAL,688,0,IMPLEMENTED_TRACE_PASS
PAH-BUILD005-DEMAND-VALUATION-0001,32,HOSTILE_MUTATE_AFTER_FILL,fill-then-discard,9ACB675A2913460A856BBD941CE5F9BB2879B8C63EBD7DA9D20BFF27243A7F48,COLD_MAG,MAGNITUDE_FINAL,true,false,true,BIN_CONTENT_ANSWER_LRU_K,1,0,81,0,0,79,40,39,39,40,39,1,0,0,39,39,0,38,0,0,0,0,39,0,0,0,0,0,40,0,0,0,0,0,0,0,0,0,0,1,41,0,40,2607,39,2727,69960,0,5602996,59250,5732206,EXPLORATORY_COMPONENT_PROXY__NOT_DECISION_ELIGIBLE,AUTHORITATIVE_W_BIT_LOAD_ADD_MUL_OUTPUT_DATAPATH_NOT_REBUILT_AT_W16_W32; EXACT_OPERATION_COUNTS_AND_IDENTICAL_MAGNITUDES_RETAINED; PROPAGATION_COMBINER_AND_POLICY_MATCHED_CONTENT_CACHE_LOGIC_NOT_IN_NAND_TOTAL,688,0,IMPLEMENTED_TRACE_PASS
PAH-BUILD005-DEMAND-VALUATION-0001,32,HOSTILE_MUTATE_AFTER_FILL,fill-then-discard,9ACB675A2913460A856BBD941CE5F9BB2879B8C63EBD7DA9D20BFF27243A7F48,COLD_MAG,MAGNITUDE_FINAL,true,false,true,BIN_FRONTIER_NOPROP_K,1,0,81,0,0,82,42,40,40,40,39,0,0,0,40,40,0,39,40,0,39,0,40,0,0,0,0,0,40,0,0,0,0,0,0,0,0,0,0,1,41,0,40,2706,81,2868,69960,0,5815768,90750,5976478,EXPLORATORY_COMPONENT_PROXY__NOT_DECISION_ELIGIBLE,AUTHORITATIVE_W_BIT_LOAD_ADD_MUL_OUTPUT_DATAPATH_NOT_REBUILT_AT_W16_W32; EXACT_OPERATION_COUNTS_AND_IDENTICAL_MAGNITUDES_RETAINED; PROPAGATION_COMBINER_AND_POLICY_MATCHED_CONTENT_CACHE_LOGIC_NOT_IN_NAND_TOTAL,688,0,IMPLEMENTED_TRACE_PASS
PAH-BUILD005-DEMAND-VALUATION-0001,32,HOSTILE_MUTATE_AFTER_FILL,fill-then-discard,9ACB675A2913460A856BBD941CE5F9BB2879B8C63EBD7DA9D20BFF27243A7F48,COLD_MAG,MAGNITUDE_FINAL,true,false,true,BIN_PRIME_FRONTIER_PROP_K,1,0,81,0,0,82,42,40,40,40,39,0,0,0,40,40,0,39,40,0,39,0,40,0,0,0,0,0,40,0,0,0,0,0,0,0,0,0,0,1,41,0,40,2706,81,2868,69960,0,5815768,90750,5976478,EXPLORATORY_COMPONENT_PROXY__NOT_DECISION_ELIGIBLE,AUTHORITATIVE_W_BIT_LOAD_ADD_MUL_OUTPUT_DATAPATH_NOT_REBUILT_AT_W16_W32; EXACT_OPERATION_COUNTS_AND_IDENTICAL_MAGNITUDES_RETAINED; PROPAGATION_COMBINER_AND_POLICY_MATCHED_CONTENT_CACHE_LOGIC_NOT_IN_NAND_TOTAL,688,0,IMPLEMENTED_TRACE_PASS
PAH-BUILD005-DEMAND-VALUATION-0001,32,HOSTILE_MUTATE_AFTER_FILL,fill-then-discard,9ACB675A2913460A856BBD941CE5F9BB2879B8C63EBD7DA9D20BFF27243A7F48,COLD_MAG,MAGNITUDE_FINAL,true,false,true,BIN_PRIME_FRONTIER_SPEC_B1_K,1,1,122,0,0,83,42,41,62,81,80,40,0,0,41,41,21,40,40,0,40,0,41,21,0,0,0,0,40,41,41,40,1,40,1,0,0,0,0,1,41,0,81,2739,103,2964,141669,0,5886692,138000,6166361,EXPLORATORY_COMPONENT_PROXY__NOT_DECISION_ELIGIBLE,AUTHORITATIVE_W_BIT_LOAD_ADD_MUL_OUTPUT_DATAPATH_NOT_REBUILT_AT_W16_W32; EXACT_OPERATION_COUNTS_AND_IDENTICAL_MAGNITUDES_RETAINED; PROPAGATION_COMBINER_AND_POLICY_MATCHED_CONTENT_CACHE_LOGIC_NOT_IN_NAND_TOTAL,770,0,IMPLEMENTED_TRACE_PASS
PAH-BUILD005-DEMAND-VALUATION-0001,32,HOSTILE_MUTATE_AFTER_FILL,fill-then-discard,9ACB675A2913460A856BBD941CE5F9BB2879B8C63EBD7DA9D20BFF27243A7F48,COLD_MAG,MAGNITUDE_FINAL,true,false,true,BIN_PRIME_FRONTIER_SPEC_B4_K,1,4,245,0,0,246,84,162,204,204,203,0,0,0,204,204,0,203,40,0,40,0,162,42,0,0,0,0,40,164,164,40,124,40,1,0,0,0,0,1,41,0,204,8118,245,8608,356796,0,17447304,336750,18140850,EXPLORATORY_COMPONENT_PROXY__NOT_DECISION_ELIGIBLE,AUTHORITATIVE_W_BIT_LOAD_ADD_MUL_OUTPUT_DATAPATH_NOT_REBUILT_AT_W16_W32; EXACT_OPERATION_COUNTS_AND_IDENTICAL_MAGNITUDES_RETAINED; PROPAGATION_COMBINER_AND_POLICY_MATCHED_CONTENT_CACHE_LOGIC_NOT_IN_NAND_TOTAL,1016,0,IMPLEMENTED_TRACE_PASS
PAH-BUILD005-DEMAND-VALUATION-0001,32,HOSTILE_MUTATE_AFTER_FILL,fill-then-discard,9ACB675A2913460A856BBD941CE5F9BB2879B8C63EBD7DA9D20BFF27243A7F48,COLD_MAG,MAGNITUDE_FINAL,true,false,true,BIN_CONTENT_ANSWER_LRU_K,2,0,81,0,0,4,2,2,2,40,76,38,0,0,2,2,0,0,0,0,0,0,2,0,0,0,0,0,40,0,0,0,0,0,0,0,0,0,0,1,41,0,40,132,2,215,69960,0,283696,63210,416866,EXPLORATORY_COMPONENT_PROXY__NOT_DECISION_ELIGIBLE,AUTHORITATIVE_W_BIT_LOAD_ADD_MUL_OUTPUT_DATAPATH_NOT_REBUILT_AT_W16_W32; EXACT_OPERATION_COUNTS_AND_IDENTICAL_MAGNITUDES_RETAINED; PROPAGATION_COMBINER_AND_POLICY_MATCHED_CONTENT_CACHE_LOGIC_NOT_IN_NAND_TOTAL,688,0,IMPLEMENTED_TRACE_PASS
PAH-BUILD005-DEMAND-VALUATION-0001,32,HOSTILE_MUTATE_AFTER_FILL,fill-then-discard,9ACB675A2913460A856BBD941CE5F9BB2879B8C63EBD7DA9D20BFF27243A7F48,COLD_MAG,MAGNITUDE_FINAL,true,false,true,BIN_FRONTIER_NOPROP_K,2,0,81,0,0,82,42,40,40,40,77,0,0,0,40,40,0,38,40,0,77,0,40,0,0,0,0,0,40,0,0,0,0,0,0,0,0,0,0,1,41,0,40,2706,81,2868,69960,0,5815768,182105,6067833,EXPLORATORY_COMPONENT_PROXY__NOT_DECISION_ELIGIBLE,AUTHORITATIVE_W_BIT_LOAD_ADD_MUL_OUTPUT_DATAPATH_NOT_REBUILT_AT_W16_W32; EXACT_OPERATION_COUNTS_AND_IDENTICAL_MAGNITUDES_RETAINED; PROPAGATION_COMBINER_AND_POLICY_MATCHED_CONTENT_CACHE_LOGIC_NOT_IN_NAND_TOTAL,688,0,IMPLEMENTED_TRACE_PASS
PAH-BUILD005-DEMAND-VALUATION-0001,32,HOSTILE_MUTATE_AFTER_FILL,fill-then-discard,9ACB675A2913460A856BBD941CE5F9BB2879B8C63EBD7DA9D20BFF27243A7F48,COLD_MAG,MAGNITUDE_FINAL,true,false,true,BIN_PRIME_FRONTIER_PROP_K,2,0,81,0,0,82,42,40,40,40,77,0,0,0,40,40,0,38,40,0,77,0,40,0,0,0,0,0,40,0,0,0,0,0,0,0,0,0,0,1,41,0,40,2706,81,2868,69960,0,5815768,182105,6067833,EXPLORATORY_COMPONENT_PROXY__NOT_DECISION_ELIGIBLE,AUTHORITATIVE_W_BIT_LOAD_ADD_MUL_OUTPUT_DATAPATH_NOT_REBUILT_AT_W16_W32; EXACT_OPERATION_COUNTS_AND_IDENTICAL_MAGNITUDES_RETAINED; PROPAGATION_COMBINER_AND_POLICY_MATCHED_CONTENT_CACHE_LOGIC_NOT_IN_NAND_TOTAL,688,0,IMPLEMENTED_TRACE_PASS
PAH-BUILD005-DEMAND-VALUATION-0001,32,HOSTILE_MUTATE_AFTER_FILL,fill-then-discard,9ACB675A2913460A856BBD941CE5F9BB2879B8C63EBD7DA9D20BFF27243A7F48,COLD_MAG,MAGNITUDE_FINAL,true,false,true,BIN_PRIME_FRONTIER_SPEC_B1_K,2,1,122,0,0,83,42,41,62,81,158,40,0,0,41,41,21,39,40,0,118,0,41,21,0,0,0,0,40,41,41,40,1,40,1,0,0,0,0,1,41,0,81,2739,103,2964,141669,0,5886692,276920,6305281,EXPLORATORY_COMPONENT_PROXY__NOT_DECISION_ELIGIBLE,AUTHORITATIVE_W_BIT_LOAD_ADD_MUL_OUTPUT_DATAPATH_NOT_REBUILT_AT_W16_W32; EXACT_OPERATION_COUNTS_AND_IDENTICAL_MAGNITUDES_RETAINED; PROPAGATION_COMBINER_AND_POLICY_MATCHED_CONTENT_CACHE_LOGIC_NOT_IN_NAND_TOTAL,770,0,IMPLEMENTED_TRACE_PASS
PAH-BUILD005-DEMAND-VALUATION-0001,32,HOSTILE_MUTATE_AFTER_FILL,fill-then-discard,9ACB675A2913460A856BBD941CE5F9BB2879B8C63EBD7DA9D20BFF27243A7F48,COLD_MAG,MAGNITUDE_FINAL,true,false,true,BIN_PRIME_FRONTIER_SPEC_B4_K,2,4,245,0,0,246,84,162,204,204,405,0,0,0,204,204,0,202,80,0,40,0,162,42,0,0,0,0,40,164,164,40,124,40,1,0,0,0,0,1,41,0,204,8118,245,8608,356796,0,17447304,675745,18479845,EXPLORATORY_COMPONENT_PROXY__NOT_DECISION_ELIGIBLE,AUTHORITATIVE_W_BIT_LOAD_ADD_MUL_OUTPUT_DATAPATH_NOT_REBUILT_AT_W16_W32; EXACT_OPERATION_COUNTS_AND_IDENTICAL_MAGNITUDES_RETAINED; PROPAGATION_COMBINER_AND_POLICY_MATCHED_CONTENT_CACHE_LOGIC_NOT_IN_NAND_TOTAL,1016,0,IMPLEMENTED_TRACE_PASS
PAH-BUILD005-DEMAND-VALUATION-0001,32,HOSTILE_MUTATE_AFTER_FILL,fill-then-discard,9ACB675A2913460A856BBD941CE5F9BB2879B8C63EBD7DA9D20BFF27243A7F48,COLD_MAG,MAGNITUDE_FINAL,true,false,true,BIN_CONTENT_ANSWER_LRU_K,4,0,81,0,0,4,2,2,2,40,76,38,0,0,2,2,0,0,0,0,0,0,2,0,0,0,0,0,40,0,0,0,0,0,0,0,0,0,0,1,41,0,40,132,2,215,69960,0,283696,127512,481168,EXPLORATORY_COMPONENT_PROXY__NOT_DECISION_ELIGIBLE,AUTHORITATIVE_W_BIT_LOAD_ADD_MUL_OUTPUT_DATAPATH_NOT_REBUILT_AT_W16_W32; EXACT_OPERATION_COUNTS_AND_IDENTICAL_MAGNITUDES_RETAINED; PROPAGATION_COMBINER_AND_POLICY_MATCHED_CONTENT_CACHE_LOGIC_NOT_IN_NAND_TOTAL,688,0,IMPLEMENTED_TRACE_PASS
PAH-BUILD005-DEMAND-VALUATION-0001,32,HOSTILE_MUTATE_AFTER_FILL,fill-then-discard,9ACB675A2913460A856BBD941CE5F9BB2879B8C63EBD7DA9D20BFF27243A7F48,COLD_MAG,MAGNITUDE_FINAL,true,false,true,BIN_FRONTIER_NOPROP_K,4,0,81,0,0,82,42,40,40,40,150,0,0,0,40,40,0,36,40,0,150,0,40,0,0,0,0,0,40,0,0,0,0,0,0,0,0,0,0,1,41,0,40,2706,81,2868,69960,0,5815768,367356,6253084,EXPLORATORY_COMPONENT_PROXY__NOT_DECISION_ELIGIBLE,AUTHORITATIVE_W_BIT_LOAD_ADD_MUL_OUTPUT_DATAPATH_NOT_REBUILT_AT_W16_W32; EXACT_OPERATION_COUNTS_AND_IDENTICAL_MAGNITUDES_RETAINED; PROPAGATION_COMBINER_AND_POLICY_MATCHED_CONTENT_CACHE_LOGIC_NOT_IN_NAND_TOTAL,688,0,IMPLEMENTED_TRACE_PASS
PAH-BUILD005-DEMAND-VALUATION-0001,32,HOSTILE_MUTATE_AFTER_FILL,fill-then-discard,9ACB675A2913460A856BBD941CE5F9BB2879B8C63EBD7DA9D20BFF27243A7F48,COLD_MAG,MAGNITUDE_FINAL,true,false,true,BIN_PRIME_FRONTIER_PROP_K,4,0,81,0,0,82,42,40,40,40,150,0,0,0,40,40,0,36,40,0,150,0,40,0,0,0,0,0,40,0,0,0,0,0,0,0,0,0,0,1,41,0,40,2706,81,2868,69960,0,5815768,367356,6253084,EXPLORATORY_COMPONENT_PROXY__NOT_DECISION_ELIGIBLE,AUTHORITATIVE_W_BIT_LOAD_ADD_MUL_OUTPUT_DATAPATH_NOT_REBUILT_AT_W16_W32; EXACT_OPERATION_COUNTS_AND_IDENTICAL_MAGNITUDES_RETAINED; PROPAGATION_COMBINER_AND_POLICY_MATCHED_CONTENT_CACHE_LOGIC_NOT_IN_NAND_TOTAL,688,0,IMPLEMENTED_TRACE_PASS
PAH-BUILD005-DEMAND-VALUATION-0001,32,HOSTILE_MUTATE_AFTER_FILL,fill-then-discard,9ACB675A2913460A856BBD941CE5F9BB2879B8C63EBD7DA9D20BFF27243A7F48,COLD_MAG,MAGNITUDE_FINAL,true,false,true,BIN_PRIME_FRONTIER_SPEC_B1_K,4,1,122,0,0,83,42,41,62,81,308,40,0,0,41,41,21,37,40,0,268,0,41,21,0,0,0,0,40,41,41,40,1,40,1,0,0,0,0,1,41,0,81,2739,103,2964,141669,0,5886692,558624,6586985,EXPLORATORY_COMPONENT_PROXY__NOT_DECISION_ELIGIBLE,AUTHORITATIVE_W_BIT_LOAD_ADD_MUL_OUTPUT_DATAPATH_NOT_REBUILT_AT_W16_W32; EXACT_OPERATION_COUNTS_AND_IDENTICAL_MAGNITUDES_RETAINED; PROPAGATION_COMBINER_AND_POLICY_MATCHED_CONTENT_CACHE_LOGIC_NOT_IN_NAND_TOTAL,770,0,IMPLEMENTED_TRACE_PASS
PAH-BUILD005-DEMAND-VALUATION-0001,32,HOSTILE_MUTATE_AFTER_FILL,fill-then-discard,9ACB675A2913460A856BBD941CE5F9BB2879B8C63EBD7DA9D20BFF27243A7F48,COLD_MAG,MAGNITUDE_FINAL,true,false,true,BIN_PRIME_FRONTIER_SPEC_B4_K,4,4,245,0,0,206,63,143,185,204,806,40,0,0,164,164,21,160,160,0,40,0,143,42,0,0,0,0,40,164,164,40,124,40,1,0,0,0,0,1,41,0,204,6798,226,7269,356796,0,14610344,1305480,16272620,EXPLORATORY_COMPONENT_PROXY__NOT_DECISION_ELIGIBLE,AUTHORITATIVE_W_BIT_LOAD_ADD_MUL_OUTPUT_DATAPATH_NOT_REBUILT_AT_W16_W32; EXACT_OPERATION_COUNTS_AND_IDENTICAL_MAGNITUDES_RETAINED; PROPAGATION_COMBINER_AND_POLICY_MATCHED_CONTENT_CACHE_LOGIC_NOT_IN_NAND_TOTAL,1016,0,IMPLEMENTED_TRACE_PASS
PAH-BUILD005-DEMAND-VALUATION-0001,32,HOSTILE_SPECULATION_POISON,request-last-prime-only,4951E020BF4618D46B75F714877C93D8CA1838937ADD129C3F5E022F02B97229,COLD_MAG,MAGNITUDE_FINAL,true,false,true,BIN_DIRECT_BEST,0,0,128,0,0,65,1,64,64,0,0,0,0,0,0,0,0,0,0,0,0,0,64,0,0,0,0,0,64,0,0,0,0,0,0,0,0,0,0,1,64,0,64,2145,0,2273,111936,0,4610060,0,4721996,EXPLORATORY_COMPONENT_PROXY__NOT_DECISION_ELIGIBLE,AUTHORITATIVE_W_BIT_LOAD_ADD_MUL_OUTPUT_DATAPATH_NOT_REBUILT_AT_W16_W32; EXACT_OPERATION_COUNTS_AND_IDENTICAL_MAGNITUDES_RETAINED; PROPAGATION_COMBINER_AND_POLICY_MATCHED_CONTENT_CACHE_LOGIC_NOT_IN_NAND_TOTAL,1089,0,IMPLEMENTED_TRACE_PASS
PAH-BUILD005-DEMAND-VALUATION-0001,32,HOSTILE_SPECULATION_POISON,request-last-prime-only,4951E020BF4618D46B75F714877C93D8CA1838937ADD129C3F5E022F02B97229,COLD_MAG,MAGNITUDE_FINAL,true,false,true,BIN_CONTENT_ANSWER_LRU_K,1,0,128,0,0,65,1,64,64,64,63,0,0,0,64,64,0,63,0,0,0,0,64,0,0,0,0,0,64,0,0,0,0,0,0,0,0,0,0,1,64,0,64,2145,64,2337,111936,0,4610060,96000,4817996,EXPLORATORY_COMPONENT_PROXY__NOT_DECISION_ELIGIBLE,AUTHORITATIVE_W_BIT_LOAD_ADD_MUL_OUTPUT_DATAPATH_NOT_REBUILT_AT_W16_W32; EXACT_OPERATION_COUNTS_AND_IDENTICAL_MAGNITUDES_RETAINED; PROPAGATION_COMBINER_AND_POLICY_MATCHED_CONTENT_CACHE_LOGIC_NOT_IN_NAND_TOTAL,1089,0,IMPLEMENTED_TRACE_PASS
PAH-BUILD005-DEMAND-VALUATION-0001,32,HOSTILE_SPECULATION_POISON,request-last-prime-only,4951E020BF4618D46B75F714877C93D8CA1838937ADD129C3F5E022F02B97229,COLD_MAG,MAGNITUDE_FINAL,true,false,true,BIN_FRONTIER_NOPROP_K,1,0,128,0,0,65,1,64,64,64,63,0,0,0,64,64,0,63,63,0,63,0,64,0,0,0,0,0,64,0,0,0,0,0,0,0,0,0,0,1,64,0,64,2145,128,2401,111936,0,4610060,144000,4865996,EXPLORATORY_COMPONENT_PROXY__NOT_DECISION_ELIGIBLE,AUTHORITATIVE_W_BIT_LOAD_ADD_MUL_OUTPUT_DATAPATH_NOT_REBUILT_AT_W16_W32; EXACT_OPERATION_COUNTS_AND_IDENTICAL_MAGNITUDES_RETAINED; PROPAGATION_COMBINER_AND_POLICY_MATCHED_CONTENT_CACHE_LOGIC_NOT_IN_NAND_TOTAL,1089,0,IMPLEMENTED_TRACE_PASS
PAH-BUILD005-DEMAND-VALUATION-0001,32,HOSTILE_SPECULATION_POISON,request-last-prime-only,4951E020BF4618D46B75F714877C93D8CA1838937ADD129C3F5E022F02B97229,COLD_MAG,MAGNITUDE_FINAL,true,false,true,BIN_PRIME_FRONTIER_PROP_K,1,0,128,0,0,65,1,64,64,64,63,0,0,0,64,64,0,63,63,0,63,0,64,0,0,0,0,0,64,0,0,0,0,0,0,0,0,0,0,1,64,0,64,2145,128,2401,111936,0,4610060,144000,4865996,EXPLORATORY_COMPONENT_PROXY__NOT_DECISION_ELIGIBLE,AUTHORITATIVE_W_BIT_LOAD_ADD_MUL_OUTPUT_DATAPATH_NOT_REBUILT_AT_W16_W32; EXACT_OPERATION_COUNTS_AND_IDENTICAL_MAGNITUDES_RETAINED; PROPAGATION_COMBINER_AND_POLICY_MATCHED_CONTENT_CACHE_LOGIC_NOT_IN_NAND_TOTAL,1089,0,IMPLEMENTED_TRACE_PASS
PAH-BUILD005-DEMAND-VALUATION-0001,32,HOSTILE_SPECULATION_POISON,request-last-prime-only,4951E020BF4618D46B75F714877C93D8CA1838937ADD129C3F5E022F02B97229,COLD_MAG,MAGNITUDE_FINAL,true,false,true,BIN_PRIME_FRONTIER_SPEC_B1_K,1,1,192,0,0,129,16,113,128,128,127,0,0,0,128,128,0,127,63,0,0,0,113,15,0,0,0,0,64,64,64,0,64,0,0,0,0,0,0,1,64,0,128,4257,192,4641,223872,0,9149196,240000,9613068,EXPLORATORY_COMPONENT_PROXY__NOT_DECISION_ELIGIBLE,AUTHORITATIVE_W_BIT_LOAD_ADD_MUL_OUTPUT_DATAPATH_NOT_REBUILT_AT_W16_W32; EXACT_OPERATION_COUNTS_AND_IDENTICAL_MAGNITUDES_RETAINED; PROPAGATION_COMBINER_AND_POLICY_MATCHED_CONTENT_CACHE_LOGIC_NOT_IN_NAND_TOTAL,1217,0,IMPLEMENTED_TRACE_PASS
PAH-BUILD005-DEMAND-VALUATION-0001,32,HOSTILE_SPECULATION_POISON,request-last-prime-only,4951E020BF4618D46B75F714877C93D8CA1838937ADD129C3F5E022F02B97229,COLD_MAG,MAGNITUDE_FINAL,true,false,true,BIN_PRIME_FRONTIER_SPEC_B4_K,1,4,384,0,0,321,42,279,320,320,319,0,0,0,320,320,0,319,63,0,0,0,279,41,0,0,0,0,64,256,256,0,256,0,0,0,0,0,0,1,64,0,320,10593,384,11361,559680,0,22766604,528000,23854284,EXPLORATORY_COMPONENT_PROXY__NOT_DECISION_ELIGIBLE,AUTHORITATIVE_W_BIT_LOAD_ADD_MUL_OUTPUT_DATAPATH_NOT_REBUILT_AT_W16_W32; EXACT_OPERATION_COUNTS_AND_IDENTICAL_MAGNITUDES_RETAINED; PROPAGATION_COMBINER_AND_POLICY_MATCHED_CONTENT_CACHE_LOGIC_NOT_IN_NAND_TOTAL,1601,0,IMPLEMENTED_TRACE_PASS
PAH-BUILD005-DEMAND-VALUATION-0001,32,HOSTILE_SPECULATION_POISON,request-last-prime-only,4951E020BF4618D46B75F714877C93D8CA1838937ADD129C3F5E022F02B97229,COLD_MAG,MAGNITUDE_FINAL,true,false,true,BIN_CONTENT_ANSWER_LRU_K,2,0,128,0,0,65,1,64,64,64,125,0,0,0,64,64,0,62,0,0,0,0,64,0,0,0,0,0,64,0,0,0,0,0,0,0,0,0,0,1,64,0,64,2145,64,2337,111936,0,4610060,192640,4914636,EXPLORATORY_COMPONENT_PROXY__NOT_DECISION_ELIGIBLE,AUTHORITATIVE_W_BIT_LOAD_ADD_MUL_OUTPUT_DATAPATH_NOT_REBUILT_AT_W16_W32; EXACT_OPERATION_COUNTS_AND_IDENTICAL_MAGNITUDES_RETAINED; PROPAGATION_COMBINER_AND_POLICY_MATCHED_CONTENT_CACHE_LOGIC_NOT_IN_NAND_TOTAL,1089,0,IMPLEMENTED_TRACE_PASS
PAH-BUILD005-DEMAND-VALUATION-0001,32,HOSTILE_SPECULATION_POISON,request-last-prime-only,4951E020BF4618D46B75F714877C93D8CA1838937ADD129C3F5E022F02B97229,COLD_MAG,MAGNITUDE_FINAL,true,false,true,BIN_FRONTIER_NOPROP_K,2,0,128,0,0,65,1,64,64,64,125,0,0,0,64,64,0,62,63,0,125,0,64,0,0,0,0,0,64,0,0,0,0,0,0,0,0,0,0,1,64,0,64,2145,128,2401,111936,0,4610060,288960,5010956,EXPLORATORY_COMPONENT_PROXY__NOT_DECISION_ELIGIBLE,AUTHORITATIVE_W_BIT_LOAD_ADD_MUL_OUTPUT_DATAPATH_NOT_REBUILT_AT_W16_W32; EXACT_OPERATION_COUNTS_AND_IDENTICAL_MAGNITUDES_RETAINED; PROPAGATION_COMBINER_AND_POLICY_MATCHED_CONTENT_CACHE_LOGIC_NOT_IN_NAND_TOTAL,1089,0,IMPLEMENTED_TRACE_PASS
PAH-BUILD005-DEMAND-VALUATION-0001,32,HOSTILE_SPECULATION_POISON,request-last-prime-only,4951E020BF4618D46B75F714877C93D8CA1838937ADD129C3F5E022F02B97229,COLD_MAG,MAGNITUDE_FINAL,true,false,true,BIN_PRIME_FRONTIER_PROP_K,2,0,128,0,0,65,1,64,64,64,125,0,0,0,64,64,0,62,63,0,125,0,64,0,0,0,0,0,64,0,0,0,0,0,0,0,0,0,0,1,64,0,64,2145,128,2401,111936,0,4610060,288960,5010956,EXPLORATORY_COMPONENT_PROXY__NOT_DECISION_ELIGIBLE,AUTHORITATIVE_W_BIT_LOAD_ADD_MUL_OUTPUT_DATAPATH_NOT_REBUILT_AT_W16_W32; EXACT_OPERATION_COUNTS_AND_IDENTICAL_MAGNITUDES_RETAINED; PROPAGATION_COMBINER_AND_POLICY_MATCHED_CONTENT_CACHE_LOGIC_NOT_IN_NAND_TOTAL,1089,0,IMPLEMENTED_TRACE_PASS
PAH-BUILD005-DEMAND-VALUATION-0001,32,HOSTILE_SPECULATION_POISON,request-last-prime-only,4951E020BF4618D46B75F714877C93D8CA1838937ADD129C3F5E022F02B97229,COLD_MAG,MAGNITUDE_FINAL,true,false,true,BIN_PRIME_FRONTIER_SPEC_B1_K,2,1,192,0,0,129,16,113,128,128,253,0,0,0,128,128,0,126,126,0,126,0,113,15,0,0,0,0,64,64,64,0,64,0,0,0,0,0,0,1,64,0,128,4257,192,4641,223872,0,9149196,481600,9854668,EXPLORATORY_COMPONENT_PROXY__NOT_DECISION_ELIGIBLE,AUTHORITATIVE_W_BIT_LOAD_ADD_MUL_OUTPUT_DATAPATH_NOT_REBUILT_AT_W16_W32; EXACT_OPERATION_COUNTS_AND_IDENTICAL_MAGNITUDES_RETAINED; PROPAGATION_COMBINER_AND_POLICY_MATCHED_CONTENT_CACHE_LOGIC_NOT_IN_NAND_TOTAL,1217,0,IMPLEMENTED_TRACE_PASS
PAH-BUILD005-DEMAND-VALUATION-0001,32,HOSTILE_SPECULATION_POISON,request-last-prime-only,4951E020BF4618D46B75F714877C93D8CA1838937ADD129C3F5E022F02B97229,COLD_MAG,MAGNITUDE_FINAL,true,false,true,BIN_PRIME_FRONTIER_SPEC_B4_K,2,4,384,0,0,321,42,279,320,320,637,0,0,0,320,320,0,318,126,0,0,0,279,41,0,0,0,0,64,256,256,0,256,0,0,0,0,0,0,1,64,0,320,10593,384,11361,559680,0,22766604,1059520,24385804,EXPLORATORY_COMPONENT_PROXY__NOT_DECISION_ELIGIBLE,AUTHORITATIVE_W_BIT_LOAD_ADD_MUL_OUTPUT_DATAPATH_NOT_REBUILT_AT_W16_W32; EXACT_OPERATION_COUNTS_AND_IDENTICAL_MAGNITUDES_RETAINED; PROPAGATION_COMBINER_AND_POLICY_MATCHED_CONTENT_CACHE_LOGIC_NOT_IN_NAND_TOTAL,1601,0,IMPLEMENTED_TRACE_PASS
PAH-BUILD005-DEMAND-VALUATION-0001,32,HOSTILE_SPECULATION_POISON,request-last-prime-only,4951E020BF4618D46B75F714877C93D8CA1838937ADD129C3F5E022F02B97229,COLD_MAG,MAGNITUDE_FINAL,true,false,true,BIN_CONTENT_ANSWER_LRU_K,4,0,128,0,0,65,1,64,64,64,246,0,0,0,64,64,0,60,0,0,0,0,64,0,0,0,0,0,64,0,0,0,0,0,0,0,0,0,0,1,64,0,64,2145,64,2337,111936,0,4610060,388608,5110604,EXPLORATORY_COMPONENT_PROXY__NOT_DECISION_ELIGIBLE,AUTHORITATIVE_W_BIT_LOAD_ADD_MUL_OUTPUT_DATAPATH_NOT_REBUILT_AT_W16_W32; EXACT_OPERATION_COUNTS_AND_IDENTICAL_MAGNITUDES_RETAINED; PROPAGATION_COMBINER_AND_POLICY_MATCHED_CONTENT_CACHE_LOGIC_NOT_IN_NAND_TOTAL,1089,0,IMPLEMENTED_TRACE_PASS
PAH-BUILD005-DEMAND-VALUATION-0001,32,HOSTILE_SPECULATION_POISON,request-last-prime-only,4951E020BF4618D46B75F714877C93D8CA1838937ADD129C3F5E022F02B97229,COLD_MAG,MAGNITUDE_FINAL,true,false,true,BIN_FRONTIER_NOPROP_K,4,0,128,0,0,65,1,64,64,64,246,0,0,0,64,64,0,60,63,0,246,0,64,0,0,0,0,0,64,0,0,0,0,0,0,0,0,0,0,1,64,0,64,2145,128,2401,111936,0,4610060,582912,5304908,EXPLORATORY_COMPONENT_PROXY__NOT_DECISION_ELIGIBLE,AUTHORITATIVE_W_BIT_LOAD_ADD_MUL_OUTPUT_DATAPATH_NOT_REBUILT_AT_W16_W32; EXACT_OPERATION_COUNTS_AND_IDENTICAL_MAGNITUDES_RETAINED; PROPAGATION_COMBINER_AND_POLICY_MATCHED_CONTENT_CACHE_LOGIC_NOT_IN_NAND_TOTAL,1089,0,IMPLEMENTED_TRACE_PASS
PAH-BUILD005-DEMAND-VALUATION-0001,32,HOSTILE_SPECULATION_POISON,request-last-prime-only,4951E020BF4618D46B75F714877C93D8CA1838937ADD129C3F5E022F02B97229,COLD_MAG,MAGNITUDE_FINAL,true,false,true,BIN_PRIME_FRONTIER_PROP_K,4,0,128,0,0,65,1,64,64,64,246,0,0,0,64,64,0,60,63,0,246,0,64,0,0,0,0,0,64,0,0,0,0,0,0,0,0,0,0,1,64,0,64,2145,128,2401,111936,0,4610060,582912,5304908,EXPLORATORY_COMPONENT_PROXY__NOT_DECISION_ELIGIBLE,AUTHORITATIVE_W_BIT_LOAD_ADD_MUL_OUTPUT_DATAPATH_NOT_REBUILT_AT_W16_W32; EXACT_OPERATION_COUNTS_AND_IDENTICAL_MAGNITUDES_RETAINED; PROPAGATION_COMBINER_AND_POLICY_MATCHED_CONTENT_CACHE_LOGIC_NOT_IN_NAND_TOTAL,1089,0,IMPLEMENTED_TRACE_PASS
PAH-BUILD005-DEMAND-VALUATION-0001,32,HOSTILE_SPECULATION_POISON,request-last-prime-only,4951E020BF4618D46B75F714877C93D8CA1838937ADD129C3F5E022F02B97229,COLD_MAG,MAGNITUDE_FINAL,true,false,true,BIN_PRIME_FRONTIER_SPEC_B1_K,4,1,192,0,0,129,16,113,128,128,502,0,0,0,128,128,0,124,126,0,250,0,113,15,0,0,0,0,64,64,64,0,64,0,0,0,0,0,0,1,64,0,128,4257,192,4641,223872,0,9149196,971520,10344588,EXPLORATORY_COMPONENT_PROXY__NOT_DECISION_ELIGIBLE,AUTHORITATIVE_W_BIT_LOAD_ADD_MUL_OUTPUT_DATAPATH_NOT_REBUILT_AT_W16_W32; EXACT_OPERATION_COUNTS_AND_IDENTICAL_MAGNITUDES_RETAINED; PROPAGATION_COMBINER_AND_POLICY_MATCHED_CONTENT_CACHE_LOGIC_NOT_IN_NAND_TOTAL,1217,0,IMPLEMENTED_TRACE_PASS
PAH-BUILD005-DEMAND-VALUATION-0001,32,HOSTILE_SPECULATION_POISON,request-last-prime-only,4951E020BF4618D46B75F714877C93D8CA1838937ADD129C3F5E022F02B97229,COLD_MAG,MAGNITUDE_FINAL,true,false,true,BIN_PRIME_FRONTIER_SPEC_B4_K,4,4,384,0,0,321,42,279,320,320,1270,0,0,0,320,320,0,316,252,0,0,0,279,41,0,0,0,0,64,256,256,0,256,0,0,0,0,0,0,1,64,0,320,10593,384,11361,559680,0,22766604,2137344,25463628,EXPLORATORY_COMPONENT_PROXY__NOT_DECISION_ELIGIBLE,AUTHORITATIVE_W_BIT_LOAD_ADD_MUL_OUTPUT_DATAPATH_NOT_REBUILT_AT_W16_W32; EXACT_OPERATION_COUNTS_AND_IDENTICAL_MAGNITUDES_RETAINED; PROPAGATION_COMBINER_AND_POLICY_MATCHED_CONTENT_CACHE_LOGIC_NOT_IN_NAND_TOTAL,1601,0,IMPLEMENTED_TRACE_PASS
PAH-BUILD005-DEMAND-VALUATION-0001,32,HOSTILE_BOUNDARY_FAILURE,zero-one-max-overflow-alias,98F016205529C087056A9685A9F0BBDFDA1ED643167A187177B472C199614719,COLD_MAG,MAGNITUDE_FINAL,true,false,true,BIN_DIRECT_BEST,0,0,11,0,0,1,0,1,1,0,0,0,0,0,0,0,0,0,0,0,0,0,4,0,0,0,0,0,4,0,0,0,0,0,0,0,0,0,0,2,7,0,4,33,0,44,6996,0,70924,0,77920,EXPLORATORY_COMPONENT_PROXY__NOT_DECISION_ELIGIBLE,AUTHORITATIVE_W_BIT_LOAD_ADD_MUL_OUTPUT_DATAPATH_NOT_REBUILT_AT_W16_W32; EXACT_OPERATION_COUNTS_AND_IDENTICAL_MAGNITUDES_RETAINED; PROPAGATION_COMBINER_AND_POLICY_MATCHED_CONTENT_CACHE_LOGIC_NOT_IN_NAND_TOTAL,98,0,IMPLEMENTED_TRACE_PASS
PAH-BUILD005-DEMAND-VALUATION-0001,32,HOSTILE_BOUNDARY_FAILURE,zero-one-max-overflow-alias,98F016205529C087056A9685A9F0BBDFDA1ED643167A187177B472C199614719,COLD_MAG,MAGNITUDE_FINAL,true,false,true,BIN_CONTENT_ANSWER_LRU_K,1,0,11,0,0,1,0,1,1,4,3,0,0,0,4,4,0,3,0,0,0,0,4,0,0,0,0,0,4,0,0,0,0,0,0,0,0,0,0,2,7,0,4,33,4,48,6996,0,70924,6000,83920,EXPLORATORY_COMPONENT_PROXY__NOT_DECISION_ELIGIBLE,AUTHORITATIVE_W_BIT_LOAD_ADD_MUL_OUTPUT_DATAPATH_NOT_REBUILT_AT_W16_W32; EXACT_OPERATION_COUNTS_AND_IDENTICAL_MAGNITUDES_RETAINED; PROPAGATION_COMBINER_AND_POLICY_MATCHED_CONTENT_CACHE_LOGIC_NOT_IN_NAND_TOTAL,98,0,IMPLEMENTED_TRACE_PASS
PAH-BUILD005-DEMAND-VALUATION-0001,32,HOSTILE_BOUNDARY_FAILURE,zero-one-max-overflow-alias,98F016205529C087056A9685A9F0BBDFDA1ED643167A187177B472C199614719,COLD_MAG,MAGNITUDE_FINAL,true,false,true,BIN_FRONTIER_NOPROP_K,1,0,11,0,0,1,0,1,1,4,3,0,0,0,4,4,0,3,2,0,0,0,4,0,0,0,0,0,4,0,0,0,0,0,0,0,0,0,0,2,7,0,4,33,8,52,6996,0,70924,9000,86920,EXPLORATORY_COMPONENT_PROXY__NOT_DECISION_ELIGIBLE,AUTHORITATIVE_W_BIT_LOAD_ADD_MUL_OUTPUT_DATAPATH_NOT_REBUILT_AT_W16_W32; EXACT_OPERATION_COUNTS_AND_IDENTICAL_MAGNITUDES_RETAINED; PROPAGATION_COMBINER_AND_POLICY_MATCHED_CONTENT_CACHE_LOGIC_NOT_IN_NAND_TOTAL,98,0,IMPLEMENTED_TRACE_PASS
PAH-BUILD005-DEMAND-VALUATION-0001,32,HOSTILE_BOUNDARY_FAILURE,zero-one-max-overflow-alias,98F016205529C087056A9685A9F0BBDFDA1ED643167A187177B472C199614719,COLD_MAG,MAGNITUDE_FINAL,true,false,true,BIN_PRIME_FRONTIER_PROP_K,1,0,11,0,0,1,0,1,1,4,3,0,0,0,4,4,0,3,2,0,0,0,4,0,0,0,0,0,4,0,0,0,0,0,0,0,0,0,0,2,7,0,4,33,8,52,6996,0,70924,9000,86920,EXPLORATORY_COMPONENT_PROXY__NOT_DECISION_ELIGIBLE,AUTHORITATIVE_W_BIT_LOAD_ADD_MUL_OUTPUT_DATAPATH_NOT_REBUILT_AT_W16_W32; EXACT_OPERATION_COUNTS_AND_IDENTICAL_MAGNITUDES_RETAINED; PROPAGATION_COMBINER_AND_POLICY_MATCHED_CONTENT_CACHE_LOGIC_NOT_IN_NAND_TOTAL,98,0,IMPLEMENTED_TRACE_PASS
PAH-BUILD005-DEMAND-VALUATION-0001,32,HOSTILE_BOUNDARY_FAILURE,zero-one-max-overflow-alias,98F016205529C087056A9685A9F0BBDFDA1ED643167A187177B472C199614719,COLD_MAG,MAGNITUDE_FINAL,true,false,true,BIN_PRIME_FRONTIER_SPEC_B1_K,1,1,33,0,0,3,1,2,3,26,25,0,0,0,26,26,0,25,2,0,1,0,25,1,0,0,0,0,4,22,2,2,20,3,2,0,0,0,0,2,7,0,26,99,30,162,45474,0,212772,42000,300246,EXPLORATORY_COMPONENT_PROXY__NOT_DECISION_ELIGIBLE,AUTHORITATIVE_W_BIT_LOAD_ADD_MUL_OUTPUT_DATAPATH_NOT_REBUILT_AT_W16_W32; EXACT_OPERATION_COUNTS_AND_IDENTICAL_MAGNITUDES_RETAINED; PROPAGATION_COMBINER_AND_POLICY_MATCHED_CONTENT_CACHE_LOGIC_NOT_IN_NAND_TOTAL,142,0,IMPLEMENTED_TRACE_PASS
PAH-BUILD005-DEMAND-VALUATION-0001,32,HOSTILE_BOUNDARY_FAILURE,zero-one-max-overflow-alias,98F016205529C087056A9685A9F0BBDFDA1ED643167A187177B472C199614719,COLD_MAG,MAGNITUDE_FINAL,true,false,true,BIN_PRIME_FRONTIER_SPEC_B4_K,1,4,39,0,0,9,2,7,9,32,31,0,0,0,32,32,0,31,2,0,1,0,30,2,0,0,0,0,4,28,8,2,26,3,2,0,0,0,0,2,7,0,32,297,36,372,55968,0,638316,51000,745284,EXPLORATORY_COMPONENT_PROXY__NOT_DECISION_ELIGIBLE,AUTHORITATIVE_W_BIT_LOAD_ADD_MUL_OUTPUT_DATAPATH_NOT_REBUILT_AT_W16_W32; EXACT_OPERATION_COUNTS_AND_IDENTICAL_MAGNITUDES_RETAINED; PROPAGATION_COMBINER_AND_POLICY_MATCHED_CONTENT_CACHE_LOGIC_NOT_IN_NAND_TOTAL,154,0,IMPLEMENTED_TRACE_PASS
PAH-BUILD005-DEMAND-VALUATION-0001,32,HOSTILE_BOUNDARY_FAILURE,zero-one-max-overflow-alias,98F016205529C087056A9685A9F0BBDFDA1ED643167A187177B472C199614719,COLD_MAG,MAGNITUDE_FINAL,true,false,true,BIN_CONTENT_ANSWER_LRU_K,2,0,11,0,0,1,0,1,1,4,5,0,0,0,4,4,0,2,0,0,0,0,4,0,0,0,0,0,4,0,0,0,0,0,0,0,0,0,0,2,7,0,4,33,4,48,6996,0,70924,12040,89960,EXPLORATORY_COMPONENT_PROXY__NOT_DECISION_ELIGIBLE,AUTHORITATIVE_W_BIT_LOAD_ADD_MUL_OUTPUT_DATAPATH_NOT_REBUILT_AT_W16_W32; EXACT_OPERATION_COUNTS_AND_IDENTICAL_MAGNITUDES_RETAINED; PROPAGATION_COMBINER_AND_POLICY_MATCHED_CONTENT_CACHE_LOGIC_NOT_IN_NAND_TOTAL,98,0,IMPLEMENTED_TRACE_PASS
PAH-BUILD005-DEMAND-VALUATION-0001,32,HOSTILE_BOUNDARY_FAILURE,zero-one-max-overflow-alias,98F016205529C087056A9685A9F0BBDFDA1ED643167A187177B472C199614719,COLD_MAG,MAGNITUDE_FINAL,true,false,true,BIN_FRONTIER_NOPROP_K,2,0,11,0,0,1,0,1,1,4,5,0,0,0,4,4,0,2,3,0,1,0,4,0,0,0,0,0,4,0,0,0,0,0,0,0,0,0,0,2,7,0,4,33,8,52,6996,0,70924,18060,95980,EXPLORATORY_COMPONENT_PROXY__NOT_DECISION_ELIGIBLE,AUTHORITATIVE_W_BIT_LOAD_ADD_MUL_OUTPUT_DATAPATH_NOT_REBUILT_AT_W16_W32; EXACT_OPERATION_COUNTS_AND_IDENTICAL_MAGNITUDES_RETAINED; PROPAGATION_COMBINER_AND_POLICY_MATCHED_CONTENT_CACHE_LOGIC_NOT_IN_NAND_TOTAL,98,0,IMPLEMENTED_TRACE_PASS
PAH-BUILD005-DEMAND-VALUATION-0001,32,HOSTILE_BOUNDARY_FAILURE,zero-one-max-overflow-alias,98F016205529C087056A9685A9F0BBDFDA1ED643167A187177B472C199614719,COLD_MAG,MAGNITUDE_FINAL,true,false,true,BIN_PRIME_FRONTIER_PROP_K,2,0,11,0,0,1,0,1,1,4,5,0,0,0,4,4,0,2,3,0,1,0,4,0,0,0,0,0,4,0,0,0,0,0,0,0,0,0,0,2,7,0,4,33,8,52,6996,0,70924,18060,95980,EXPLORATORY_COMPONENT_PROXY__NOT_DECISION_ELIGIBLE,AUTHORITATIVE_W_BIT_LOAD_ADD_MUL_OUTPUT_DATAPATH_NOT_REBUILT_AT_W16_W32; EXACT_OPERATION_COUNTS_AND_IDENTICAL_MAGNITUDES_RETAINED; PROPAGATION_COMBINER_AND_POLICY_MATCHED_CONTENT_CACHE_LOGIC_NOT_IN_NAND_TOTAL,98,0,IMPLEMENTED_TRACE_PASS
PAH-BUILD005-DEMAND-VALUATION-0001,32,HOSTILE_BOUNDARY_FAILURE,zero-one-max-overflow-alias,98F016205529C087056A9685A9F0BBDFDA1ED643167A187177B472C199614719,COLD_MAG,MAGNITUDE_FINAL,true,false,true,BIN_PRIME_FRONTIER_SPEC_B1_K,2,1,33,0,0,3,1,2,3,26,49,1,0,0,25,25,0,23,4,0,1,0,24,1,0,0,0,0,4,22,2,2,20,3,2,0,0,0,0,2,7,0,26,99,29,161,45474,0,212772,82775,341021,EXPLORATORY_COMPONENT_PROXY__NOT_DECISION_ELIGIBLE,AUTHORITATIVE_W_BIT_LOAD_ADD_MUL_OUTPUT_DATAPATH_NOT_REBUILT_AT_W16_W32; EXACT_OPERATION_COUNTS_AND_IDENTICAL_MAGNITUDES_RETAINED; PROPAGATION_COMBINER_AND_POLICY_MATCHED_CONTENT_CACHE_LOGIC_NOT_IN_NAND_TOTAL,142,0,IMPLEMENTED_TRACE_PASS
PAH-BUILD005-DEMAND-VALUATION-0001,32,HOSTILE_BOUNDARY_FAILURE,zero-one-max-overflow-alias,98F016205529C087056A9685A9F0BBDFDA1ED643167A187177B472C199614719,COLD_MAG,MAGNITUDE_FINAL,true,false,true,BIN_PRIME_FRONTIER_SPEC_B4_K,2,4,39,0,0,9,2,7,9,32,61,1,0,0,31,31,0,29,4,0,1,0,29,2,0,0,0,0,4,28,8,2,26,3,2,0,0,0,0,2,7,0,32,297,35,371,55968,0,638316,100835,795119,EXPLORATORY_COMPONENT_PROXY__NOT_DECISION_ELIGIBLE,AUTHORITATIVE_W_BIT_LOAD_ADD_MUL_OUTPUT_DATAPATH_NOT_REBUILT_AT_W16_W32; EXACT_OPERATION_COUNTS_AND_IDENTICAL_MAGNITUDES_RETAINED; PROPAGATION_COMBINER_AND_POLICY_MATCHED_CONTENT_CACHE_LOGIC_NOT_IN_NAND_TOTAL,154,0,IMPLEMENTED_TRACE_PASS
PAH-BUILD005-DEMAND-VALUATION-0001,32,HOSTILE_BOUNDARY_FAILURE,zero-one-max-overflow-alias,98F016205529C087056A9685A9F0BBDFDA1ED643167A187177B472C199614719,COLD_MAG,MAGNITUDE_FINAL,true,false,true,BIN_CONTENT_ANSWER_LRU_K,4,0,11,0,0,1,0,1,1,4,6,0,0,0,4,4,0,0,0,0,0,0,4,0,0,0,0,0,4,0,0,0,0,0,0,0,0,0,0,2,7,0,4,33,4,48,6996,0,70924,24288,102208,EXPLORATORY_COMPONENT_PROXY__NOT_DECISION_ELIGIBLE,AUTHORITATIVE_W_BIT_LOAD_ADD_MUL_OUTPUT_DATAPATH_NOT_REBUILT_AT_W16_W32; EXACT_OPERATION_COUNTS_AND_IDENTICAL_MAGNITUDES_RETAINED; PROPAGATION_COMBINER_AND_POLICY_MATCHED_CONTENT_CACHE_LOGIC_NOT_IN_NAND_TOTAL,98,0,IMPLEMENTED_TRACE_PASS
PAH-BUILD005-DEMAND-VALUATION-0001,32,HOSTILE_BOUNDARY_FAILURE,zero-one-max-overflow-alias,98F016205529C087056A9685A9F0BBDFDA1ED643167A187177B472C199614719,COLD_MAG,MAGNITUDE_FINAL,true,false,true,BIN_FRONTIER_NOPROP_K,4,0,11,0,0,1,0,1,1,4,6,0,0,0,4,4,0,0,3,0,1,0,4,0,0,0,0,0,4,0,0,0,0,0,0,0,0,0,0,2,7,0,4,33,8,52,6996,0,70924,36432,114352,EXPLORATORY_COMPONENT_PROXY__NOT_DECISION_ELIGIBLE,AUTHORITATIVE_W_BIT_LOAD_ADD_MUL_OUTPUT_DATAPATH_NOT_REBUILT_AT_W16_W32; EXACT_OPERATION_COUNTS_AND_IDENTICAL_MAGNITUDES_RETAINED; PROPAGATION_COMBINER_AND_POLICY_MATCHED_CONTENT_CACHE_LOGIC_NOT_IN_NAND_TOTAL,98,0,IMPLEMENTED_TRACE_PASS
PAH-BUILD005-DEMAND-VALUATION-0001,32,HOSTILE_BOUNDARY_FAILURE,zero-one-max-overflow-alias,98F016205529C087056A9685A9F0BBDFDA1ED643167A187177B472C199614719,COLD_MAG,MAGNITUDE_FINAL,true,false,true,BIN_PRIME_FRONTIER_PROP_K,4,0,11,0,0,1,0,1,1,4,6,0,0,0,4,4,0,0,3,0,1,0,4,0,0,0,0,0,4,0,0,0,0,0,0,0,0,0,0,2,7,0,4,33,8,52,6996,0,70924,36432,114352,EXPLORATORY_COMPONENT_PROXY__NOT_DECISION_ELIGIBLE,AUTHORITATIVE_W_BIT_LOAD_ADD_MUL_OUTPUT_DATAPATH_NOT_REBUILT_AT_W16_W32; EXACT_OPERATION_COUNTS_AND_IDENTICAL_MAGNITUDES_RETAINED; PROPAGATION_COMBINER_AND_POLICY_MATCHED_CONTENT_CACHE_LOGIC_NOT_IN_NAND_TOTAL,98,0,IMPLEMENTED_TRACE_PASS
PAH-BUILD005-DEMAND-VALUATION-0001,32,HOSTILE_BOUNDARY_FAILURE,zero-one-max-overflow-alias,98F016205529C087056A9685A9F0BBDFDA1ED643167A187177B472C199614719,COLD_MAG,MAGNITUDE_FINAL,true,false,true,BIN_PRIME_FRONTIER_SPEC_B1_K,4,1,33,0,0,3,1,2,3,26,94,1,0,0,25,25,0,21,8,0,2,0,24,1,0,0,0,0,4,22,2,2,20,3,2,0,0,0,0,2,7,0,26,99,29,161,45474,0,212772,166980,425226,EXPLORATORY_COMPONENT_PROXY__NOT_DECISION_ELIGIBLE,AUTHORITATIVE_W_BIT_LOAD_ADD_MUL_OUTPUT_DATAPATH_NOT_REBUILT_AT_W16_W32; EXACT_OPERATION_COUNTS_AND_IDENTICAL_MAGNITUDES_RETAINED; PROPAGATION_COMBINER_AND_POLICY_MATCHED_CONTENT_CACHE_LOGIC_NOT_IN_NAND_TOTAL,142,0,IMPLEMENTED_TRACE_PASS
PAH-BUILD005-DEMAND-VALUATION-0001,32,HOSTILE_BOUNDARY_FAILURE,zero-one-max-overflow-alias,98F016205529C087056A9685A9F0BBDFDA1ED643167A187177B472C199614719,COLD_MAG,MAGNITUDE_FINAL,true,false,true,BIN_PRIME_FRONTIER_SPEC_B4_K,4,4,39,0,0,9,2,7,9,32,118,1,0,0,31,31,0,27,8,0,1,0,29,2,0,0,0,0,4,28,8,2,26,3,2,0,0,0,0,2,7,0,32,297,35,371,55968,0,638316,203412,897696,EXPLORATORY_COMPONENT_PROXY__NOT_DECISION_ELIGIBLE,AUTHORITATIVE_W_BIT_LOAD_ADD_MUL_OUTPUT_DATAPATH_NOT_REBUILT_AT_W16_W32; EXACT_OPERATION_COUNTS_AND_IDENTICAL_MAGNITUDES_RETAINED; PROPAGATION_COMBINER_AND_POLICY_MATCHED_CONTENT_CACHE_LOGIC_NOT_IN_NAND_TOTAL,154,0,IMPLEMENTED_TRACE_PASS
PAH-BUILD005-DEMAND-VALUATION-0001,32,HOSTILE_GENERATION_WRAP,full-flush-before-tag-reuse,C9DC052A29661C307063D901815143F6775E84E63031689B9EBE8C2C4F2B70FA,COLD_MAG,MAGNITUDE_FINAL,true,false,true,BIN_DIRECT_BEST,0,0,259,0,0,3,1,2,2,0,0,0,0,0,0,0,0,0,0,0,0,1,2,0,0,0,0,0,2,0,0,0,0,0,0,0,0,0,0,1,257,0,2,99,0,358,3498,0,212772,0,216270,EXPLORATORY_COMPONENT_PROXY__NOT_DECISION_ELIGIBLE,AUTHORITATIVE_W_BIT_LOAD_ADD_MUL_OUTPUT_DATAPATH_NOT_REBUILT_AT_W16_W32; EXACT_OPERATION_COUNTS_AND_IDENTICAL_MAGNITUDES_RETAINED; PROPAGATION_COMBINER_AND_POLICY_MATCHED_CONTENT_CACHE_LOGIC_NOT_IN_NAND_TOTAL,1820,0,IMPLEMENTED_TRACE_PASS
PAH-BUILD005-DEMAND-VALUATION-0001,32,HOSTILE_GENERATION_WRAP,full-flush-before-tag-reuse,C9DC052A29661C307063D901815143F6775E84E63031689B9EBE8C2C4F2B70FA,COLD_MAG,MAGNITUDE_FINAL,true,false,true,BIN_CONTENT_ANSWER_LRU_K,1,0,259,0,0,3,1,2,2,2,0,0,0,0,2,2,0,0,0,0,0,1,2,0,0,0,0,0,2,0,0,0,0,0,0,0,0,0,0,1,257,0,2,99,2,360,3498,0,212772,3000,219270,EXPLORATORY_COMPONENT_PROXY__NOT_DECISION_ELIGIBLE,AUTHORITATIVE_W_BIT_LOAD_ADD_MUL_OUTPUT_DATAPATH_NOT_REBUILT_AT_W16_W32; EXACT_OPERATION_COUNTS_AND_IDENTICAL_MAGNITUDES_RETAINED; PROPAGATION_COMBINER_AND_POLICY_MATCHED_CONTENT_CACHE_LOGIC_NOT_IN_NAND_TOTAL,1820,0,IMPLEMENTED_TRACE_PASS
PAH-BUILD005-DEMAND-VALUATION-0001,32,HOSTILE_GENERATION_WRAP,full-flush-before-tag-reuse,C9DC052A29661C307063D901815143F6775E84E63031689B9EBE8C2C4F2B70FA,COLD_MAG,MAGNITUDE_FINAL,true,false,true,BIN_FRONTIER_NOPROP_K,1,0,259,0,0,3,1,2,2,2,0,0,0,0,2,2,0,0,1,0,0,1,2,0,0,0,0,0,2,0,0,0,0,0,0,0,0,0,0,1,257,0,2,99,259,617,3498,0,212772,195750,412020,EXPLORATORY_COMPONENT_PROXY__NOT_DECISION_ELIGIBLE,AUTHORITATIVE_W_BIT_LOAD_ADD_MUL_OUTPUT_DATAPATH_NOT_REBUILT_AT_W16_W32; EXACT_OPERATION_COUNTS_AND_IDENTICAL_MAGNITUDES_RETAINED; PROPAGATION_COMBINER_AND_POLICY_MATCHED_CONTENT_CACHE_LOGIC_NOT_IN_NAND_TOTAL,1820,0,IMPLEMENTED_TRACE_PASS
PAH-BUILD005-DEMAND-VALUATION-0001,32,HOSTILE_GENERATION_WRAP,full-flush-before-tag-reuse,C9DC052A29661C307063D901815143F6775E84E63031689B9EBE8C2C4F2B70FA,COLD_MAG,MAGNITUDE_FINAL,true,false,true,BIN_PRIME_FRONTIER_PROP_K,1,0,259,0,0,3,1,2,2,2,0,0,0,0,2,2,0,0,1,0,0,1,2,0,0,0,0,0,2,0,0,0,0,0,0,0,0,0,0,1,257,0,2,99,259,617,3498,0,212772,195750,412020,EXPLORATORY_COMPONENT_PROXY__NOT_DECISION_ELIGIBLE,AUTHORITATIVE_W_BIT_LOAD_ADD_MUL_OUTPUT_DATAPATH_NOT_REBUILT_AT_W16_W32; EXACT_OPERATION_COUNTS_AND_IDENTICAL_MAGNITUDES_RETAINED; PROPAGATION_COMBINER_AND_POLICY_MATCHED_CONTENT_CACHE_LOGIC_NOT_IN_NAND_TOTAL,1820,0,IMPLEMENTED_TRACE_PASS
PAH-BUILD005-DEMAND-VALUATION-0001,32,HOSTILE_GENERATION_WRAP,full-flush-before-tag-reuse,C9DC052A29661C307063D901815143F6775E84E63031689B9EBE8C2C4F2B70FA,COLD_MAG,MAGNITUDE_FINAL,true,false,true,BIN_PRIME_FRONTIER_SPEC_B1_K,1,1,516,0,0,258,129,129,258,259,257,2,0,0,257,257,1,255,256,0,255,1,129,129,0,0,0,0,2,257,257,1,255,1,1,0,0,0,0,1,257,0,259,8514,515,9545,452991,0,18298392,580500,19331883,EXPLORATORY_COMPONENT_PROXY__NOT_DECISION_ELIGIBLE,AUTHORITATIVE_W_BIT_LOAD_ADD_MUL_OUTPUT_DATAPATH_NOT_REBUILT_AT_W16_W32; EXACT_OPERATION_COUNTS_AND_IDENTICAL_MAGNITUDES_RETAINED; PROPAGATION_COMBINER_AND_POLICY_MATCHED_CONTENT_CACHE_LOGIC_NOT_IN_NAND_TOTAL,2334,0,IMPLEMENTED_TRACE_PASS
PAH-BUILD005-DEMAND-VALUATION-0001,32,HOSTILE_GENERATION_WRAP,full-flush-before-tag-reuse,C9DC052A29661C307063D901815143F6775E84E63031689B9EBE8C2C4F2B70FA,COLD_MAG,MAGNITUDE_FINAL,true,false,true,BIN_PRIME_FRONTIER_SPEC_B4_K,1,4,1287,0,0,1031,130,901,1030,1030,1028,0,0,0,1030,1030,0,1028,256,0,1,1,901,129,0,0,0,0,2,1028,1028,1,1023,1,1,0,0,0,0,1,257,0,1030,34023,1287,36597,1801470,0,73122644,1737750,76661864,EXPLORATORY_COMPONENT_PROXY__NOT_DECISION_ELIGIBLE,AUTHORITATIVE_W_BIT_LOAD_ADD_MUL_OUTPUT_DATAPATH_NOT_REBUILT_AT_W16_W32; EXACT_OPERATION_COUNTS_AND_IDENTICAL_MAGNITUDES_RETAINED; PROPAGATION_COMBINER_AND_POLICY_MATCHED_CONTENT_CACHE_LOGIC_NOT_IN_NAND_TOTAL,3876,0,IMPLEMENTED_TRACE_PASS
PAH-BUILD005-DEMAND-VALUATION-0001,32,HOSTILE_GENERATION_WRAP,full-flush-before-tag-reuse,C9DC052A29661C307063D901815143F6775E84E63031689B9EBE8C2C4F2B70FA,COLD_MAG,MAGNITUDE_FINAL,true,false,true,BIN_CONTENT_ANSWER_LRU_K,2,0,259,0,0,3,1,2,2,2,0,0,0,0,2,2,0,0,0,0,0,1,2,0,0,0,0,0,2,0,0,0,0,0,0,0,0,0,0,1,257,0,2,99,2,360,3498,0,212772,6020,222290,EXPLORATORY_COMPONENT_PROXY__NOT_DECISION_ELIGIBLE,AUTHORITATIVE_W_BIT_LOAD_ADD_MUL_OUTPUT_DATAPATH_NOT_REBUILT_AT_W16_W32; EXACT_OPERATION_COUNTS_AND_IDENTICAL_MAGNITUDES_RETAINED; PROPAGATION_COMBINER_AND_POLICY_MATCHED_CONTENT_CACHE_LOGIC_NOT_IN_NAND_TOTAL,1820,0,IMPLEMENTED_TRACE_PASS
PAH-BUILD005-DEMAND-VALUATION-0001,32,HOSTILE_GENERATION_WRAP,full-flush-before-tag-reuse,C9DC052A29661C307063D901815143F6775E84E63031689B9EBE8C2C4F2B70FA,COLD_MAG,MAGNITUDE_FINAL,true,false,true,BIN_FRONTIER_NOPROP_K,2,0,259,0,0,3,1,2,2,2,0,0,0,0,2,2,0,0,1,0,0,1,2,0,0,0,0,0,2,0,0,0,0,0,0,0,0,0,0,1,257,0,2,99,259,617,3498,0,212772,392805,609075,EXPLORATORY_COMPONENT_PROXY__NOT_DECISION_ELIGIBLE,AUTHORITATIVE_W_BIT_LOAD_ADD_MUL_OUTPUT_DATAPATH_NOT_REBUILT_AT_W16_W32; EXACT_OPERATION_COUNTS_AND_IDENTICAL_MAGNITUDES_RETAINED; PROPAGATION_COMBINER_AND_POLICY_MATCHED_CONTENT_CACHE_LOGIC_NOT_IN_NAND_TOTAL,1820,0,IMPLEMENTED_TRACE_PASS
PAH-BUILD005-DEMAND-VALUATION-0001,32,HOSTILE_GENERATION_WRAP,full-flush-before-tag-reuse,C9DC052A29661C307063D901815143F6775E84E63031689B9EBE8C2C4F2B70FA,COLD_MAG,MAGNITUDE_FINAL,true,false,true,BIN_PRIME_FRONTIER_PROP_K,2,0,259,0,0,3,1,2,2,2,0,0,0,0,2,2,0,0,1,0,0,1,2,0,0,0,0,0,2,0,0,0,0,0,0,0,0,0,0,1,257,0,2,99,259,617,3498,0,212772,392805,609075,EXPLORATORY_COMPONENT_PROXY__NOT_DECISION_ELIGIBLE,AUTHORITATIVE_W_BIT_LOAD_ADD_MUL_OUTPUT_DATAPATH_NOT_REBUILT_AT_W16_W32; EXACT_OPERATION_COUNTS_AND_IDENTICAL_MAGNITUDES_RETAINED; PROPAGATION_COMBINER_AND_POLICY_MATCHED_CONTENT_CACHE_LOGIC_NOT_IN_NAND_TOTAL,1820,0,IMPLEMENTED_TRACE_PASS
PAH-BUILD005-DEMAND-VALUATION-0001,32,HOSTILE_GENERATION_WRAP,full-flush-before-tag-reuse,C9DC052A29661C307063D901815143F6775E84E63031689B9EBE8C2C4F2B70FA,COLD_MAG,MAGNITUDE_FINAL,true,false,true,BIN_PRIME_FRONTIER_SPEC_B1_K,2,1,516,0,0,258,129,129,258,259,511,2,0,0,257,257,1,253,256,0,509,1,129,129,0,0,0,0,2,257,257,1,255,1,1,0,0,0,0,1,257,0,259,8514,515,9545,452991,0,18298392,1164870,19916253,EXPLORATORY_COMPONENT_PROXY__NOT_DECISION_ELIGIBLE,AUTHORITATIVE_W_BIT_LOAD_ADD_MUL_OUTPUT_DATAPATH_NOT_REBUILT_AT_W16_W32; EXACT_OPERATION_COUNTS_AND_IDENTICAL_MAGNITUDES_RETAINED; PROPAGATION_COMBINER_AND_POLICY_MATCHED_CONTENT_CACHE_LOGIC_NOT_IN_NAND_TOTAL,2334,0,IMPLEMENTED_TRACE_PASS
PAH-BUILD005-DEMAND-VALUATION-0001,32,HOSTILE_GENERATION_WRAP,full-flush-before-tag-reuse,C9DC052A29661C307063D901815143F6775E84E63031689B9EBE8C2C4F2B70FA,COLD_MAG,MAGNITUDE_FINAL,true,false,true,BIN_PRIME_FRONTIER_SPEC_B4_K,2,4,1287,0,0,1031,130,901,1030,1030,2054,0,0,0,1030,1030,0,1026,512,0,1,1,901,129,0,0,0,0,2,1028,1028,1,1023,1,1,0,0,0,0,1,257,0,1030,34023,1287,36597,1801470,0,73122644,3487085,78411199,EXPLORATORY_COMPONENT_PROXY__NOT_DECISION_ELIGIBLE,AUTHORITATIVE_W_BIT_LOAD_ADD_MUL_OUTPUT_DATAPATH_NOT_REBUILT_AT_W16_W32; EXACT_OPERATION_COUNTS_AND_IDENTICAL_MAGNITUDES_RETAINED; PROPAGATION_COMBINER_AND_POLICY_MATCHED_CONTENT_CACHE_LOGIC_NOT_IN_NAND_TOTAL,3876,0,IMPLEMENTED_TRACE_PASS
PAH-BUILD005-DEMAND-VALUATION-0001,32,HOSTILE_GENERATION_WRAP,full-flush-before-tag-reuse,C9DC052A29661C307063D901815143F6775E84E63031689B9EBE8C2C4F2B70FA,COLD_MAG,MAGNITUDE_FINAL,true,false,true,BIN_CONTENT_ANSWER_LRU_K,4,0,259,0,0,3,1,2,2,2,0,0,0,0,2,2,0,0,0,0,0,1,2,0,0,0,0,0,2,0,0,0,0,0,0,0,0,0,0,1,257,0,2,99,2,360,3498,0,212772,12144,228414,EXPLORATORY_COMPONENT_PROXY__NOT_DECISION_ELIGIBLE,AUTHORITATIVE_W_BIT_LOAD_ADD_MUL_OUTPUT_DATAPATH_NOT_REBUILT_AT_W16_W32; EXACT_OPERATION_COUNTS_AND_IDENTICAL_MAGNITUDES_RETAINED; PROPAGATION_COMBINER_AND_POLICY_MATCHED_CONTENT_CACHE_LOGIC_NOT_IN_NAND_TOTAL,1820,0,IMPLEMENTED_TRACE_PASS
PAH-BUILD005-DEMAND-VALUATION-0001,32,HOSTILE_GENERATION_WRAP,full-flush-before-tag-reuse,C9DC052A29661C307063D901815143F6775E84E63031689B9EBE8C2C4F2B70FA,COLD_MAG,MAGNITUDE_FINAL,true,false,true,BIN_FRONTIER_NOPROP_K,4,0,259,0,0,3,1,2,2,2,0,0,0,0,2,2,0,0,1,0,0,1,2,0,0,0,0,0,2,0,0,0,0,0,0,0,0,0,0,1,257,0,2,99,259,617,3498,0,212772,792396,1008666,EXPLORATORY_COMPONENT_PROXY__NOT_DECISION_ELIGIBLE,AUTHORITATIVE_W_BIT_LOAD_ADD_MUL_OUTPUT_DATAPATH_NOT_REBUILT_AT_W16_W32; EXACT_OPERATION_COUNTS_AND_IDENTICAL_MAGNITUDES_RETAINED; PROPAGATION_COMBINER_AND_POLICY_MATCHED_CONTENT_CACHE_LOGIC_NOT_IN_NAND_TOTAL,1820,0,IMPLEMENTED_TRACE_PASS
PAH-BUILD005-DEMAND-VALUATION-0001,32,HOSTILE_GENERATION_WRAP,full-flush-before-tag-reuse,C9DC052A29661C307063D901815143F6775E84E63031689B9EBE8C2C4F2B70FA,COLD_MAG,MAGNITUDE_FINAL,true,false,true,BIN_PRIME_FRONTIER_PROP_K,4,0,259,0,0,3,1,2,2,2,0,0,0,0,2,2,0,0,1,0,0,1,2,0,0,0,0,0,2,0,0,0,0,0,0,0,0,0,0,1,257,0,2,99,259,617,3498,0,212772,792396,1008666,EXPLORATORY_COMPONENT_PROXY__NOT_DECISION_ELIGIBLE,AUTHORITATIVE_W_BIT_LOAD_ADD_MUL_OUTPUT_DATAPATH_NOT_REBUILT_AT_W16_W32; EXACT_OPERATION_COUNTS_AND_IDENTICAL_MAGNITUDES_RETAINED; PROPAGATION_COMBINER_AND_POLICY_MATCHED_CONTENT_CACHE_LOGIC_NOT_IN_NAND_TOTAL,1820,0,IMPLEMENTED_TRACE_PASS
PAH-BUILD005-DEMAND-VALUATION-0001,32,HOSTILE_GENERATION_WRAP,full-flush-before-tag-reuse,C9DC052A29661C307063D901815143F6775E84E63031689B9EBE8C2C4F2B70FA,COLD_MAG,MAGNITUDE_FINAL,true,false,true,BIN_PRIME_FRONTIER_SPEC_B1_K,4,1,516,0,0,258,129,129,258,259,1014,2,0,0,257,257,1,251,256,0,1012,1,129,129,0,0,0,0,2,257,257,1,255,1,1,0,0,0,0,1,257,0,259,8514,515,9545,452991,0,18298392,2349864,21101247,EXPLORATORY_COMPONENT_PROXY__NOT_DECISION_ELIGIBLE,AUTHORITATIVE_W_BIT_LOAD_ADD_MUL_OUTPUT_DATAPATH_NOT_REBUILT_AT_W16_W32; EXACT_OPERATION_COUNTS_AND_IDENTICAL_MAGNITUDES_RETAINED; PROPAGATION_COMBINER_AND_POLICY_MATCHED_CONTENT_CACHE_LOGIC_NOT_IN_NAND_TOTAL,2334,0,IMPLEMENTED_TRACE_PASS
PAH-BUILD005-DEMAND-VALUATION-0001,32,HOSTILE_GENERATION_WRAP,full-flush-before-tag-reuse,C9DC052A29661C307063D901815143F6775E84E63031689B9EBE8C2C4F2B70FA,COLD_MAG,MAGNITUDE_FINAL,true,false,true,BIN_PRIME_FRONTIER_SPEC_B4_K,4,4,1287,0,0,1029,129,900,1029,1030,4100,2,0,0,1028,1028,1,1020,1024,0,1017,1,900,129,0,0,0,0,2,1028,1028,1,1023,1,1,0,0,0,0,1,257,0,1030,33957,1286,36530,1801470,0,72980796,7031376,81813642,EXPLORATORY_COMPONENT_PROXY__NOT_DECISION_ELIGIBLE,AUTHORITATIVE_W_BIT_LOAD_ADD_MUL_OUTPUT_DATAPATH_NOT_REBUILT_AT_W16_W32; EXACT_OPERATION_COUNTS_AND_IDENTICAL_MAGNITUDES_RETAINED; PROPAGATION_COMBINER_AND_POLICY_MATCHED_CONTENT_CACHE_LOGIC_NOT_IN_NAND_TOTAL,3876,0,IMPLEMENTED_TRACE_PASS
